Date,Open,High,Low,Close,Adj Close,Volume
1998-03-06,24.5,24.875,23.8125,23.9375,9.974024772644043,3453400
1998-03-09,23.5,24.4375,22.625,24.375,10.156315803527832,453500
1998-03-10,24.5,24.8125,23.6875,23.9375,9.974024772644043,202600
1998-03-11,24.0,24.4375,23.625,24.25,10.10423469543457,105600
1998-03-12,24.3125,24.5,24.25,24.4375,10.182364463806152,132500
1998-03-13,23.75,24.125,23.5,24.0,10.000065803527832,145700
1998-03-16,24.125,24.8125,23.8125,24.8125,10.33860969543457,65200
1998-03-17,24.75,25.0,24.5,24.5,10.208401679992676,78400
1998-03-18,24.5,24.5,23.375,24.5,10.208401679992676,127000
1998-03-19,24.375,24.5,24.25,24.5,10.208401679992676,71800
1998-03-20,24.375,24.75,24.3125,24.75,10.312570571899414,79300
1998-03-23,24.25,24.375,23.9375,24.3125,10.130271911621094,157000
1998-03-24,24.25,24.3125,23.5,23.625,9.843814849853516,193900
1998-03-25,23.625,23.75,23.5,23.625,9.843814849853516,250200
1998-03-26,23.5625,23.8125,23.5625,23.625,9.843814849853516,42100
1998-03-27,23.625,23.75,23.5,23.75,9.895895004272461,32900
1998-03-30,23.625,23.6875,23.125,23.125,9.635477066040039,156700
1998-03-31,23.125,23.375,23.0,23.375,9.73965072631836,71400
1998-04-01,23.5,23.625,23.4375,23.625,9.843814849853516,17900
1998-04-02,23.5625,25.0,23.5625,25.0,10.416732788085938,89900
1998-04-03,25.0,26.0,24.5,25.875,10.781323432922363,37400
1998-04-06,26.0,26.75,26.0,26.25,10.93757152557373,88500
1998-04-07,26.125,26.125,25.75,26.0,10.833404541015625,184500
1998-04-08,25.875,25.875,24.625,24.625,10.260488510131836,16800
1998-04-09,24.375,25.0,23.3125,24.9375,10.390695571899414,110300
1998-04-13,24.75,25.125,24.625,25.0,10.416732788085938,88400
1998-04-14,25.0,25.0,24.75,24.75,10.312570571899414,31400
1998-04-15,24.75,25.0,24.75,24.75,10.312570571899414,65900
1998-04-16,24.75,25.625,24.75,25.375,10.57298469543457,94700
1998-04-17,25.5,26.0,25.5,25.5625,10.65111255645752,21700
1998-04-20,25.5625,25.75,25.5,25.5625,10.65111255645752,82200
1998-04-21,25.8125,27.25,25.8125,27.25,11.354240417480469,134600
1998-04-22,27.25,28.0,27.0,27.5,11.45841121673584,122300
1998-04-23,27.5,27.5,27.0,27.0625,11.276119232177734,100300
1998-04-24,27.0,27.0,25.125,25.125,10.468812942504883,27600
1998-04-27,25.125,25.125,24.625,24.625,10.260488510131836,12700
1998-04-28,24.375,24.375,23.5,24.375,10.156315803527832,27400
1998-04-29,24.3125,25.25,24.25,25.1875,10.494858741760254,16000
1998-04-30,25.3125,25.375,25.125,25.125,10.468812942504883,3300
1998-05-01,25.125,25.125,24.5625,24.875,10.36465072631836,27600
1998-05-04,24.8125,25.0,24.6875,25.0,10.416732788085938,89900
1998-05-05,24.875,25.25,24.625,25.0,10.416732788085938,51300
1998-05-06,25.0,25.0,24.875,24.875,10.36465072631836,29300
1998-05-07,24.75,24.875,24.3125,24.625,10.260488510131836,11900
1998-05-08,24.875,25.0,24.625,24.625,10.260488510131836,12300
1998-05-11,24.6875,24.6875,23.4375,23.5,9.791728019714355,19400
1998-05-12,23.375,23.5,23.375,23.5,9.791728019714355,18200
1998-05-13,23.5,23.5,23.25,23.375,9.73965072631836,25200
1998-05-14,23.3125,23.5,23.25,23.375,9.73965072631836,25800
1998-05-15,23.5,24.5,23.5,24.5,10.208401679992676,186200
1998-05-18,24.5,24.6875,24.125,24.6875,10.286526679992676,28800
1998-05-19,24.875,24.875,24.625,24.625,10.260488510131836,30100
1998-05-20,24.625,24.625,24.625,24.625,10.260488510131836,8900
1998-05-21,24.75,24.875,24.75,24.875,10.36465072631836,1900
1998-05-22,25.0,25.0,24.625,24.625,10.260488510131836,51400
1998-05-26,24.625,24.875,24.375,24.375,10.156315803527832,14900
1998-05-27,24.125,24.5,24.0,24.1875,10.078191757202148,30400
1998-05-28,24.0625,24.25,24.0,24.125,10.052145957946777,58200
1998-05-29,24.25,24.25,23.0,23.25,9.687562942504883,65600
1998-06-01,23.4375,23.75,23.4375,23.75,9.895895004272461,4200
1998-06-02,23.625,23.625,23.125,23.125,9.635477066040039,45000
1998-06-03,23.0,23.0,22.625,22.75,9.479229927062988,118900
1998-06-04,22.625,22.875,22.625,22.875,9.5313138961792,33500
1998-06-05,22.875,22.875,22.75,22.75,9.479229927062988,500
1998-06-08,22.5625,22.5625,21.8125,22.0,9.166725158691406,86900
1998-06-09,22.0,22.0,21.25,21.375,8.9063081741333,56400
1998-06-10,21.3125,21.4375,21.1875,21.3125,8.880269050598145,4100
1998-06-11,21.375,21.375,21.0,21.0,8.750059127807617,30200
1998-06-12,20.0,20.0,19.75,19.75,8.229220390319824,15900
1998-06-15,19.75,19.75,19.75,19.75,8.229220390319824,1600
1998-06-16,19.625,19.75,19.625,19.6875,8.203171730041504,5400
1998-06-17,19.8125,19.875,19.5,19.625,8.177135467529297,185100
1998-06-18,19.875,20.125,19.875,20.125,8.385477066040039,10900
1998-06-19,20.0,20.0,19.875,20.0,8.33338737487793,14800
1998-06-22,20.125,20.25,20.125,20.25,8.437555313110352,5800
1998-06-23,20.375,20.5,20.25,20.5,8.541719436645508,48700
1998-06-24,20.4375,20.625,20.375,20.375,8.489642143249512,170600
1998-06-25,20.375,20.75,20.375,20.5,8.541719436645508,4700
1998-06-26,20.75,20.75,20.625,20.75,8.645890235900879,4100
1998-06-29,20.875,21.3125,20.875,21.125,8.802138328552246,34700
1998-06-30,21.375,21.625,21.375,21.625,9.010476112365723,5600
1998-07-01,21.75,21.875,21.5,21.875,9.114644050598145,3600
1998-07-02,21.75,21.8125,21.625,21.625,9.010476112365723,8000
1998-07-06,21.75,21.75,21.75,21.75,9.0625638961792,500
1998-07-07,21.875,21.875,21.875,21.875,9.114644050598145,100
1998-07-08,21.75,22.0,21.75,22.0,9.166725158691406,47000
1998-07-09,22.125,22.25,22.125,22.1875,9.244854927062988,31700
1998-07-10,22.25,22.625,22.25,22.625,9.427144050598145,7600
1998-07-13,22.75,23.25,22.75,23.25,9.687562942504883,21200
1998-07-14,23.25,23.25,23.1875,23.25,9.687562942504883,26600
1998-07-15,23.375,24.0,23.1875,24.0,10.000065803527832,55100
1998-07-16,24.0,24.125,23.875,24.0,10.000065803527832,16300
1998-07-17,24.25,24.3125,24.125,24.25,10.10423469543457,55900
1998-07-20,24.125,24.1875,24.0625,24.1875,10.078191757202148,34100
1998-07-21,24.1875,24.1875,24.1875,24.1875,10.078191757202148,600
1998-07-22,24.125,24.125,24.125,24.125,10.052145957946777,4400
1998-07-23,24.125,24.6875,24.125,24.6875,10.286526679992676,35800
1998-07-24,24.625,24.75,24.5625,24.5625,10.234441757202148,37500
1998-07-27,24.4375,24.5625,24.4375,24.5,10.208401679992676,1700
1998-07-28,24.5,24.5,24.4375,24.5,10.208401679992676,16200
1998-07-29,24.5,24.5,24.375,24.375,10.156315803527832,69800
1998-07-30,24.375,24.375,24.25,24.25,10.10423469543457,600
1998-07-31,24.125,24.125,23.9375,23.9375,9.974024772644043,2700
1998-08-03,23.75,23.8125,23.75,23.75,9.895895004272461,800
1998-08-04,23.625,23.6875,23.375,23.375,9.73965072631836,1000
1998-08-05,23.25,23.25,22.75,23.0,9.583396911621094,4600
1998-08-06,22.875,22.875,21.75,21.75,9.0625638961792,47500
1998-08-07,21.625,21.625,21.125,21.125,8.802138328552246,39100
1998-08-10,21.125,21.25,21.0,21.125,8.802138328552246,2600
1998-08-11,21.0,21.0,21.0,21.0,8.750059127807617,1000
1998-08-12,21.0,21.5,21.0,21.25,8.854223251342773,57200
1998-08-13,21.25,21.25,20.5,20.625,8.593807220458984,78000
1998-08-14,20.5,20.875,20.5,20.625,8.593807220458984,2200
1998-08-17,20.5,21.0,20.5,20.9375,8.724017143249512,6200
1998-08-18,20.8125,20.875,20.0625,20.0625,8.359427452087402,19900
1998-08-19,20.0,20.0,19.3125,19.3125,8.046924591064453,114700
1998-08-20,19.125,19.125,18.375,18.375,7.65629768371582,12500
1998-08-21,18.1875,18.1875,17.625,17.6875,7.369839668273926,4200
1998-08-24,17.4375,17.4375,14.5625,16.75,6.979212284088135,180400
1998-08-25,16.875,17.5,16.8125,17.0625,7.109419822692871,153800
1998-08-26,17.125,17.6875,17.0625,17.625,7.3437981605529785,8600
1998-08-27,17.5,18.0625,17.25,18.0625,7.526091575622559,24200
1998-08-28,18.0,18.0,17.5625,17.625,7.3437981605529785,67300
1998-08-31,17.5,17.5,17.0,17.0625,7.109419822692871,17700
1998-09-01,17.0625,17.375,17.0625,17.3125,7.213589668273926,16400
1998-09-02,17.3125,17.375,17.0,17.25,7.187547206878662,80000
1998-09-03,17.125,17.25,17.0625,17.25,7.187547206878662,3100
1998-09-04,17.0,17.0625,17.0,17.0625,7.109419822692871,25000
1998-09-08,17.0625,17.3125,17.0625,17.3125,7.213589668273926,15100
1998-09-09,17.1875,17.375,17.0,17.375,7.239632606506348,26000
1998-09-10,17.375,17.6875,17.375,17.6875,7.369839668273926,3100
1998-09-11,17.6875,17.75,17.625,17.75,7.395884990692139,7100
1998-09-14,17.9375,17.9375,17.9375,17.9375,7.474007606506348,2000
1998-09-15,17.8125,17.8125,17.375,17.59375,7.330777168273926,20400
1998-09-16,17.625,17.625,17.5,17.5,7.291714191436768,2600
1998-09-17,17.25,17.25,17.0,17.0625,7.109419822692871,11100
1998-09-18,17.3125,17.3125,17.25,17.25,7.187547206878662,3500
1998-09-21,17.3125,17.3125,17.3125,17.3125,7.213589668273926,10800
1998-09-22,17.1875,17.3125,17.1875,17.1875,7.161503791809082,22900
1998-09-23,17.1875,17.1875,17.0,17.0,7.083381175994873,80300
1998-09-24,17.1875,17.1875,17.125,17.125,7.1354660987854,5900
1998-09-25,17.0625,17.0625,17.0625,17.0625,7.109419822692871,2000
1998-09-28,17.0625,17.0625,17.0625,17.0625,7.109419822692871,0
1998-09-29,17.1875,17.1875,17.1875,17.1875,7.161503791809082,400
1998-09-30,17.25,17.25,17.1875,17.25,7.187547206878662,11600
1998-10-01,17.1875,17.25,17.1875,17.1875,7.161503791809082,600
1998-10-02,17.1875,17.1875,17.1875,17.1875,7.161503791809082,100
1998-10-05,17.0625,17.0625,16.75,16.875,7.031294822692871,2100
1998-10-06,16.75,16.75,16.5,16.5,6.875046253204346,7300
1998-10-07,16.75,16.875,16.75,16.875,7.031294822692871,7000
1998-10-08,16.8125,16.8125,16.75,16.75,6.979212284088135,8700
1998-10-09,16.75,16.84375,16.625,16.625,6.927128314971924,19000
1998-10-12,16.75,16.75,16.75,16.75,6.979212284088135,600
1998-10-13,16.625,16.625,16.5,16.625,6.927128314971924,2200
1998-10-14,16.5,16.5,16.5,16.5,6.875046253204346,500
1998-10-15,16.25,16.25,16.125,16.1875,6.744834899902344,2600
1998-10-16,16.3125,17.125,16.3125,16.9375,7.057338237762451,29300
1998-10-19,17.0,17.125,17.0,17.0625,7.109419822692871,600
1998-10-20,17.0,17.125,17.0,17.0625,7.109419822692871,1100
1998-10-21,17.0625,17.0625,17.0625,17.0625,7.109419822692871,200
1998-10-22,17.0625,17.5,17.0,17.5,7.291714191436768,12900
1998-10-23,17.5,17.5,17.25,17.25,7.187547206878662,7300
1998-10-26,17.3125,17.75,17.3125,17.75,7.395884990692139,7300
1998-10-27,17.9375,18.75,17.9375,18.6875,7.7865095138549805,12800
1998-10-28,18.8125,18.8125,18.0,18.125,7.5521345138549805,7900
1998-10-29,18.25,18.4375,18.25,18.375,7.65629768371582,1300
1998-10-30,18.5,19.25,18.5,19.25,8.02088451385498,2700
1998-11-02,19.25,19.25,19.1875,19.1875,7.994846820831299,500
1998-11-03,19.5625,19.75,19.5625,19.6875,8.203171730041504,9200
1998-11-04,19.8125,20.0,19.8125,20.0,8.33338737487793,14000
1998-11-05,20.0,20.375,20.0,20.375,8.489642143249512,9900
1998-11-06,20.5,20.5,20.5,20.5,8.541719436645508,1000
1998-11-09,20.375,20.375,20.375,20.375,8.489642143249512,300
1998-11-10,20.3125,20.3125,20.3125,20.3125,8.463592529296875,900
1998-11-11,20.25,20.375,20.25,20.375,8.489642143249512,3100
1998-11-12,20.375,20.4375,20.25,20.375,8.489642143249512,2700
1998-11-13,20.4375,20.4375,20.4375,20.4375,8.515680313110352,1500
1998-11-16,20.9375,21.0625,20.9375,21.0625,8.77609920501709,5100
1998-11-17,21.125,22.125,21.125,22.125,9.218812942504883,4800
1998-11-18,22.0625,22.25,22.0625,22.1875,9.244854927062988,5600
1998-11-19,22.1875,22.75,22.1875,22.625,9.427144050598145,6400
1998-11-20,22.875,23.875,22.625,23.5,9.791728019714355,14000
1998-11-23,23.5,24.0625,23.5,24.0625,10.026103019714355,31800
1998-11-24,24.0625,24.5,24.0625,24.5,10.208401679992676,8300
1998-11-25,24.5,25.0,24.5,25.0,10.416732788085938,5100
1998-11-27,25.0,25.0,25.0,25.0,10.416732788085938,100
1998-11-30,25.125,25.25,25.0625,25.0625,10.442777633666992,56200
1998-12-01,25.0,25.125,25.0,25.125,10.468812942504883,1600
1998-12-02,25.125,25.125,25.0625,25.0625,10.442777633666992,2700
1998-12-03,25.125,25.5625,25.125,25.5625,10.65111255645752,95100
1998-12-04,25.6875,25.75,25.5625,25.75,10.729233741760254,32200
1998-12-07,25.625,26.0,25.5,26.0,10.833404541015625,27600
1998-12-08,26.0,26.0,26.0,26.0,10.833404541015625,25800
1998-12-09,26.0,26.0,26.0,26.0,10.833404541015625,4000
1998-12-10,26.0,26.0,25.9375,25.9375,10.807361602783203,12700
1998-12-11,25.875,26.0,25.8125,25.9375,10.807361602783203,6000
1998-12-14,25.875,25.875,25.625,25.625,10.677148818969727,2600
1998-12-15,25.5625,25.5625,24.875,25.0,10.416732788085938,39200
1998-12-16,25.125,25.375,25.0625,25.375,10.57298469543457,9000
1998-12-17,25.3125,25.875,25.3125,25.625,10.677148818969727,11100
1998-12-18,25.8125,26.125,25.6875,26.0,10.833404541015625,31300
1998-12-21,26.0,26.5,25.875,26.5,11.041743278503418,31600
1998-12-22,26.5,26.5,26.25,26.25,10.93757152557373,11200
1998-12-23,26.25,26.4375,26.1875,26.4375,11.015693664550781,15100
1998-12-24,26.4375,26.4375,26.25,26.375,10.989649772644043,13400
1998-12-28,26.375,26.375,26.125,26.125,10.885488510131836,10000
1998-12-29,26.1875,26.1875,26.125,26.1875,10.911531448364258,600
1998-12-30,26.4375,26.4375,26.25,26.25,10.93757152557373,8400
1998-12-31,26.3125,26.375,26.3125,26.375,10.989649772644043,1400
1999-01-04,26.5625,26.6875,26.4375,26.4375,11.015693664550781,7900
1999-01-05,26.25,26.5625,25.875,26.0,10.833404541015625,12700
1999-01-06,25.875,25.875,25.75,25.75,10.729233741760254,1100
1999-01-07,25.5,25.5625,25.375,25.375,10.57298469543457,12800
1999-01-08,25.375,25.375,25.25,25.3125,10.546945571899414,4900
1999-01-11,25.5625,25.5625,25.25,25.25,10.52090072631836,6700
1999-01-12,25.0625,25.0625,23.375,23.5,9.791728019714355,35400
1999-01-13,23.25,23.375,23.0,23.125,9.635477066040039,8900
1999-01-14,22.875,23.0,22.625,22.625,9.427144050598145,49000
1999-01-15,22.75,22.75,22.375,22.4375,9.349019050598145,11600
1999-01-19,22.375,22.375,22.375,22.375,9.322978973388672,35300
1999-01-20,22.375,22.375,22.25,22.25,9.270895957946777,37800
1999-01-21,22.0,22.0,21.0,21.25,8.854223251342773,26300
1999-01-22,21.0,21.0,20.0,20.0,8.33338737487793,32100
1999-01-25,20.0,20.0,20.0,20.0,8.33338737487793,30000
1999-01-26,20.125,20.25,20.125,20.25,8.437555313110352,27000
1999-01-27,20.1875,20.1875,20.0,20.0,8.33338737487793,8200
1999-01-28,20.0,20.0,19.8125,19.8125,8.255261421203613,23000
1999-01-29,19.8125,19.8125,19.125,19.1875,7.994846820831299,8700
1999-02-01,19.0,19.0,18.5,18.5,7.708380699157715,1200
1999-02-02,18.375,18.375,17.875,17.9375,7.474007606506348,68100
1999-02-03,18.0,18.0,18.0,18.0,7.500049591064453,57600
1999-02-04,17.875,18.0,17.875,18.0,7.500049591064453,31700
1999-02-05,17.875,17.875,17.0,17.0,7.083381175994873,44800
1999-02-08,17.0,17.0,16.875,16.875,7.031294822692871,33500
1999-02-09,16.875,16.875,16.75,16.875,7.031294822692871,4900
1999-02-10,16.625,16.625,16.125,16.5,6.875046253204346,195000
1999-02-11,16.5,17.0,16.5,16.875,7.031294822692871,151700
1999-02-12,17.0,17.8125,17.0,17.5,7.291714191436768,15100
1999-02-16,17.6875,18.25,17.6875,18.0,7.500049591064453,38000
1999-02-17,18.0,18.0,17.9375,17.9375,7.474007606506348,4700
1999-02-18,17.875,17.9375,17.875,17.9375,7.474007606506348,3000
1999-02-19,17.9375,18.0,17.875,17.875,7.447960376739502,30400
1999-02-22,17.875,17.9375,17.875,17.875,7.447960376739502,14800
1999-02-23,17.75,17.75,17.5,17.5,7.291714191436768,13800
1999-02-24,17.4375,17.4375,17.25,17.25,7.187547206878662,7000
1999-02-25,17.375,17.4375,17.375,17.4375,7.265674591064453,4000
1999-02-26,17.375,17.4375,17.375,17.375,7.239632606506348,22500
1999-03-01,17.25,17.25,16.75,17.125,7.1354660987854,21900
1999-03-02,16.9375,17.0,16.9375,16.9375,7.057338237762451,4200
1999-03-03,16.9375,17.0,16.9375,16.9375,7.057338237762451,6700
1999-03-04,16.6875,16.6875,16.0,16.0,6.666711807250977,9800
1999-03-05,15.875,16.1875,15.875,16.125,6.718791961669922,6200
1999-03-08,16.125,16.5,15.75,16.375,6.822961807250977,48100
1999-03-09,16.25,16.25,16.0,16.0,6.666711807250977,3700
1999-03-10,16.125,16.125,15.625,15.625,6.51046085357666,5700
1999-03-11,15.6875,15.75,15.6875,15.75,6.562543869018555,3100
1999-03-12,15.6875,15.6875,15.6875,15.6875,6.536497592926025,900
1999-03-15,15.8125,15.8125,15.4375,15.4375,6.432332992553711,7600
1999-03-16,15.25,15.25,14.0,14.375,5.989623546600342,156700
1999-03-17,14.3125,14.75,14.25,14.75,6.145870685577393,30200
1999-03-18,14.625,14.75,14.375,14.5625,6.067742347717285,49000
1999-03-19,14.625,14.6875,13.875,13.875,5.78128719329834,302100
1999-03-22,13.9375,13.9375,13.5625,13.75,5.72920560836792,13800
1999-03-23,13.625,13.625,13.0,13.0,5.4167022705078125,45400
1999-03-24,13.0,13.25,12.875,12.875,5.364616870880127,208400
1999-03-25,12.875,13.125,12.875,13.125,5.468785762786865,48600
1999-03-26,13.0,13.0625,12.9375,13.0625,5.442744255065918,29400
1999-03-29,13.0625,13.0625,13.0,13.0625,5.442744255065918,19400
1999-03-30,13.0,13.0,12.75,12.8125,5.338574409484863,43200
1999-03-31,12.75,12.75,12.5,12.75,5.312533378601074,21000
1999-04-01,12.625,12.75,12.625,12.75,5.312533378601074,5800
1999-04-05,12.75,12.8125,12.6875,12.75,5.312533378601074,5300
1999-04-06,12.75,12.75,12.5,12.5,5.208366394042969,10700
1999-04-07,12.5625,12.5625,12.5,12.5,5.208366394042969,1800
1999-04-08,12.375,12.5625,12.375,12.5625,5.234406471252441,65300
1999-04-09,12.5625,12.5625,12.5625,12.5625,5.234406471252441,2200
1999-04-12,12.375,12.375,12.125,12.125,5.052117347717285,102200
1999-04-13,12.25,13.03125,12.25,12.875,5.364616870880127,30000
1999-04-14,12.875,14.5625,12.875,14.3125,5.963580131530762,31600
1999-04-15,14.3125,15.0,14.3125,14.9375,6.223999500274658,30100
1999-04-16,14.9375,14.9375,14.5,14.75,6.145870685577393,40900
1999-04-19,14.875,15.125,14.875,15.0,6.250041961669922,7400
1999-04-20,15.125,15.625,15.0625,15.0625,6.276083469390869,11400
1999-04-21,15.1875,15.25,15.125,15.125,6.302124977111816,1900
1999-04-22,15.3125,15.5,15.3125,15.5,6.458376407623291,6800
1999-04-23,15.4375,15.5625,15.0625,15.0625,6.276083469390869,7300
1999-04-26,15.0,15.0,13.75,14.125,5.885456562042236,43600
1999-04-27,14.25,14.625,14.1875,14.375,5.989623546600342,13500
1999-04-28,14.375,14.75,14.25,14.75,6.145870685577393,71800
1999-04-29,14.875,14.875,14.8125,14.8125,6.1719160079956055,1800
1999-04-30,14.9375,15.0,14.875,15.0,6.250041961669922,2000
1999-05-03,15.125,15.375,15.125,15.375,6.4062933921813965,900
1999-05-04,15.5,15.875,15.4375,15.875,6.614627361297607,3500
1999-05-05,15.8125,15.8125,15.75,15.75,6.562543869018555,1800
1999-05-06,15.75,15.75,15.75,15.75,6.562543869018555,1400
1999-05-07,15.625,16.0,15.625,16.0,6.666711807250977,8700
1999-05-10,16.1875,16.5,16.1875,16.5,6.875046253204346,5100
1999-05-11,16.5,16.625,16.3125,16.3125,6.796916961669922,10100
1999-05-12,16.25,16.25,16.125,16.125,6.718791961669922,4000
1999-05-13,16.0,16.0,16.0,16.0,6.666711807250977,800
1999-05-14,15.9375,16.0,15.875,15.875,6.614627361297607,30300
1999-05-17,15.875,15.9375,15.75,15.75,6.562543869018555,21100
1999-05-18,15.875,15.875,15.875,15.875,6.614627361297607,500
1999-05-19,15.875,15.875,15.75,15.8125,6.588582992553711,1000
1999-05-20,15.8125,15.8125,15.625,15.625,6.51046085357666,25600
1999-05-21,15.75,15.875,15.75,15.875,6.614627361297607,900
1999-05-24,15.9375,15.9375,15.75,15.75,6.562543869018555,5300
1999-05-25,15.625,15.6875,15.5,15.625,6.51046085357666,11900
1999-05-26,15.375,15.375,15.25,15.25,6.3542070388793945,4600
1999-05-27,15.125,15.125,14.6875,14.75,6.145870685577393,21600
1999-05-28,14.875,15.125,14.8125,15.125,6.302124977111816,2500
1999-06-01,15.125,15.4375,15.125,15.4375,6.432332992553711,1600
1999-06-02,15.4375,15.5,15.375,15.5,6.458376407623291,5100
1999-06-03,15.5,15.75,15.5,15.75,6.562543869018555,1700
1999-06-04,15.875,16.75,15.875,16.75,6.979212284088135,3300
1999-06-07,16.875,17.5625,16.875,17.0,7.083381175994873,6500
1999-06-08,17.0,17.375,17.0,17.25,7.187547206878662,8100
1999-06-09,17.25,17.25,17.25,17.25,7.187547206878662,0
1999-06-10,17.125,17.125,17.125,17.125,7.1354660987854,200
1999-06-11,17.0,17.0625,17.0,17.0625,7.109419822692871,2000
1999-06-14,17.0,17.0,16.1875,16.1875,6.744834899902344,24900
1999-06-15,16.3125,16.3125,16.3125,16.3125,6.796916961669922,500
1999-06-16,16.3125,16.875,16.3125,16.875,7.031294822692871,5100
1999-06-17,17.0,17.25,17.0,17.0,7.083381175994873,4900
1999-06-18,17.0625,17.0625,17.0625,17.0625,7.109419822692871,2500
1999-06-21,17.1875,17.5625,17.1875,17.5625,7.317758083343506,800
1999-06-22,17.5625,17.625,17.5625,17.625,7.3437981605529785,1700
1999-06-23,17.5625,17.625,17.5625,17.625,7.3437981605529785,1200
1999-06-24,17.5625,17.8125,17.5,17.8125,7.421922206878662,14700
1999-06-25,17.6875,17.6875,17.6875,17.6875,7.369839668273926,300
1999-06-28,17.625,17.625,17.625,17.625,7.3437981605529785,200
1999-06-29,17.6875,17.75,17.625,17.625,7.3437981605529785,3300
1999-06-30,17.6875,17.875,17.6875,17.875,7.447960376739502,45200
1999-07-01,17.875,18.0,17.75,17.75,7.395884990692139,4100
1999-07-02,17.75,17.75,17.75,17.75,7.395884990692139,200
1999-07-06,17.8125,17.8125,17.6875,17.6875,7.369839668273926,5200
1999-07-07,17.5625,17.59375,17.375,17.4375,7.265674591064453,45400
1999-07-08,17.5,17.5,17.375,17.5,7.291714191436768,13200
1999-07-09,17.4375,17.4375,17.4375,17.4375,7.265674591064453,200
1999-07-12,17.375,17.375,17.375,17.375,7.239632606506348,2500
1999-07-13,17.3125,17.40625,17.3125,17.40625,7.2526535987854,13700
1999-07-14,17.375,17.375,16.75,16.75,6.979212284088135,8900
1999-07-15,16.6875,16.75,16.625,16.75,6.979212284088135,5400
1999-07-16,16.625,16.625,16.625,16.625,6.927128314971924,200
1999-07-19,16.75,16.75,16.5,16.5,6.875046253204346,10100
1999-07-20,16.375,16.375,16.125,16.125,6.718791961669922,2000
1999-07-21,16.25,16.5,16.1875,16.5,6.875046253204346,11000
1999-07-22,16.4375,16.5,16.25,16.25,6.770877838134766,3100
1999-07-23,16.3125,16.4375,16.125,16.125,6.718791961669922,3400
1999-07-26,16.1875,16.1875,15.625,15.625,6.51046085357666,8900
1999-07-27,15.5,15.5,15.5,15.5,6.458376407623291,1800
1999-07-28,15.5,15.5,15.5,15.5,6.458376407623291,0
1999-07-29,15.5,15.75,15.375,15.75,6.562543869018555,7900
1999-07-30,15.875,16.5625,15.75,16.4375,6.849004745483398,218700
1999-08-02,16.375,16.375,16.375,16.375,6.822961807250977,200
1999-08-03,16.3125,16.3125,16.125,16.125,6.718791961669922,4100
1999-08-04,16.0,16.1875,16.0,16.1875,6.744834899902344,10200
1999-08-05,16.1875,16.1875,16.1875,16.1875,6.744834899902344,2000
1999-08-06,16.125,16.1875,16.125,16.1875,6.744834899902344,1100
1999-08-09,16.25,16.375,16.25,16.3125,6.796916961669922,17300
1999-08-10,16.25,16.25,16.0,16.25,6.770877838134766,4000
1999-08-11,16.125,16.125,16.0,16.0,6.666711807250977,26000
1999-08-12,16.0,16.0,16.0,16.0,6.666711807250977,2300
1999-08-13,16.0,16.25,16.0,16.25,6.770877838134766,5300
1999-08-16,16.375,16.375,16.3125,16.3125,6.796916961669922,102200
1999-08-17,16.3125,16.75,16.3125,16.75,6.979212284088135,25600
1999-08-18,16.75,16.9375,16.75,16.9375,7.057338237762451,600
1999-08-19,16.9375,16.9375,16.9375,16.9375,7.057338237762451,200
1999-08-20,16.9375,16.9375,16.8125,16.8125,7.005250930786133,700
1999-08-23,16.9375,16.9375,16.8125,16.8125,7.005250930786133,500
1999-08-24,16.8125,16.8125,16.8125,16.8125,7.005250930786133,0
1999-08-25,16.75,16.75,16.75,16.75,6.979212284088135,400
1999-08-26,16.6875,16.875,16.5625,16.6875,6.953171253204346,18100
1999-08-27,16.6875,16.9375,16.6875,16.9375,7.057338237762451,14200
1999-08-30,17.0,17.125,17.0,17.125,7.1354660987854,7800
1999-08-31,17.1875,17.1875,17.0,17.0,7.083381175994873,5900
1999-09-01,17.0,17.25,17.0,17.0625,7.109419822692871,9800
1999-09-02,17.0,17.125,17.0,17.125,7.1354660987854,1400
1999-09-03,17.125,17.125,17.125,17.125,7.1354660987854,0
1999-09-07,17.0625,17.5,17.0625,17.5,7.291714191436768,10400
1999-09-08,17.375,17.5,17.375,17.4375,7.265674591064453,44900
1999-09-09,17.5625,17.5625,17.375,17.375,7.239632606506348,7500
1999-09-10,17.375,17.375,17.375,17.375,7.239632606506348,200
1999-09-13,17.3125,17.3125,17.3125,17.3125,7.213589668273926,400
1999-09-14,17.3125,17.3125,17.3125,17.3125,7.213589668273926,200
1999-09-15,17.3125,17.3125,17.25,17.3125,7.213589668273926,2500
1999-09-16,17.3125,17.5625,17.3125,17.5,7.291714191436768,8600
1999-09-17,17.5,17.5,17.5,17.5,7.291714191436768,400
1999-09-20,17.5625,17.75,17.5625,17.75,7.395884990692139,10000
1999-09-21,17.6875,17.6875,17.6875,17.6875,7.369839668273926,500
1999-09-22,17.5625,17.75,17.5625,17.6875,7.369839668273926,13000
1999-09-23,17.75,18.0,17.75,17.9375,7.474007606506348,22500
1999-09-24,18.0625,18.25,18.0625,18.25,7.6042160987854,5700
1999-09-27,18.375,18.75,18.375,18.6875,7.7865095138549805,13900
1999-09-28,18.625,18.8125,18.625,18.8125,7.838595867156982,16900
1999-09-29,18.875,18.9375,18.875,18.9375,7.89068078994751,700
1999-09-30,18.9375,19.0,18.9375,19.0,7.916718482971191,1600
1999-10-01,19.0,19.125,19.0,19.125,7.968801498413086,17500
1999-10-04,19.1875,19.25,19.0,19.0625,7.9427595138549805,97500
1999-10-05,19.125,19.3125,19.125,19.3125,8.046924591064453,8700
1999-10-06,19.3125,19.3125,19.125,19.25,8.02088451385498,9800
1999-10-07,19.0,19.0625,19.0,19.0625,7.9427595138549805,212600
1999-10-08,19.0,19.0,18.875,18.875,7.864629745483398,3500
1999-10-11,18.9375,19.0,18.875,18.875,7.864629745483398,3900
1999-10-12,18.8125,18.8125,18.6875,18.75,7.8125481605529785,3300
1999-10-13,18.75,18.75,18.75,18.75,7.8125481605529785,100
1999-10-14,18.6875,18.6875,18.5,18.5625,7.734427452087402,6800
1999-10-15,18.5,18.5,18.46875,18.5,7.708380699157715,3000
1999-10-18,18.5,18.5,18.5,18.5,7.708380699157715,100
1999-10-19,18.375,18.375,18.375,18.375,7.65629768371582,500
1999-10-20,18.25,18.375,18.125,18.375,7.65629768371582,50700
1999-10-21,18.5,18.5,18.5,18.5,7.708380699157715,400
1999-10-22,18.5625,18.875,18.5625,18.875,7.864629745483398,6200
1999-10-25,18.875,19.0,18.875,19.0,7.916718482971191,1600
1999-10-26,19.0,19.0625,19.0,19.0625,7.9427595138549805,700
1999-10-27,19.0,19.0,18.8125,18.875,7.864629745483398,15600
1999-10-28,18.875,18.875,18.8125,18.8125,7.838595867156982,5100
1999-10-29,18.8125,18.8125,18.5,18.5,7.708380699157715,10100
1999-11-01,18.5625,18.5625,18.5,18.5,7.708380699157715,12000
1999-11-02,18.5,18.625,18.5,18.625,7.760464668273926,3300
1999-11-03,18.75,19.0,18.75,19.0,7.916718482971191,3900
1999-11-04,18.875,19.0,18.75,19.0,7.916718482971191,13800
1999-11-05,18.9375,19.125,18.9375,19.125,7.968801498413086,1600
1999-11-08,19.0625,19.0625,19.0,19.0,7.916718482971191,5000
1999-11-09,19.125,19.375,19.125,19.375,8.072970390319824,3400
1999-11-10,19.25,19.25,19.25,19.25,8.02088451385498,400
1999-11-11,19.125,19.125,19.125,19.125,7.968801498413086,700
1999-11-12,19.0,19.0,19.0,19.0,7.916718482971191,400
1999-11-15,19.0,19.125,19.0,19.125,7.968801498413086,2400
1999-11-16,19.1875,19.375,19.1875,19.1875,7.994846820831299,5400
1999-11-17,19.125,19.125,19.0,19.0,7.916718482971191,1200
1999-11-18,19.0625,19.125,19.0,19.125,7.968801498413086,6400
1999-11-19,19.25,19.5,19.25,19.5,8.125051498413086,3900
1999-11-22,19.75,19.875,19.375,19.375,8.072970390319824,17000
1999-11-23,19.5,19.5,18.75,18.75,7.8125481605529785,53900
1999-11-24,18.875,18.875,18.875,18.875,7.864629745483398,5900
1999-11-26,18.8125,18.8125,18.6875,18.6875,7.7865095138549805,1400
1999-11-29,18.5625,18.5625,18.5,18.5,7.708380699157715,1500
1999-11-30,18.4375,18.4375,18.1875,18.3125,7.630257606506348,52600
1999-12-01,18.25,18.3125,18.0625,18.3125,7.630257606506348,13700
1999-12-02,18.125,18.125,18.0,18.0,7.500049591064453,55600
1999-12-03,18.0,18.125,18.0,18.125,7.5521345138549805,1700
1999-12-06,18.125,18.125,18.0,18.0,7.500049591064453,900
1999-12-07,18.0625,18.0625,18.0,18.0,7.500049591064453,3700
1999-12-08,18.0,18.0625,17.9375,18.0625,7.526091575622559,8000
1999-12-09,18.0,18.0,17.75,17.75,7.395884990692139,2400
1999-12-10,17.75,17.75,17.625,17.625,7.3437981605529785,165900
1999-12-13,17.625,17.6875,17.5,17.625,7.3437981605529785,12400
1999-12-14,17.5,17.75,17.5,17.75,7.395884990692139,3200
1999-12-15,17.75,18.75,17.6875,18.75,7.8125481605529785,24400
1999-12-16,18.5,18.75,18.5,18.6875,7.7865095138549805,3800
1999-12-17,18.6875,18.8125,18.6875,18.8125,7.838595867156982,1400
1999-12-20,18.9375,19.1875,18.9375,19.0,7.916718482971191,3300
1999-12-21,19.125,19.4375,19.125,19.4375,8.099014282226562,1800
1999-12-22,19.4375,19.625,19.4375,19.5,8.177640914916992,7600
1999-12-23,19.5625,19.5625,19.25,19.25,8.072799682617188,4600
1999-12-27,19.125,19.125,19.125,19.125,8.020380020141602,15100
1999-12-28,19.125,19.125,18.875,18.875,7.915533542633057,9900
1999-12-29,18.75,18.875,18.5625,18.75,7.863114356994629,15700
1999-12-30,18.8125,18.9375,18.375,18.375,7.70585298538208,27000
1999-12-31,18.25,18.375,18.25,18.375,7.70585298538208,2800
2000-01-03,18.375,18.375,18.375,18.375,7.70585298538208,2000
2000-01-04,18.25,18.375,18.1875,18.3125,7.679644584655762,4200
2000-01-05,18.3125,18.3125,18.3125,18.3125,7.679644584655762,800
2000-01-06,18.25,18.375,18.25,18.375,7.70585298538208,1400
2000-01-07,18.3125,18.375,18.3125,18.375,7.70585298538208,700
2000-01-10,18.4375,18.4375,18.4375,18.4375,7.732063293457031,400
2000-01-11,18.4375,18.4375,18.4375,18.4375,7.732063293457031,0
2000-01-12,18.375,18.375,18.1875,18.25,7.6534342765808105,19000
2000-01-13,18.25,18.375,18.25,18.375,7.70585298538208,11600
2000-01-14,18.375,18.375,18.375,18.375,7.70585298538208,300
2000-01-18,18.25,18.375,18.0,18.0,7.548593997955322,28800
2000-01-19,18.0,18.0,18.0,18.0,7.548593997955322,200
2000-01-20,18.0,18.0,18.0,18.0,7.548593997955322,11400
2000-01-21,18.0,18.125,18.0,18.125,7.601015567779541,1100
2000-01-24,18.0,18.0,18.0,18.0,7.548593997955322,2500
2000-01-25,17.9375,17.9375,17.875,17.875,7.496167182922363,400
2000-01-26,17.9375,18.0,17.875,18.0,7.548593997955322,12300
2000-01-27,18.125,18.125,17.875,17.9375,7.522383213043213,4300
2000-01-28,18.0,18.0625,18.0,18.0,7.548593997955322,1700
2000-01-31,18.0625,18.1875,18.0,18.1875,7.627222061157227,11400
2000-02-01,18.25,18.625,18.125,18.5625,7.784488677978516,18100
2000-02-02,18.625,18.6875,18.375,18.375,7.70585298538208,15000
2000-02-03,18.3125,18.3125,18.3125,18.3125,7.679644584655762,100
2000-02-04,18.25,18.375,18.25,18.3125,7.679644584655762,11700
2000-02-07,18.3125,18.3125,18.25,18.3125,7.679644584655762,11200
2000-02-08,18.25,18.25,18.1875,18.1875,7.627222061157227,20000
2000-02-09,18.25,18.25,18.1875,18.25,7.6534342765808105,18300
2000-02-10,18.3125,18.4375,18.3125,18.375,7.70585298538208,11000
2000-02-11,18.5,18.75,18.5,18.6875,7.836907386779785,17100
2000-02-14,18.625,18.625,18.5,18.5,7.758273124694824,13500
2000-02-15,18.5,18.5,18.5,18.5,7.758273124694824,10100
2000-02-16,18.625,18.875,18.625,18.875,7.915533542633057,23200
2000-02-17,18.8125,18.875,18.8125,18.8125,7.889331340789795,8500
2000-02-18,18.875,18.9375,18.8125,18.9375,7.941753387451172,6500
2000-02-22,18.8125,18.8125,18.8125,18.8125,7.889331340789795,11100
2000-02-23,18.8125,18.8125,18.625,18.6875,7.836907386779785,23300
2000-02-24,18.75,18.75,18.625,18.6875,7.836907386779785,17800
2000-02-25,18.625,18.625,18.4375,18.4375,7.732063293457031,3300
2000-02-28,18.5,18.5,18.5,18.5,7.758273124694824,100
2000-02-29,18.5,18.625,18.5,18.625,7.810694217681885,1300
2000-03-01,18.75,18.875,18.75,18.875,7.915533542633057,2800
2000-03-02,18.8125,18.8125,18.8125,18.8125,7.889331340789795,3800
2000-03-03,18.875,19.125,18.8125,19.125,8.020380020141602,31000
2000-03-06,19.0625,19.875,19.0625,19.875,8.3349027633667,5800
2000-03-07,19.8125,19.8125,19.5,19.5625,8.203852653503418,9000
2000-03-08,19.5,19.5,19.375,19.4375,8.151435852050781,17400
2000-03-09,19.375,19.375,19.0,19.0,7.967959403991699,16000
2000-03-10,19.0,19.0,18.9375,19.0,7.967959403991699,17100
2000-03-13,19.0,19.0,18.9375,19.0,7.967959403991699,5100
2000-03-14,19.0,19.125,19.0,19.0625,7.99416971206665,13700
2000-03-15,19.0,19.0625,19.0,19.0625,7.99416971206665,15800
2000-03-16,19.0,19.0,19.0,19.0,7.967959403991699,23400
2000-03-17,19.0,19.125,19.0,19.125,8.020380020141602,21700
2000-03-20,18.9375,19.0,18.9375,18.9375,7.993999481201172,4100
2000-03-21,18.875,18.875,18.875,18.875,7.967609882354736,46100
2000-03-22,18.8125,18.875,18.75,18.875,7.967609882354736,27100
2000-03-23,18.8125,18.875,18.8125,18.875,7.967609882354736,20300
2000-03-24,18.75,18.75,18.75,18.75,7.914844512939453,27300
2000-03-27,18.75,19.0,18.75,19.0,8.020380973815918,41800
2000-03-28,19.0,19.0,19.0,19.0,8.020380973815918,200
2000-03-29,19.0,19.0,19.0,19.0,8.020380973815918,1800
2000-03-30,19.0,19.25,19.0,19.0625,8.04676342010498,26900
2000-03-31,19.0625,19.125,18.9375,19.0625,8.04676342010498,28500
2000-04-03,19.125,19.375,19.125,19.3125,8.152292251586914,3700
2000-04-04,19.25,19.25,19.0,19.25,8.125910758972168,22800
2000-04-05,19.3125,19.625,19.3125,19.625,8.284207344055176,22000
2000-04-06,19.5625,19.625,19.5625,19.625,8.284207344055176,1100
2000-04-07,19.625,19.6875,19.625,19.6875,8.310585975646973,400
2000-04-10,19.625,19.875,19.625,19.875,8.389737129211426,9400
2000-04-11,19.875,20.625,19.875,20.5,8.653565406799316,28000
2000-04-12,20.5625,22.0,20.5,22.0,9.286755561828613,29100
2000-04-13,22.125,23.6875,22.125,23.125,9.761646270751953,29400
2000-04-14,23.25,23.75,23.25,23.4375,9.893567085266113,25700
2000-04-17,23.4375,23.4375,23.1875,23.375,9.867179870605469,7000
2000-04-18,23.375,23.4375,23.3125,23.4375,9.893567085266113,38700
2000-04-19,23.4375,23.4375,23.1875,23.1875,9.788033485412598,7900
2000-04-20,23.25,23.25,23.0,23.0625,9.735265731811523,8700
2000-04-24,23.0,23.0,22.5625,22.5625,9.524202346801758,4300
2000-04-25,22.5625,22.5625,21.75,21.75,9.181228637695312,41200
2000-04-26,21.75,21.75,20.8125,20.8125,8.785481452941895,15500
2000-04-27,20.5625,20.5625,19.8125,19.875,8.389737129211426,27900
2000-04-28,19.9375,19.9375,19.75,19.75,8.336973190307617,20700
2000-05-01,19.875,19.875,19.75,19.75,8.336973190307617,10000
2000-05-02,19.5,19.5,19.4375,19.4375,8.205061912536621,21800
2000-05-03,19.4375,19.4375,18.9375,18.9375,7.993999481201172,20600
2000-05-04,18.8125,18.8125,18.5,18.6875,7.88846492767334,12200
2000-05-05,18.5625,18.5625,18.5625,18.5625,7.835701942443848,1000
2000-05-08,18.6875,18.75,18.625,18.75,7.914844512939453,13900
2000-05-09,18.875,19.5625,18.875,19.5625,8.257827758789062,59200
2000-05-10,19.5625,19.5625,19.375,19.4375,8.205061912536621,18700
2000-05-11,19.375,19.375,19.25,19.25,8.125910758972168,10000
2000-05-12,19.3125,19.5,19.3125,19.5,8.231437683105469,22500
2000-05-15,19.5,19.5625,19.5,19.5625,8.257827758789062,16400
2000-05-16,19.5625,19.75,19.5625,19.75,8.336973190307617,17300
2000-05-17,19.75,19.875,19.75,19.8125,8.363359451293945,3900
2000-05-18,19.875,20.0,19.875,20.0,8.442503929138184,14700
2000-05-19,19.9375,19.9375,19.9375,19.9375,8.41612434387207,400
2000-05-22,20.0,20.0,19.9375,19.9375,8.41612434387207,17200
2000-05-23,20.0,20.125,20.0,20.0,8.442503929138184,24400
2000-05-24,19.875,19.875,19.8125,19.875,8.389737129211426,1700
2000-05-25,19.8125,19.875,19.8125,19.875,8.389737129211426,1400
2000-05-26,19.75,19.75,19.3125,19.375,8.178679466247559,21200
2000-05-30,19.375,19.375,19.1875,19.1875,8.099530220031738,32600
2000-05-31,19.1875,19.1875,18.875,18.875,7.967609882354736,12200
2000-06-01,18.8125,18.8125,18.625,18.625,7.862082481384277,2300
2000-06-02,18.625,18.75,18.625,18.75,7.914844512939453,6700
2000-06-05,18.625,18.625,18.375,18.5,7.809317588806152,53200
2000-06-06,18.375,18.375,18.3125,18.3125,7.730169773101807,3900
2000-06-07,18.4375,18.4375,18.25,18.25,7.703785419464111,6400
2000-06-08,18.25,18.25,18.1875,18.25,7.703785419464111,2600
2000-06-09,18.125,18.1875,18.125,18.1875,7.677402019500732,11500
2000-06-12,18.1875,18.1875,18.125,18.125,7.6510210037231445,12100
2000-06-13,18.0625,18.0625,17.625,17.8125,7.519104480743408,34200
2000-06-14,17.875,17.9375,17.875,17.9375,7.571872234344482,6700
2000-06-15,17.9375,18.0625,17.9375,17.9375,7.571872234344482,5600
2000-06-16,18.0,18.125,18.0,18.0,7.59825325012207,16900
2000-06-19,18.125,18.4375,18.125,18.375,7.75654935836792,6200
2000-06-20,18.3125,18.625,18.3125,18.5,7.862802505493164,8000
2000-06-21,18.5625,18.5625,18.375,18.5,7.862802505493164,13100
2000-06-22,18.5,18.8125,18.5,18.8125,7.995627403259277,1100
2000-06-23,18.8125,19.0625,18.8125,19.0,8.075316429138184,30000
2000-06-26,19.0,19.1875,19.0,19.1875,8.155008316040039,10100
2000-06-27,19.25,19.375,19.25,19.375,8.234696388244629,7100
2000-06-28,19.375,20.125,19.375,20.125,8.553462028503418,7200
2000-06-29,20.1875,21.1875,20.1875,20.8125,8.84565258026123,15100
2000-06-30,20.8125,20.8125,20.3125,20.3125,8.633145332336426,18800
2000-07-03,20.3125,20.375,20.3125,20.375,8.659713745117188,4300
2000-07-05,20.375,20.8125,20.375,20.8125,8.84565258026123,7800
2000-07-06,20.8125,21.3125,20.8125,21.3125,9.05816650390625,6800
2000-07-07,21.3125,21.4375,21.3125,21.4375,9.111294746398926,3400
2000-07-10,21.5625,21.6875,21.5625,21.6875,9.217546463012695,14900
2000-07-11,21.625,21.75,21.625,21.75,9.244111061096191,2000
2000-07-12,21.6875,21.6875,21.0,21.0,8.925347328186035,22000
2000-07-13,21.0,21.0625,21.0,21.0625,8.951911926269531,500
2000-07-14,21.0,21.0,20.6875,20.75,8.81909465789795,6400
2000-07-17,20.75,20.8125,20.6875,20.8125,8.84565258026123,3000
2000-07-18,20.5625,21.375,20.5625,21.375,9.084726333618164,26700
2000-07-19,21.5,21.5,21.4375,21.4375,9.111294746398926,1800
2000-07-20,21.4375,21.5,21.125,21.5,9.137857437133789,8300
2000-07-21,21.375,21.375,21.0,21.0,8.925347328186035,9000
2000-07-24,20.875,20.875,20.6875,20.6875,8.792527198791504,11900
2000-07-25,20.5625,20.5625,20.0,20.0625,8.52689266204834,28900
2000-07-26,19.9375,20.0,19.9375,19.9375,8.473767280578613,4900
2000-07-27,19.9375,19.9375,19.8125,19.8125,8.42064094543457,7800
2000-07-28,19.8125,19.8125,19.1875,19.3125,8.208131790161133,16500
2000-07-31,19.3125,19.625,19.3125,19.625,8.340949058532715,3400
2000-08-01,19.625,20.25,19.625,20.25,8.606586456298828,12300
2000-08-02,20.3125,20.375,20.3125,20.375,8.659713745117188,1100
2000-08-03,20.4375,21.0625,20.4375,21.0625,8.951911926269531,4800
2000-08-04,21.125,22.0625,21.125,22.0,9.350361824035645,68100
2000-08-07,22.0,22.0,21.875,22.0,9.350361824035645,5000
2000-08-08,22.0,22.0,21.1875,21.3125,9.05816650390625,11100
2000-08-09,21.1875,21.1875,20.8125,20.8125,8.84565258026123,5000
2000-08-10,20.8125,20.8125,20.625,20.625,8.76596736907959,1400
2000-08-11,20.625,20.625,20.5,20.5,8.712838172912598,1900
2000-08-14,20.5,20.6875,20.5,20.5625,8.739404678344727,2300
2000-08-15,20.3125,20.375,20.3125,20.375,8.659713745117188,7000
2000-08-16,20.3125,21.0625,20.3125,21.0625,8.951911926269531,15400
2000-08-17,21.0,21.125,20.9375,21.0625,8.951911926269531,5800
2000-08-18,21.125,21.125,21.0,21.0625,8.951911926269531,8300
2000-08-21,21.0,21.5,21.0,21.5,9.137857437133789,15300
2000-08-22,21.625,21.625,21.625,21.625,9.190980911254883,3000
2000-08-23,21.75,22.0,21.75,22.0,9.350361824035645,49900
2000-08-24,22.0,22.1875,22.0,22.125,9.40349006652832,12900
2000-08-25,22.1875,22.25,22.1875,22.25,9.456623077392578,6200
2000-08-28,22.25,22.25,22.25,22.25,9.456623077392578,8700
2000-08-29,22.25,22.5,22.25,22.5,9.562872886657715,12200
2000-08-30,22.5,22.5,22.5,22.5,9.562872886657715,700
2000-08-31,22.5,22.6875,22.5,22.6875,9.642560005187988,1000
2000-09-01,22.6875,22.875,22.6875,22.875,9.722256660461426,1200
2000-09-05,22.8125,23.0,22.75,23.0,9.775382995605469,8500
2000-09-06,23.0,23.125,23.0,23.125,9.828507423400879,1200
2000-09-07,23.125,23.1875,23.0625,23.1875,9.855074882507324,2300
2000-09-08,23.1875,23.1875,23.0,23.0,9.775382995605469,4000
2000-09-11,23.0,23.0,23.0,23.0,9.775382995605469,11900
2000-09-12,23.0,23.0,22.8125,22.8125,9.69568920135498,40400
2000-09-13,22.6875,22.6875,22.4375,22.4375,9.536310195922852,18800
2000-09-14,22.375,22.375,21.625,21.625,9.190980911254883,11800
2000-09-15,21.5,21.5,21.375,21.375,9.13754653930664,4900
2000-09-18,21.25,21.25,21.0,21.125,9.030672073364258,52800
2000-09-19,21.125,21.5,21.125,21.5,9.190977096557617,9700
2000-09-20,21.5,21.5625,21.5,21.5625,9.21769905090332,5000
2000-09-21,21.5625,21.5625,21.5,21.5,9.190977096557617,7500
2000-09-22,21.375,21.375,21.1875,21.1875,9.057394027709961,3200
2000-09-25,21.1875,21.1875,21.1875,21.1875,9.057394027709961,400
2000-09-26,21.25,21.375,21.125,21.125,9.030672073364258,165800
2000-09-27,21.0625,21.0625,20.9375,20.9375,8.950521469116211,800
2000-09-28,20.90625,21.0625,20.90625,21.0625,9.003954887390137,2500
2000-09-29,21.0,21.0,21.0,21.0,8.977238655090332,1500
2000-10-02,21.0,21.0,20.9375,20.9375,8.950521469116211,57300
2000-10-03,20.75,20.75,20.4375,20.4375,8.736780166625977,6600
2000-10-04,20.3125,20.3125,20.3125,20.3125,8.683338165283203,1000
2000-10-05,20.375,20.375,20.3125,20.3125,8.683338165283203,1500
2000-10-06,20.3125,20.3125,19.25,19.25,8.229134559631348,17500
2000-10-09,19.25,19.25,19.1875,19.1875,8.20241928100586,1200
2000-10-10,18.875,18.875,17.5,17.5,7.4810357093811035,54000
2000-10-11,17.3125,17.3125,17.0,17.0,7.267288684844971,11600
2000-10-12,16.8125,16.8125,16.8125,16.8125,7.187134742736816,4300
2000-10-13,16.75,16.75,16.625,16.6875,7.133702278137207,2100
2000-10-16,16.5,16.5625,16.5,16.5,7.053544998168945,60300
2000-10-17,16.5,16.5,16.3125,16.3125,6.973390579223633,66300
2000-10-18,16.1875,16.1875,15.8125,15.8125,6.759646415710449,7500
2000-10-19,15.8125,15.8125,15.75,15.75,6.732930660247803,600
2000-10-20,15.75,15.75,15.6875,15.6875,6.706211090087891,3900
2000-10-23,15.5625,15.5625,15.0,15.0,6.412313938140869,32500
2000-10-24,14.875,14.9375,14.84375,14.9375,6.385593891143799,23800
2000-10-25,14.9375,14.9375,14.125,14.1875,6.0649800300598145,10000
2000-10-26,14.0625,14.125,13.0,13.0,5.557336807250977,10200
2000-10-27,12.0,13.0,12.0,12.5,5.343593120574951,188400
2000-10-30,12.5,12.5,12.1875,12.1875,5.210005283355713,11600
2000-10-31,12.0625,12.0625,11.875,11.9375,5.103133678436279,32100
2000-11-01,11.875,11.875,11.75,11.75,5.022979736328125,87900
2000-11-02,11.75,11.8125,11.75,11.8125,5.049697399139404,28600
2000-11-03,11.875,12.0,11.8125,12.0,5.129848957061768,37200
2000-11-06,11.9375,12.0,11.9375,12.0,5.129848957061768,24400
2000-11-07,12.0,12.125,11.90625,12.0,5.129848957061768,51800
2000-11-08,12.0625,12.375,12.0625,12.25,5.23672342300415,20900
2000-11-09,12.375,12.375,11.9375,12.0,5.129848957061768,104500
2000-11-10,12.0,12.125,11.9375,12.125,5.183287143707275,328400
2000-11-13,12.1875,12.375,12.125,12.25,5.23672342300415,54300
2000-11-14,12.3125,12.3125,12.0,12.125,5.183287143707275,18400
2000-11-15,12.125,12.375,12.125,12.25,5.23672342300415,9900
2000-11-16,12.25,12.25,12.25,12.25,5.23672342300415,5200
2000-11-17,12.375,12.5,12.375,12.5,5.343593120574951,8300
2000-11-20,12.5,12.75,12.5,12.6875,5.423748970031738,20100
2000-11-21,12.75,12.9375,12.6875,12.75,5.450467109680176,7000
2000-11-22,12.625,12.625,12.5,12.5625,5.370311260223389,9400
2000-11-24,12.6875,12.8125,12.6875,12.6875,5.423748970031738,1500
2000-11-27,12.625,12.625,12.25,12.5625,5.370311260223389,67400
2000-11-28,12.4375,12.6875,12.3125,12.6875,5.423748970031738,11200
2000-11-29,12.8125,12.8125,12.375,12.75,5.450467109680176,14200
2000-11-30,12.75,12.75,12.1875,12.25,5.23672342300415,26900
2000-12-01,12.25,12.25,12.0625,12.0625,5.156569004058838,4000
2000-12-04,12.0625,12.0625,12.0,12.0625,5.156569004058838,6700
2000-12-05,12.0625,12.125,12.03125,12.0625,5.156569004058838,13600
2000-12-06,12.125,12.125,12.0625,12.0625,5.156569004058838,4900
2000-12-07,12.09375,12.09375,12.0625,12.0625,5.156569004058838,500
2000-12-08,12.1875,12.1875,12.0,12.1875,5.210005283355713,13400
2000-12-11,12.0625,12.25,12.0,12.25,5.23672342300415,10400
2000-12-12,12.25,12.25,12.125,12.125,5.236724853515625,13600
2000-12-13,12.09375,12.09375,11.9375,12.0,5.182733535766602,97700
2000-12-14,12.0,12.0,12.0,12.0,5.182733535766602,1400
2000-12-15,12.0,12.0,11.8125,11.9375,5.15574312210083,20200
2000-12-18,11.9375,12.0,11.875,12.0,5.182733535766602,11700
2000-12-19,11.9375,11.9375,11.9375,11.9375,5.15574312210083,8300
2000-12-20,9.25,9.3125,9.0625,9.125,3.9410390853881836,626100
2000-12-21,9.125,9.125,9.0,9.0,3.887051820755005,94700
2000-12-22,9.0,9.0625,9.0,9.0625,3.9140477180480957,5500
2000-12-26,9.0625,9.0625,9.0625,9.0625,3.9140477180480957,1200
2000-12-27,9.0,9.0625,8.9375,9.0625,3.9140477180480957,24900
2000-12-28,9.0625,9.125,8.9375,9.125,3.9410390853881836,21300
2000-12-29,9.1875,9.25,8.9375,8.9375,3.8600573539733887,26800
2001-01-02,9.0625,9.4375,9.0625,9.4375,4.076004981994629,15100
2001-01-03,9.5,9.5625,9.4375,9.5,4.102998733520508,13000
2001-01-04,9.5,9.75,9.5,9.75,4.210972785949707,5600
2001-01-05,9.6875,9.8125,9.6875,9.8125,4.237964630126953,23600
2001-01-08,9.875,9.875,9.6875,9.75,4.210972785949707,42700
2001-01-09,9.8125,9.9375,9.8125,9.8125,4.237964630126953,17300
2001-01-10,9.8125,9.875,9.8125,9.8125,4.237964630126953,7900
2001-01-11,9.8125,10.0,9.75,10.0,4.31894588470459,106600
2001-01-12,10.0,10.0,9.9375,10.0,4.31894588470459,17800
2001-01-16,10.0,10.0625,10.0,10.0,4.31894588470459,17600
2001-01-17,10.0,10.0,10.0,10.0,4.31894588470459,3100
2001-01-18,10.0,10.0,10.0,10.0,4.31894588470459,2700
2001-01-19,10.0,10.0,10.0,10.0,4.31894588470459,36600
2001-01-22,10.0,10.125,10.0,10.0,4.31894588470459,10800
2001-01-23,10.0625,10.0625,10.0,10.0625,4.345941066741943,20300
2001-01-24,10.125,10.1875,10.0625,10.1875,4.399927616119385,39500
2001-01-25,10.1875,10.25,10.1875,10.25,4.426920413970947,99100
2001-01-26,10.1875,10.1875,10.125,10.125,4.372933864593506,36000
2001-01-29,10.199999809265137,10.260000228881836,10.0,10.100000381469727,4.362136363983154,60600
2001-01-30,10.050000190734863,10.050000190734863,10.0,10.0,4.31894588470459,1000
2001-01-31,10.0,10.0,9.800000190734863,9.850000381469727,4.254162788391113,40900
2001-02-01,9.949999809265137,10.0,9.949999809265137,9.949999809265137,4.297353267669678,15800
2001-02-02,9.989999771118164,10.0,9.989999771118164,10.0,4.31894588470459,124200
2001-02-05,10.0,10.050000190734863,9.979999542236328,10.0,4.31894588470459,30400
2001-02-06,10.0,10.0,9.170000076293945,9.270000457763672,4.003663539886475,25400
2001-02-07,9.25,9.319999694824219,9.25,9.270000457763672,4.003663539886475,3900
2001-02-08,9.369999885559082,9.380000114440918,9.180000305175781,9.180000305175781,3.9647934436798096,14000
2001-02-09,9.199999809265137,9.199999809265137,9.050000190734863,9.180000305175781,3.9647934436798096,23400
2001-02-12,9.25,9.279999732971191,9.1899995803833,9.199999809265137,3.9734299182891846,14900
2001-02-13,9.199999809265137,9.319999694824219,9.199999809265137,9.319999694824219,4.0252580642700195,8800
2001-02-14,9.3100004196167,9.399999618530273,9.3100004196167,9.399999618530273,4.059811592102051,12300
2001-02-15,9.5,9.850000381469727,9.5,9.649999618530273,4.167783737182617,49200
2001-02-16,9.630000114440918,9.630000114440918,9.25,9.399999618530273,4.059811592102051,37600
2001-02-20,9.399999618530273,10.0,9.350000381469727,10.0,4.31894588470459,261500
2001-02-21,10.0,10.130000114440918,9.960000038146973,10.0,4.31894588470459,8600
2001-02-22,10.050000190734863,11.0,10.050000190734863,10.989999771118164,4.746520519256592,15300
2001-02-23,10.960000038146973,11.0,10.899999618530273,11.0,4.750838279724121,5900
2001-02-26,11.0,11.09000015258789,10.600000381469727,10.600000381469727,4.5780839920043945,24700
2001-02-27,10.5,10.5,10.380000114440918,10.380000114440918,4.483067989349365,8100
2001-02-28,10.390000343322754,10.649999618530273,10.380000114440918,10.649999618530273,4.599678039550781,9600
2001-03-01,10.619999885559082,10.649999618530273,10.619999885559082,10.619999885559082,4.586721420288086,4600
2001-03-02,10.550000190734863,10.550000190734863,10.5,10.550000190734863,4.556488513946533,2200
2001-03-05,10.600000381469727,10.699999809265137,10.569999694824219,10.699999809265137,4.621273040771484,2000
2001-03-06,10.699999809265137,10.720000267028809,10.649999618530273,10.649999618530273,4.599678039550781,6600
2001-03-07,10.600000381469727,10.600000381469727,10.579999923706055,10.600000381469727,4.5780839920043945,1300
2001-03-08,10.619999885559082,10.619999885559082,10.600000381469727,10.600000381469727,4.5780839920043945,1200
2001-03-09,10.600000381469727,10.600000381469727,10.550000190734863,10.5600004196167,4.5608086585998535,8600
2001-03-12,10.300000190734863,10.5,10.25,10.449999809265137,4.513299465179443,12700
2001-03-13,10.449999809265137,10.5,10.449999809265137,10.5,4.5348944664001465,600
2001-03-14,10.449999809265137,10.619999885559082,10.449999809265137,10.619999885559082,4.586721420288086,9900
2001-03-15,10.680000305175781,10.75,10.680000305175781,10.75,4.64286470413208,6100
2001-03-16,10.75,10.760000228881836,10.75,10.760000228881836,4.6471848487854,6700
2001-03-19,10.800000190734863,10.800000190734863,10.800000190734863,10.800000190734863,4.664464950561523,1200
2001-03-20,10.8100004196167,11.050000190734863,10.8100004196167,11.050000190734863,4.772436618804932,6000
2001-03-21,11.020000457763672,11.100000381469727,11.020000457763672,11.100000381469727,4.848881721496582,3600
2001-03-22,11.100000381469727,11.199999809265137,11.100000381469727,11.199999809265137,4.892566680908203,7900
2001-03-23,11.25,11.699999809265137,11.25,11.600000381469727,5.067300319671631,6500
2001-03-26,11.600000381469727,11.699999809265137,11.600000381469727,11.600000381469727,5.067300319671631,17300
2001-03-27,11.5600004196167,11.600000381469727,11.399999618530273,11.579999923706055,5.058562755584717,10800
2001-03-28,11.59000015258789,11.59000015258789,11.550000190734863,11.579999923706055,5.058562755584717,20600
2001-03-29,11.59000015258789,11.59000015258789,11.5,11.5,5.023617267608643,2300
2001-03-30,11.5,11.649999618530273,11.5,11.649999618530273,5.089144706726074,84300
2001-04-02,11.649999618530273,11.649999618530273,11.550000190734863,11.550000190734863,5.0454583168029785,49900
2001-04-03,11.550000190734863,11.550000190734863,11.0,11.0,4.805197715759277,7600
2001-04-04,10.899999618530273,10.899999618530273,10.800000190734863,10.800000190734863,4.717832565307617,3300
2001-04-05,10.8100004196167,11.050000190734863,10.8100004196167,11.0,4.805197715759277,6700
2001-04-06,11.0,11.0,10.949999809265137,10.949999809265137,4.783358573913574,600
2001-04-09,10.899999618530273,10.899999618530273,10.899999618530273,10.899999618530273,4.761516094207764,600
2001-04-10,10.850000381469727,10.949999809265137,10.850000381469727,10.949999809265137,4.783358573913574,5200
2001-04-11,11.0,11.0,11.0,11.0,4.805197715759277,400
2001-04-12,10.899999618530273,11.0,10.899999618530273,10.949999809265137,4.783358573913574,3800
2001-04-16,10.960000038146973,10.960000038146973,10.949999809265137,10.949999809265137,4.783358573913574,600
2001-04-17,10.949999809265137,10.949999809265137,10.800000190734863,10.800000190734863,4.717832565307617,2600
2001-04-18,10.8100004196167,10.8100004196167,10.770000457763672,10.770000457763672,4.704727649688721,700
2001-04-19,10.779999732971191,11.0,10.779999732971191,11.0,4.805197715759277,1900
2001-04-20,10.949999809265137,10.949999809265137,10.90999984741211,10.90999984741211,4.7658843994140625,2400
2001-04-23,10.949999809265137,11.0,10.850000381469727,10.850000381469727,4.739673137664795,5300
2001-04-24,10.850000381469727,11.350000381469727,10.850000381469727,11.050000190734863,4.827041149139404,13800
2001-04-25,11.050000190734863,11.0600004196167,11.050000190734863,11.0600004196167,4.831408977508545,900
2001-04-26,11.109999656677246,11.140000343322754,11.109999656677246,11.130000114440918,4.861988067626953,154300
2001-04-27,11.149999618530273,11.270000457763672,11.149999618530273,11.270000457763672,4.923144340515137,900
2001-04-30,11.270000457763672,11.399999618530273,11.270000457763672,11.399999618530273,4.979931831359863,3700
2001-05-01,11.350000381469727,11.350000381469727,11.25,11.350000381469727,4.958093166351318,2700
2001-05-02,11.350000381469727,11.350000381469727,11.25,11.300000190734863,4.936249256134033,600
2001-05-03,11.300000190734863,11.300000190734863,11.199999809265137,11.199999809265137,4.892566680908203,2000
2001-05-04,11.199999809265137,11.350000381469727,11.199999809265137,11.279999732971191,4.9275126457214355,21000
2001-05-07,11.279999732971191,11.59000015258789,11.279999732971191,11.59000015258789,5.062934398651123,2600
2001-05-08,11.600000381469727,11.600000381469727,11.600000381469727,11.600000381469727,5.067300319671631,200
2001-05-09,11.600000381469727,11.800000190734863,11.600000381469727,11.800000190734863,5.154669284820557,1900
2001-05-10,11.899999618530273,12.149999618530273,11.899999618530273,12.149999618530273,5.307559490203857,3300
2001-05-11,12.199999809265137,12.199999809265137,12.1899995803833,12.1899995803833,5.3250322341918945,5200
2001-05-14,12.1899995803833,12.420000076293945,12.1899995803833,12.390000343322754,5.412400722503662,30000
2001-05-15,12.390000343322754,12.399999618530273,12.390000343322754,12.399999618530273,5.416771411895752,9700
2001-05-16,12.399999618530273,12.399999618530273,12.100000381469727,12.100000381469727,5.285717964172363,1800
2001-05-17,12.100000381469727,12.109999656677246,11.600000381469727,11.609999656677246,5.07166862487793,7500
2001-05-18,11.600000381469727,11.600000381469727,11.449999809265137,11.460000038146973,5.006146430969238,12100
2001-05-21,11.5,11.850000381469727,11.5,11.850000381469727,5.176511287689209,5300
2001-05-22,11.899999618530273,12.109999656677246,11.899999618530273,12.109999656677246,5.290085315704346,4500
2001-05-23,12.100000381469727,12.34000015258789,12.100000381469727,12.34000015258789,5.390559196472168,5300
2001-05-24,12.399999618530273,13.0,12.399999618530273,13.0,5.678870677947998,10000
2001-05-25,12.989999771118164,12.989999771118164,12.899999618530273,12.90999984741211,5.639559268951416,3300
2001-05-29,12.850000381469727,12.850000381469727,12.680000305175781,12.680000305175781,5.539084434509277,6900
2001-05-30,12.680000305175781,12.680000305175781,12.550000190734863,12.649999618530273,5.525976657867432,5700
2001-05-31,12.65999984741211,12.670000076293945,12.399999618530273,12.399999618530273,5.416771411895752,6800
2001-06-01,12.5,12.520000457763672,12.470000267028809,12.470000267028809,5.4473466873168945,4400
2001-06-04,12.479999542236328,12.550000190734863,12.479999542236328,12.510000228881836,5.464823246002197,3100
2001-06-05,12.539999961853027,12.649999618530273,12.25,12.350000381469727,5.394926071166992,17300
2001-06-06,12.350000381469727,12.670000076293945,12.350000381469727,12.670000076293945,5.534714221954346,10100
2001-06-07,12.65999984741211,12.6899995803833,12.600000381469727,12.649999618530273,5.525976657867432,9000
2001-06-08,12.630000114440918,12.6899995803833,12.569999694824219,12.670000076293945,5.534714221954346,18800
2001-06-11,12.699999809265137,13.0,12.699999809265137,13.0,5.678870677947998,12800
2001-06-12,13.0,13.0,12.949999809265137,13.0,5.678870677947998,22400
2001-06-13,12.869999885559082,12.979999542236328,12.869999885559082,12.920000076293945,5.698719501495361,2100
2001-06-14,12.869999885559082,12.949999809265137,12.800000190734863,12.800000190734863,5.645791053771973,3600
2001-06-15,12.779999732971191,12.789999961853027,12.699999809265137,12.739999771118164,5.619325637817383,2700
2001-06-18,12.649999618530273,12.649999618530273,12.5,12.550000190734863,5.535520553588867,3600
2001-06-19,12.5,12.899999618530273,12.5,12.899999618530273,5.689899444580078,2800
2001-06-20,12.800000190734863,12.899999618530273,12.699999809265137,12.720000267028809,5.610505104064941,6000
2001-06-21,12.800000190734863,12.8100004196167,12.649999618530273,12.649999618530273,5.579627513885498,6100
2001-06-22,12.600000381469727,12.649999618530273,12.399999618530273,12.399999618530273,5.469361305236816,5400
2001-06-25,12.350000381469727,12.380000114440918,12.270000457763672,12.270000457763672,5.412018775939941,7300
2001-06-26,12.279999732971191,12.390000343322754,12.279999732971191,12.350000381469727,5.447307586669922,2400
2001-06-27,12.350000381469727,12.350000381469727,12.34000015258789,12.34000015258789,5.44289493560791,6600
2001-06-28,12.329999923706055,12.329999923706055,12.100000381469727,12.220000267028809,5.389965057373047,105000
2001-06-29,12.149999618530273,12.279999732971191,11.899999618530273,11.949999809265137,5.270873069763184,38600
2001-07-02,12.050000190734863,13.0,12.050000190734863,12.979999542236328,5.725183010101318,27400
2001-07-03,13.050000190734863,13.100000381469727,12.949999809265137,12.949999809265137,5.7119526863098145,3200
2001-07-05,12.970000267028809,12.970000267028809,12.850000381469727,12.850000381469727,5.667844295501709,1900
2001-07-06,12.800000190734863,12.84000015258789,12.800000190734863,12.819999694824219,5.654611587524414,4000
2001-07-09,12.829999923706055,12.890000343322754,12.829999923706055,12.890000343322754,5.685489177703857,2800
2001-07-10,12.850000381469727,12.989999771118164,12.850000381469727,12.930000305175781,5.703130722045898,17500
2001-07-11,12.930000305175781,13.0,12.899999618530273,12.970000267028809,5.720773220062256,44500
2001-07-12,12.970000267028809,12.970000267028809,12.869999885559082,12.920000076293945,5.698719501495361,3600
2001-07-13,12.920000076293945,12.979999542236328,12.920000076293945,12.979999542236328,5.725183010101318,2800
2001-07-16,12.979999542236328,13.020000457763672,12.899999618530273,12.899999618530273,5.689899444580078,44500
2001-07-17,12.970000267028809,12.989999771118164,12.970000267028809,12.970000267028809,5.720773220062256,22700
2001-07-18,12.949999809265137,12.949999809265137,12.880000114440918,12.880000114440918,5.681076526641846,10000
2001-07-19,12.920000076293945,12.979999542236328,12.920000076293945,12.979999542236328,5.725183010101318,500
2001-07-20,12.949999809265137,12.979999542236328,12.920000076293945,12.920000076293945,5.698719501495361,700
2001-07-23,12.920000076293945,12.920000076293945,12.649999618530273,12.649999618530273,5.579627513885498,4100
2001-07-24,12.75,12.770000457763672,12.739999771118164,12.760000228881836,5.628146648406982,3700
2001-07-25,12.800000190734863,12.850000381469727,12.800000190734863,12.850000381469727,5.667844295501709,500
2001-07-26,12.850000381469727,13.029999732971191,12.84000015258789,12.970000267028809,5.720773220062256,5200
2001-07-27,13.069999694824219,13.100000381469727,12.850000381469727,12.960000038146973,5.716364860534668,9200
2001-07-30,12.979999542236328,13.399999618530273,12.979999542236328,13.399999618530273,5.91043758392334,7900
2001-07-31,13.350000381469727,13.350000381469727,12.300000190734863,12.399999618530273,5.469361305236816,12400
2001-08-01,12.430000305175781,12.800000190734863,12.430000305175781,12.550000190734863,5.535520553588867,6600
2001-08-02,12.5,12.5,12.100000381469727,12.5,5.513467311859131,7200
2001-08-03,12.449999809265137,12.989999771118164,12.449999809265137,12.850000381469727,5.667844295501709,10100
2001-08-06,12.850000381469727,13.0,12.800000190734863,13.0,5.734005451202393,10100
2001-08-07,13.0,13.0,12.899999618530273,12.899999618530273,5.689899444580078,2200
2001-08-08,12.930000305175781,12.949999809265137,12.899999618530273,12.899999618530273,5.689899444580078,1200
2001-08-09,12.899999618530273,12.899999618530273,12.880000114440918,12.899999618530273,5.689899444580078,1500
2001-08-10,12.899999618530273,12.899999618530273,12.850000381469727,12.880000114440918,5.681076526641846,2200
2001-08-13,12.829999923706055,12.850000381469727,12.829999923706055,12.850000381469727,5.667844295501709,1500
2001-08-14,12.850000381469727,12.9399995803833,12.850000381469727,12.890000343322754,5.685489177703857,3900
2001-08-15,12.930000305175781,12.930000305175781,12.699999809265137,12.710000038146973,5.606093883514404,23800
2001-08-16,12.699999809265137,12.699999809265137,12.699999809265137,12.699999809265137,5.601682662963867,800
2001-08-17,12.699999809265137,12.699999809265137,12.600000381469727,12.600000381469727,5.557575702667236,600
2001-08-20,12.5,12.5,12.5,12.5,5.513467311859131,800
2001-08-21,12.489999771118164,12.489999771118164,12.380000114440918,12.380000114440918,5.460536956787109,900
2001-08-22,12.350000381469727,12.350000381469727,12.300000190734863,12.319999694824219,5.434072017669678,2800
2001-08-23,12.319999694824219,12.319999694824219,11.800000190734863,11.800000190734863,5.204712867736816,6000
2001-08-24,11.819999694824219,11.899999618530273,11.819999694824219,11.899999618530273,5.248818874359131,2400
2001-08-27,11.899999618530273,11.920000076293945,11.850000381469727,11.850000381469727,5.2267680168151855,2500
2001-08-28,11.899999618530273,11.899999618530273,11.739999771118164,11.739999771118164,5.178247928619385,800
2001-08-29,11.739999771118164,12.399999618530273,11.739999771118164,12.380000114440918,5.460536956787109,9100
2001-08-30,12.319999694824219,12.350000381469727,12.25,12.319999694824219,5.434072017669678,4700
2001-08-31,12.300000190734863,12.34000015258789,12.100000381469727,12.100000381469727,5.337033748626709,2900
2001-09-04,12.119999885559082,12.119999885559082,12.0,12.0,5.2929277420043945,5300
2001-09-05,12.0,12.0,12.0,12.0,5.2929277420043945,3500
2001-09-06,12.0,12.020000457763672,12.0,12.0,5.2929277420043945,600
2001-09-07,11.949999809265137,12.020000457763672,11.949999809265137,11.949999809265137,5.270873069763184,12600
2001-09-10,11.949999809265137,12.0,11.880000114440918,12.0,5.2929277420043945,3700
2001-09-17,11.899999618530273,12.0,11.899999618530273,11.899999618530273,5.248818874359131,4300
2001-09-18,12.0,12.029999732971191,11.930000305175781,12.029999732971191,5.306161403656006,600
2001-09-19,12.029999732971191,12.029999732971191,11.920000076293945,11.949999809265137,5.270873069763184,1900
2001-09-20,11.949999809265137,12.0,11.949999809265137,11.979999542236328,5.284107685089111,4900
2001-09-21,12.0,12.0,11.75,11.75,5.1826605796813965,4000
2001-09-24,11.850000381469727,11.899999618530273,11.699999809265137,11.75,5.1826605796813965,2300
2001-09-25,11.75,11.75,11.399999618530273,11.5,5.072390079498291,1600
2001-09-26,11.75,11.850000381469727,10.680000305175781,10.6899995803833,4.71511697769165,34200
2001-09-27,10.6899995803833,10.6899995803833,10.449999809265137,10.479999542236328,4.622490882873535,2900
2001-09-28,10.479999542236328,10.479999542236328,10.399999618530273,10.449999809265137,4.609259128570557,18700
2001-10-01,10.399999618530273,10.399999618530273,10.350000381469727,10.350000381469727,4.565150260925293,13700
2001-10-02,10.350000381469727,10.399999618530273,10.149999618530273,10.220000267028809,4.507809638977051,8500
2001-10-03,10.199999809265137,10.199999809265137,9.949999809265137,9.979999542236328,4.401951313018799,5100
2001-10-04,10.0,10.0,10.0,10.0,4.410774230957031,1200
2001-10-05,10.0,10.0,9.890000343322754,9.890000343322754,4.362255573272705,2700
2001-10-08,9.800000190734863,9.800000190734863,9.800000190734863,9.800000190734863,4.322559356689453,1200
2001-10-09,9.800000190734863,9.829999923706055,9.800000190734863,9.800000190734863,4.322559356689453,2100
2001-10-10,9.800000190734863,9.800000190734863,9.75,9.75,4.300504684448242,5100
2001-10-11,9.75,9.75,9.649999618530273,9.649999618530273,4.256397247314453,2700
2001-10-12,9.5,9.5,9.399999618530273,9.5,4.190235137939453,17000
2001-10-15,9.449999809265137,9.479999542236328,9.449999809265137,9.479999542236328,4.181413650512695,2700
2001-10-16,9.550000190734863,9.649999618530273,9.550000190734863,9.649999618530273,4.256397247314453,2100
2001-10-17,9.600000381469727,9.600000381469727,9.5,9.5,4.190235137939453,3200
2001-10-18,9.550000190734863,9.59000015258789,9.550000190734863,9.579999923706055,4.225523471832275,1200
2001-10-19,9.569999694824219,9.699999809265137,9.569999694824219,9.699999809265137,4.2784504890441895,1300
2001-10-22,9.619999885559082,9.619999885559082,9.449999809265137,9.5,4.190235137939453,3800
2001-10-23,9.529999732971191,9.529999732971191,9.199999809265137,9.199999809265137,4.057912349700928,1800
2001-10-24,9.15999984741211,9.199999809265137,9.100000381469727,9.100000381469727,4.013803958892822,600
2001-10-25,9.109999656677246,9.199999809265137,9.109999656677246,9.199999809265137,4.057912349700928,3300
2001-10-26,9.199999809265137,9.399999618530273,9.170000076293945,9.229999542236328,4.071142196655273,6200
2001-10-29,9.210000038146973,9.279999732971191,9.199999809265137,9.199999809265137,4.057912349700928,32100
2001-10-30,9.210000038146973,9.300000190734863,9.199999809265137,9.279999732971191,4.093197822570801,1900
2001-10-31,9.3100004196167,9.5,9.3100004196167,9.420000076293945,4.1549482345581055,59700
2001-11-01,9.420000076293945,9.420000076293945,9.399999618530273,9.420000076293945,4.1549482345581055,22700
2001-11-02,9.430000305175781,9.430000305175781,9.300000190734863,9.300000190734863,4.102020263671875,800
2001-11-05,9.279999732971191,9.34000015258789,9.279999732971191,9.3100004196167,4.106431007385254,10400
2001-11-06,9.399999618530273,9.449999809265137,8.5,8.949999809265137,3.9476425647735596,15700
2001-11-07,9.0,9.0,8.920000076293945,8.989999771118164,3.965285301208496,2600
2001-11-08,9.25,9.25,9.149999618530273,9.149999618530273,4.0358567237854,5600
2001-11-09,9.149999618530273,9.149999618530273,9.050000190734863,9.050000190734863,3.9917495250701904,2100
2001-11-12,9.149999618530273,9.550000190734863,9.149999618530273,9.550000190734863,4.212289333343506,2600
2001-11-13,9.5,9.739999771118164,9.399999618530273,9.739999771118164,4.296093940734863,3900
2001-11-14,9.75,9.770000457763672,9.739999771118164,9.770000457763672,4.309324741363525,2500
2001-11-15,9.699999809265137,9.850000381469727,9.699999809265137,9.779999732971191,4.313737392425537,1600
2001-11-16,9.779999732971191,9.779999732971191,9.779999732971191,9.779999732971191,4.313737392425537,0
2001-11-19,9.75,10.050000190734863,9.75,10.050000190734863,4.432827949523926,2200
2001-11-20,10.149999618530273,10.199999809265137,9.600000381469727,9.600000381469727,4.234342575073242,5000
2001-11-21,9.5,9.5,8.850000381469727,9.119999885559082,4.022626876831055,238600
2001-11-23,9.25,9.399999618530273,9.25,9.300000190734863,4.102020263671875,500
2001-11-26,9.300000190734863,9.850000381469727,9.300000190734863,9.850000381469727,4.3446125984191895,4600
2001-11-27,9.75,10.149999618530273,9.680000305175781,10.050000190734863,4.432827949523926,4900
2001-11-28,9.949999809265137,9.949999809265137,9.550000190734863,9.550000190734863,4.212289333343506,8000
2001-11-29,9.600000381469727,9.920000076293945,9.550000190734863,9.920000076293945,4.37548828125,5100
2001-11-30,9.949999809265137,10.25,9.850000381469727,9.949999809265137,4.388720989227295,4900
2001-12-03,9.850000381469727,9.850000381469727,9.5,9.569999694824219,4.2211079597473145,3500
2001-12-04,9.699999809265137,10.039999961853027,9.699999809265137,10.039999961853027,4.428417682647705,27800
2001-12-05,10.050000190734863,10.050000190734863,9.899999618530273,10.029999732971191,4.424005508422852,18000
2001-12-06,10.039999961853027,10.050000190734863,10.029999732971191,10.050000190734863,4.432827949523926,5300
2001-12-07,10.039999961853027,10.100000381469727,9.920000076293945,10.0600004196167,4.4372406005859375,7900
2001-12-10,10.069999694824219,10.100000381469727,10.010000228881836,10.010000228881836,4.415185451507568,6200
2001-12-11,10.0,10.0600004196167,9.800000190734863,10.0600004196167,4.4372406005859375,5600
2001-12-12,9.800000190734863,10.199999809265137,9.800000190734863,10.199999809265137,4.555593967437744,16800
2001-12-13,10.170000076293945,10.170000076293945,10.010000228881836,10.010000228881836,4.4707350730896,5300
2001-12-14,9.899999618530273,10.199999809265137,9.770000457763672,10.199999809265137,4.555593967437744,18800
2001-12-17,10.100000381469727,10.600000381469727,10.0600004196167,10.600000381469727,4.734246253967285,4200
2001-12-18,10.5,11.699999809265137,10.5,11.699999809265137,5.2255330085754395,11700
2001-12-19,11.600000381469727,11.989999771118164,11.550000190734863,11.75,5.247867584228516,5100
2001-12-20,12.0,12.300000190734863,12.0,12.050000190734863,5.381853103637695,8300
2001-12-21,11.949999809265137,12.010000228881836,11.800000190734863,12.0,5.359523773193359,11700
2001-12-24,11.850000381469727,12.149999618530273,11.850000381469727,12.149999618530273,5.426517009735107,2300
2001-12-26,12.300000190734863,12.5,11.979999542236328,12.5,5.582834243774414,9000
2001-12-27,12.449999809265137,12.5,12.220000267028809,12.5,5.582834243774414,9100
2001-12-28,12.5,12.5,12.4399995803833,12.489999771118164,5.578371047973633,2000
2001-12-31,12.390000343322754,12.979999542236328,12.390000343322754,12.970000267028809,5.792749404907227,6100
2002-01-02,12.869999885559082,12.869999885559082,12.300000190734863,12.5,5.582834243774414,4900
2002-01-03,12.399999618530273,12.920000076293945,12.399999618530273,12.920000076293945,5.770419120788574,6500
2002-01-04,12.970000267028809,14.0,12.829999923706055,14.0,6.252777576446533,23900
2002-01-07,13.899999618530273,13.960000038146973,13.699999809265137,13.699999809265137,6.1187896728515625,20600
2002-01-08,13.649999618530273,13.699999809265137,13.479999542236328,13.5,6.029464244842529,39100
2002-01-09,13.5,13.5,12.850000381469727,12.850000381469727,5.7391557693481445,21800
2002-01-10,12.75,13.0,11.899999618530273,12.0,5.359523773193359,6600
2002-01-11,11.850000381469727,11.850000381469727,11.0,11.0,4.912895679473877,7300
2002-01-14,11.109999656677246,11.25,11.0,11.0,4.912895679473877,9300
2002-01-15,10.9399995803833,11.09000015258789,10.9399995803833,11.09000015258789,4.953092575073242,14500
2002-01-16,11.050000190734863,11.0600004196167,11.0,11.0,4.912895679473877,14600
2002-01-17,11.100000381469727,11.109999656677246,11.100000381469727,11.109999656677246,4.962026119232178,1600
2002-01-18,11.109999656677246,11.199999809265137,11.109999656677246,11.149999618530273,4.979890823364258,4100
2002-01-22,11.100000381469727,11.229999542236328,11.100000381469727,11.199999809265137,5.00222110748291,3700
2002-01-23,11.119999885559082,11.449999809265137,11.119999885559082,11.449999809265137,5.11387825012207,2500
2002-01-24,11.350000381469727,11.350000381469727,11.260000228881836,11.260000228881836,5.029019832611084,500
2002-01-25,11.260000228881836,11.399999618530273,11.260000228881836,11.300000190734863,5.046884536743164,1300
2002-01-28,11.430000305175781,12.399999618530273,11.430000305175781,12.390000343322754,5.533708095550537,4900
2002-01-29,12.300000190734863,12.699999809265137,12.300000190734863,12.449999809265137,5.5605034828186035,3700
2002-01-30,12.600000381469727,12.899999618530273,12.600000381469727,12.899999618530273,5.761486053466797,3000
2002-01-31,12.9399995803833,13.0,12.75,12.760000228881836,5.6989569664001465,2800
2002-02-01,11.350000381469727,12.100000381469727,11.350000381469727,11.350000381469727,5.069215297698975,59100
2002-02-04,11.350000381469727,12.050000190734863,11.199999809265137,11.699999809265137,5.2255330085754395,17400
2002-02-05,11.800000190734863,11.970000267028809,11.720000267028809,11.770000457763672,5.2567973136901855,17800
2002-02-06,11.899999618530273,11.90999984741211,11.550000190734863,11.8100004196167,5.274664878845215,3500
2002-02-07,11.710000038146973,12.449999809265137,11.710000038146973,12.449999809265137,5.5605034828186035,5700
2002-02-08,12.5,12.800000190734863,12.5,12.800000190734863,5.716825008392334,3600
2002-02-11,12.800000190734863,12.819999694824219,12.699999809265137,12.75,5.694494724273682,4200
2002-02-12,12.75,12.800000190734863,12.699999809265137,12.75,5.694494724273682,3600
2002-02-13,12.75,12.75,12.75,12.75,5.694494724273682,2100
2002-02-14,12.649999618530273,12.699999809265137,12.649999618530273,12.6899995803833,5.667694568634033,3900
2002-02-15,12.6899995803833,12.6899995803833,12.550000190734863,12.550000190734863,5.60516881942749,4100
2002-02-19,12.699999809265137,12.949999809265137,12.699999809265137,12.899999618530273,5.761486053466797,2200
2002-02-20,12.9399995803833,13.199999809265137,12.699999809265137,13.199999809265137,5.895473957061768,21700
2002-02-21,13.100000381469727,13.100000381469727,12.8100004196167,12.989999771118164,5.8016839027404785,13800
2002-02-22,12.869999885559082,13.119999885559082,12.869999885559082,13.119999885559082,5.859744548797607,7800
2002-02-25,13.119999885559082,13.170000076293945,13.119999885559082,13.170000076293945,5.882077693939209,900
2002-02-26,13.170000076293945,13.170000076293945,13.020000457763672,13.050000190734863,5.828482627868652,18000
2002-02-27,13.100000381469727,13.130000114440918,13.010000228881836,13.039999961853027,5.824016094207764,3600
2002-02-28,13.029999732971191,13.029999732971191,13.0,13.0,5.806148052215576,300
2002-03-01,13.100000381469727,13.100000381469727,12.899999618530273,13.100000381469727,5.850810527801514,3600
2002-03-04,13.25,13.399999618530273,12.899999618530273,12.899999618530273,5.761486053466797,3000
2002-03-05,12.800000190734863,12.800000190734863,12.100000381469727,12.550000190734863,5.60516881942749,3400
2002-03-06,12.5600004196167,12.5600004196167,12.5600004196167,12.5600004196167,5.609634876251221,300
2002-03-07,12.65999984741211,12.65999984741211,12.109999656677246,12.109999656677246,5.4086527824401855,2900
2002-03-08,12.25,12.399999618530273,12.25,12.399999618530273,5.538172245025635,800
2002-03-11,13.0,13.100000381469727,12.960000038146973,12.960000038146973,5.788283348083496,4400
2002-03-12,12.800000190734863,12.800000190734863,12.800000190734863,12.800000190734863,5.716825008392334,200
2002-03-13,12.760000228881836,12.760000228881836,12.199999809265137,12.289999961853027,5.489044189453125,800
2002-03-14,12.199999809265137,12.3100004196167,12.199999809265137,12.3100004196167,5.554468154907227,500
2002-03-15,12.210000038146973,12.65999984741211,12.210000038146973,12.65999984741211,5.71239709854126,4100
2002-03-18,12.699999809265137,12.699999809265137,12.699999809265137,12.699999809265137,5.730445384979248,800
2002-03-19,12.729999542236328,13.100000381469727,12.600000381469727,13.100000381469727,5.91093111038208,1800
2002-03-20,13.149999618530273,13.25,13.100000381469727,13.100000381469727,5.91093111038208,2600
2002-03-21,13.0,13.4399995803833,13.0,13.300000190734863,6.001174449920654,4900
2002-03-22,13.25,13.25,12.899999618530273,13.0,5.865809440612793,13800
2002-03-25,13.029999732971191,13.029999732971191,12.850000381469727,12.850000381469727,5.798126220703125,1400
2002-03-26,12.899999618530273,12.899999618530273,12.800000190734863,12.899999618530273,5.820685863494873,15300
2002-03-27,12.899999618530273,12.960000038146973,12.75,12.75,5.753005504608154,3700
2002-03-28,12.800000190734863,13.010000228881836,12.449999809265137,12.449999809265137,5.617641925811768,9900
2002-04-01,12.449999809265137,12.5,12.220000267028809,12.420000076293945,5.604104995727539,7900
2002-04-02,12.319999694824219,12.319999694824219,11.949999809265137,11.949999809265137,5.392033100128174,5100
2002-04-03,11.800000190734863,11.869999885559082,11.710000038146973,11.869999885559082,5.355936527252197,1600
2002-04-04,11.869999885559082,11.869999885559082,11.720000267028809,11.739999771118164,5.297276496887207,2200
2002-04-05,11.75,11.850000381469727,11.710000038146973,11.720000267028809,5.2882537841796875,3400
2002-04-08,11.720000267028809,12.25,11.720000267028809,12.1899995803833,5.5003228187561035,4800
2002-04-09,12.180000305175781,12.300000190734863,12.050000190734863,12.050000190734863,5.437155246734619,5500
2002-04-10,12.0600004196167,12.300000190734863,12.0600004196167,12.300000190734863,5.549958229064941,12000
2002-04-11,12.300000190734863,12.300000190734863,11.949999809265137,12.050000190734863,5.437155246734619,30300
2002-04-12,12.100000381469727,12.579999923706055,12.100000381469727,12.579999923706055,5.6763014793396,13500
2002-04-15,12.479999542236328,12.579999923706055,12.25,12.579999923706055,5.6763014793396,5700
2002-04-16,11.850000381469727,12.569999694824219,11.850000381469727,12.569999694824219,5.671785831451416,14000
2002-04-17,12.569999694824219,13.100000381469727,12.569999694824219,13.100000381469727,5.91093111038208,37400
2002-04-18,13.25,14.0,13.149999618530273,13.329999923706055,6.014713287353516,22800
2002-04-19,13.359999656677246,13.359999656677246,13.270000457763672,13.270000457763672,5.987636566162109,4700
2002-04-22,13.270000457763672,13.289999961853027,13.220000267028809,13.25,5.97861385345459,2000
2002-04-23,13.239999771118164,13.239999771118164,13.100000381469727,13.100000381469727,5.91093111038208,600
2002-04-24,13.199999809265137,13.399999618530273,13.100000381469727,13.100000381469727,5.91093111038208,2000
2002-04-25,13.199999809265137,13.550000190734863,13.199999809265137,13.399999618530273,6.046298503875732,39100
2002-04-26,13.5,13.5,12.199999809265137,12.75,5.753005504608154,114700
2002-04-29,12.850000381469727,13.699999809265137,12.850000381469727,13.699999809265137,6.181662082672119,105500
2002-04-30,13.699999809265137,13.949999809265137,13.550000190734863,13.949999809265137,6.294464111328125,12700
2002-05-01,13.800000190734863,13.800000190734863,13.399999618530273,13.399999618530273,6.046298503875732,16100
2002-05-02,13.5,13.789999961853027,13.5,13.789999961853027,6.22227144241333,500
2002-05-03,13.800000190734863,14.149999618530273,13.800000190734863,14.0,6.31702995300293,7700
2002-05-06,14.100000381469727,14.300000190734863,13.949999809265137,13.949999809265137,6.294464111328125,7000
2002-05-07,13.949999809265137,14.199999809265137,13.699999809265137,13.75,6.204222679138184,4300
2002-05-08,13.729999542236328,13.75,13.729999542236328,13.75,6.204222679138184,2500
2002-05-09,13.729999542236328,13.739999771118164,13.550000190734863,13.550000190734863,6.113980293273926,1600
2002-05-10,13.699999809265137,14.149999618530273,13.699999809265137,14.149999618530273,6.38470983505249,5800
2002-05-13,14.25,14.550000190734863,14.0,14.199999809265137,6.407268047332764,9700
2002-05-14,14.300000190734863,14.5,14.0,14.300000190734863,6.452391624450684,4600
2002-05-15,14.350000381469727,14.600000381469727,14.100000381469727,14.399999618530273,6.497511386871338,4300
2002-05-16,14.399999618530273,14.649999618530273,13.899999618530273,13.930000305175781,6.285444259643555,5000
2002-05-17,13.850000381469727,13.850000381469727,13.359999656677246,13.449999809265137,6.068858623504639,3900
2002-05-20,13.430000305175781,13.430000305175781,12.949999809265137,13.100000381469727,5.91093111038208,4300
2002-05-21,13.050000190734863,13.050000190734863,12.829999923706055,12.850000381469727,5.798126220703125,6500
2002-05-22,12.850000381469727,12.949999809265137,12.829999923706055,12.949999809265137,5.843254089355469,8100
2002-05-23,12.850000381469727,12.920000076293945,12.800000190734863,12.899999618530273,5.820685863494873,9600
2002-05-24,12.850000381469727,12.890000343322754,12.829999923706055,12.850000381469727,5.798126220703125,3900
2002-05-28,12.850000381469727,12.899999618530273,12.829999923706055,12.829999923706055,5.7891035079956055,13200
2002-05-29,12.75,12.75,12.220000267028809,12.220000267028809,5.513862609863281,5600
2002-05-30,12.239999771118164,12.34000015258789,12.140000343322754,12.34000015258789,5.568008899688721,28300
2002-05-31,12.399999618530273,12.550000190734863,12.399999618530273,12.399999618530273,5.595078945159912,44400
2002-06-03,12.40999984741211,12.5,12.300000190734863,12.300000190734863,5.549958229064941,5200
2002-06-04,12.3100004196167,12.3100004196167,12.25,12.300000190734863,5.549958229064941,700
2002-06-05,12.25,12.390000343322754,12.25,12.380000114440918,5.586056709289551,2200
2002-06-06,12.449999809265137,13.079999923706055,12.399999618530273,13.029999732971191,5.8793487548828125,8000
2002-06-07,12.989999771118164,13.0,12.899999618530273,12.899999618530273,5.820685863494873,1500
2002-06-10,13.0,13.100000381469727,12.920000076293945,12.920000076293945,5.8297119140625,2100
2002-06-11,12.850000381469727,12.850000381469727,12.600000381469727,12.600000381469727,5.685323715209961,5600
2002-06-12,12.550000190734863,12.59000015258789,12.529999732971191,12.579999923706055,5.73317813873291,3500
2002-06-13,12.579999923706055,12.579999923706055,12.449999809265137,12.489999771118164,5.6921586990356445,2900
2002-06-14,12.489999771118164,12.489999771118164,12.399999618530273,12.430000305175781,5.664816856384277,2600
2002-06-17,12.430000305175781,12.4399995803833,12.380000114440918,12.399999618530273,5.651143550872803,4500
2002-06-18,12.399999618530273,12.449999809265137,12.300000190734863,12.420000076293945,5.660258769989014,4300
2002-06-19,12.350000381469727,12.350000381469727,12.100000381469727,12.100000381469727,5.514420509338379,5400
2002-06-20,12.149999618530273,12.300000190734863,12.149999618530273,12.220000267028809,5.569112300872803,3200
2002-06-21,12.220000267028809,12.220000267028809,12.050000190734863,12.199999809265137,5.559996128082275,5500
2002-06-24,12.270000457763672,12.270000457763672,12.149999618530273,12.229999542236328,5.573666572570801,3900
2002-06-25,12.229999542236328,12.390000343322754,12.229999542236328,12.34000015258789,5.623802185058594,3500
2002-06-26,12.350000381469727,12.350000381469727,12.25,12.300000190734863,5.605567455291748,14600
2002-06-27,12.350000381469727,12.600000381469727,12.300000190734863,12.5600004196167,5.724059581756592,20900
2002-06-28,12.600000381469727,13.350000381469727,12.600000381469727,13.25,6.038520336151123,41400
2002-07-01,13.25,14.0,12.84000015258789,14.0,6.380327224731445,48800
2002-07-02,13.899999618530273,14.0,13.5,13.5,6.152455806732178,15900
2002-07-03,13.40999984741211,13.40999984741211,12.699999809265137,12.699999809265137,5.787864685058594,10500
2002-07-05,12.680000305175781,12.6899995803833,12.680000305175781,12.6899995803833,5.783307075500488,200
2002-07-08,12.59000015258789,12.600000381469727,12.100000381469727,12.100000381469727,5.514420509338379,10400
2002-07-09,11.25,11.649999618530273,11.25,11.600000381469727,5.286553859710693,19200
2002-07-10,11.520000457763672,11.600000381469727,11.479999542236328,11.550000190734863,5.263768196105957,2900
2002-07-11,11.550000190734863,11.800000190734863,11.5,11.800000190734863,5.377702713012695,5000
2002-07-12,11.800000190734863,11.800000190734863,11.649999618530273,11.649999618530273,5.3093414306640625,1100
2002-07-15,11.680000305175781,11.680000305175781,11.640000343322754,11.640000343322754,5.304781913757324,500
2002-07-16,11.699999809265137,12.050000190734863,11.65999984741211,12.050000190734863,5.491635322570801,12300
2002-07-17,12.050000190734863,12.149999618530273,11.850000381469727,12.050000190734863,5.491635322570801,7500
2002-07-18,12.100000381469727,12.100000381469727,11.800000190734863,11.800000190734863,5.377702713012695,4200
2002-07-19,11.800000190734863,11.84000015258789,11.550000190734863,11.550000190734863,5.263768196105957,5800
2002-07-22,11.550000190734863,11.550000190734863,10.699999809265137,10.789999961853027,4.91740608215332,5700
2002-07-23,10.789999961853027,11.050000190734863,10.699999809265137,10.699999809265137,4.876389980316162,4100
2002-07-24,10.6899995803833,10.899999618530273,10.649999618530273,10.899999618530273,4.967536926269531,9700
2002-07-25,10.949999809265137,11.100000381469727,10.899999618530273,10.899999618530273,4.967536926269531,1200
2002-07-26,11.050000190734863,11.050000190734863,11.050000190734863,11.050000190734863,5.035898208618164,600
2002-07-29,11.050000190734863,11.050000190734863,10.350000381469727,10.479999542236328,4.776128768920898,3900
2002-07-30,10.399999618530273,10.5,10.199999809265137,10.5,4.785242557525635,10500
2002-07-31,10.479999542236328,10.600000381469727,10.300000190734863,10.399999618530273,4.7396674156188965,3200
2002-08-01,10.399999618530273,10.5,10.390000343322754,10.390000343322754,4.73511266708374,6000
2002-08-02,10.40999984741211,10.479999542236328,10.399999618530273,10.399999618530273,4.7396674156188965,1100
2002-08-05,10.300000190734863,10.300000190734863,9.600000381469727,9.600000381469727,4.375079154968262,7700
2002-08-06,9.619999885559082,9.979999542236328,9.619999885559082,9.979999542236328,4.548258304595947,1600
2002-08-07,9.970000267028809,9.970000267028809,9.899999618530273,9.970000267028809,4.543701171875,2800
2002-08-08,9.899999618530273,10.0,9.899999618530273,10.0,4.557374000549316,1200
2002-08-09,10.0,10.029999732971191,9.949999809265137,9.949999809265137,4.5345869064331055,1200
2002-08-12,9.800000190734863,9.850000381469727,9.800000190734863,9.850000381469727,4.489013195037842,600
2002-08-13,9.829999923706055,9.829999923706055,9.399999618530273,9.479999542236328,4.320389270782471,3000
2002-08-14,9.4399995803833,9.75,9.350000381469727,9.75,4.4434404373168945,2200
2002-08-15,9.800000190734863,9.800000190734863,9.5,9.5,4.329504489898682,2400
2002-08-16,9.449999809265137,9.5,9.350000381469727,9.350000381469727,4.261146545410156,3600
2002-08-19,9.359999656677246,9.699999809265137,9.149999618530273,9.6899995803833,4.416093826293945,4300
2002-08-20,9.6899995803833,9.850000381469727,9.350000381469727,9.699999809265137,4.420650959014893,8000
2002-08-21,9.800000190734863,10.149999618530273,9.800000190734863,10.149999618530273,4.625732421875,28400
2002-08-22,10.149999618530273,10.149999618530273,9.800000190734863,9.979999542236328,4.548258304595947,15300
2002-08-23,9.9399995803833,9.970000267028809,9.899999618530273,9.899999618530273,4.511798858642578,6000
2002-08-26,9.920000076293945,10.050000190734863,9.899999618530273,10.050000190734863,4.580160617828369,9200
2002-08-27,10.0,10.050000190734863,9.800000190734863,10.010000228881836,4.561931133270264,10200
2002-08-28,9.949999809265137,10.050000190734863,9.90999984741211,10.0,4.557374000549316,9000
2002-08-29,9.960000038146973,10.350000381469727,9.949999809265137,10.350000381469727,4.716881275177002,10100
2002-08-30,10.34000015258789,10.699999809265137,10.34000015258789,10.649999618530273,4.853602886199951,6700
2002-09-03,10.630000114440918,10.630000114440918,10.479999542236328,10.479999542236328,4.776128768920898,3000
2002-09-04,10.449999809265137,10.59000015258789,10.449999809265137,10.59000015258789,4.826258182525635,900
2002-09-05,10.5,11.5,10.460000038146973,10.800000190734863,4.9219651222229,112500
2002-09-06,10.899999618530273,11.0,10.899999618530273,10.979999542236328,5.0039963722229,1200
2002-09-09,10.899999618530273,10.899999618530273,10.390000343322754,10.449999809265137,4.762454032897949,4400
2002-09-10,10.460000038146973,10.489999771118164,10.460000038146973,10.479999542236328,4.776128768920898,8700
2002-09-11,10.59000015258789,10.59000015258789,10.479999542236328,10.479999542236328,4.776128768920898,600
2002-09-12,10.25,10.25,10.050000190734863,10.050000190734863,4.63545036315918,25700
2002-09-13,9.949999809265137,10.0,9.449999809265137,9.449999809265137,4.358708381652832,4300
2002-09-16,9.460000038146973,9.819999694824219,9.449999809265137,9.819999694824219,4.529363632202148,5800
2002-09-17,9.880000114440918,9.880000114440918,9.579999923706055,9.600000381469727,4.427892684936523,19300
2002-09-18,9.550000190734863,9.550000190734863,9.550000190734863,9.550000190734863,4.4048309326171875,400
2002-09-19,9.460000038146973,9.460000038146973,9.460000038146973,9.460000038146973,4.3633198738098145,300
2002-09-20,9.649999618530273,9.649999618530273,9.399999618530273,9.449999809265137,4.358708381652832,13900
2002-09-23,9.520000457763672,9.520000457763672,8.600000381469727,8.779999732971191,4.049675941467285,9400
2002-09-24,8.699999809265137,9.15999984741211,8.670000076293945,8.9399995803833,4.123475074768066,5600
2002-09-25,8.899999618530273,9.0,8.899999618530273,9.0,4.151150703430176,6300
2002-09-26,9.100000381469727,9.199999809265137,9.100000381469727,9.199999809265137,4.243396759033203,2700
2002-09-27,9.350000381469727,9.399999618530273,9.0,9.149999618530273,4.220335006713867,3500
2002-09-30,9.130000114440918,9.279999732971191,8.699999809265137,9.279999732971191,4.280296325683594,4100
2002-10-01,9.220000267028809,9.220000267028809,9.100000381469727,9.210000038146973,4.248009204864502,9700
2002-10-02,9.199999809265137,9.199999809265137,9.0,9.0,4.151150703430176,1600
2002-10-03,9.100000381469727,9.199999809265137,9.100000381469727,9.199999809265137,4.243396759033203,700
2002-10-04,9.100000381469727,9.170000076293945,8.800000190734863,8.800000190734863,4.058903694152832,8700
2002-10-07,8.800000190734863,9.100000381469727,8.75,9.100000381469727,4.1972737312316895,4700
2002-10-08,9.199999809265137,9.619999885559082,9.199999809265137,9.550000190734863,4.4048309326171875,11300
2002-10-09,9.520000457763672,9.520000457763672,9.399999618530273,9.449999809265137,4.358708381652832,1900
2002-10-10,9.350000381469727,9.359999656677246,9.0,9.239999771118164,4.261846542358398,5900
2002-10-11,9.199999809265137,9.199999809265137,9.0,9.050000190734863,4.174211502075195,1700
2002-10-14,9.050000190734863,9.050000190734863,9.050000190734863,9.050000190734863,4.174211502075195,200
2002-10-15,9.020000457763672,9.020000457763672,8.989999771118164,9.0,4.151150703430176,3900
2002-10-16,8.899999618530273,8.899999618530273,8.739999771118164,8.739999771118164,4.031226634979248,2400
2002-10-17,8.729999542236328,8.869999885559082,8.729999542236328,8.869999885559082,4.091188907623291,1300
2002-10-18,8.970000267028809,8.970000267028809,8.970000267028809,8.970000267028809,4.137312412261963,1100
2002-10-21,8.979999542236328,9.050000190734863,8.960000038146973,9.010000228881836,4.155763149261475,7600
2002-10-22,9.0,9.0600004196167,9.0,9.029999732971191,4.1649861335754395,3800
2002-10-23,9.029999732971191,9.029999732971191,8.829999923706055,8.890000343322754,4.1004133224487305,2400
2002-10-24,8.75,8.800000190734863,8.710000038146973,8.710000038146973,4.017388820648193,3400
2002-10-25,8.6899995803833,8.760000228881836,8.65999984741211,8.699999809265137,4.012776851654053,9600
2002-10-28,8.680000305175781,8.680000305175781,8.680000305175781,8.680000305175781,4.0035529136657715,600
2002-10-29,8.699999809265137,8.699999809265137,8.579999923706055,8.579999923706055,3.9574267864227295,1600
2002-10-30,8.5,8.5,7.789999961853027,7.949999809265137,3.6668481826782227,11000
2002-10-31,7.980000019073486,8.029999732971191,7.900000095367432,8.0,3.689910411834717,5000
2002-11-01,8.020000457763672,8.020000457763672,7.980000019073486,7.980000019073486,3.6806864738464355,6600
2002-11-04,7.960000038146973,8.050000190734863,7.960000038146973,8.050000190734863,3.712972402572632,110600
2002-11-05,8.050000190734863,8.079999923706055,7.449999809265137,7.610000133514404,3.5100274085998535,8100
2002-11-06,7.510000228881836,7.820000171661377,6.679999828338623,7.820000171661377,3.6068878173828125,33000
2002-11-07,7.71999979019165,7.900000095367432,7.650000095367432,7.900000095367432,3.6437878608703613,7900
2002-11-08,8.0,8.0,7.840000152587891,7.840000152587891,3.616112470626831,1000
2002-11-11,7.900000095367432,8.25,7.900000095367432,8.149999618530273,3.759094476699829,3900
2002-11-12,8.199999809265137,8.25,8.199999809265137,8.220000267028809,3.791383743286133,500
2002-11-13,8.170000076293945,8.270000457763672,8.170000076293945,8.180000305175781,3.7729337215423584,1900
2002-11-14,8.180000305175781,8.300000190734863,7.820000171661377,8.300000190734863,3.828282117843628,7500
2002-11-15,8.3100004196167,8.359999656677246,8.270000457763672,8.300000190734863,3.828282117843628,1400
2002-11-18,8.279999732971191,8.350000381469727,8.270000457763672,8.279999732971191,3.819058418273926,6900
2002-11-19,8.199999809265137,8.199999809265137,8.100000381469727,8.1899995803833,3.7775464057922363,1400
2002-11-20,8.130000114440918,8.180000305175781,8.119999885559082,8.119999885559082,3.745258331298828,2700
2002-11-21,8.09000015258789,8.109999656677246,7.75,7.849999904632568,3.62072491645813,4800
2002-11-22,7.820000171661377,7.820000171661377,7.739999771118164,7.809999942779541,3.6022732257843018,400
2002-11-25,7.710000038146973,8.300000190734863,7.710000038146973,8.300000190734863,3.828282117843628,3900
2002-11-26,8.3100004196167,8.800000190734863,8.3100004196167,8.600000381469727,3.96665358543396,5600
2002-11-27,8.699999809265137,8.920000076293945,8.550000190734863,8.550000190734863,3.943591356277466,13100
2002-11-29,8.449999809265137,8.529999732971191,8.229999542236328,8.380000114440918,3.865180730819702,3400
2002-12-02,8.399999618530273,8.5600004196167,8.399999618530273,8.5600004196167,3.9482038021087646,4400
2002-12-03,8.609999656677246,8.989999771118164,8.600000381469727,8.75,4.035838603973389,6500
2002-12-04,8.75,8.850000381469727,8.75,8.850000381469727,4.081964015960693,4100
2002-12-05,8.850000381469727,8.850000381469727,8.75,8.75,4.035838603973389,2200
2002-12-06,8.75,8.949999809265137,8.75,8.949999809265137,4.128086090087891,1500
2002-12-09,8.920000076293945,8.920000076293945,8.600000381469727,8.600000381469727,3.96665358543396,1500
2002-12-10,8.5,8.5,8.300000190734863,8.300000190734863,3.828282117843628,1600
2002-12-11,8.25,8.300000190734863,8.25,8.300000190734863,3.8868184089660645,200
2002-12-12,8.34000015258789,8.65999984741211,8.34000015258789,8.619999885559082,4.036672592163086,3100
2002-12-13,8.699999809265137,8.720000267028809,8.619999885559082,8.619999885559082,4.036672592163086,2100
2002-12-16,8.550000190734863,8.600000381469727,8.300000190734863,8.5,3.9804763793945312,2300
2002-12-17,8.449999809265137,8.449999809265137,8.420000076293945,8.4399995803833,3.9523794651031494,1400
2002-12-18,8.350000381469727,8.350000381469727,8.170000076293945,8.170000076293945,3.825941562652588,900
2002-12-19,8.180000305175781,8.350000381469727,8.180000305175781,8.350000381469727,3.9102327823638916,1300
2002-12-20,8.399999618530273,8.399999618530273,8.300000190734863,8.300000190734863,3.8868184089660645,2900
2002-12-23,8.319999694824219,8.369999885559082,8.300000190734863,8.369999885559082,3.91959810256958,2300
2002-12-24,8.369999885559082,8.5,8.369999885559082,8.470000267028809,3.9664273262023926,1800
2002-12-26,8.510000228881836,8.75,8.510000228881836,8.739999771118164,4.092868804931641,1600
2002-12-27,8.699999809265137,8.760000228881836,8.350000381469727,8.350000381469727,3.9102327823638916,3000
2002-12-30,8.329999923706055,8.350000381469727,8.300000190734863,8.319999694824219,3.8961832523345947,10600
2002-12-31,8.34000015258789,8.550000190734863,8.25,8.369999885559082,3.91959810256958,6900
2003-01-02,8.350000381469727,8.380000114440918,8.319999694824219,8.380000114440918,3.9242823123931885,1000
2003-01-03,8.449999809265137,8.5,8.380000114440918,8.380000114440918,3.9242823123931885,2200
2003-01-06,8.390000343322754,8.4399995803833,8.25,8.25,3.8634040355682373,3200
2003-01-07,8.239999771118164,8.239999771118164,7.869999885559082,8.0,3.7463314533233643,18000
2003-01-08,8.0,8.029999732971191,8.0,8.0,3.7463314533233643,900
2003-01-09,8.010000228881836,8.09000015258789,8.0,8.039999961853027,3.765063762664795,6200
2003-01-10,8.069999694824219,8.09000015258789,8.0600004196167,8.09000015258789,3.7884771823883057,900
2003-01-13,8.119999885559082,8.119999885559082,8.069999694824219,8.09000015258789,3.7884771823883057,900
2003-01-14,8.0,8.0,7.980000019073486,8.0,3.7463314533233643,10600
2003-01-15,7.949999809265137,8.0,7.949999809265137,8.0,3.7463314533233643,22500
2003-01-16,8.0,8.0,7.940000057220459,8.0,3.7463314533233643,33400
2003-01-17,8.0,8.199999809265137,8.0,8.130000114440918,3.8072097301483154,2500
2003-01-21,8.0,8.010000228881836,7.960000038146973,7.980000019073486,3.7369635105133057,35600
2003-01-22,7.900000095367432,8.199999809265137,7.900000095367432,7.980000019073486,3.7369635105133057,16300
2003-01-23,7.940000057220459,8.0,7.550000190734863,7.659999847412109,3.587111234664917,18400
2003-01-24,7.619999885559082,7.619999885559082,7.449999809265137,7.449999809265137,3.4887704849243164,3200
2003-01-27,7.5,7.650000095367432,7.5,7.599999904632568,3.5590147972106934,1400
2003-01-28,7.519999980926514,7.570000171661377,7.519999980926514,7.570000171661377,3.5449657440185547,2400
2003-01-29,7.670000076293945,7.679999828338623,7.570000171661377,7.679999828338623,3.5964767932891846,4100
2003-01-30,7.670000076293945,7.800000190734863,7.599999904632568,7.610000133514404,3.563697576522827,3900
2003-01-31,7.610000133514404,7.690000057220459,7.599999904632568,7.690000057220459,3.6011602878570557,900
2003-02-03,7.679999828338623,7.679999828338623,7.630000114440918,7.630000114440918,3.5730624198913574,700
2003-02-04,7.610000133514404,7.679999828338623,7.599999904632568,7.599999904632568,3.5590147972106934,2900
2003-02-05,7.610000133514404,7.610000133514404,7.519999980926514,7.53000020980835,3.5262339115142822,6400
2003-02-06,7.53000020980835,7.53000020980835,7.5,7.5,3.5121850967407227,900
2003-02-07,7.5,7.5,7.449999809265137,7.449999809265137,3.4887704849243164,6000
2003-02-10,7.460000038146973,7.460000038146973,7.460000038146973,7.460000038146973,3.49345326423645,2300
2003-02-11,7.369999885559082,7.369999885559082,7.079999923706055,7.179999828338623,3.362332582473755,9100
2003-02-12,7.179999828338623,7.179999828338623,6.900000095367432,6.949999809265137,3.2546257972717285,3100
2003-02-13,6.949999809265137,6.949999809265137,6.900000095367432,6.920000076293945,3.240577459335327,1400
2003-02-14,6.940000057220459,7.0,6.929999828338623,6.989999771118164,3.2733561992645264,1900
2003-02-18,6.980000019073486,6.980000019073486,6.920000076293945,6.96999979019165,3.263990640640259,1600
2003-02-19,6.949999809265137,6.989999771118164,6.900000095367432,6.989999771118164,3.2733561992645264,1300
2003-02-20,6.949999809265137,7.150000095367432,6.900000095367432,7.150000095367432,3.3482837677001953,2900
2003-02-21,7.110000133514404,7.110000133514404,7.03000020980835,7.039999961853027,3.2967710494995117,500
2003-02-24,7.0,7.0,6.949999809265137,6.949999809265137,3.2546257972717285,700
2003-02-25,6.920000076293945,7.010000228881836,6.920000076293945,7.010000228881836,3.2827229499816895,800
2003-02-26,7.0,7.0,6.909999847412109,6.949999809265137,3.2546257972717285,700
2003-02-27,6.929999828338623,6.960000038146973,6.929999828338623,6.960000038146973,3.259307861328125,400
2003-02-28,6.909999847412109,6.989999771118164,6.900000095367432,6.980000019073486,3.268673896789551,2000
2003-03-03,6.940000057220459,6.940000057220459,6.800000190734863,6.809999942779541,3.189063787460327,900
2003-03-04,6.809999942779541,6.840000152587891,6.809999942779541,6.840000152587891,3.203112840652466,700
2003-03-05,6.820000171661377,6.820000171661377,6.5,6.510000228881836,3.0485763549804688,1800
2003-03-06,6.53000020980835,6.53000020980835,6.360000133514404,6.449999809265137,3.0204780101776123,2600
2003-03-07,6.349999904632568,6.400000095367432,6.099999904632568,6.260000228881836,2.931504249572754,9100
2003-03-10,6.199999809265137,6.320000171661377,6.130000114440918,6.320000171661377,2.959601402282715,1900
2003-03-11,6.340000152587891,6.369999885559082,6.170000076293945,6.210000038146973,2.9080893993377686,8100
2003-03-12,6.199999809265137,6.199999809265137,6.010000228881836,6.010000228881836,2.814431667327881,3400
2003-03-13,6.03000020980835,6.079999923706055,6.0,6.010000228881836,2.814431667327881,2200
2003-03-14,6.070000171661377,6.070000171661377,5.860000133514404,5.929999828338623,2.7769665718078613,18000
2003-03-17,5.900000095367432,6.25,5.900000095367432,6.170000076293945,2.889357089996338,4100
2003-03-18,6.25,6.25,6.099999904632568,6.130000114440918,2.8706254959106445,1500
2003-03-19,6.139999866485596,6.269999980926514,6.139999866485596,6.269999980926514,2.936187267303467,2700
2003-03-20,6.210000038146973,6.5,6.199999809265137,6.460000038146973,3.086699962615967,9400
2003-03-21,6.460000038146973,6.510000228881836,6.389999866485596,6.510000228881836,3.110590696334839,3400
2003-03-24,6.480000019073486,6.480000019073486,6.099999904632568,6.099999904632568,2.9146840572357178,500
2003-03-25,6.079999923706055,6.25,6.019999980926514,6.230000019073486,2.9768006801605225,1300
2003-03-26,6.199999809265137,6.199999809265137,6.079999923706055,6.079999923706055,2.905129909515381,2500
2003-03-27,6.099999904632568,6.159999847412109,6.019999980926514,6.019999980926514,2.8764591217041016,3900
2003-03-28,6.010000228881836,6.039999961853027,5.96999979019165,6.0,2.866903781890869,4400
2003-03-31,6.139999866485596,6.139999866485596,5.980000019073486,5.980000019073486,2.8573474884033203,3600
2003-04-01,5.96999979019165,6.0,5.929999828338623,6.0,2.866903781890869,1200
2003-04-02,6.050000190734863,6.050000190734863,5.949999809265137,5.949999809265137,2.843012809753418,2900
2003-04-03,5.949999809265137,6.0,5.900000095367432,5.989999771118164,2.862126588821411,500
2003-04-04,5.989999771118164,6.150000095367432,5.989999771118164,6.150000095367432,2.9385757446289062,96900
2003-04-07,6.25,6.5,6.199999809265137,6.25,2.9863572120666504,43600
2003-04-08,6.349999904632568,6.369999885559082,6.340000152587891,6.340000152587891,3.0293610095977783,2100
2003-04-09,6.349999904632568,6.409999847412109,6.340000152587891,6.349999904632568,3.034139394760132,600
2003-04-10,6.400000095367432,6.400000095367432,6.389999866485596,6.389999866485596,3.0532519817352295,1500
2003-04-11,6.400000095367432,6.429999828338623,6.300000190734863,6.300000190734863,3.010249376296997,1800
2003-04-14,6.340000152587891,6.349999904632568,6.320000171661377,6.320000171661377,3.0198051929473877,51600
2003-04-15,6.289999961853027,6.289999961853027,6.25,6.25,2.9863572120666504,700
2003-04-16,6.260000228881836,6.260000228881836,6.0,6.0,2.866903781890869,4100
2003-04-17,6.099999904632568,6.099999904632568,6.050000190734863,6.050000190734863,2.8907930850982666,900
2003-04-21,6.03000020980835,6.03000020980835,5.5,5.929999828338623,2.833456039428711,122200
2003-04-22,5.900000095367432,6.0,5.840000152587891,5.960000038146973,2.8477911949157715,24300
2003-04-23,5.900000095367432,5.980000019073486,5.75,5.960000038146973,2.8477911949157715,16500
2003-04-24,5.849999904632568,5.849999904632568,5.699999809265137,5.699999809265137,2.723557949066162,16800
2003-04-25,5.599999904632568,5.599999904632568,4.980000019073486,5.0,2.3890864849090576,104300
2003-04-28,5.0,5.119999885559082,5.0,5.03000020980835,2.4034202098846436,32000
2003-04-29,5.059999942779541,5.059999942779541,4.949999809265137,4.949999809265137,2.365194320678711,101000
2003-04-30,4.980000019073486,5.03000020980835,4.980000019073486,5.03000020980835,2.4034202098846436,30100
2003-05-01,5.0,5.010000228881836,4.989999771118164,4.989999771118164,2.384307861328125,13600
2003-05-02,5.03000020980835,5.300000190734863,5.03000020980835,5.28000020980835,2.5228755474090576,21100
2003-05-05,5.28000020980835,5.349999904632568,5.28000020980835,5.309999942779541,2.5372097492218018,7200
2003-05-06,5.409999847412109,5.420000076293945,5.340000152587891,5.349999904632568,2.5563223361968994,10400
2003-05-07,5.420000076293945,5.739999771118164,5.420000076293945,5.730000019073486,2.7378928661346436,16300
2003-05-08,5.760000228881836,5.789999961853027,5.630000114440918,5.679999828338623,2.7140018939971924,8700
2003-05-09,5.739999771118164,5.860000133514404,5.739999771118164,5.789999961853027,2.7665607929229736,5500
2003-05-12,5.800000190734863,5.849999904632568,5.670000076293945,5.670000076293945,2.7092249393463135,18800
2003-05-13,5.670000076293945,5.849999904632568,5.670000076293945,5.849999904632568,2.7952306270599365,4800
2003-05-14,5.829999923706055,5.829999923706055,5.559999942779541,5.570000171661377,2.6614415645599365,6700
2003-05-15,5.670000076293945,5.739999771118164,5.650000095367432,5.650000095367432,2.6996681690216064,3300
2003-05-16,5.599999904632568,5.610000133514404,5.550000190734863,5.579999923706055,2.66621994972229,3100
2003-05-19,5.570000171661377,5.590000152587891,5.5,5.550000190734863,2.651885747909546,12000
2003-05-20,5.25,5.269999980926514,5.050000190734863,5.110000133514404,2.4416463375091553,27700
2003-05-21,5.119999885559082,5.150000095367432,5.050000190734863,5.099999904632568,2.4368672370910645,18300
2003-05-22,5.099999904632568,5.170000076293945,5.099999904632568,5.150000095367432,2.4607584476470947,41900
2003-05-23,5.199999809265137,5.199999809265137,5.190000057220459,5.190000057220459,2.4798715114593506,2500
2003-05-27,5.150000095367432,5.190000057220459,5.150000095367432,5.159999847412109,2.4655377864837646,8000
2003-05-28,5.260000228881836,5.260000228881836,5.150000095367432,5.159999847412109,2.4655377864837646,28400
2003-05-29,5.210000038146973,5.230000019073486,5.130000114440918,5.130000114440918,2.451202869415283,57700
2003-05-30,5.179999828338623,5.25,5.170000076293945,5.25,2.5085413455963135,9300
2003-06-02,5.300000190734863,5.320000171661377,5.21999979019165,5.239999771118164,2.50376296043396,18800
2003-06-03,5.239999771118164,5.289999961853027,5.199999809265137,5.199999809265137,2.484649419784546,24500
2003-06-04,5.210000038146973,5.269999980926514,5.170000076293945,5.170000076293945,2.470315456390381,29100
2003-06-05,5.21999979019165,5.25,5.170000076293945,5.190000057220459,2.4798715114593506,8000
2003-06-06,5.199999809265137,5.199999809265137,5.150000095367432,5.150000095367432,2.4607584476470947,24500
2003-06-09,5.150000095367432,5.190000057220459,5.150000095367432,5.159999847412109,2.4655377864837646,16400
2003-06-10,5.170000076293945,5.170000076293945,5.150000095367432,5.159999847412109,2.4655377864837646,6200
2003-06-11,5.150000095367432,5.170000076293945,5.150000095367432,5.170000076293945,2.470315456390381,10000
2003-06-12,5.150000095367432,5.25,5.130000114440918,5.21999979019165,2.4942052364349365,10300
2003-06-13,5.230000019073486,5.300000190734863,5.21999979019165,5.21999979019165,2.4942052364349365,13000
2003-06-16,5.230000019073486,5.28000020980835,5.21999979019165,5.269999980926514,2.518097162246704,7100
2003-06-17,5.230000019073486,5.300000190734863,5.21999979019165,5.300000190734863,2.5324318408966064,6800
2003-06-18,5.300000190734863,5.519999980926514,5.300000190734863,5.449999809265137,2.6041030883789062,10300
2003-06-19,5.460000038146973,5.519999980926514,5.400000095367432,5.489999771118164,2.6232166290283203,21000
2003-06-20,5.400000095367432,5.409999847412109,5.380000114440918,5.380000114440918,2.5706565380096436,7800
2003-06-23,5.329999923706055,5.329999923706055,5.050000190734863,5.179999828338623,2.475093126296997,59700
2003-06-24,5.150000095367432,5.190000057220459,5.090000152587891,5.090000152587891,2.432089328765869,3600
2003-06-25,5.099999904632568,5.300000190734863,5.019999980926514,5.269999980926514,2.518097162246704,28900
2003-06-26,5.28000020980835,5.409999847412109,5.28000020980835,5.409999847412109,2.584991693496704,5600
2003-06-27,5.460000038146973,5.75,5.460000038146973,5.590000152587891,2.6709985733032227,23800
2003-06-30,5.650000095367432,5.699999809265137,5.570000171661377,5.579999923706055,2.66621994972229,151700
2003-07-01,5.5,5.570000171661377,5.5,5.570000171661377,2.6614415645599365,18700
2003-07-02,5.610000133514404,5.900000095367432,5.610000133514404,5.900000095367432,2.819122076034546,12600
2003-07-03,5.849999904632568,6.130000114440918,5.849999904632568,6.050000190734863,2.8907930850982666,13000
2003-07-07,6.150000095367432,6.28000020980835,6.039999961853027,6.119999885559082,2.9242403507232666,12800
2003-07-08,6.119999885559082,6.119999885559082,6.0,6.0,2.866903781890869,1400
2003-07-09,5.960000038146973,6.0,5.949999809265137,5.960000038146973,2.8477911949157715,6800
2003-07-10,5.869999885559082,6.050000190734863,5.869999885559082,5.989999771118164,2.862126588821411,7300
2003-07-11,5.900000095367432,5.989999771118164,5.900000095367432,5.989999771118164,2.862126588821411,10400
2003-07-14,5.989999771118164,6.059999942779541,5.96999979019165,6.059999942779541,2.895571231842041,44000
2003-07-15,6.079999923706055,6.079999923706055,6.0,6.0,2.866903781890869,1700
2003-07-16,6.039999961853027,6.039999961853027,6.0,6.0,2.866903781890869,1100
2003-07-17,5.96999979019165,5.96999979019165,5.929999828338623,5.949999809265137,2.843012809753418,3200
2003-07-18,5.949999809265137,5.949999809265137,5.949999809265137,5.949999809265137,2.843012809753418,100
2003-07-21,5.949999809265137,5.949999809265137,5.849999904632568,5.900000095367432,2.819122076034546,3600
2003-07-22,5.849999904632568,5.849999904632568,5.849999904632568,5.849999904632568,2.7952306270599365,100
2003-07-23,5.820000171661377,5.820000171661377,5.659999847412109,5.659999847412109,2.7044460773468018,3800
2003-07-24,5.559999942779541,5.559999942779541,5.5,5.5,2.6279947757720947,1800
2003-07-25,5.46999979019165,5.579999923706055,5.46999979019165,5.579999923706055,2.66621994972229,19000
2003-07-28,5.550000190734863,5.550000190734863,5.46999979019165,5.46999979019165,2.613661050796509,500
2003-07-29,5.449999809265137,5.449999809265137,5.300000190734863,5.349999904632568,2.5563223361968994,3900
2003-07-30,5.329999923706055,5.329999923706055,5.25,5.25,2.5085413455963135,9000
2003-07-31,5.25,5.25,5.230000019073486,5.230000019073486,2.4989843368530273,1500
2003-08-01,5.159999847412109,5.159999847412109,5.099999904632568,5.110000133514404,2.4416463375091553,2700
2003-08-04,5.119999885559082,5.119999885559082,5.110000133514404,5.110000133514404,2.4416463375091553,1100
2003-08-05,5.119999885559082,5.25,5.119999885559082,5.25,2.5085413455963135,2300
2003-08-06,5.21999979019165,5.21999979019165,5.21999979019165,5.21999979019165,2.4942052364349365,200
2003-08-07,5.289999961853027,5.619999885559082,5.289999961853027,5.619999885559082,2.685333013534546,6000
2003-08-08,5.619999885559082,5.619999885559082,5.53000020980835,5.599999904632568,2.675776720046997,1300
2003-08-11,5.630000114440918,5.900000095367432,5.630000114440918,5.800000190734863,2.7713396549224854,6900
2003-08-12,5.75,5.769999980926514,5.699999809265137,5.699999809265137,2.723557949066162,2800
2003-08-13,5.679999828338623,5.679999828338623,5.610000133514404,5.679999828338623,2.7140018939971924,5200
2003-08-14,5.739999771118164,5.739999771118164,5.699999809265137,5.699999809265137,2.723557949066162,400
2003-08-15,5.699999809265137,5.699999809265137,5.699999809265137,5.699999809265137,2.723557949066162,100
2003-08-18,5.699999809265137,5.840000152587891,5.699999809265137,5.789999961853027,2.7665607929229736,2400
2003-08-19,5.769999980926514,5.789999961853027,5.75,5.75,2.7474496364593506,1200
2003-08-20,5.75,5.75,5.699999809265137,5.71999979019165,2.7331149578094482,1400
2003-08-21,5.739999771118164,5.739999771118164,5.599999904632568,5.71999979019165,2.7331149578094482,4600
2003-08-22,5.699999809265137,5.699999809265137,5.699999809265137,5.699999809265137,2.723557949066162,300
2003-08-25,5.579999923706055,5.579999923706055,5.5,5.5,2.6279947757720947,3900
2003-08-26,5.550000190734863,5.550000190734863,5.460000038146973,5.460000038146973,2.608881711959839,1700
2003-08-27,5.420000076293945,5.550000190734863,5.420000076293945,5.5,2.6279947757720947,9400
2003-08-28,5.53000020980835,5.53000020980835,5.5,5.5,2.6279947757720947,300
2003-08-29,5.539999961853027,5.539999961853027,5.480000019073486,5.480000019073486,2.6184380054473877,1700
2003-09-02,5.5,5.550000190734863,5.5,5.539999961853027,2.6471076011657715,5100
2003-09-03,5.570000171661377,5.690000057220459,5.550000190734863,5.650000095367432,2.6996681690216064,30300
2003-09-04,5.599999904632568,5.670000076293945,5.550000190734863,5.630000114440918,2.690110206604004,3600
2003-09-05,5.579999923706055,5.599999904632568,5.519999980926514,5.599999904632568,2.675776720046997,7400
2003-09-08,5.75,5.849999904632568,5.75,5.820000171661377,2.7808964252471924,17900
2003-09-09,5.869999885559082,5.920000076293945,5.869999885559082,5.920000076293945,2.8286774158477783,500
2003-09-10,5.949999809265137,6.059999942779541,5.949999809265137,6.039999961853027,2.886016368865967,16100
2003-09-11,6.019999980926514,6.090000152587891,6.0,6.079999923706055,2.905129909515381,22300
2003-09-12,6.099999904632568,6.099999904632568,6.039999961853027,6.039999961853027,2.886016368865967,2400
2003-09-15,6.039999961853027,6.039999961853027,6.039999961853027,6.039999961853027,2.886016368865967,500
2003-09-16,6.099999904632568,6.230000019073486,6.099999904632568,6.230000019073486,2.9768006801605225,2200
2003-09-17,6.239999771118164,6.400000095367432,6.239999771118164,6.300000190734863,3.010249376296997,13200
2003-09-18,6.239999771118164,6.329999923706055,6.150000095367432,6.329999923706055,3.024583101272583,3500
2003-09-19,6.300000190734863,6.300000190734863,6.25,6.25,2.9863572120666504,600
2003-09-22,6.260000228881836,6.420000076293945,6.260000228881836,6.409999847412109,3.0628087520599365,2000
2003-09-23,6.360000133514404,6.440000057220459,6.320000171661377,6.440000057220459,3.077143669128418,7900
2003-09-24,6.5,6.5,6.440000057220459,6.440000057220459,3.077143669128418,3200
2003-09-25,6.409999847412109,6.550000190734863,6.409999847412109,6.550000190734863,3.129703998565674,3000
2003-09-26,6.519999980926514,6.730000019073486,6.480000019073486,6.730000019073486,3.2157108783721924,4000
2003-09-29,6.659999847412109,6.760000228881836,6.659999847412109,6.699999809265137,3.2013745307922363,3000
2003-09-30,6.809999942779541,7.0,6.809999942779541,6.900000095367432,3.2969398498535156,9700
2003-10-01,6.909999847412109,6.909999847412109,6.900000095367432,6.900000095367432,3.2969398498535156,700
2003-10-02,7.050000190734863,7.079999923706055,6.900000095367432,6.949999809265137,3.320828914642334,8100
2003-10-03,6.900000095367432,6.900000095367432,6.900000095367432,6.900000095367432,3.2969398498535156,1000
2003-10-06,6.849999904632568,6.849999904632568,6.820000171661377,6.820000171661377,3.258713722229004,600
2003-10-07,6.769999980926514,6.900000095367432,6.769999980926514,6.849999904632568,3.273047924041748,4500
2003-10-08,6.920000076293945,7.0,6.860000133514404,7.0,3.3447208404541016,3500
2003-10-09,7.070000171661377,7.099999904632568,7.070000171661377,7.099999904632568,3.39250111579895,12800
2003-10-10,7.099999904632568,7.099999904632568,7.099999904632568,7.099999904632568,3.39250111579895,1600
2003-10-13,7.099999904632568,7.099999904632568,7.099999904632568,7.099999904632568,3.39250111579895,500
2003-10-14,7.099999904632568,7.099999904632568,7.0,7.0,3.3447208404541016,2100
2003-10-15,7.010000228881836,7.010000228881836,6.989999771118164,7.0,3.3447208404541016,5600
2003-10-16,6.949999809265137,6.949999809265137,6.789999961853027,6.789999961853027,3.2443790435791016,2100
2003-10-17,6.699999809265137,6.699999809265137,6.349999904632568,6.349999904632568,3.034139394760132,5400
2003-10-20,6.449999809265137,6.579999923706055,6.449999809265137,6.510000228881836,3.110590696334839,6700
2003-10-21,6.489999771118164,6.539999961853027,6.489999771118164,6.510000228881836,3.110590696334839,28300
2003-10-22,6.590000152587891,6.590000152587891,6.519999980926514,6.550000190734863,3.129703998565674,3100
2003-10-23,6.539999961853027,6.650000095367432,6.519999980926514,6.650000095367432,3.1774849891662598,12400
2003-10-24,6.650000095367432,6.650000095367432,6.639999866485596,6.650000095367432,3.1774849891662598,5200
2003-10-27,6.619999885559082,6.619999885559082,6.550000190734863,6.550000190734863,3.129703998565674,21700
2003-10-28,6.519999980926514,6.559999942779541,6.349999904632568,6.349999904632568,3.034139394760132,2800
2003-10-29,6.300000190734863,6.380000114440918,6.25,6.320000171661377,3.0198051929473877,6000
2003-10-30,6.420000076293945,6.420000076293945,6.25,6.25,2.9863572120666504,4500
2003-10-31,6.199999809265137,6.199999809265137,6.03000020980835,6.170000076293945,2.948131561279297,6700
2003-11-03,6.099999904632568,6.099999904632568,6.03000020980835,6.050000190734863,2.8907930850982666,2700
2003-11-04,6.019999980926514,6.019999980926514,5.75,5.800000190734863,2.7713396549224854,4100
2003-11-05,5.789999961853027,6.0,5.789999961853027,5.960000038146973,2.8477911949157715,6100
2003-11-06,5.900000095367432,6.03000020980835,5.820000171661377,5.860000133514404,2.8000097274780273,5800
2003-11-07,5.909999847412109,5.909999847412109,5.909999847412109,5.909999847412109,2.823899745941162,100
2003-11-10,5.949999809265137,6.179999828338623,5.949999809265137,6.179999828338623,2.952911138534546,9400
2003-11-11,6.239999771118164,6.239999771118164,6.079999923706055,6.099999904632568,2.9146840572357178,7000
2003-11-12,6.099999904632568,6.159999847412109,6.099999904632568,6.139999866485596,2.933798313140869,4700
2003-11-13,6.150000095367432,6.150000095367432,6.150000095367432,6.150000095367432,2.9385757446289062,100
2003-11-14,6.159999847412109,6.159999847412109,6.139999866485596,6.139999866485596,2.933798313140869,1500
2003-11-17,6.150000095367432,6.150000095367432,6.0,6.0,2.866903781890869,9100
2003-11-18,6.050000190734863,6.050000190734863,6.050000190734863,6.050000190734863,2.8907930850982666,500
2003-11-19,6.050000190734863,6.050000190734863,6.050000190734863,6.050000190734863,2.8907930850982666,0
2003-11-20,6.059999942779541,6.059999942779541,6.059999942779541,6.059999942779541,2.895571231842041,200
2003-11-21,6.059999942779541,6.059999942779541,6.059999942779541,6.059999942779541,2.895571231842041,300
2003-11-24,6.059999942779541,6.059999942779541,6.059999942779541,6.059999942779541,2.895571231842041,500
2003-11-25,6.099999904632568,6.400000095367432,6.099999904632568,6.400000095367432,3.0580315589904785,3800
2003-11-26,6.440000057220459,6.440000057220459,6.269999980926514,6.349999904632568,3.034139394760132,3500
2003-11-28,6.309999942779541,6.309999942779541,6.309999942779541,6.309999942779541,3.015026569366455,200
2003-12-01,6.300000190734863,6.300000190734863,6.300000190734863,6.300000190734863,3.010249376296997,900
2003-12-02,6.25,6.25,6.25,6.25,2.9863572120666504,44800
2003-12-03,6.269999980926514,6.340000152587891,6.269999980926514,6.300000190734863,3.010249376296997,1500
2003-12-04,6.320000171661377,6.320000171661377,6.320000171661377,6.320000171661377,3.0198051929473877,100
2003-12-05,6.349999904632568,6.349999904632568,6.349999904632568,6.349999904632568,3.034139394760132,200
2003-12-08,6.300000190734863,6.349999904632568,6.300000190734863,6.349999904632568,3.034139394760132,700
2003-12-09,6.340000152587891,6.349999904632568,6.340000152587891,6.349999904632568,3.034139394760132,2400
2003-12-10,6.389999866485596,6.480000019073486,6.389999866485596,6.480000019073486,3.0962564945220947,2200
2003-12-11,6.429999828338623,6.429999828338623,6.320000171661377,6.349999904632568,3.034139394760132,5400
2003-12-12,6.300000190734863,6.300000190734863,6.110000133514404,6.110000133514404,2.919463872909546,21800
2003-12-15,6.059999942779541,6.059999942779541,6.010000228881836,6.059999942779541,2.895571231842041,9400
2003-12-16,6.099999904632568,6.099999904632568,6.099999904632568,6.099999904632568,2.9146840572357178,3700
2003-12-17,6.110000133514404,6.110000133514404,6.099999904632568,6.099999904632568,2.9146840572357178,6300
2003-12-18,6.099999904632568,6.099999904632568,6.050000190734863,6.050000190734863,2.8907930850982666,600
2003-12-19,6.050000190734863,6.050000190734863,6.050000190734863,6.050000190734863,2.8907930850982666,600
2003-12-22,6.019999980926514,6.019999980926514,6.010000228881836,6.019999980926514,2.8764591217041016,1100
2003-12-23,6.079999923706055,6.079999923706055,6.079999923706055,6.079999923706055,2.905129909515381,200
2003-12-24,6.110000133514404,6.110000133514404,6.110000133514404,6.110000133514404,2.919463872909546,1000
2003-12-26,6.139999866485596,6.199999809265137,6.139999866485596,6.199999809265137,2.9624671936035156,700
2003-12-29,6.239999771118164,6.489999771118164,6.179999828338623,6.489999771118164,3.101034164428711,4300
2003-12-30,6.489999771118164,6.650000095367432,6.389999866485596,6.389999866485596,3.0532519817352295,4000
2003-12-31,6.400000095367432,6.400000095367432,6.400000095367432,6.400000095367432,3.0580315589904785,200
2004-01-02,6.400000095367432,6.400000095367432,6.400000095367432,6.400000095367432,3.0580315589904785,17600
2004-01-05,6.360000133514404,6.360000133514404,6.349999904632568,6.349999904632568,3.034139394760132,600
2004-01-06,6.349999904632568,6.349999904632568,6.309999942779541,6.349999904632568,3.034139394760132,38800
2004-01-07,6.389999866485596,6.449999809265137,6.260000228881836,6.449999809265137,3.0819218158721924,5300
2004-01-08,6.489999771118164,6.5,6.480000019073486,6.5,3.1058125495910645,900
2004-01-09,6.539999961853027,6.550000190734863,6.539999961853027,6.550000190734863,3.129703998565674,3300
2004-01-12,6.559999942779541,6.710000038146973,6.559999942779541,6.710000038146973,3.2061543464660645,3900
2004-01-13,6.710000038146973,6.710000038146973,6.710000038146973,6.710000038146973,3.2061543464660645,200
2004-01-14,6.739999771118164,6.949999809265137,6.739999771118164,6.949999809265137,3.320828914642334,9600
2004-01-15,7.0,7.320000171661377,7.0,7.25,3.464176654815674,5900
2004-01-16,7.199999809265137,7.360000133514404,7.199999809265137,7.360000133514404,3.516735315322876,3900
2004-01-20,7.309999942779541,7.329999923706055,7.25,7.329999923706055,3.50240159034729,2800
2004-01-21,7.300000190734863,7.300000190734863,7.25,7.300000190734863,3.488065481185913,2300
2004-01-22,7.260000228881836,7.300000190734863,7.25,7.300000190734863,3.488065481185913,1400
2004-01-23,7.269999980926514,7.449999809265137,7.269999980926514,7.320000171661377,3.4976229667663574,3100
2004-01-26,7.309999942779541,7.369999885559082,7.300000190734863,7.369999885559082,3.521512746810913,2100
2004-01-27,7.369999885559082,7.409999847412109,7.300000190734863,7.409999847412109,3.54062557220459,3100
2004-01-28,7.519999980926514,7.590000152587891,7.510000228881836,7.519999980926514,3.5931859016418457,5000
2004-01-29,7.53000020980835,7.53000020980835,7.53000020980835,7.53000020980835,3.597963809967041,100
2004-01-30,7.53000020980835,7.53000020980835,7.53000020980835,7.53000020980835,3.597963809967041,0
2004-02-02,7.5,7.5,7.489999771118164,7.5,3.583631753921509,500
2004-02-03,7.550000190734863,7.699999809265137,7.550000190734863,7.699999809265137,3.6791930198669434,6800
2004-02-04,7.670000076293945,7.670000076293945,7.599999904632568,7.599999904632568,3.63141131401062,1000
2004-02-05,7.610000133514404,7.670000076293945,7.610000133514404,7.670000076293945,3.6648597717285156,2300
2004-02-06,7.630000114440918,7.630000114440918,7.539999961853027,7.599999904632568,3.63141131401062,4100
2004-02-09,7.849999904632568,8.050000190734863,7.840000152587891,8.050000190734863,3.8464298248291016,11600
2004-02-10,8.010000228881836,8.25,8.0,8.25,3.941991090774536,10000
2004-02-11,8.210000038146973,8.319999694824219,8.199999809265137,8.270000457763672,3.9515480995178223,12400
2004-02-12,8.3100004196167,8.3100004196167,8.3100004196167,8.3100004196167,3.9706616401672363,1000
2004-02-13,8.369999885559082,9.100000381469727,8.369999885559082,8.850000381469727,4.2286834716796875,16500
2004-02-17,8.760000228881836,9.5,8.760000228881836,9.25,4.419810771942139,942500
2004-02-18,9.25,9.800000190734863,9.25,9.75,4.658718585968018,35700
2004-02-19,9.800000190734863,10.180000305175781,9.800000190734863,10.039999961853027,4.797285556793213,15000
2004-02-20,10.170000076293945,10.850000381469727,10.170000076293945,10.630000114440918,5.079195976257324,26200
2004-02-23,10.640000343322754,11.199999809265137,10.460000038146973,11.039999961853027,5.275101661682129,106900
2004-02-24,11.050000190734863,11.399999618530273,10.84000015258789,10.84000015258789,5.179538249969482,18500
2004-02-25,10.75,11.329999923706055,10.640000343322754,11.0,5.2559895515441895,101100
2004-02-26,11.25,11.289999961853027,11.0,11.020000457763672,5.265547275543213,31300
2004-02-27,11.119999885559082,11.399999618530273,10.949999809265137,11.350000381469727,5.4232258796691895,43600
2004-03-01,11.25,11.600000381469727,11.199999809265137,11.520000457763672,5.504456996917725,20100
2004-03-02,11.619999885559082,11.619999885559082,11.25,11.300000190734863,5.399336338043213,10500
2004-03-03,11.25,11.25,10.199999809265137,10.789999961853027,5.155649662017822,86200
2004-03-04,10.800000190734863,10.800000190734863,10.34000015258789,10.529999732971191,5.0314154624938965,25400
2004-03-05,10.430000305175781,10.550000190734863,10.430000305175781,10.479999542236328,5.00752592086792,2500
2004-03-08,10.579999923706055,11.430000305175781,10.510000228881836,11.430000305175781,5.461451053619385,24300
2004-03-09,11.649999618530273,12.25,11.619999885559082,11.979999542236328,5.724253177642822,24900
2004-03-10,11.930000305175781,11.930000305175781,11.399999618530273,11.5,5.494899272918701,27800
2004-03-11,11.5,12.449999809265137,11.489999771118164,12.270000457763672,5.862818241119385,20800
2004-03-12,12.350000381469727,12.880000114440918,12.350000381469727,12.819999694824219,6.125617504119873,22100
2004-03-15,12.949999809265137,13.960000038146973,12.949999809265137,13.260000228881836,6.335858345031738,55300
2004-03-16,13.319999694824219,13.5,12.699999809265137,12.770000457763672,6.1017255783081055,16400
2004-03-17,12.720000267028809,13.149999618530273,12.430000305175781,13.050000190734863,6.235515117645264,13500
2004-03-18,13.050000190734863,13.4399995803833,13.039999961853027,13.039999961853027,6.230736255645752,41500
2004-03-19,13.020000457763672,13.199999809265137,13.0,13.199999809265137,6.307187557220459,24000
2004-03-22,13.25,13.380000114440918,13.050000190734863,13.319999694824219,6.36452579498291,21400
2004-03-23,13.369999885559082,13.369999885559082,13.100000381469727,13.149999618530273,6.283298492431641,8600
2004-03-24,13.199999809265137,13.199999809265137,13.0,13.050000190734863,6.235515117645264,12700
2004-03-25,13.149999618530273,13.270000457763672,13.0600004196167,13.270000457763672,6.340635299682617,5200
2004-03-26,13.350000381469727,13.369999885559082,13.199999809265137,13.359999656677246,6.3836350440979,2200
2004-03-29,13.449999809265137,13.899999618530273,13.430000305175781,13.899999618530273,6.641657829284668,16700
2004-03-30,13.899999618530273,13.899999618530273,13.600000381469727,13.699999809265137,6.546095848083496,14500
2004-03-31,13.600000381469727,13.600000381469727,13.369999885559082,13.369999885559082,6.388416290283203,19800
2004-04-01,13.449999809265137,13.449999809265137,13.0,13.09000015258789,6.254626750946045,20900
2004-04-02,13.069999694824219,13.550000190734863,13.069999694824219,13.479999542236328,6.440975666046143,10200
2004-04-05,13.5,13.5600004196167,13.300000190734863,13.5600004196167,6.479200839996338,14600
2004-04-06,13.5,13.5,13.399999618530273,13.399999618530273,6.402749061584473,5700
2004-04-07,13.479999542236328,13.479999542236328,13.420000076293945,13.460000038146973,6.431421756744385,4500
2004-04-08,13.479999542236328,13.479999542236328,13.300000190734863,13.4399995803833,6.421862602233887,14200
2004-04-12,13.479999542236328,13.539999961853027,13.359999656677246,13.5,6.450531959533691,5300
2004-04-13,13.5,13.5,13.399999618530273,13.470000267028809,6.436198711395264,6200
2004-04-14,13.430000305175781,13.550000190734863,13.399999618530273,13.5,6.450531959533691,7400
2004-04-15,13.579999923706055,14.399999618530273,13.5,14.109999656677246,6.742000579833984,29300
2004-04-16,14.149999618530273,14.399999618530273,14.100000381469727,14.300000190734863,6.832787990570068,29400
2004-04-19,14.350000381469727,15.199999809265137,14.350000381469727,14.819999694824219,7.08125114440918,32300
2004-04-20,14.770000457763672,14.869999885559082,14.649999618530273,14.779999732971191,7.062139511108398,9700
2004-04-21,14.779999732971191,14.899999618530273,14.779999732971191,14.8100004196167,7.076476573944092,3300
2004-04-22,14.760000228881836,15.199999809265137,14.710000038146973,14.850000381469727,7.095587730407715,17200
2004-04-23,14.800000190734863,14.859999656677246,14.760000228881836,14.760000228881836,7.052582740783691,4900
2004-04-26,14.75,14.75,14.550000190734863,14.569999694824219,6.961799621582031,6100
2004-04-27,14.5,14.5,14.199999809265137,14.25,6.808893203735352,9200
2004-04-28,14.050000190734863,14.050000190734863,13.699999809265137,13.760000228881836,6.574763298034668,9500
2004-04-29,13.90999984741211,14.109999656677246,13.90999984741211,14.039999961853027,6.708552360534668,6100
2004-04-30,14.0,14.079999923706055,13.569999694824219,13.569999694824219,6.483977317810059,7400
2004-05-03,13.470000267028809,13.65999984741211,13.40999984741211,13.569999694824219,6.483977317810059,7500
2004-05-04,13.5,13.5,13.260000228881836,13.34000015258789,6.374082565307617,4900
2004-05-05,13.300000190734863,13.350000381469727,13.25,13.34000015258789,6.374082565307617,3400
2004-05-06,13.300000190734863,13.380000114440918,13.25,13.380000114440918,6.393194675445557,2300
2004-05-07,13.399999618530273,13.449999809265137,13.0,13.0,6.211625099182129,18600
2004-05-10,12.949999809265137,13.170000076293945,12.770000457763672,13.149999618530273,6.283298492431641,16800
2004-05-11,13.25,13.350000381469727,13.25,13.3100004196167,6.3597493171691895,4500
2004-05-12,13.319999694824219,13.319999694824219,13.25,13.300000190734863,6.3549699783325195,900
2004-05-13,13.239999771118164,13.329999923706055,13.199999809265137,13.319999694824219,6.36452579498291,1000
2004-05-14,13.380000114440918,13.380000114440918,13.270000457763672,13.329999923706055,6.369304656982422,1000
2004-05-17,13.25,13.289999961853027,13.170000076293945,13.289999961853027,6.350192070007324,2200
2004-05-18,13.260000228881836,13.300000190734863,13.0,13.300000190734863,6.3549699783325195,19500
2004-05-19,13.220000267028809,13.300000190734863,13.050000190734863,13.300000190734863,6.3549699783325195,6000
2004-05-20,13.25,13.319999694824219,13.229999542236328,13.319999694824219,6.36452579498291,2500
2004-05-21,13.390000343322754,14.25,13.300000190734863,14.25,6.808893203735352,23500
2004-05-24,14.350000381469727,14.979999542236328,14.350000381469727,14.979999542236328,7.157700538635254,19800
2004-05-25,14.979999542236328,16.229999542236328,14.979999542236328,15.869999885559082,7.582961082458496,26700
2004-05-26,15.970000267028809,16.700000762939453,15.970000267028809,16.450000762939453,7.860095500946045,16000
2004-05-27,16.399999618530273,16.559999465942383,16.25,16.25,7.764529705047607,7500
2004-05-28,16.18000030517578,16.25,16.139999389648438,16.25,7.764529705047607,7000
2004-06-01,16.25,16.690000534057617,16.100000381469727,16.5,7.883982181549072,14900
2004-06-02,16.5,17.290000915527344,16.5,16.950000762939453,8.099000930786133,28000
2004-06-03,16.979999542236328,17.059999465942383,16.709999084472656,16.709999084472656,7.984323978424072,35600
2004-06-04,16.989999771118164,17.010000228881836,16.81999969482422,16.850000381469727,8.051220893859863,29700
2004-06-07,16.979999542236328,16.979999542236328,16.649999618530273,16.729999542236328,7.993882179260254,17100
2004-06-08,16.649999618530273,16.700000762939453,16.5,16.5,7.883982181549072,7800
2004-06-09,16.0,16.15999984741211,15.9399995803833,15.9399995803833,7.6164093017578125,15900
2004-06-10,15.84000015258789,16.110000610351562,15.710000038146973,15.710000038146973,7.506509304046631,23200
2004-06-14,15.699999809265137,15.789999961853027,15.350000381469727,15.5,7.406167507171631,6800
2004-06-15,15.5600004196167,15.649999618530273,15.359999656677246,15.390000343322754,7.353606224060059,4800
2004-06-16,15.289999961853027,15.289999961853027,14.699999809265137,15.15999984741211,7.243706226348877,15700
2004-06-17,15.0600004196167,15.479999542236328,14.960000038146973,15.420000076293945,7.367940902709961,7000
2004-06-18,15.399999618530273,15.489999771118164,15.100000381469727,15.119999885559082,7.224596977233887,10700
2004-06-21,15.0,15.319999694824219,14.989999771118164,15.210000038146973,7.267599105834961,8200
2004-06-22,15.300000190734863,15.739999771118164,15.300000190734863,15.739999771118164,7.520841121673584,11600
2004-06-23,15.800000190734863,16.25,15.800000190734863,15.890000343322754,7.592512607574463,13200
2004-06-24,15.899999618530273,15.899999618530273,15.40999984741211,15.789999961853027,7.54473352432251,8500
2004-06-25,15.850000381469727,15.850000381469727,15.199999809265137,15.199999809265137,7.26282262802124,90300
2004-06-28,15.25,15.25,14.800000190734863,14.800000190734863,7.071695804595947,79300
2004-06-29,14.850000381469727,15.020000457763672,14.649999618530273,14.920000076293945,7.129033088684082,21000
2004-06-30,14.949999809265137,15.050000190734863,14.850000381469727,15.0,7.167263507843018,13400
2004-07-01,14.899999618530273,14.899999618530273,14.670000076293945,14.670000076293945,7.009579658508301,6900
2004-07-02,14.630000114440918,14.6899995803833,14.630000114440918,14.6899995803833,7.019138336181641,3000
2004-07-06,14.5,14.5,13.800000190734863,14.199999809265137,6.7850022315979,33700
2004-07-07,14.100000381469727,14.100000381469727,13.779999732971191,13.970000267028809,6.675106048583984,32200
2004-07-08,13.800000190734863,14.079999923706055,13.789999961853027,14.020000457763672,6.6989970207214355,24600
2004-07-09,14.020000457763672,14.09000015258789,14.0,14.079999923706055,6.727667808532715,5800
2004-07-12,14.079999923706055,14.609999656677246,14.050000190734863,14.609999656677246,6.9809112548828125,4700
2004-07-13,14.5600004196167,14.5600004196167,14.199999809265137,14.289999961853027,6.828009605407715,7800
2004-07-14,14.289999961853027,14.34000015258789,14.0,14.0,6.689441680908203,6500
2004-07-15,14.0,14.0600004196167,14.0,14.050000190734863,6.713331699371338,5900
2004-07-16,14.010000228881836,14.020000457763672,14.0,14.010000228881836,6.69421911239624,13300
2004-07-19,14.100000381469727,14.100000381469727,14.0,14.050000190734863,6.713331699371338,3100
2004-07-20,14.100000381469727,14.149999618530273,14.0,14.109999656677246,6.742000579833984,3400
2004-07-21,14.149999618530273,14.149999618530273,14.0,14.050000190734863,6.713331699371338,3800
2004-07-22,14.079999923706055,14.100000381469727,14.050000190734863,14.100000381469727,6.737222671508789,2500
2004-07-23,14.0600004196167,14.149999618530273,14.050000190734863,14.09000015258789,6.732444763183594,4000
2004-07-26,14.149999618530273,14.149999618530273,14.0,14.0600004196167,6.718111515045166,3200
2004-07-27,14.100000381469727,15.0,14.050000190734863,14.140000343322754,6.756337642669678,745900
2004-07-28,14.239999771118164,14.239999771118164,14.0,14.0,6.689441680908203,9400
2004-07-29,14.100000381469727,14.25,14.0,14.0,6.689441680908203,11800
2004-07-30,14.050000190734863,14.100000381469727,13.989999771118164,14.020000457763672,6.6989970207214355,20500
2004-08-02,14.0,14.119999885559082,14.0,14.069999694824219,6.722887992858887,7700
2004-08-03,14.119999885559082,14.119999885559082,14.0,14.069999694824219,6.722887992858887,3500
2004-08-04,14.069999694824219,14.069999694824219,14.0,14.069999694824219,6.722887992858887,2300
2004-08-05,14.050000190734863,14.069999694824219,14.0,14.0600004196167,6.718111515045166,5300
2004-08-06,14.020000457763672,14.210000038146973,14.0,14.1899995803833,6.780228137969971,5600
2004-08-09,14.149999618530273,16.719999313354492,14.149999618530273,16.0,7.645075798034668,41500
2004-08-10,16.700000762939453,17.399999618530273,16.420000076293945,16.690000534057617,7.974769592285156,39900
2004-08-11,16.700000762939453,16.700000762939453,16.399999618530273,16.450000762939453,7.860095500946045,2000
2004-08-12,16.350000381469727,16.700000762939453,16.170000076293945,16.170000076293945,7.726306915283203,7400
2004-08-13,16.18000030517578,16.290000915527344,15.899999618530273,16.059999465942383,7.673740863800049,5300
2004-08-16,16.100000381469727,16.600000381469727,16.100000381469727,16.549999237060547,7.907877445220947,7000
2004-08-17,16.549999237060547,16.549999237060547,15.850000381469727,15.899999618530273,7.597296237945557,18300
2004-08-18,15.989999771118164,16.020000457763672,15.800000190734863,15.899999618530273,7.597296237945557,1400
2004-08-19,15.960000038146973,16.0,15.90999984741211,15.970000267028809,7.630739688873291,1900
2004-08-20,15.800000190734863,15.800000190734863,15.25,15.260000228881836,7.291489124298096,7000
2004-08-23,15.260000228881836,15.699999809265137,15.260000228881836,15.699999809265137,7.501729488372803,4900
2004-08-24,15.699999809265137,15.920000076293945,15.6899995803833,15.920000076293945,7.606851577758789,4700
2004-08-25,15.90999984741211,16.0,15.699999809265137,16.0,7.645075798034668,3700
2004-08-26,16.0,16.030000686645508,15.949999809265137,16.0,7.645075798034668,7100
2004-08-27,16.0,16.100000381469727,15.8100004196167,16.0,7.645075798034668,7800
2004-08-30,16.049999237060547,16.100000381469727,15.989999771118164,16.010000228881836,7.649852752685547,13100
2004-08-31,15.949999809265137,16.0,15.75,15.949999809265137,7.621185302734375,9300
2004-09-01,15.899999618530273,16.040000915527344,15.899999618530273,16.0,7.645075798034668,10200
2004-09-02,15.960000038146973,16.020000457763672,15.75,15.850000381469727,7.5734052658081055,2600
2004-09-03,15.899999618530273,16.219999313354492,15.899999618530273,16.219999313354492,7.750196933746338,2400
2004-09-07,16.219999313354492,16.600000381469727,16.219999313354492,16.450000762939453,7.860095500946045,6400
2004-09-08,16.440000534057617,16.5,16.399999618530273,16.489999771118164,7.879209041595459,4200
2004-09-09,16.549999237060547,17.149999618530273,16.549999237060547,17.010000228881836,8.12767219543457,15500
2004-09-10,17.049999237060547,17.299999237060547,16.899999618530273,17.299999237060547,8.266236305236816,9700
2004-09-13,17.549999237060547,17.610000610351562,17.399999618530273,17.600000381469727,8.40958309173584,8400
2004-09-14,17.610000610351562,17.610000610351562,16.979999542236328,17.049999237060547,8.146782875061035,4400
2004-09-15,17.020000457763672,17.020000457763672,16.950000762939453,16.979999542236328,8.113335609436035,2300
2004-09-16,17.0,17.0,16.90999984741211,16.940000534057617,8.094223976135254,2000
2004-09-17,17.100000381469727,17.100000381469727,16.950000762939453,17.06999969482422,8.156340599060059,24400
2004-09-20,17.170000076293945,17.170000076293945,17.0,17.0,8.122888565063477,5400
2004-09-21,17.06999969482422,17.18000030517578,17.059999465942383,17.059999465942383,8.15156364440918,1300
2004-09-22,16.950000762939453,16.979999542236328,16.610000610351562,16.739999771118164,7.998661041259766,4200
2004-09-23,16.899999618530273,17.149999618530273,16.899999618530273,17.010000228881836,8.12767219543457,5600
2004-09-24,17.149999618530273,17.149999618530273,16.75,16.75,8.003436088562012,7900
2004-09-27,16.549999237060547,17.049999237060547,16.549999237060547,16.969999313354492,8.108560562133789,4200
2004-09-28,16.899999618530273,16.950000762939453,16.729999542236328,16.729999542236328,7.993882179260254,1800
2004-09-29,16.729999542236328,16.850000381469727,16.700000762939453,16.700000762939453,7.979548454284668,1600
2004-09-30,16.670000076293945,16.670000076293945,16.0,16.0,7.645075798034668,64600
2004-10-01,16.100000381469727,16.5,16.030000686645508,16.489999771118164,7.879209041595459,2900
2004-10-04,16.450000762939453,16.479999542236328,16.450000762939453,16.479999542236328,7.874430179595947,1100
2004-10-05,16.469999313354492,16.469999313354492,16.100000381469727,16.209999084472656,7.745416164398193,6000
2004-10-06,16.15999984741211,16.389999389648438,16.15999984741211,16.389999389648438,7.831425189971924,1500
2004-10-07,16.420000076293945,16.459999084472656,16.270000457763672,16.459999084472656,7.864870548248291,1900
2004-10-08,16.420000076293945,16.420000076293945,16.18000030517578,16.18000030517578,7.731082439422607,26800
2004-10-11,16.149999618530273,16.25,16.149999618530273,16.25,7.764529705047607,1100
2004-10-12,16.18000030517578,16.299999237060547,16.18000030517578,16.299999237060547,7.788421154022217,1900
2004-10-13,16.299999237060547,16.299999237060547,16.010000228881836,16.010000228881836,7.649852752685547,1200
2004-10-14,15.960000038146973,15.960000038146973,15.5,15.649999618530273,7.477840900421143,2500
2004-10-15,15.5,15.5,15.130000114440918,15.149999618530273,7.238930702209473,3200
2004-10-18,15.109999656677246,15.380000114440918,15.109999656677246,15.300000190734863,7.310604572296143,2800
2004-10-19,15.289999961853027,15.289999961853027,15.0,15.0,7.167263507843018,7100
2004-10-20,15.0,15.079999923706055,15.0,15.0600004196167,7.195927619934082,1800
2004-10-21,15.130000114440918,15.300000190734863,15.09000015258789,15.149999618530273,7.238930702209473,1400
2004-10-22,15.1899995803833,15.260000228881836,15.029999732971191,15.029999732971191,7.181593418121338,2100
2004-10-25,15.029999732971191,15.229999542236328,15.029999732971191,15.140000343322754,7.234151840209961,1800
2004-10-26,15.1899995803833,15.390000343322754,15.180000305175781,15.260000228881836,7.291489124298096,3000
2004-10-27,15.460000038146973,15.5,15.100000381469727,15.479999542236328,7.396609783172607,7700
2004-10-28,15.5,15.640000343322754,15.300000190734863,15.350000381469727,7.3344950675964355,8900
2004-10-29,15.329999923706055,15.75,15.329999923706055,15.600000381469727,7.45395040512085,7200
2004-11-01,15.600000381469727,15.600000381469727,15.100000381469727,15.550000190734863,7.430059432983398,8400
2004-11-02,15.40999984741211,15.75,15.40999984741211,15.5600004196167,7.434835433959961,5200
2004-11-03,15.600000381469727,15.649999618530273,15.470000267028809,15.5,7.406167507171631,5800
2004-11-04,15.25,15.300000190734863,15.199999809265137,15.25,7.286710739135742,5900
2004-11-05,15.199999809265137,15.25,15.170000076293945,15.25,7.286710739135742,7500
2004-11-08,15.359999656677246,15.399999618530273,15.350000381469727,15.399999618530273,7.358386039733887,2000
2004-11-09,15.199999809265137,15.25,14.989999771118164,15.0,7.167263507843018,50200
2004-11-10,15.0,15.199999809265137,15.0,15.140000343322754,7.234151840209961,2700
2004-11-11,15.1899995803833,15.25,15.149999618530273,15.1899995803833,7.25804328918457,2800
2004-11-12,15.1899995803833,15.199999809265137,15.130000114440918,15.1899995803833,7.25804328918457,3000
2004-11-15,15.1899995803833,15.199999809265137,15.109999656677246,15.1899995803833,7.25804328918457,4600
2004-11-16,15.100000381469727,15.149999618530273,14.899999618530273,14.899999618530273,7.119477272033691,21700
2004-11-17,15.0,15.199999809265137,15.0,15.149999618530273,7.238930702209473,2000
2004-11-18,15.130000114440918,15.380000114440918,15.0600004196167,15.380000114440918,7.348826885223389,5500
2004-11-19,15.399999618530273,15.649999618530273,15.399999618530273,15.510000228881836,7.410947799682617,3100
2004-11-22,15.520000457763672,15.800000190734863,15.5,15.800000190734863,7.549513816833496,5800
2004-11-23,15.850000381469727,15.979999542236328,15.850000381469727,15.979999542236328,7.635519981384277,1500
2004-11-24,16.0,16.0,15.899999618530273,15.899999618530273,7.597296237945557,3300
2004-11-26,15.859999656677246,15.949999809265137,15.850000381469727,15.949999809265137,7.621185302734375,1700
2004-11-29,16.200000762939453,16.200000762939453,16.09000015258789,16.100000381469727,7.692859649658203,6500
2004-11-30,16.149999618530273,16.149999618530273,16.049999237060547,16.049999237060547,7.6689653396606445,2400
2004-12-01,15.949999809265137,16.049999237060547,15.930000305175781,15.930000305175781,7.611626148223877,5100
2004-12-02,15.960000038146973,16.040000915527344,15.930000305175781,16.040000915527344,7.664186954498291,2300
2004-12-03,15.960000038146973,16.0,15.760000228881836,15.779999732971191,7.539957046508789,103200
2004-12-06,15.529999732971191,15.65999984741211,15.510000228881836,15.649999618530273,7.477840900421143,2900
2004-12-07,15.65999984741211,15.699999809265137,15.510000228881836,15.510000228881836,7.410947799682617,2100
2004-12-08,15.630000114440918,15.829999923706055,15.569999694824219,15.8100004196167,7.615668296813965,6300
2004-12-09,15.75,16.010000228881836,15.75,15.960000038146973,7.687922954559326,1900
2004-12-10,15.960000038146973,16.0,15.880000114440918,15.880000114440918,7.649385929107666,2500
2004-12-13,15.729999542236328,16.049999237060547,15.729999542236328,16.049999237060547,7.731274604797363,5200
2004-12-14,16.149999618530273,16.149999618530273,16.0,16.030000686645508,7.721641540527344,173400
2004-12-15,15.949999809265137,16.5,15.949999809265137,16.5,7.948038101196289,6900
2004-12-16,16.600000381469727,16.690000534057617,16.5,16.540000915527344,7.967308521270752,3800
2004-12-17,16.600000381469727,16.700000762939453,16.549999237060547,16.700000762939453,8.044381141662598,6100
2004-12-20,16.549999237060547,16.649999618530273,16.350000381469727,16.649999618530273,8.020293235778809,7800
2004-12-21,16.649999618530273,16.700000762939453,16.649999618530273,16.68000030517578,8.034744262695312,1800
2004-12-22,16.690000534057617,16.75,16.670000076293945,16.670000076293945,8.029929161071777,4500
2004-12-23,16.700000762939453,16.700000762939453,16.700000762939453,16.700000762939453,8.044381141662598,300
2004-12-27,16.700000762939453,16.84000015258789,16.639999389648438,16.81999969482422,8.10218620300293,11900
2004-12-28,16.889999389648438,16.940000534057617,16.600000381469727,16.600000381469727,7.996209621429443,4600
2004-12-29,16.649999618530273,16.649999618530273,16.610000610351562,16.649999618530273,8.020293235778809,300
2004-12-30,16.600000381469727,16.65999984741211,16.549999237060547,16.559999465942383,7.9769439697265625,1600
2004-12-31,16.520000457763672,16.6299991607666,16.520000457763672,16.530000686645508,7.962489128112793,1800
2005-01-03,16.559999465942383,16.81999969482422,16.459999084472656,16.469999313354492,7.933588981628418,6800
2005-01-04,16.31999969482422,16.549999237060547,16.260000228881836,16.40999984741211,7.904687404632568,20900
2005-01-05,16.399999618530273,16.40999984741211,16.260000228881836,16.290000915527344,7.8468828201293945,7700
2005-01-06,16.25,16.260000228881836,16.15999984741211,16.25,7.8276166915893555,3200
2005-01-07,16.18000030517578,16.200000762939453,16.049999237060547,16.149999618530273,7.779448986053467,4000
2005-01-10,16.25,16.270000457763672,16.1299991607666,16.15999984741211,7.784259796142578,3300
2005-01-11,16.260000228881836,16.489999771118164,16.200000762939453,16.489999771118164,7.943225383758545,4000
2005-01-12,16.440000534057617,16.5,16.299999237060547,16.5,7.948038101196289,2400
2005-01-13,16.450000762939453,16.549999237060547,16.350000381469727,16.549999237060547,7.972126483917236,4100
2005-01-14,16.520000457763672,16.520000457763672,16.450000762939453,16.450000762939453,7.923957347869873,1000
2005-01-18,16.549999237060547,16.700000762939453,16.549999237060547,16.649999618530273,8.020293235778809,1400
2005-01-19,16.559999465942383,16.649999618530273,16.5,16.510000228881836,7.952859878540039,2800
2005-01-20,16.459999084472656,16.459999084472656,16.25,16.25,7.8276166915893555,2600
2005-01-21,16.200000762939453,16.25,16.149999618530273,16.149999618530273,7.779448986053467,4500
2005-01-24,16.200000762939453,16.350000381469727,16.200000762939453,16.209999084472656,7.808345794677734,6100
2005-01-25,16.190000534057617,16.280000686645508,16.170000076293945,16.280000686645508,7.842067241668701,2600
2005-01-26,16.229999542236328,16.450000762939453,16.149999618530273,16.450000762939453,7.923957347869873,2400
2005-01-27,16.649999618530273,16.899999618530273,16.6299991607666,16.899999618530273,8.140718460083008,3400
2005-01-28,16.899999618530273,16.959999084472656,16.860000610351562,16.93000030517578,8.155169486999512,2500
2005-01-31,16.969999313354492,17.040000915527344,16.90999984741211,16.950000762939453,8.164803504943848,5300
2005-02-01,16.950000762939453,17.100000381469727,16.950000762939453,17.100000381469727,8.237060546875,2900
2005-02-02,17.200000762939453,17.489999771118164,17.149999618530273,17.489999771118164,8.424925804138184,4400
2005-02-03,17.549999237060547,17.600000381469727,17.399999618530273,17.399999618530273,8.381570816040039,7100
2005-02-04,17.5,17.920000076293945,17.479999542236328,17.739999771118164,8.545347213745117,16000
2005-02-07,17.84000015258789,17.90999984741211,17.799999237060547,17.84000015258789,8.593517303466797,15400
2005-02-08,17.690000534057617,18.049999237060547,17.65999984741211,18.049999237060547,8.694673538208008,3900
2005-02-09,18.0,18.06999969482422,17.950000762939453,17.959999084472656,8.651325225830078,2800
2005-02-10,17.860000610351562,17.90999984741211,17.350000381469727,17.360000610351562,8.362302780151367,7300
2005-02-11,17.459999084472656,17.5,17.420000076293945,17.489999771118164,8.424925804138184,3200
2005-02-14,17.5,17.5,17.239999771118164,17.25,8.309314727783203,4000
2005-02-15,17.25,17.25,17.049999237060547,17.09000015258789,8.232245445251465,3300
2005-02-16,17.09000015258789,17.110000610351562,17.09000015258789,17.100000381469727,8.237060546875,400
2005-02-17,17.0,17.010000228881836,16.90999984741211,16.90999984741211,8.145540237426758,5500
2005-02-18,16.850000381469727,16.850000381469727,16.389999389648438,16.40999984741211,7.904687404632568,11500
2005-02-22,16.549999237060547,16.639999389648438,16.479999542236328,16.479999542236328,7.938406944274902,3900
2005-02-23,16.450000762939453,16.450000762939453,16.3799991607666,16.3799991607666,7.890239715576172,700
2005-02-24,16.299999237060547,16.299999237060547,16.190000534057617,16.299999237060547,7.851700305938721,2100
2005-02-25,16.25,16.479999542236328,16.25,16.469999313354492,7.933588981628418,1600
2005-02-28,16.420000076293945,16.690000534057617,16.25,16.68000030517578,8.034744262695312,9800
2005-03-01,16.68000030517578,16.850000381469727,16.65999984741211,16.65999984741211,8.025114059448242,3000
2005-03-02,16.65999984741211,16.90999984741211,16.649999618530273,16.709999084472656,8.049195289611816,4800
2005-03-03,16.799999237060547,17.299999237060547,16.799999237060547,17.299999237060547,8.333399772644043,7300
2005-03-04,17.399999618530273,17.600000381469727,17.3700008392334,17.459999084472656,8.410470008850098,2700
2005-03-07,17.559999465942383,17.65999984741211,17.450000762939453,17.450000762939453,8.405656814575195,1600
2005-03-08,17.420000076293945,17.479999542236328,17.219999313354492,17.219999313354492,8.354710578918457,1900
2005-03-09,17.1200008392334,17.149999618530273,17.0,17.149999618530273,8.320751190185547,1200
2005-03-10,17.25,17.329999923706055,17.049999237060547,17.079999923706055,8.286783218383789,1600
2005-03-11,17.15999984741211,17.25,17.079999923706055,17.079999923706055,8.286783218383789,2400
2005-03-14,17.0,17.0,16.899999618530273,16.920000076293945,8.209160804748535,3400
2005-03-15,17.049999237060547,17.110000610351562,17.049999237060547,17.110000610351562,8.301342010498047,700
2005-03-16,17.049999237060547,17.06999969482422,16.920000076293945,16.920000076293945,8.209160804748535,1400
2005-03-17,16.8799991607666,17.049999237060547,16.8799991607666,16.889999389648438,8.19460391998291,1900
2005-03-18,16.950000762939453,16.950000762939453,16.700000762939453,16.700000762939453,8.102423667907715,9200
2005-03-21,16.600000381469727,16.639999389648438,16.549999237060547,16.549999237060547,8.029642105102539,1000
2005-03-22,16.450000762939453,16.600000381469727,16.450000762939453,16.549999237060547,8.029642105102539,1700
2005-03-23,16.450000762939453,16.5,16.260000228881836,16.350000381469727,7.932608127593994,24700
2005-03-24,16.450000762939453,16.889999389648438,16.420000076293945,16.850000381469727,8.17519760131836,7600
2005-03-28,16.899999618530273,16.950000762939453,16.770000457763672,16.829999923706055,8.165492057800293,7000
2005-03-29,16.950000762939453,16.950000762939453,16.799999237060547,16.850000381469727,8.17519760131836,7100
2005-03-30,16.950000762939453,17.040000915527344,16.899999618530273,17.020000457763672,8.257673263549805,3400
2005-03-31,17.100000381469727,17.100000381469727,16.899999618530273,16.979999542236328,8.238271713256836,9100
2005-04-01,16.93000030517578,16.950000762939453,16.40999984741211,16.40999984741211,7.961720943450928,4600
2005-04-04,16.350000381469727,16.389999389648438,16.15999984741211,16.299999237060547,7.908351898193359,4700
2005-04-05,16.200000762939453,16.229999542236328,16.170000076293945,16.219999313354492,7.86953592300415,900
2005-04-06,16.219999313354492,16.219999313354492,16.079999923706055,16.100000381469727,7.811322212219238,7800
2005-04-07,16.149999618530273,16.149999618530273,16.0,16.139999389648438,7.830719947814941,2300
2005-04-08,16.100000381469727,16.100000381469727,15.699999809265137,15.699999809265137,7.617246150970459,23800
2005-04-11,15.600000381469727,15.600000381469727,15.109999656677246,15.59000015258789,7.563878059387207,21600
2005-04-12,15.550000190734863,15.649999618530273,15.5,15.640000343322754,7.588134765625,2700
2005-04-13,15.640000343322754,15.699999809265137,15.5,15.510000228881836,7.525064945220947,2400
2005-04-14,15.5,15.600000381469727,15.5,15.5,7.520210266113281,5100
2005-04-15,15.5,15.59000015258789,15.5,15.5,7.520210266113281,3900
2005-04-18,15.520000457763672,15.600000381469727,15.5,15.510000228881836,7.525064945220947,3600
2005-04-19,15.600000381469727,15.600000381469727,15.5,15.550000190734863,7.5444746017456055,24000
2005-04-20,15.550000190734863,15.609999656677246,15.5,15.5,7.520210266113281,23900
2005-04-21,15.600000381469727,15.699999809265137,15.550000190734863,15.699999809265137,7.617246150970459,4100
2005-04-22,15.75,15.75,15.5,15.5,7.520210266113281,10100
2005-04-25,15.579999923706055,15.579999923706055,15.420000076293945,15.539999961853027,7.539621353149414,17400
2005-04-26,15.5,15.5,15.149999618530273,15.149999618530273,7.350398540496826,2100
2005-04-27,15.100000381469727,15.100000381469727,14.970000267028809,14.979999542236328,7.267919063568115,23700
2005-04-28,15.050000190734863,15.050000190734863,14.899999618530273,14.899999618530273,7.22910737991333,1100
2005-04-29,14.90999984741211,14.90999984741211,14.5600004196167,14.5600004196167,7.064147472381592,3200
2005-05-02,14.550000190734863,14.649999618530273,14.5,14.619999885559082,7.093260288238525,8500
2005-05-03,14.720000267028809,14.800000190734863,14.65999984741211,14.65999984741211,7.11266565322876,5000
2005-05-04,14.729999542236328,15.010000228881836,14.729999542236328,15.010000228881836,7.282473564147949,4300
2005-05-05,14.949999809265137,15.020000457763672,14.899999618530273,15.0,7.277624607086182,2600
2005-05-06,15.0,15.0,15.0,15.0,7.277624607086182,300
2005-05-09,14.899999618530273,14.9399995803833,14.829999923706055,14.899999618530273,7.22910737991333,3500
2005-05-10,14.850000381469727,14.869999885559082,14.75,14.800000190734863,7.180589199066162,5100
2005-05-11,14.850000381469727,14.949999809265137,14.800000190734863,14.859999656677246,7.2096991539001465,1300
2005-05-12,14.800000190734863,14.800000190734863,14.5,14.510000228881836,7.039888381958008,3200
2005-05-13,14.5,14.539999961853027,14.5,14.510000228881836,7.039888381958008,4400
2005-05-16,14.600000381469727,14.649999618530273,14.529999732971191,14.579999923706055,7.07384729385376,3800
2005-05-17,14.510000228881836,14.5600004196167,14.5,14.5600004196167,7.064147472381592,12800
2005-05-18,14.649999618530273,14.75,14.630000114440918,14.65999984741211,7.11266565322876,2000
2005-05-19,14.699999809265137,14.699999809265137,14.5,14.539999961853027,7.054440021514893,1300
2005-05-20,14.5,14.579999923706055,14.5,14.579999923706055,7.07384729385376,7400
2005-05-23,14.529999732971191,14.6899995803833,14.529999732971191,14.6899995803833,7.127218246459961,1000
2005-05-24,14.640000343322754,14.640000343322754,14.609999656677246,14.609999656677246,7.088404655456543,1100
2005-05-25,14.520000457763672,14.59000015258789,14.520000457763672,14.539999961853027,7.054440021514893,2100
2005-05-26,14.539999961853027,14.539999961853027,14.5,14.510000228881836,7.039888381958008,1400
2005-05-27,14.510000228881836,14.569999694824219,14.510000228881836,14.550000190734863,7.0592942237854,1100
2005-05-31,14.630000114440918,14.630000114440918,14.399999618530273,14.449999809265137,7.010777950286865,25600
2005-06-01,14.449999809265137,14.600000381469727,14.449999809265137,14.600000381469727,7.083552837371826,13800
2005-06-02,14.550000190734863,14.600000381469727,14.539999961853027,14.550000190734863,7.0592942237854,5800
2005-06-03,14.520000457763672,14.550000190734863,14.5,14.5,7.035036087036133,6000
2005-06-06,14.5,14.630000114440918,14.5,14.550000190734863,7.0592942237854,2700
2005-06-07,14.5,14.630000114440918,14.5,14.510000228881836,7.039888381958008,33400
2005-06-08,14.5,14.550000190734863,14.5,14.539999961853027,7.115740776062012,24700
2005-06-09,14.600000381469727,14.65999984741211,14.550000190734863,14.609999656677246,7.149997711181641,2000
2005-06-10,14.550000190734863,14.550000190734863,14.550000190734863,14.550000190734863,7.120636463165283,800
2005-06-13,14.649999618530273,14.649999618530273,14.5,14.5600004196167,7.125533580780029,6900
2005-06-14,14.600000381469727,14.600000381469727,14.510000228881836,14.510000228881836,7.1010637283325195,2600
2005-06-15,14.5600004196167,14.579999923706055,14.520000457763672,14.579999923706055,7.135317325592041,2600
2005-06-16,14.649999618530273,15.0,14.640000343322754,15.0,7.34086275100708,9900
2005-06-17,15.100000381469727,15.270000457763672,15.100000381469727,15.149999618530273,7.414271831512451,14800
2005-06-20,15.149999618530273,15.149999618530273,15.050000190734863,15.130000114440918,7.404484272003174,3900
2005-06-21,15.050000190734863,15.0600004196167,15.029999732971191,15.0600004196167,7.370227336883545,3500
2005-06-22,15.0,15.0,14.979999542236328,15.0,7.34086275100708,1700
2005-06-23,15.100000381469727,15.25,14.949999809265137,14.949999809265137,7.316394805908203,10600
2005-06-24,14.90999984741211,16.700000762939453,14.90999984741211,16.40999984741211,8.030905723571777,103900
2005-06-27,16.299999237060547,16.40999984741211,16.0,16.40999984741211,8.030905723571777,17800
2005-06-28,16.5,16.84000015258789,16.5,16.84000015258789,8.241344451904297,10700
2005-06-29,17.09000015258789,17.09000015258789,16.25,16.3700008392334,8.011331558227539,29400
2005-06-30,16.469999313354492,17.0,16.469999313354492,16.75,8.197297096252441,7600
2005-07-01,16.790000915527344,16.979999542236328,16.649999618530273,16.979999542236328,8.309854507446289,4100
2005-07-05,16.8799991607666,17.100000381469727,16.8799991607666,17.059999465942383,8.349008560180664,3800
2005-07-06,16.829999923706055,17.290000915527344,16.829999923706055,17.09000015258789,8.363690376281738,4300
2005-07-07,17.100000381469727,17.15999984741211,16.8799991607666,16.90999984741211,8.27559757232666,1700
2005-07-08,16.829999923706055,17.34000015258789,16.829999923706055,17.34000015258789,8.48603630065918,2000
2005-07-11,17.540000915527344,17.649999618530273,17.360000610351562,17.510000228881836,8.569232940673828,3000
2005-07-12,17.450000762939453,17.600000381469727,17.399999618530273,17.43000030517578,8.530082702636719,5100
2005-07-13,17.489999771118164,17.489999771118164,17.440000534057617,17.489999771118164,8.559447288513184,1000
2005-07-14,17.489999771118164,17.579999923706055,17.479999542236328,17.510000228881836,8.569232940673828,5400
2005-07-15,17.549999237060547,18.25,17.420000076293945,18.25,8.93138599395752,18800
2005-07-18,18.5,20.149999618530273,18.469999313354492,18.950000762939453,9.27396011352539,13600
2005-07-19,19.049999237060547,19.700000762939453,18.260000228881836,18.639999389648438,9.122245788574219,13200
2005-07-20,18.549999237060547,18.549999237060547,17.989999771118164,18.0,8.809039115905762,7200
2005-07-21,17.75,17.75,16.899999618530273,16.93000030517578,8.285388946533203,9300
2005-07-22,16.899999618530273,17.100000381469727,16.899999618530273,17.059999465942383,8.349008560180664,5900
2005-07-25,17.260000228881836,17.530000686645508,16.989999771118164,17.299999237060547,8.466460227966309,16600
2005-07-26,17.329999923706055,17.899999618530273,16.959999084472656,17.760000228881836,8.691581726074219,13500
2005-07-27,17.899999618530273,17.899999618530273,17.719999313354492,17.760000228881836,8.691581726074219,600
2005-07-28,17.760000228881836,18.299999237060547,17.760000228881836,18.299999237060547,8.955850601196289,3400
2005-07-29,18.06999969482422,18.280000686645508,18.06999969482422,18.280000686645508,8.94606876373291,1500
2005-08-01,18.479999542236328,18.649999618530273,18.450000762939453,18.6200008392334,9.112458229064941,2700
2005-08-02,18.8799991607666,19.25,18.8799991607666,19.110000610351562,9.352262496948242,2600
2005-08-03,19.299999237060547,19.850000381469727,19.0,19.149999618530273,9.37183666229248,16000
2005-08-04,19.1299991607666,19.1299991607666,18.600000381469727,18.600000381469727,9.102673530578613,2800
2005-08-05,18.420000076293945,18.549999237060547,18.399999618530273,18.440000534057617,9.024368286132812,3000
2005-08-08,18.670000076293945,18.700000762939453,18.0,18.0,8.809039115905762,2600
2005-08-09,17.510000228881836,17.540000915527344,17.209999084472656,17.540000915527344,8.583916664123535,4100
2005-08-10,17.25,17.25,16.420000076293945,16.850000381469727,8.246233940124512,7300
2005-08-11,16.610000610351562,16.649999618530273,16.610000610351562,16.610000610351562,8.128783226013184,800
2005-08-12,16.610000610351562,16.610000610351562,16.100000381469727,16.100000381469727,7.879197597503662,2000
2005-08-15,16.170000076293945,16.260000228881836,16.110000610351562,16.25,7.952601909637451,1000
2005-08-16,16.219999313354492,16.299999237060547,15.649999618530273,16.299999237060547,7.977071762084961,19100
2005-08-17,16.149999618530273,16.389999389648438,16.100000381469727,16.100000381469727,7.879197597503662,2500
2005-08-18,16.040000915527344,16.209999084472656,16.040000915527344,16.100000381469727,7.879197597503662,1400
2005-08-19,16.329999923706055,16.450000762939453,16.299999237060547,16.299999237060547,7.977071762084961,1800
2005-08-22,16.200000762939453,16.209999084472656,16.020000457763672,16.100000381469727,7.879197597503662,800
2005-08-23,15.960000038146973,16.139999389648438,15.8100004196167,15.920000076293945,7.791103839874268,2400
2005-08-24,15.720000267028809,15.899999618530273,15.600000381469727,15.600000381469727,7.634500503540039,3000
2005-08-25,15.75,15.75,15.520000457763672,15.520000457763672,7.595345497131348,1800
2005-08-26,15.430000305175781,15.430000305175781,15.380000114440918,15.380000114440918,7.526829242706299,600
2005-08-29,15.390000343322754,15.529999732971191,15.390000343322754,15.529999732971191,7.600240707397461,200
2005-08-30,15.510000228881836,15.640000343322754,15.510000228881836,15.600000381469727,7.634500503540039,600
2005-08-31,15.5600004196167,16.149999618530273,15.5600004196167,16.149999618530273,7.903656482696533,1700
2005-09-01,16.049999237060547,16.190000534057617,16.0,16.100000381469727,7.879197597503662,2000
2005-09-02,15.960000038146973,15.960000038146973,15.640000343322754,15.680000305175781,7.6736531257629395,1000
2005-09-06,15.720000267028809,16.09000015258789,15.350000381469727,16.09000015258789,7.874299049377441,5100
2005-09-07,16.0,16.600000381469727,16.0,16.600000381469727,8.187495231628418,3100
2005-09-08,16.420000076293945,16.709999084472656,16.3700008392334,16.670000076293945,8.22202205657959,1700
2005-09-09,16.850000381469727,16.850000381469727,16.850000381469727,16.850000381469727,8.310802459716797,200
2005-09-12,16.850000381469727,16.850000381469727,16.530000686645508,16.600000381469727,8.187495231628418,3500
2005-09-13,16.649999618530273,16.649999618530273,16.229999542236328,16.229999542236328,8.005001068115234,1200
2005-09-14,16.010000228881836,16.09000015258789,16.0,16.09000015258789,7.935949325561523,5900
2005-09-15,16.09000015258789,16.100000381469727,16.09000015258789,16.100000381469727,7.940885543823242,500
2005-09-16,16.209999084472656,16.229999542236328,15.670000076293945,15.90999984741211,7.847171306610107,16600
2005-09-19,15.770000457763672,15.819999694824219,15.680000305175781,15.720000267028809,7.753461837768555,900
2005-09-20,15.619999885559082,15.720000267028809,15.619999885559082,15.710000038146973,7.748529434204102,2500
2005-09-21,15.699999809265137,15.729999542236328,15.5,15.520000457763672,7.654814720153809,1400
2005-09-22,15.699999809265137,16.149999618530273,15.699999809265137,16.0,7.891562461853027,21700
2005-09-23,16.149999618530273,16.34000015258789,16.149999618530273,16.190000534057617,7.985276699066162,3100
2005-09-26,16.25,16.540000915527344,16.15999984741211,16.15999984741211,7.970478534698486,7500
2005-09-27,16.06999969482422,16.239999771118164,16.06999969482422,16.149999618530273,7.965545177459717,900
2005-09-28,16.200000762939453,16.40999984741211,16.200000762939453,16.31999969482422,8.049393653869629,3100
2005-09-29,16.309999465942383,16.309999465942383,16.1299991607666,16.270000457763672,8.02473258972168,1000
2005-09-30,16.3700008392334,16.43000030517578,16.25,16.399999618530273,8.088850021362305,1100
2005-10-03,16.270000457763672,16.350000381469727,16.110000610351562,16.110000610351562,7.945817470550537,800
2005-10-04,16.100000381469727,16.100000381469727,15.5600004196167,15.5600004196167,7.6745476722717285,3300
2005-10-05,15.399999618530273,15.6899995803833,15.300000190734863,15.3100004196167,7.551239967346191,3600
2005-10-06,15.100000381469727,16.5,15.100000381469727,16.079999923706055,7.931021213531494,7100
2005-10-07,16.100000381469727,16.479999542236328,16.100000381469727,16.329999923706055,8.054326057434082,300
2005-10-10,16.31999969482422,16.34000015258789,15.829999923706055,16.15999984741211,7.970478534698486,2400
2005-10-11,15.869999885559082,15.869999885559082,15.270000457763672,15.350000381469727,7.570970058441162,1400
2005-10-12,15.5,15.550000190734863,15.0,15.510000228881836,7.64988374710083,6200
2005-10-13,15.779999732971191,15.779999732971191,15.510000228881836,15.770000457763672,7.778116226196289,9900
2005-10-14,15.640000343322754,16.200000762939453,15.640000343322754,16.149999618530273,7.965545177459717,2800
2005-10-17,16.0,16.3700008392334,16.0,16.110000610351562,7.945817470550537,7300
2005-10-18,16.0,16.229999542236328,16.0,16.0,7.891562461853027,7300
2005-10-19,16.0,16.010000228881836,15.710000038146973,15.720000267028809,7.753461837768555,6700
2005-10-20,15.649999618530273,15.739999771118164,15.5,15.510000228881836,7.64988374710083,5900
2005-10-21,15.5,15.65999984741211,15.5,15.550000190734863,7.669612407684326,1200
2005-10-24,15.5,15.6899995803833,15.5,15.6899995803833,7.738663673400879,1200
2005-10-25,15.510000228881836,15.550000190734863,15.5,15.510000228881836,7.64988374710083,1500
2005-10-26,15.5,15.84000015258789,15.5,15.65999984741211,7.7238640785217285,3000
2005-10-27,15.5600004196167,15.5600004196167,15.5,15.529999732971191,7.659745693206787,500
2005-10-28,15.729999542236328,15.920000076293945,15.729999542236328,15.880000114440918,7.832375526428223,1300
2005-10-31,15.869999885559082,15.920000076293945,15.800000190734863,15.850000381469727,7.8175787925720215,4900
2005-11-01,15.850000381469727,15.850000381469727,15.850000381469727,15.850000381469727,7.8175787925720215,0
2005-11-02,15.989999771118164,16.0,15.850000381469727,16.0,7.891562461853027,1400
2005-11-03,16.100000381469727,16.15999984741211,15.949999809265137,16.149999618530273,7.965545177459717,124800
2005-11-04,16.030000686645508,16.030000686645508,15.670000076293945,15.739999771118164,7.763325214385986,3300
2005-11-07,15.770000457763672,16.049999237060547,15.770000457763672,15.8100004196167,7.797848701477051,6200
2005-11-08,15.5600004196167,15.5600004196167,15.300000190734863,15.300000190734863,7.54630708694458,10700
2005-11-09,15.420000076293945,15.979999542236328,15.380000114440918,15.380000114440918,7.5857648849487305,1600
2005-11-10,15.680000305175781,15.680000305175781,15.25,15.270000457763672,7.5315093994140625,3800
2005-11-11,15.050000190734863,15.289999961853027,15.0,15.119999885559082,7.4575276374816895,17200
2005-11-14,15.100000381469727,15.210000038146973,15.010000228881836,15.020000457763672,7.408204078674316,1900
2005-11-15,15.010000228881836,15.039999961853027,15.0,15.029999732971191,7.4131364822387695,28200
2005-11-16,15.0600004196167,15.0600004196167,15.0,15.010000228881836,7.403270244598389,1700
2005-11-17,15.100000381469727,15.449999809265137,15.010000228881836,15.4399995803833,7.615356922149658,3100
2005-11-18,15.5,15.800000190734863,15.5,15.550000190734863,7.669612407684326,3300
2005-11-21,15.550000190734863,15.630000114440918,15.5,15.510000228881836,7.64988374710083,4800
2005-11-22,15.5,15.710000038146973,15.5,15.600000381469727,7.69427490234375,2400
2005-11-23,15.75,15.970000267028809,15.75,15.970000267028809,7.876765727996826,1300
2005-11-25,16.1299991607666,16.239999771118164,15.989999771118164,15.989999771118164,7.886630535125732,2600
2005-11-28,15.869999885559082,16.030000686645508,15.5,15.510000228881836,7.64988374710083,7100
2005-11-29,15.5,15.600000381469727,15.5,15.5,7.644951820373535,4000
2005-11-30,15.600000381469727,16.139999389648438,15.600000381469727,16.139999389648438,7.960609436035156,2800
2005-12-01,16.299999237060547,16.489999771118164,16.290000915527344,16.399999618530273,8.088850021362305,1800
2005-12-02,16.520000457763672,16.690000534057617,16.520000457763672,16.690000534057617,8.231886863708496,800
2005-12-05,16.600000381469727,16.75,16.40999984741211,16.709999084472656,8.241750717163086,5500
2005-12-06,16.809999465942383,16.860000610351562,16.649999618530273,16.850000381469727,8.310802459716797,1000
2005-12-07,16.770000457763672,16.790000915527344,16.540000915527344,16.780000686645508,8.338130950927734,2300
2005-12-08,16.700000762939453,17.649999618530273,16.700000762939453,17.459999084472656,8.676027297973633,11100
2005-12-09,17.43000030517578,17.450000762939453,17.34000015258789,17.450000762939453,8.671060562133789,800
2005-12-12,17.200000762939453,17.329999923706055,17.190000534057617,17.190000534057617,8.541865348815918,4300
2005-12-13,17.399999618530273,17.43000030517578,17.149999618530273,17.3799991607666,8.636280059814453,10900
2005-12-14,17.479999542236328,17.479999542236328,17.229999542236328,17.309999465942383,8.601491928100586,1700
2005-12-15,17.100000381469727,17.110000610351562,17.100000381469727,17.110000610351562,8.502110481262207,300
2005-12-16,17.25,17.31999969482422,17.0,17.0,8.4474515914917,10300
2005-12-19,17.049999237060547,17.049999237060547,16.479999542236328,16.479999542236328,8.189058303833008,1200
2005-12-20,16.479999542236328,16.540000915527344,16.450000762939453,16.540000915527344,8.218871116638184,1700
2005-12-21,16.450000762939453,16.549999237060547,16.200000762939453,16.200000762939453,8.049922943115234,1600
2005-12-22,16.059999465942383,16.059999465942383,16.059999465942383,16.059999465942383,7.9803571701049805,200
2005-12-23,15.930000305175781,16.040000915527344,15.930000305175781,16.040000915527344,7.9704179763793945,8900
2005-12-27,15.970000267028809,16.200000762939453,15.970000267028809,16.0,7.9505438804626465,8100
2005-12-28,16.18000030517578,16.299999237060547,16.149999618530273,16.209999084472656,8.054889678955078,1100
2005-12-29,16.0,16.1299991607666,16.0,16.110000610351562,8.005203247070312,1000
2005-12-30,16.15999984741211,16.15999984741211,16.020000457763672,16.020000457763672,7.960482120513916,1400
2006-01-03,15.90999984741211,15.90999984741211,15.5,15.729999542236328,7.816377639770508,3700
2006-01-04,15.890000343322754,16.170000076293945,15.890000343322754,16.170000076293945,8.035017013549805,3000
2006-01-05,15.960000038146973,16.0,15.960000038146973,15.960000038146973,7.930665016174316,1300
2006-01-06,15.970000267028809,16.06999969482422,15.970000267028809,16.0,7.9505438804626465,3100
2006-01-09,16.010000228881836,16.299999237060547,16.0,16.239999771118164,8.069803237915039,1500
2006-01-10,16.170000076293945,16.270000457763672,16.100000381469727,16.110000610351562,8.005203247070312,3000
2006-01-11,16.149999618530273,16.290000915527344,16.010000228881836,16.190000534057617,8.04495620727539,4100
2006-01-12,16.110000610351562,16.190000534057617,16.110000610351562,16.139999389648438,8.02010440826416,1300
2006-01-13,16.1200008392334,16.25,16.010000228881836,16.25,8.074772834777832,2200
2006-01-17,16.25,16.25,16.25,16.25,8.074772834777832,0
2006-01-18,16.0,16.1299991607666,16.0,16.100000381469727,8.000234603881836,1600
2006-01-19,16.079999923706055,16.299999237060547,16.079999923706055,16.299999237060547,8.099615097045898,3800
2006-01-20,16.5,16.649999618530273,16.40999984741211,16.40999984741211,8.154275894165039,3900
2006-01-23,17.25,17.389999389648438,17.100000381469727,17.25,8.571678161621094,4700
2006-01-24,17.34000015258789,17.34000015258789,17.18000030517578,17.18000030517578,8.536896705627441,1700
2006-01-25,17.100000381469727,17.68000030517578,17.100000381469727,17.670000076293945,8.780378341674805,6800
2006-01-26,17.860000610351562,18.5,17.760000228881836,18.360000610351562,9.123248100280762,7000
2006-01-27,18.1200008392334,18.209999084472656,18.010000228881836,18.1200008392334,9.003993034362793,2600
2006-01-30,17.8700008392334,17.93000030517578,17.579999923706055,17.579999923706055,8.735660552978516,3200
2006-01-31,17.600000381469727,17.84000015258789,17.40999984741211,17.600000381469727,8.745597839355469,10100
2006-02-01,17.450000762939453,17.68000030517578,17.40999984741211,17.579999923706055,8.735660552978516,5000
2006-02-02,17.5,17.600000381469727,17.329999923706055,17.469999313354492,8.680999755859375,4700
2006-02-03,17.5,17.850000381469727,17.5,17.690000534057617,8.790321350097656,1000
2006-02-06,17.56999969482422,17.56999969482422,17.549999237060547,17.56999969482422,8.730690002441406,1800
2006-02-07,17.600000381469727,17.600000381469727,17.59000015258789,17.59000015258789,8.74062728881836,200
2006-02-08,17.600000381469727,17.600000381469727,17.600000381469727,17.600000381469727,8.745597839355469,400
2006-02-09,17.40999984741211,17.450000762939453,17.360000610351562,17.420000076293945,8.656153678894043,1400
2006-02-10,17.420000076293945,17.579999923706055,17.420000076293945,17.56999969482422,8.730690002441406,900
2006-02-13,17.649999618530273,17.649999618530273,17.399999618530273,17.40999984741211,8.651182174682617,19400
2006-02-14,17.200000762939453,17.200000762939453,17.079999923706055,17.200000762939453,8.546829223632812,1600
2006-02-15,17.219999313354492,17.399999618530273,17.15999984741211,17.15999984741211,8.526956558227539,1500
2006-02-16,17.1299991607666,17.299999237060547,17.1299991607666,17.299999237060547,8.596521377563477,2700
2006-02-17,17.3799991607666,17.40999984741211,17.25,17.25,8.571678161621094,2000
2006-02-21,17.09000015258789,17.25,17.040000915527344,17.170000076293945,8.531926155090332,600
2006-02-22,17.25,17.489999771118164,17.25,17.399999618530273,8.646217346191406,1900
2006-02-23,17.290000915527344,17.290000915527344,17.25,17.25,8.571678161621094,300
2006-02-24,17.200000762939453,17.299999237060547,17.049999237060547,17.049999237060547,8.472297668457031,900
2006-02-27,17.200000762939453,17.229999542236328,17.15999984741211,17.15999984741211,8.526956558227539,700
2006-02-28,17.139999389648438,17.139999389648438,17.040000915527344,17.040000915527344,8.467330932617188,1800
2006-03-01,17.040000915527344,17.040000915527344,16.610000610351562,16.969999313354492,8.432544708251953,900
2006-03-02,16.959999084472656,16.959999084472656,16.5,16.649999618530273,8.273530960083008,2700
2006-03-03,16.440000534057617,16.440000534057617,16.299999237060547,16.299999237060547,8.099615097045898,1000
2006-03-06,16.799999237060547,16.799999237060547,16.100000381469727,16.100000381469727,8.000234603881836,1100
2006-03-07,16.229999542236328,16.229999542236328,16.030000686645508,16.110000610351562,8.005203247070312,3400
2006-03-08,15.800000190734863,15.880000114440918,15.770000457763672,15.770000457763672,7.897528171539307,1800
2006-03-09,15.569999694824219,15.569999694824219,15.470000267028809,15.470000267028809,7.747291564941406,1600
2006-03-10,15.300000190734863,15.40999984741211,15.300000190734863,15.40999984741211,7.7172441482543945,1000
2006-03-13,15.65999984741211,15.65999984741211,15.449999809265137,15.449999809265137,7.737278461456299,2700
2006-03-14,15.6899995803833,15.6899995803833,15.229999542236328,15.640000343322754,7.832431316375732,500
2006-03-15,15.890000343322754,15.890000343322754,15.890000343322754,15.890000343322754,7.9576263427734375,200
2006-03-16,16.020000457763672,16.020000457763672,16.020000457763672,16.020000457763672,8.022730827331543,300
2006-03-17,16.270000457763672,16.270000457763672,16.020000457763672,16.020000457763672,8.022730827331543,12300
2006-03-20,15.770000457763672,15.770000457763672,15.630000114440918,15.640000343322754,7.832431316375732,1400
2006-03-21,15.350000381469727,15.5,14.600000381469727,14.619999885559082,7.321618556976318,5000
2006-03-22,14.550000190734863,14.899999618530273,14.289999961853027,14.699999809265137,7.361680030822754,9900
2006-03-23,14.699999809265137,14.760000228881836,14.6899995803833,14.729999542236328,7.376705169677734,3800
2006-03-24,14.979999542236328,15.029999732971191,14.949999809265137,14.949999809265137,7.486881256103516,2800
2006-03-27,15.020000457763672,15.5,14.970000267028809,15.069999694824219,7.546977519989014,11300
2006-03-28,15.119999885559082,15.119999885559082,15.029999732971191,15.029999732971191,7.526943206787109,400
2006-03-29,15.029999732971191,15.600000381469727,15.010000228881836,15.510000228881836,7.767325401306152,21400
2006-03-30,15.510000228881836,15.649999618530273,15.510000228881836,15.649999618530273,7.837430477142334,200
2006-03-31,15.699999809265137,16.25,15.699999809265137,16.149999618530273,8.087831497192383,12600
2006-04-03,16.389999389648438,16.40999984741211,16.229999542236328,16.229999542236328,8.127896308898926,1300
2006-04-04,16.34000015258789,16.420000076293945,16.190000534057617,16.389999389648438,8.208023071289062,3800
2006-04-05,16.420000076293945,16.84000015258789,16.219999313354492,16.809999465942383,8.418355941772461,2200
2006-04-06,16.670000076293945,16.850000381469727,16.5,16.850000381469727,8.43838882446289,1900
2006-04-07,17.0,17.0,16.399999618530273,16.399999618530273,8.213029861450195,5600
2006-04-10,17.0,17.25,17.0,17.18000030517578,8.603652954101562,4800
2006-04-11,17.399999618530273,17.43000030517578,17.0,17.239999771118164,8.633698463439941,1500
2006-04-12,17.229999542236328,17.229999542236328,16.75,16.75,8.38830852508545,1800
2006-04-13,16.75,16.889999389648438,16.5,16.5,8.263108253479004,800
2006-04-17,16.59000015258789,16.600000381469727,16.440000534057617,16.440000534057617,8.233067512512207,500
2006-04-18,16.299999237060547,16.350000381469727,15.90999984741211,15.979999542236328,8.002699851989746,5100
2006-04-19,16.0,16.0,15.609999656677246,15.970000267028809,7.9976911544799805,14700
2006-04-20,15.869999885559082,15.869999885559082,15.399999618530273,15.569999694824219,7.797375202178955,6500
2006-04-21,15.470000267028809,16.690000534057617,15.140000343322754,16.350000381469727,8.187990188598633,11700
2006-04-24,16.149999618530273,16.309999465942383,16.0,16.020000457763672,8.022730827331543,2900
2006-04-25,16.0,16.290000915527344,15.949999809265137,16.290000915527344,8.157947540283203,4800
2006-04-26,16.290000915527344,16.290000915527344,16.280000686645508,16.280000686645508,8.152937889099121,700
2006-04-27,16.200000762939453,16.209999084472656,16.0,16.0,8.012714385986328,7200
2006-04-28,16.0,16.149999618530273,16.0,16.09000015258789,8.057785034179688,7900
2006-05-01,16.030000686645508,16.059999465942383,15.75,16.010000228881836,8.017722129821777,4600
2006-05-02,16.049999237060547,16.049999237060547,16.0,16.0,8.012714385986328,2800
2006-05-03,16.100000381469727,16.25,16.010000228881836,16.25,8.13791275024414,1400
2006-05-04,16.149999618530273,16.149999618530273,16.0,16.0,8.012714385986328,5800
2006-05-05,16.0,16.139999389648438,15.949999809265137,16.100000381469727,8.062795639038086,11600
2006-05-08,16.0,16.139999389648438,15.75,15.760000228881836,7.892522811889648,12400
2006-05-09,15.65999984741211,15.65999984741211,15.5,15.569999694824219,7.797375202178955,11200
2006-05-10,15.510000228881836,15.739999771118164,15.5,15.630000114440918,7.827422142028809,1900
2006-05-11,15.529999732971191,15.539999961853027,15.5,15.5,7.762317180633545,4000
2006-05-12,15.5,15.510000228881836,15.5,15.5,7.762317180633545,4300
2006-05-15,15.510000228881836,15.649999618530273,15.5,15.649999618530273,7.837430477142334,3100
2006-05-16,15.520000457763672,15.529999732971191,15.5,15.5,7.762317180633545,1900
2006-05-17,15.510000228881836,15.600000381469727,15.5,15.520000457763672,7.772333145141602,3200
2006-05-18,15.6899995803833,15.6899995803833,15.5,15.59000015258789,7.8073883056640625,2500
2006-05-19,15.59000015258789,15.600000381469727,15.5,15.5600004196167,7.792367458343506,2800
2006-05-22,15.5600004196167,15.710000038146973,15.5,15.6899995803833,7.857466697692871,3300
2006-05-23,15.800000190734863,15.899999618530273,15.5,15.5600004196167,7.792367458343506,4200
2006-05-24,15.520000457763672,15.75,15.5,15.729999542236328,7.877501964569092,2300
2006-05-25,15.600000381469727,15.90999984741211,15.5600004196167,15.890000343322754,7.9576263427734375,1400
2006-05-26,15.869999885559082,15.869999885559082,15.5600004196167,15.600000381469727,7.8123979568481445,900
2006-05-30,15.5,15.5,15.25,15.25,7.637120246887207,6200
2006-05-31,15.350000381469727,15.609999656677246,15.199999809265137,15.600000381469727,7.8123979568481445,1800
2006-06-01,15.75,15.979999542236328,15.75,15.979999542236328,8.002699851989746,5700
2006-06-02,16.149999618530273,18.75,16.149999618530273,17.6200008392334,8.82400131225586,10000
2006-06-05,17.25,17.25,16.030000686645508,16.030000686645508,8.02773666381836,4200
2006-06-06,16.1299991607666,16.399999618530273,16.0,16.059999465942383,8.042762756347656,4600
2006-06-07,16.059999465942383,16.200000762939453,15.75,15.829999923706055,7.989765167236328,1600
2006-06-08,15.609999656677246,16.25,15.550000190734863,16.25,8.201748847961426,2600
2006-06-09,16.0,16.280000686645508,15.899999618530273,16.100000381469727,8.126042366027832,2500
2006-06-12,16.200000762939453,16.200000762939453,15.619999885559082,15.699999809265137,7.924153804779053,6300
2006-06-13,15.600000381469727,15.710000038146973,15.4399995803833,15.550000190734863,7.848443031311035,5000
2006-06-14,15.449999809265137,16.329999923706055,15.100000381469727,16.049999237060547,8.10080337524414,13200
2006-06-15,16.149999618530273,16.459999084472656,16.149999618530273,16.31999969482422,8.237079620361328,3100
2006-06-16,16.299999237060547,16.3799991607666,16.260000228881836,16.260000228881836,8.20679759979248,22300
2006-06-19,16.270000457763672,16.440000534057617,16.0,16.010000228881836,8.080618858337402,28100
2006-06-20,15.890000343322754,16.0,15.850000381469727,15.850000381469727,7.9998626708984375,6800
2006-06-21,15.949999809265137,17.549999237060547,15.949999809265137,16.479999542236328,8.317835807800293,15100
2006-06-22,16.299999237060547,16.299999237060547,16.0,16.059999465942383,8.105852127075195,2100
2006-06-23,16.0,16.200000762939453,15.850000381469727,15.859999656677246,8.004903793334961,7900
2006-06-26,16.059999465942383,16.299999237060547,16.0,16.010000228881836,8.080618858337402,2200
2006-06-27,15.949999809265137,16.190000534057617,15.75,15.800000190734863,7.9746222496032715,4800
2006-06-28,15.8100004196167,15.899999618530273,15.75,15.75,7.949389457702637,6800
2006-06-29,15.850000381469727,15.970000267028809,15.420000076293945,15.789999961853027,7.969578266143799,6400
2006-06-30,15.609999656677246,17.899999618530273,15.449999809265137,17.899999618530273,9.034541130065918,55400
2006-07-03,17.799999237060547,17.799999237060547,17.0,17.25,8.706473350524902,12700
2006-07-05,17.25,17.600000381469727,16.90999984741211,17.329999923706055,8.746853828430176,15500
2006-07-06,17.329999923706055,17.639999389648438,17.329999923706055,17.510000228881836,8.837699890136719,6800
2006-07-07,17.510000228881836,17.56999969482422,17.110000610351562,17.1200008392334,8.64085865020752,3700
2006-07-10,17.200000762939453,17.75,17.200000762939453,17.65999984741211,8.913411140441895,7600
2006-07-11,17.579999923706055,17.579999923706055,16.899999618530273,17.15999984741211,8.661046981811523,10700
2006-07-12,17.260000228881836,17.450000762939453,17.18000030517578,17.360000610351562,8.761991500854492,1400
2006-07-13,17.229999542236328,18.170000076293945,17.09000015258789,17.09000015258789,8.62571907043457,20200
2006-07-14,17.25,17.280000686645508,17.020000457763672,17.190000534057617,8.676190376281738,2500
2006-07-17,17.049999237060547,17.059999465942383,16.75,16.760000228881836,8.459157943725586,1600
2006-07-18,17.0,17.010000228881836,16.600000381469727,16.84000015258789,8.49953556060791,1700
2006-07-19,16.299999237060547,16.299999237060547,15.65999984741211,16.18000030517578,8.166419982910156,9100
2006-07-20,16.280000686645508,16.280000686645508,15.479999542236328,15.699999809265137,7.924153804779053,8500
2006-07-21,15.710000038146973,15.710000038146973,15.25,15.4399995803833,7.7929229736328125,4600
2006-07-24,15.75,15.859999656677246,15.720000267028809,15.8100004196167,7.979671001434326,1400
2006-07-25,15.710000038146973,15.850000381469727,15.649999618530273,15.75,7.949389457702637,1700
2006-07-26,15.899999618530273,15.899999618530273,15.699999809265137,15.699999809265137,7.924153804779053,2300
2006-07-27,15.800000190734863,15.9399995803833,15.65999984741211,15.850000381469727,7.9998626708984375,16000
2006-07-28,15.949999809265137,16.290000915527344,15.949999809265137,16.290000915527344,8.221940994262695,3100
2006-07-31,16.190000534057617,16.299999237060547,16.0,16.190000534057617,8.171469688415527,3600
2006-08-01,16.440000534057617,16.940000534057617,16.329999923706055,16.940000534057617,8.550009727478027,4000
2006-08-02,17.100000381469727,17.200000762939453,16.93000030517578,17.0,8.580288887023926,2400
2006-08-03,17.0,17.0,16.739999771118164,16.780000686645508,8.469249725341797,2600
2006-08-04,17.25,17.290000915527344,17.0,17.0,8.580288887023926,2500
2006-08-07,17.0,17.290000915527344,16.850000381469727,17.290000915527344,8.726658821105957,2900
2006-08-08,17.700000762939453,18.0,17.09000015258789,17.09000015258789,8.62571907043457,5500
2006-08-09,17.0,17.0,16.75,16.75,8.454110145568848,400
2006-08-10,16.549999237060547,18.0,16.549999237060547,17.450000762939453,8.807415008544922,9000
2006-08-11,17.299999237060547,17.299999237060547,16.700000762939453,16.709999084472656,8.433924674987793,2100
2006-08-14,16.549999237060547,16.950000762939453,16.549999237060547,16.84000015258789,8.49953556060791,1000
2006-08-15,17.5,17.530000686645508,17.0,17.200000762939453,8.681236267089844,2000
2006-08-16,17.399999618530273,17.399999618530273,17.0,17.0,8.580288887023926,1800
2006-08-17,16.899999618530273,17.450000762939453,16.899999618530273,17.200000762939453,8.681236267089844,1700
2006-08-18,17.200000762939453,17.3799991607666,17.110000610351562,17.3700008392334,8.767036437988281,2300
2006-08-21,17.25,17.329999923706055,17.100000381469727,17.149999618530273,8.656000137329102,1500
2006-08-22,17.0,17.18000030517578,17.0,17.059999465942383,8.610576629638672,1100
2006-08-23,16.950000762939453,16.950000762939453,16.75,16.75,8.454110145568848,500
2006-08-24,16.729999542236328,16.809999465942383,16.700000762939453,16.709999084472656,8.433924674987793,5000
2006-08-25,16.610000610351562,16.610000610351562,16.440000534057617,16.450000762939453,8.302694320678711,2300
2006-08-28,16.450000762939453,16.450000762939453,16.329999923706055,16.360000610351562,8.257269859313965,3900
2006-08-29,16.309999465942383,16.309999465942383,16.09000015258789,16.1200008392334,8.136130332946777,1500
2006-08-30,16.31999969482422,16.3700008392334,16.239999771118164,16.260000228881836,8.20679759979248,3700
2006-08-31,16.399999618530273,16.399999618530273,16.049999237060547,16.049999237060547,8.10080337524414,5800
2006-09-01,16.299999237060547,16.299999237060547,16.149999618530273,16.229999542236328,8.19165325164795,2100
2006-09-05,16.43000030517578,16.43000030517578,16.239999771118164,16.239999771118164,8.19670581817627,2200
2006-09-06,16.0,16.0,15.850000381469727,15.850000381469727,8.061912536621094,16600
2006-09-07,15.75,15.770000457763672,15.699999809265137,15.770000457763672,8.021223068237305,400
2006-09-08,15.770000457763672,15.770000457763672,15.399999618530273,15.649999618530273,7.960183620452881,1800
2006-09-11,15.649999618530273,15.649999618530273,15.550000190734863,15.600000381469727,7.934755802154541,1600
2006-09-12,14.699999809265137,16.110000610351562,14.130000114440918,16.110000610351562,8.194156646728516,7300
2006-09-13,16.110000610351562,16.190000534057617,16.110000610351562,16.190000534057617,8.234851837158203,500
2006-09-14,16.100000381469727,16.299999237060547,16.100000381469727,16.239999771118164,8.260283470153809,1400
2006-09-15,16.399999618530273,17.049999237060547,16.399999618530273,16.469999313354492,8.377269744873047,18900
2006-09-18,16.299999237060547,17.209999084472656,16.299999237060547,16.75,8.519685745239258,12400
2006-09-19,16.65999984741211,16.84000015258789,16.649999618530273,16.84000015258789,8.565469741821289,700
2006-09-20,16.899999618530273,16.899999618530273,16.670000076293945,16.75,8.519685745239258,2000
2006-09-21,16.899999618530273,16.920000076293945,16.739999771118164,16.739999771118164,8.514601707458496,2400
2006-09-22,16.600000381469727,16.65999984741211,16.440000534057617,16.540000915527344,8.412875175476074,1500
2006-09-25,16.399999618530273,16.770000457763672,16.399999618530273,16.5,8.392526626586914,8700
2006-09-26,16.5,16.5,16.280000686645508,16.280000686645508,8.280627250671387,900
2006-09-27,16.15999984741211,16.170000076293945,16.030000686645508,16.110000610351562,8.194156646728516,4600
2006-09-28,16.110000610351562,16.110000610351562,15.75,15.859999656677246,8.067001342773438,2200
2006-09-29,16.0,16.0,15.59000015258789,15.59000015258789,7.929669380187988,7800
2006-10-02,15.789999961853027,15.899999618530273,15.5,15.5,7.883890151977539,4400
2006-10-03,15.520000457763672,15.520000457763672,15.319999694824219,15.319999694824219,7.792333602905273,3300
2006-10-04,15.300000190734863,15.329999923706055,15.199999809265137,15.329999923706055,7.797421455383301,900
2006-10-05,15.199999809265137,15.3100004196167,15.1899995803833,15.260000228881836,7.761814117431641,1600
2006-10-06,15.15999984741211,15.199999809265137,14.890000343322754,14.890000343322754,7.5736212730407715,3700
2006-10-09,14.989999771118164,14.989999771118164,14.899999618530273,14.949999809265137,7.604141712188721,800
2006-10-10,14.979999542236328,16.0,14.880000114440918,15.710000038146973,7.9907026290893555,16900
2006-10-11,15.8100004196167,16.149999618530273,15.670000076293945,15.8100004196167,8.0415678024292,10100
2006-10-12,15.899999618530273,16.469999313354492,15.869999885559082,16.170000076293945,8.224678039550781,7900
2006-10-13,16.299999237060547,16.299999237060547,16.1299991607666,16.139999389648438,8.209417343139648,3800
2006-10-16,16.299999237060547,16.420000076293945,16.149999618530273,16.229999542236328,8.255195617675781,4200
2006-10-17,16.229999542236328,16.229999542236328,15.75,16.139999389648438,8.209417343139648,4900
2006-10-18,16.0,16.0,15.5,15.680000305175781,7.975444316864014,3500
2006-10-19,15.579999923706055,16.100000381469727,15.579999923706055,16.100000381469727,8.18907356262207,1800
2006-10-20,16.06999969482422,16.18000030517578,15.949999809265137,16.059999465942383,8.168725967407227,1400
2006-10-23,15.949999809265137,16.139999389648438,15.819999694824219,16.0,8.138208389282227,800
2006-10-24,16.010000228881836,16.149999618530273,15.949999809265137,15.949999809265137,8.112776756286621,2400
2006-10-25,16.149999618530273,16.280000686645508,16.0,16.260000228881836,8.270450592041016,1500
2006-10-26,16.510000228881836,16.649999618530273,16.43000030517578,16.510000228881836,8.397613525390625,8700
2006-10-27,16.489999771118164,17.43000030517578,16.489999771118164,17.040000915527344,8.667191505432129,7300
2006-10-30,16.790000915527344,17.75,16.790000915527344,17.75,9.028327941894531,5600
2006-10-31,17.979999542236328,18.049999237060547,17.5,17.920000076293945,9.114795684814453,6000
2006-11-01,18.0,18.049999237060547,17.8700008392334,17.8700008392334,9.089363098144531,1700
2006-11-02,17.700000762939453,18.049999237060547,17.600000381469727,18.040000915527344,9.175829887390137,2800
2006-11-03,17.979999542236328,18.899999618530273,17.489999771118164,17.489999771118164,8.896082878112793,22400
2006-11-06,17.739999771118164,17.739999771118164,17.43000030517578,17.43000030517578,8.865564346313477,4800
2006-11-07,17.18000030517578,17.18000030517578,16.610000610351562,16.610000610351562,8.448476791381836,3900
2006-11-08,16.510000228881836,16.510000228881836,15.369999885559082,15.720000267028809,7.995792865753174,8800
2006-11-09,16.219999313354492,16.219999313354492,15.529999732971191,15.539999961853027,7.904237270355225,6300
2006-11-10,15.399999618530273,15.569999694824219,15.109999656677246,15.569999694824219,7.919493198394775,4600
2006-11-13,15.699999809265137,15.770000457763672,15.369999885559082,15.4399995803833,7.853372097015381,5600
2006-11-14,15.4399995803833,16.81999969482422,15.300000190734863,16.809999465942383,8.550206184387207,6000
2006-11-15,16.809999465942383,17.170000076293945,16.530000686645508,16.829999923706055,8.560376167297363,11000
2006-11-16,16.700000762939453,16.81999969482422,16.600000381469727,16.6200008392334,8.45356559753418,2200
2006-11-17,16.549999237060547,17.18000030517578,16.329999923706055,16.790000915527344,8.540031433105469,11500
2006-11-20,16.600000381469727,16.829999923706055,16.399999618530273,16.829999923706055,8.560376167297363,2200
2006-11-21,16.6299991607666,17.09000015258789,16.5,16.989999771118164,8.64176082611084,4000
2006-11-22,17.149999618530273,17.200000762939453,16.950000762939453,16.959999084472656,8.626501083374023,2300
2006-11-24,16.799999237060547,16.8799991607666,16.799999237060547,16.8799991607666,8.58581256866455,400
2006-11-27,16.68000030517578,16.75,16.440000534057617,16.440000534057617,8.36201000213623,1800
2006-11-28,16.600000381469727,16.700000762939453,16.260000228881836,16.59000015258789,8.438305854797363,3600
2006-11-29,16.75,17.670000076293945,16.700000762939453,17.299999237060547,8.799436569213867,9700
2006-11-30,17.149999618530273,17.690000534057617,17.149999618530273,17.489999771118164,8.896082878112793,5700
2006-12-01,17.299999237060547,17.43000030517578,17.229999542236328,17.3700008392334,8.835044860839844,2600
2006-12-04,17.56999969482422,18.540000915527344,17.5,18.18000030517578,9.247039794921875,13900
2006-12-05,18.3799991607666,18.920000076293945,18.3799991607666,18.690000534057617,9.506444931030273,5400
2006-12-06,18.700000762939453,18.770000457763672,18.420000076293945,18.43000030517578,9.437317848205566,4700
2006-12-07,18.649999618530273,18.649999618530273,18.170000076293945,18.290000915527344,9.365628242492676,2200
2006-12-08,18.1200008392334,18.229999542236328,18.0,18.030000686645508,9.232491493225098,6200
2006-12-11,17.989999771118164,18.030000686645508,17.93000030517578,17.940000534057617,9.186406135559082,900
2006-12-12,17.670000076293945,17.760000228881836,17.530000686645508,17.65999984741211,9.043030738830566,4500
2006-12-13,17.850000381469727,18.290000915527344,17.6200008392334,18.290000915527344,9.365628242492676,2500
2006-12-14,18.5,19.989999771118164,18.5,19.540000915527344,10.005708694458008,10000
2006-12-15,19.549999237060547,19.700000762939453,19.209999084472656,19.690000534057617,10.08251667022705,6800
2006-12-18,19.489999771118164,19.489999771118164,19.030000686645508,19.049999237060547,9.754796981811523,2900
2006-12-19,19.059999465942383,19.639999389648438,18.950000762939453,19.639999389648438,10.056912422180176,3400
2006-12-20,19.75,20.209999084472656,19.610000610351562,20.110000610351562,10.297585487365723,8400
2006-12-21,20.309999465942383,20.309999465942383,20.0,20.079999923706055,10.28222370147705,3000
2006-12-22,20.06999969482422,20.06999969482422,19.510000228881836,19.709999084472656,10.092753410339355,1900
2006-12-26,19.809999465942383,20.469999313354492,19.809999465942383,20.469999313354492,10.481922149658203,700
2006-12-27,20.649999618530273,20.700000762939453,20.280000686645508,20.5,10.497288703918457,3900
2006-12-28,20.5,20.5,20.209999084472656,20.34000015258789,10.415356636047363,1300
2006-12-29,20.350000381469727,20.5,19.239999771118164,20.15999984741211,10.323180198669434,11100
2007-01-03,19.90999984741211,20.329999923706055,19.90999984741211,20.299999237060547,10.39487075805664,9400
2007-01-04,20.200000762939453,20.469999313354492,20.200000762939453,20.440000534057617,10.46656322479248,1700
2007-01-05,20.34000015258789,20.5,20.209999084472656,20.25,10.369270324707031,16000
2007-01-08,20.239999771118164,20.239999771118164,20.06999969482422,20.18000030517578,10.333429336547852,1200
2007-01-09,20.010000228881836,20.100000381469727,19.899999618530273,20.100000381469727,10.292461395263672,1800
2007-01-10,20.0,20.020000457763672,19.850000381469727,19.860000610351562,10.169567108154297,900
2007-01-11,19.649999618530273,19.65999984741211,19.299999237060547,19.299999237060547,9.882811546325684,2700
2007-01-12,19.209999084472656,19.3700008392334,19.209999084472656,19.299999237060547,9.882811546325684,1400
2007-01-16,19.549999237060547,20.0,19.549999237060547,19.65999984741211,10.067153930664062,8600
2007-01-17,19.549999237060547,19.549999237060547,18.8799991607666,18.889999389648438,9.672867774963379,3300
2007-01-18,18.889999389648438,18.889999389648438,18.520000457763672,18.520000457763672,9.483403205871582,1600
2007-01-19,18.530000686645508,18.600000381469727,18.399999618530273,18.420000076293945,9.432194709777832,4100
2007-01-22,18.25,18.420000076293945,18.040000915527344,18.040000915527344,9.237613677978516,8100
2007-01-23,18.049999237060547,18.049999237060547,17.899999618530273,17.989999771118164,9.212008476257324,1500
2007-01-24,18.149999618530273,18.15999984741211,17.299999237060547,17.299999237060547,8.858686447143555,5400
2007-01-25,17.200000762939453,17.209999084472656,16.520000457763672,16.520000457763672,8.459274291992188,4000
2007-01-26,16.43000030517578,16.469999313354492,15.949999809265137,15.949999809265137,8.167403221130371,1500
2007-01-29,16.100000381469727,16.170000076293945,15.829999923706055,15.829999923706055,8.105952262878418,9800
2007-01-30,15.819999694824219,15.819999694824219,15.619999885559082,15.800000190734863,8.090595245361328,4900
2007-01-31,15.640000343322754,15.779999732971191,15.619999885559082,15.779999732971191,8.080350875854492,19600
2007-02-01,15.779999732971191,16.299999237060547,15.510000228881836,16.299999237060547,8.346622467041016,31800
2007-02-02,16.450000762939453,17.34000015258789,16.450000762939453,16.969999313354492,8.68970775604248,17600
2007-02-05,17.040000915527344,17.190000534057617,17.040000915527344,17.1299991607666,8.771636962890625,3900
2007-02-06,17.329999923706055,17.739999771118164,17.329999923706055,17.729999542236328,9.078872680664062,13200
2007-02-07,17.729999542236328,17.93000030517578,17.729999542236328,17.809999465942383,9.119836807250977,1700
2007-02-08,17.93000030517578,17.940000534057617,17.729999542236328,17.889999389648438,9.160802841186523,2200
2007-02-09,17.799999237060547,17.940000534057617,17.799999237060547,17.850000381469727,9.1403226852417,4200
2007-02-12,17.93000030517578,17.950000762939453,17.75,17.950000762939453,9.191521644592285,1600
2007-02-13,17.81999969482422,19.479999542236328,17.799999237060547,18.950000762939453,9.703590393066406,24200
2007-02-14,19.100000381469727,19.68000030517578,18.790000915527344,18.860000610351562,9.65750789642334,11400
2007-02-15,18.8700008392334,19.299999237060547,18.59000015258789,18.899999618530273,9.677986145019531,38300
2007-02-16,18.90999984741211,19.0,18.860000610351562,18.989999771118164,9.72407341003418,10300
2007-02-20,18.989999771118164,19.0,18.940000534057617,18.989999771118164,9.72407341003418,1600
2007-02-21,18.600000381469727,19.309999465942383,18.600000381469727,19.309999465942383,9.887930870056152,5500
2007-02-22,19.260000228881836,20.290000915527344,19.260000228881836,20.110000610351562,10.297585487365723,13800
2007-02-23,19.899999618530273,19.899999618530273,18.899999618530273,19.049999237060547,9.754796981811523,10400
2007-02-26,19.049999237060547,19.049999237060547,18.149999618530273,18.31999969482422,9.380990028381348,6100
2007-02-27,18.1299991607666,18.1299991607666,17.209999084472656,17.219999313354492,8.817724227905273,4200
2007-02-28,17.200000762939453,17.200000762939453,16.309999465942383,16.31999969482422,8.356867790222168,12400
2007-03-01,15.819999694824219,17.010000228881836,15.65999984741211,16.229999542236328,8.310779571533203,27500
2007-03-02,16.25,16.290000915527344,15.520000457763672,15.520000457763672,7.947213172912598,15100
2007-03-05,15.300000190734863,15.300000190734863,15.0,15.1899995803833,7.778234004974365,15700
2007-03-06,15.6899995803833,15.75,15.5,15.670000076293945,8.02402400970459,18300
2007-03-07,15.550000190734863,15.75,15.550000190734863,15.640000343322754,8.073060035705566,12700
2007-03-08,15.520000457763672,16.690000534057617,15.5,15.789999961853027,8.150489807128906,18300
2007-03-09,16.040000915527344,16.25,15.670000076293945,15.960000038146973,8.238236427307129,38500
2007-03-12,15.850000381469727,16.389999389648438,15.850000381469727,16.0,8.258886337280273,20300
2007-03-13,15.899999618530273,16.15999984741211,15.829999923706055,16.030000686645508,8.274372100830078,31200
2007-03-14,15.9399995803833,16.25,15.729999542236328,16.06999969482422,8.295018196105957,37500
2007-03-15,15.979999542236328,16.110000610351562,15.699999809265137,16.110000610351562,8.315667152404785,27100
2007-03-16,16.110000610351562,16.110000610351562,15.899999618530273,16.100000381469727,8.310504913330078,10700
2007-03-19,16.299999237060547,16.450000762939453,16.030000686645508,16.18000030517578,8.351799964904785,12000
2007-03-20,16.170000076293945,16.170000076293945,16.0,16.0,8.258886337280273,4600
2007-03-21,16.0,16.290000915527344,15.880000114440918,16.040000915527344,8.279534339904785,13100
2007-03-22,16.170000076293945,16.950000762939453,16.170000076293945,16.5,8.516975402832031,20900
2007-03-23,16.649999618530273,16.899999618530273,16.049999237060547,16.1299991607666,8.325986862182617,25200
2007-03-26,16.049999237060547,16.1299991607666,15.850000381469727,15.979999542236328,8.248563766479492,8100
2007-03-27,16.469999313354492,16.469999313354492,15.979999542236328,16.010000228881836,8.264044761657715,9300
2007-03-28,15.90999984741211,16.010000228881836,15.670000076293945,15.829999923706055,8.171133995056152,39500
2007-03-29,15.84000015258789,16.06999969482422,15.739999771118164,16.0,8.258886337280273,31100
2007-03-30,16.06999969482422,16.1299991607666,15.850000381469727,16.1299991607666,8.325986862182617,18000
2007-04-02,15.329999923706055,16.100000381469727,15.329999923706055,16.0,8.258886337280273,55900
2007-04-03,16.100000381469727,16.299999237060547,15.880000114440918,16.010000228881836,8.264044761657715,34700
2007-04-04,15.949999809265137,16.110000610351562,15.90999984741211,16.040000915527344,8.279534339904785,13700
2007-04-05,16.059999465942383,16.09000015258789,15.90999984741211,16.030000686645508,8.274372100830078,10700
2007-04-09,15.979999542236328,16.770000457763672,15.970000267028809,16.25,8.38793659210205,22300
2007-04-10,16.260000228881836,16.260000228881836,16.149999618530273,16.170000076293945,8.346637725830078,2000
2007-04-11,16.200000762939453,16.329999923706055,16.020000457763672,16.100000381469727,8.310504913330078,5300
2007-04-12,16.110000610351562,17.0,16.110000610351562,16.799999237060547,8.671828269958496,14000
2007-04-13,16.719999313354492,16.729999542236328,16.40999984741211,16.469999313354492,8.501492500305176,6900
2007-04-16,16.559999465942383,18.450000762939453,16.469999313354492,18.299999237060547,9.4461030960083,39600
2007-04-17,18.420000076293945,18.420000076293945,17.850000381469727,17.8700008392334,9.22414493560791,9400
2007-04-18,17.770000457763672,18.739999771118164,17.559999465942383,18.079999923706055,9.332542419433594,15300
2007-04-19,18.18000030517578,18.719999313354492,18.100000381469727,18.31999969482422,9.456424713134766,22200
2007-04-20,18.5,19.530000686645508,18.469999313354492,19.200000762939453,9.910663604736328,26200
2007-04-23,19.8700008392334,20.239999771118164,19.670000076293945,19.969999313354492,10.308121681213379,33000
2007-04-24,20.0,20.479999542236328,19.75,19.770000457763672,10.204887390136719,17600
2007-04-25,19.8700008392334,20.200000762939453,19.84000015258789,20.09000015258789,10.370059967041016,13500
2007-04-26,20.190000534057617,20.5,20.1299991607666,20.3700008392334,10.514592170715332,16200
2007-04-27,20.25,20.25,20.0,20.09000015258789,10.370059967041016,5700
2007-04-30,20.200000762939453,20.31999969482422,19.889999389648438,19.889999389648438,10.266827583312988,6000
2007-05-01,19.8799991607666,19.8799991607666,18.90999984741211,18.969999313354492,9.791940689086914,18800
2007-05-02,19.020000457763672,19.5,18.6200008392334,18.739999771118164,9.673219680786133,26000
2007-05-03,18.6299991607666,19.170000076293945,18.6299991607666,18.989999771118164,9.802266120910645,11800
2007-05-04,19.059999465942383,19.059999465942383,18.760000228881836,19.0,9.807426452636719,24200
2007-05-07,18.989999771118164,19.56999969482422,18.719999313354492,19.100000381469727,9.859041213989258,24700
2007-05-08,19.020000457763672,19.020000457763672,18.420000076293945,18.420000076293945,9.508041381835938,39600
2007-05-09,18.399999618530273,18.540000915527344,18.020000457763672,18.100000381469727,9.342865943908691,19700
2007-05-10,18.030000686645508,18.25,17.8799991607666,17.920000076293945,9.249951362609863,22500
2007-05-11,18.200000762939453,18.469999313354492,17.75,18.139999389648438,9.363511085510254,16000
2007-05-14,17.950000762939453,17.950000762939453,17.68000030517578,17.770000457763672,9.172521591186523,10000
2007-05-15,17.729999542236328,17.770000457763672,16.799999237060547,16.799999237060547,8.671828269958496,20900
2007-05-16,16.850000381469727,16.8799991607666,16.18000030517578,16.25,8.38793659210205,12200
2007-05-17,16.149999618530273,16.959999084472656,16.059999465942383,16.06999969482422,8.295018196105957,20100
2007-05-18,16.049999237060547,16.40999984741211,15.770000457763672,16.020000457763672,8.269207954406738,25100
2007-05-21,16.020000457763672,16.670000076293945,16.0,16.530000686645508,8.532461166381836,17000
2007-05-22,16.399999618530273,17.09000015258789,16.399999618530273,16.8700008392334,8.707963943481445,10700
2007-05-23,17.100000381469727,17.270000457763672,16.860000610351562,16.899999618530273,8.7234468460083,5600
2007-05-24,17.239999771118164,17.239999771118164,16.540000915527344,16.549999237060547,8.542786598205566,5200
2007-05-25,16.799999237060547,18.290000915527344,16.760000228881836,18.0,9.291244506835938,25700
2007-05-29,18.399999618530273,18.479999542236328,18.100000381469727,18.40999984741211,9.502881050109863,15800
2007-05-30,18.200000762939453,19.0,18.200000762939453,18.350000381469727,9.47191333770752,15500
2007-05-31,18.299999237060547,19.6200008392334,18.299999237060547,19.299999237060547,9.9622802734375,10300
2007-06-01,18.549999237060547,19.5,18.549999237060547,18.8700008392334,9.740326881408691,19300
2007-06-04,18.850000381469727,19.139999389648438,18.809999465942383,18.93000030517578,9.771297454833984,7300
2007-06-05,18.93000030517578,18.989999771118164,18.15999984741211,18.3799991607666,9.487388610839844,21800
2007-06-06,18.56999969482422,18.56999969482422,17.829999923706055,18.3799991607666,9.487388610839844,41400
2007-06-07,18.200000762939453,19.030000686645508,17.200000762939453,17.3700008392334,8.966050148010254,44600
2007-06-08,17.309999465942383,18.68000030517578,16.760000228881836,17.59000015258789,9.079611778259277,49300
2007-06-11,17.399999618530273,18.899999618530273,17.389999389648438,18.030000686645508,9.306732177734375,71000
2007-06-12,17.850000381469727,18.399999618530273,17.6299991607666,18.06999969482422,9.327378273010254,35400
2007-06-13,18.1299991607666,19.790000915527344,18.030000686645508,19.239999771118164,10.000490188598633,34100
2007-06-14,19.489999771118164,20.479999542236328,19.389999389648438,19.829999923706055,10.307159423828125,32400
2007-06-15,20.100000381469727,20.100000381469727,19.010000228881836,19.010000228881836,9.880937576293945,28800
2007-06-18,18.90999984741211,19.170000076293945,18.81999969482422,19.0,9.875741958618164,16600
2007-06-19,18.979999542236328,19.690000534057617,18.709999084472656,18.809999465942383,9.776984214782715,23400
2007-06-20,18.760000228881836,19.290000915527344,18.68000030517578,18.799999237060547,9.771788597106934,16000
2007-06-21,18.65999984741211,19.229999542236328,18.639999389648438,18.799999237060547,9.771788597106934,7900
2007-06-22,19.0,19.56999969482422,18.700000762939453,19.0,9.875741958618164,162400
2007-06-25,19.0,19.010000228881836,18.700000762939453,18.899999618530273,9.82376480102539,8500
2007-06-26,18.969999313354492,18.989999771118164,18.459999084472656,18.489999771118164,9.61065673828125,26800
2007-06-27,18.5,19.0,18.489999771118164,19.0,9.875741958618164,15500
2007-06-28,19.0,19.0,18.860000610351562,18.989999771118164,9.870543479919434,16700
2007-06-29,18.989999771118164,18.989999771118164,18.459999084472656,18.5,9.615852355957031,17500
2007-07-02,18.149999618530273,19.0,17.969999313354492,19.0,9.875741958618164,27200
2007-07-03,18.950000762939453,18.950000762939453,18.610000610351562,18.899999618530273,9.82376480102539,6700
2007-07-05,18.75,19.0,18.75,19.0,9.875741958618164,8600
2007-07-06,19.0,19.0,18.950000762939453,18.959999084472656,9.854948043823242,10700
2007-07-09,18.90999984741211,19.0,18.6200008392334,19.0,9.875741958618164,8800
2007-07-10,18.850000381469727,18.850000381469727,18.31999969482422,18.329999923706055,9.527493476867676,8700
2007-07-11,18.520000457763672,18.860000610351562,18.350000381469727,18.649999618530273,9.69382381439209,9800
2007-07-12,18.850000381469727,18.989999771118164,18.510000228881836,18.889999389648438,9.818568229675293,4600
2007-07-13,18.75,19.0,18.579999923706055,19.0,9.875741958618164,22100
2007-07-16,18.850000381469727,19.0,18.770000457763672,18.84000015258789,9.79257583618164,10000
2007-07-17,18.84000015258789,19.0,18.579999923706055,18.860000610351562,9.80297565460205,7500
2007-07-18,18.75,19.0,18.75,19.0,9.875741958618164,17700
2007-07-19,19.0,19.0,18.75,18.989999771118164,9.870543479919434,2700
2007-07-20,18.950000762939453,18.969999313354492,18.799999237060547,18.8700008392334,9.808176040649414,9900
2007-07-23,18.920000076293945,19.0,18.8799991607666,19.0,9.875741958618164,3800
2007-07-24,18.8700008392334,18.979999542236328,18.510000228881836,18.84000015258789,9.79257583618164,21400
2007-07-25,18.989999771118164,19.920000076293945,18.989999771118164,19.920000076293945,10.353938102722168,15400
2007-07-26,19.75,19.850000381469727,18.229999542236328,18.3799991607666,9.553482055664062,44600
2007-07-27,18.239999771118164,19.200000762939453,17.610000610351562,17.850000381469727,9.278000831604004,23000
2007-07-30,17.75,18.020000457763672,17.190000534057617,17.440000534057617,9.06489086151123,37400
2007-07-31,17.309999465942383,17.600000381469727,16.25,16.40999984741211,8.529521942138672,31100
2007-08-01,16.43000030517578,16.670000076293945,15.579999923706055,16.049999237060547,8.34240436553955,47900
2007-08-02,15.899999618530273,16.260000228881836,14.729999542236328,14.90999984741211,7.749857425689697,45400
2007-08-03,14.90999984741211,15.119999885559082,13.760000228881836,14.229999542236328,7.396409034729004,38800
2007-08-06,14.5,15.069999694824219,13.949999809265137,14.930000305175781,7.76025390625,75900
2007-08-07,15.0,15.210000038146973,14.270000457763672,14.680000305175781,7.630311489105225,22500
2007-08-08,14.800000190734863,16.6299991607666,14.710000038146973,16.170000076293945,8.404777526855469,50500
2007-08-09,16.110000610351562,17.360000610351562,16.010000228881836,17.09000015258789,8.88296890258789,45000
2007-08-10,17.049999237060547,17.6200008392334,16.399999618530273,16.399999618530273,8.524325370788574,28200
2007-08-13,16.59000015258789,17.489999771118164,16.59000015258789,17.280000686645508,8.981728553771973,17100
2007-08-14,17.280000686645508,17.700000762939453,17.209999084472656,17.469999313354492,9.080486297607422,15500
2007-08-15,17.600000381469727,18.670000076293945,17.600000381469727,18.059999465942383,9.387153625488281,16200
2007-08-16,18.600000381469727,19.079999923706055,18.309999465942383,19.0,9.875741958618164,17800
2007-08-17,19.649999618530273,19.790000915527344,18.770000457763672,19.219999313354492,9.990090370178223,26300
2007-08-20,18.790000915527344,19.700000762939453,18.790000915527344,19.520000457763672,10.146025657653809,5500
2007-08-21,19.3799991607666,19.649999618530273,19.3799991607666,19.56999969482422,10.172012329101562,3600
2007-08-22,19.75,20.100000381469727,19.75,20.010000228881836,10.400715827941895,8600
2007-08-23,20.0,20.329999923706055,19.93000030517578,19.93000030517578,10.359138488769531,18500
2007-08-24,20.149999618530273,20.290000915527344,20.0,20.059999465942383,10.426703453063965,8100
2007-08-27,20.25,20.31999969482422,20.010000228881836,20.040000915527344,10.41631031036377,5000
2007-08-28,20.15999984741211,20.450000762939453,20.010000228881836,20.350000381469727,10.57744026184082,4800
2007-08-29,20.299999237060547,20.489999771118164,20.049999237060547,20.489999771118164,10.6502103805542,6500
2007-08-30,20.170000076293945,21.290000915527344,20.059999465942383,20.8700008392334,10.847723007202148,25900
2007-08-31,21.0,21.18000030517578,20.280000686645508,20.280000686645508,10.541055679321289,30900
2007-09-04,20.489999771118164,20.489999771118164,19.260000228881836,20.25,10.525460243225098,34600
2007-09-05,20.139999389648438,20.5,19.25,19.270000457763672,10.078296661376953,21000
2007-09-06,19.280000686645508,20.489999771118164,19.280000686645508,19.809999465942383,10.360716819763184,14300
2007-09-07,19.520000457763672,20.139999389648438,19.520000457763672,19.700000762939453,10.30318546295166,10200
2007-09-10,19.700000762939453,20.200000762939453,19.420000076293945,19.670000076293945,10.287497520446777,9100
2007-09-11,19.68000030517578,19.780000686645508,19.420000076293945,19.469999313354492,10.182893753051758,13600
2007-09-12,19.25,19.670000076293945,19.25,19.450000762939453,10.17243480682373,5700
2007-09-13,19.649999618530273,19.920000076293945,19.459999084472656,19.489999771118164,10.193351745605469,27500
2007-09-14,19.579999923706055,19.68000030517578,19.5,19.5,10.19858455657959,12600
2007-09-17,19.700000762939453,19.709999084472656,19.5,19.649999618530273,10.2770357131958,3700
2007-09-18,19.649999618530273,20.040000915527344,19.510000228881836,19.93000030517578,10.423480033874512,8300
2007-09-19,20.010000228881836,20.219999313354492,19.649999618530273,19.780000686645508,10.345027923583984,7700
2007-09-20,19.600000381469727,20.260000228881836,19.600000381469727,19.899999618530273,10.407780647277832,4400
2007-09-21,20.1299991607666,20.1299991607666,19.5,19.600000381469727,10.250885963439941,18800
2007-09-24,19.739999771118164,19.940000534057617,19.5,19.56999969482422,10.23519515991211,11500
2007-09-25,19.56999969482422,19.790000915527344,19.5,19.59000015258789,10.24565601348877,11100
2007-09-26,19.75,19.75,19.5,19.59000015258789,10.24565601348877,6400
2007-09-27,19.6299991607666,19.690000534057617,19.600000381469727,19.600000381469727,10.250885963439941,800
2007-09-28,19.549999237060547,20.350000381469727,19.549999237060547,19.579999923706055,10.240423202514648,8400
2007-10-01,19.510000228881836,20.290000915527344,19.510000228881836,19.989999771118164,10.45485782623291,7100
2007-10-02,19.989999771118164,20.489999771118164,19.989999771118164,20.049999237060547,10.486238479614258,9200
2007-10-03,19.75,20.059999465942383,19.600000381469727,19.8799991607666,10.397327423095703,9200
2007-10-04,20.040000915527344,20.06999969482422,19.950000762939453,20.010000228881836,10.465316772460938,1000
2007-10-05,20.260000228881836,20.260000228881836,20.049999237060547,20.1299991607666,10.52807331085205,7100
2007-10-08,19.950000762939453,20.09000015258789,19.93000030517578,20.079999923706055,10.50192928314209,3700
2007-10-09,19.90999984741211,20.100000381469727,19.90999984741211,19.920000076293945,10.418249130249023,17600
2007-10-10,20.170000076293945,20.5,19.56999969482422,20.09000015258789,10.507156372070312,41500
2007-10-11,20.09000015258789,20.260000228881836,19.020000457763672,19.809999465942383,10.360716819763184,20000
2007-10-12,19.90999984741211,20.06999969482422,19.81999969482422,19.8799991607666,10.397327423095703,12200
2007-10-15,19.649999618530273,19.829999923706055,19.5,19.600000381469727,10.250885963439941,9800
2007-10-16,19.56999969482422,19.59000015258789,19.110000610351562,19.549999237060547,10.22473430633545,16800
2007-10-17,20.0,20.09000015258789,19.799999237060547,19.860000610351562,10.38686752319336,8200
2007-10-18,19.729999542236328,19.75,19.510000228881836,19.59000015258789,10.24565601348877,9800
2007-10-19,19.510000228881836,19.68000030517578,19.5,19.559999465942383,10.229964256286621,5600
2007-10-22,19.309999465942383,19.729999542236328,19.15999984741211,19.520000457763672,10.209046363830566,3900
2007-10-23,19.920000076293945,20.239999771118164,19.65999984741211,19.729999542236328,10.318878173828125,7700
2007-10-24,19.5,19.920000076293945,19.5,19.780000686645508,10.345027923583984,2200
2007-10-25,19.579999923706055,20.1200008392334,19.09000015258789,20.010000228881836,10.465316772460938,9300
2007-10-26,20.260000228881836,20.270000457763672,19.920000076293945,20.020000457763672,10.470548629760742,5500
2007-10-29,19.829999923706055,19.940000534057617,19.43000030517578,19.59000015258789,10.24565601348877,2900
2007-10-30,19.510000228881836,19.6200008392334,19.5,19.6200008392334,10.261348724365234,1700
2007-10-31,19.6299991607666,20.1299991607666,19.59000015258789,19.799999237060547,10.355485916137695,6700
2007-11-01,19.649999618530273,19.84000015258789,19.5,19.5,10.19858455657959,11200
2007-11-02,19.899999618530273,20.43000030517578,17.549999237060547,17.56999969482422,9.18918514251709,28200
2007-11-05,16.979999542236328,17.770000457763672,16.979999542236328,17.0,8.891074180603027,8000
2007-11-06,17.290000915527344,17.350000381469727,16.559999465942383,16.81999969482422,8.796934127807617,26700
2007-11-07,16.5,16.68000030517578,15.779999732971191,15.779999732971191,8.253008842468262,27000
2007-11-08,16.399999618530273,16.40999984741211,16.0,16.020000457763672,8.378530502319336,11300
2007-11-09,15.770000457763672,16.579999923706055,15.770000457763672,15.989999771118164,8.362841606140137,6400
2007-11-12,15.90999984741211,16.110000610351562,15.6899995803833,15.6899995803833,8.205939292907715,6800
2007-11-13,15.460000038146973,16.030000686645508,15.460000038146973,15.850000381469727,8.289620399475098,9400
2007-11-14,16.06999969482422,16.079999923706055,15.149999618530273,15.279999732971191,7.991506576538086,7800
2007-11-15,15.279999732971191,15.279999732971191,14.880000114440918,15.010000228881836,7.850292205810547,7300
2007-11-16,15.149999618530273,15.199999809265137,14.300000190734863,14.300000190734863,7.478962421417236,9500
2007-11-19,14.0,14.0,12.579999923706055,12.899999618530273,6.7467570304870605,13800
2007-11-20,12.699999809265137,12.699999809265137,11.289999961853027,12.130000114440918,6.34404182434082,50600
2007-11-21,12.039999961853027,13.989999771118164,11.979999542236328,13.149999618530273,6.877508640289307,17600
2007-11-23,13.4399995803833,13.4399995803833,13.010000228881836,13.020000457763672,6.809516906738281,5000
2007-11-26,12.899999618530273,13.069999694824219,12.260000228881836,12.59000015258789,6.584623336791992,8000
2007-11-27,12.09000015258789,12.140000343322754,11.420000076293945,12.050000190734863,6.3022003173828125,18200
2007-11-28,12.100000381469727,13.140000343322754,12.100000381469727,12.829999923706055,6.710145950317383,11700
2007-11-29,13.119999885559082,13.270000457763672,12.800000190734863,13.100000381469727,6.8513569831848145,7100
2007-11-30,13.300000190734863,14.890000343322754,13.220000267028809,14.100000381469727,7.374361991882324,43900
2007-12-03,14.069999694824219,16.15999984741211,14.069999694824219,15.479999542236328,8.096110343933105,71600
2007-12-04,15.050000190734863,15.5,14.569999694824219,14.6899995803833,7.682934284210205,34800
2007-12-05,15.109999656677246,15.220000267028809,14.380000114440918,14.640000343322754,7.722495079040527,30300
2007-12-06,14.8100004196167,15.15999984741211,14.0600004196167,14.569999694824219,7.685571670532227,19900
2007-12-07,14.680000305175781,15.989999771118164,14.579999923706055,15.970000267028809,8.424064636230469,32300
2007-12-10,15.520000457763672,18.479999542236328,15.369999885559082,17.639999389648438,9.304972648620605,28000
2007-12-11,17.719999313354492,17.979999542236328,15.90999984741211,15.989999771118164,8.434610366821289,29300
2007-12-12,16.399999618530273,17.469999313354492,14.529999732971191,14.949999809265137,7.8860182762146,62000
2007-12-13,14.34000015258789,16.25,13.619999885559082,16.1200008392334,8.503186225891113,52600
2007-12-14,15.9399995803833,17.34000015258789,14.640000343322754,14.84000015258789,7.827992916107178,50700
2007-12-17,14.539999961853027,15.270000457763672,13.550000190734863,13.670000076293945,7.210826396942139,61300
2007-12-18,13.8100004196167,14.180000305175781,13.220000267028809,13.640000343322754,7.195003032684326,25100
2007-12-19,13.710000038146973,14.270000457763672,13.640000343322754,13.779999732971191,7.268851280212402,18200
2007-12-20,14.109999656677246,14.550000190734863,13.75,14.369999885559082,7.580072402954102,17600
2007-12-21,14.579999923706055,15.460000038146973,14.1899995803833,14.899999618530273,7.859643459320068,26800
2007-12-24,15.0,15.109999656677246,14.460000038146973,15.029999732971191,7.928218841552734,13000
2007-12-26,14.970000267028809,15.369999885559082,14.859999656677246,15.369999885559082,8.107563018798828,7100
2007-12-27,15.1899995803833,15.960000038146973,14.789999961853027,15.260000228881836,8.049541473388672,25000
2007-12-28,15.350000381469727,15.65999984741211,15.140000343322754,15.34000015258789,8.091741561889648,11700
2007-12-31,15.260000228881836,15.3100004196167,14.520000457763672,14.619999885559082,7.711945056915283,24200
2008-01-02,14.65999984741211,14.65999984741211,13.779999732971191,14.140000343322754,7.458749771118164,13900
2008-01-03,14.119999885559082,14.300000190734863,13.779999732971191,13.84000015258789,7.300501346588135,5200
2008-01-04,13.470000267028809,13.619999885559082,11.720000267028809,12.050000190734863,6.356288909912109,36300
2008-01-07,12.300000190734863,12.300000190734863,11.199999809265137,11.609999656677246,6.12419319152832,24000
2008-01-08,11.859999656677246,12.100000381469727,10.979999542236328,11.199999809265137,5.9079203605651855,33900
2008-01-09,11.229999542236328,11.239999771118164,10.100000381469727,10.350000381469727,5.459550380706787,13700
2008-01-10,10.010000228881836,10.489999771118164,9.90999984741211,10.09000015258789,5.322402477264404,23100
2008-01-11,10.0,10.199999809265137,9.460000038146973,10.0,5.274928569793701,17200
2008-01-14,9.850000381469727,10.1899995803833,9.789999961853027,10.050000190734863,5.301304817199707,6700
2008-01-15,9.84000015258789,12.0,9.84000015258789,10.0,5.274928569793701,18500
2008-01-16,9.949999809265137,10.180000305175781,9.529999732971191,10.130000114440918,5.343502521514893,11300
2008-01-17,10.149999618530273,10.300000190734863,9.510000228881836,9.630000114440918,5.079758644104004,10600
2008-01-18,9.630000114440918,9.649999618530273,8.210000038146973,9.109999656677246,4.805460453033447,6800
2008-01-22,8.5600004196167,10.210000038146973,7.829999923706055,9.479999542236328,5.000631809234619,37200
2008-01-23,9.0,10.079999923706055,8.350000381469727,10.029999732971191,5.290754795074463,44500
2008-01-24,9.949999809265137,11.489999771118164,9.649999618530273,9.649999618530273,5.090306282043457,40200
2008-01-25,9.970000267028809,9.970000267028809,9.5,9.600000381469727,5.063931941986084,10900
2008-01-28,9.420000076293945,10.09000015258789,9.140000343322754,9.5600004196167,5.0428338050842285,10700
2008-01-29,9.420000076293945,9.960000038146973,8.9399995803833,8.9399995803833,4.715786933898926,23100
2008-01-30,9.050000190734863,10.239999771118164,8.9399995803833,10.010000228881836,5.280203819274902,41400
2008-01-31,9.75,10.210000038146973,9.149999618530273,9.949999809265137,5.248555660247803,13600
2008-02-01,10.149999618530273,10.420000076293945,9.109999656677246,9.3100004196167,4.9109601974487305,23700
2008-02-04,9.229999542236328,9.399999618530273,8.369999885559082,9.390000343322754,4.953158378601074,27300
2008-02-05,9.100000381469727,9.279999732971191,8.979999542236328,9.029999732971191,4.763261795043945,9700
2008-02-06,8.989999771118164,9.380000114440918,8.819999694824219,9.050000190734863,4.773810386657715,9600
2008-02-07,9.220000267028809,10.239999771118164,9.220000267028809,10.149999618530273,5.3540544509887695,11200
2008-02-08,9.460000038146973,10.460000038146973,9.460000038146973,10.329999923706055,5.448999881744385,22000
2008-02-11,10.15999984741211,10.649999618530273,9.75,10.489999771118164,5.53339958190918,6800
2008-02-12,10.770000457763672,10.829999923706055,9.800000190734863,9.819999694824219,5.179978370666504,11200
2008-02-13,10.140000343322754,11.970000267028809,10.029999732971191,11.0,5.802422046661377,30800
2008-02-14,11.029999732971191,11.550000190734863,10.989999771118164,11.220000267028809,5.918471336364746,10900
2008-02-15,11.140000343322754,11.649999618530273,10.670000076293945,11.350000381469727,5.98704195022583,41800
2008-02-19,11.3100004196167,11.460000038146973,10.960000038146973,11.0,5.802422046661377,2900
2008-02-20,10.710000038146973,11.0,10.5,10.59000015258789,5.5861496925354,7900
2008-02-21,10.6899995803833,10.84000015258789,10.359999656677246,10.8100004196167,5.702197074890137,15200
2008-02-22,10.869999885559082,10.970000267028809,10.119999885559082,10.220000267028809,5.390976905822754,5700
2008-02-25,9.979999542236328,10.289999961853027,9.770000457763672,10.079999923706055,5.317127704620361,20400
2008-02-26,10.0,10.0,9.550000190734863,9.75,5.143054008483887,6300
2008-02-27,9.350000381469727,9.880000114440918,8.5,9.15999984741211,4.831834316253662,20700
2008-02-28,9.140000343322754,9.140000343322754,8.680000305175781,8.699999809265137,4.5891900062561035,7000
2008-02-29,8.710000038146973,8.710000038146973,8.220000267028809,8.319999694824219,4.388740062713623,14500
2008-03-03,8.369999885559082,8.449999809265137,8.020000457763672,8.119999885559082,4.283240795135498,25000
2008-03-04,8.130000114440918,8.630000114440918,8.119999885559082,8.229999542236328,4.3412652015686035,12800
2008-03-05,8.149999618530273,8.210000038146973,7.889999866485596,8.119999885559082,4.283240795135498,13200
2008-03-06,8.130000114440918,8.130000114440918,8.0,8.069999694824219,4.256867408752441,9100
2008-03-07,7.800000190734863,8.5,7.800000190734863,8.220000267028809,4.404211521148682,18400
2008-03-10,8.220000267028809,8.8100004196167,8.220000267028809,8.449999809265137,4.527442455291748,7200
2008-03-11,8.729999542236328,8.739999771118164,8.510000228881836,8.699999809265137,4.661391258239746,5200
2008-03-12,8.800000190734863,9.489999771118164,8.800000190734863,9.180000305175781,4.918569564819336,17700
2008-03-13,9.329999923706055,10.449999809265137,9.329999923706055,10.300000190734863,5.518656253814697,28400
2008-03-14,10.100000381469727,10.25,9.979999542236328,10.140000343322754,5.432930946350098,9700
2008-03-17,10.100000381469727,10.100000381469727,9.649999618530273,9.649999618530273,5.1703925132751465,12600
2008-03-18,10.0,10.270000457763672,9.989999771118164,10.270000457763672,5.502585411071777,8000
2008-03-19,10.140000343322754,10.140000343322754,9.449999809265137,9.449999809265137,5.063233852386475,9000
2008-03-20,9.699999809265137,9.699999809265137,8.539999961853027,8.8100004196167,4.7203288078308105,25700
2008-03-24,9.050000190734863,9.109999656677246,8.8100004196167,9.050000190734863,4.848917484283447,11400
2008-03-25,8.960000038146973,9.640000343322754,8.960000038146973,9.5600004196167,5.1221723556518555,11900
2008-03-26,9.520000457763672,9.520000457763672,9.279999732971191,9.350000381469727,5.009654998779297,7300
2008-03-27,9.359999656677246,9.430000305175781,9.260000228881836,9.289999961853027,4.977509021759033,4500
2008-03-28,9.359999656677246,9.489999771118164,9.270000457763672,9.300000190734863,4.982866287231445,21100
2008-03-31,9.100000381469727,9.380000114440918,8.920000076293945,9.199999809265137,4.929286956787109,6100
2008-04-01,9.399999618530273,9.399999618530273,8.899999618530273,8.979999542236328,4.811412811279297,6200
2008-04-02,9.149999618530273,9.149999618530273,8.0,8.020000457763672,4.297052383422852,18100
2008-04-03,8.079999923706055,8.149999618530273,7.869999885559082,8.0,4.286336421966553,17700
2008-04-04,7.860000133514404,8.329999923706055,7.800000190734863,8.229999542236328,4.409566879272461,16900
2008-04-07,8.5,8.5,7.900000095367432,8.180000305175781,4.382778644561768,8900
2008-04-08,8.229999542236328,8.40999984741211,8.220000267028809,8.300000190734863,4.447072982788086,5600
2008-04-09,8.260000228881836,8.430000305175781,8.239999771118164,8.319999694824219,4.457790374755859,7000
2008-04-10,8.399999618530273,8.420000076293945,8.15999984741211,8.199999809265137,4.393493175506592,7100
2008-04-11,7.96999979019165,8.420000076293945,7.599999904632568,7.610000133514404,4.0773773193359375,13600
2008-04-14,7.840000152587891,8.010000228881836,7.28000020980835,7.400000095367432,3.9648616313934326,28000
2008-04-15,7.099999904632568,7.300000190734863,7.090000152587891,7.300000190734863,3.9112820625305176,6100
2008-04-16,7.21999979019165,7.25,7.130000114440918,7.199999809265137,3.857701539993286,12500
2008-04-17,7.360000133514404,7.360000133514404,7.170000076293945,7.239999771118164,3.879134178161621,10300
2008-04-18,7.400000095367432,7.579999923706055,7.25,7.28000020980835,3.900566577911377,9600
2008-04-21,7.210000038146973,7.289999961853027,7.159999847412109,7.260000228881836,3.8898496627807617,2600
2008-04-22,7.230000019073486,7.230000019073486,7.0,7.010000228881836,3.7559027671813965,13600
2008-04-23,7.010000228881836,7.090000152587891,6.800000190734863,6.840000152587891,3.6648175716400146,7200
2008-04-24,6.619999885559082,6.840000152587891,6.28000020980835,6.679999828338623,3.5790913105010986,21300
2008-04-25,6.699999809265137,6.71999979019165,6.369999885559082,6.369999885559082,3.4129953384399414,11600
2008-04-28,6.449999809265137,6.590000152587891,6.409999847412109,6.460000038146973,3.461216449737549,98400
2008-04-29,6.550000190734863,6.590000152587891,6.349999904632568,6.449999809265137,3.455859661102295,112900
2008-04-30,6.489999771118164,6.510000228881836,6.289999961853027,6.329999923706055,3.391563892364502,5800
2008-05-01,6.340000152587891,6.409999847412109,6.110000133514404,6.139999866485596,3.289764404296875,11800
2008-05-02,6.46999979019165,6.570000171661377,6.429999828338623,6.510000228881836,3.488006591796875,26000
2008-05-05,6.579999923706055,6.75,6.570000171661377,6.679999828338623,3.5790913105010986,27100
2008-05-06,6.840000152587891,6.869999885559082,6.659999847412109,6.659999847412109,3.5683753490448,9000
2008-05-07,6.820000171661377,6.849999904632568,6.510000228881836,6.519999980926514,3.493364095687866,28700
2008-05-08,6.429999828338623,6.53000020980835,6.269999980926514,6.269999980926514,3.3594160079956055,4800
2008-05-09,6.150000095367432,6.159999847412109,6.050000190734863,6.099999904632568,3.2683305740356445,20300
2008-05-12,5.820000171661377,6.659999847412109,5.539999961853027,6.239999771118164,3.3433430194854736,11200
2008-05-13,6.510000228881836,6.510000228881836,6.210000038146973,6.25,3.348700523376465,9100
2008-05-14,6.349999904632568,6.349999904632568,6.039999961853027,6.130000114440918,3.2844059467315674,10000
2008-05-15,6.130000114440918,6.300000190734863,6.099999904632568,6.190000057220459,3.3165528774261475,12500
2008-05-16,6.309999942779541,6.340000152587891,6.150000095367432,6.159999847412109,3.3004794120788574,7900
2008-05-19,6.21999979019165,6.260000228881836,6.150000095367432,6.179999828338623,3.31119441986084,9700
2008-05-20,6.079999923706055,6.210000038146973,5.949999809265137,6.010000228881836,3.220109701156616,5700
2008-05-21,6.090000152587891,6.110000133514404,5.989999771118164,5.989999771118164,3.2093935012817383,6900
2008-05-22,6.059999942779541,6.190000057220459,5.820000171661377,6.099999904632568,3.2683305740356445,19100
2008-05-23,6.03000020980835,6.170000076293945,5.909999847412109,5.909999847412109,3.1665308475494385,5800
2008-05-27,5.989999771118164,6.039999961853027,5.880000114440918,5.900000095367432,3.1611735820770264,6300
2008-05-28,6.0,6.130000114440918,5.940000057220459,6.039999961853027,3.2361841201782227,20800
2008-05-29,5.949999809265137,6.300000190734863,5.949999809265137,6.239999771118164,3.3433430194854736,25400
2008-05-30,6.239999771118164,6.739999771118164,6.239999771118164,6.739999771118164,3.6112396717071533,22700
2008-06-02,6.960000038146973,6.960000038146973,6.019999980926514,6.449999809265137,3.455859661102295,44600
2008-06-03,6.400000095367432,6.539999961853027,6.340000152587891,6.369999885559082,3.4129953384399414,14100
2008-06-04,6.440000057220459,6.920000076293945,6.400000095367432,6.599999904632568,3.536226749420166,33300
2008-06-05,6.679999828338623,6.699999809265137,6.449999809265137,6.550000190734863,3.5094375610351562,17900
2008-06-06,6.409999847412109,6.480000019073486,6.320000171661377,6.340000152587891,3.463007926940918,12400
2008-06-09,6.25,6.769999980926514,6.25,6.360000133514404,3.4739327430725098,8600
2008-06-10,6.239999771118164,6.539999961853027,6.21999979019165,6.269999980926514,3.424774646759033,8400
2008-06-11,6.199999809265137,6.199999809265137,5.619999885559082,5.769999980926514,3.1516659259796143,26300
2008-06-12,5.619999885559082,6.519999980926514,5.619999885559082,5.96999979019165,3.260909080505371,15100
2008-06-13,5.96999979019165,5.96999979019165,5.369999885559082,5.659999847412109,3.091583251953125,28400
2008-06-16,5.71999979019165,5.75,5.5,5.539999961853027,3.0260369777679443,41100
2008-06-17,5.480000019073486,5.590000152587891,5.369999885559082,5.420000076293945,2.960491180419922,33700
2008-06-18,5.420000076293945,5.420000076293945,5.130000114440918,5.300000190734863,2.8949460983276367,31200
2008-06-19,5.199999809265137,5.199999809265137,5.050000190734863,5.110000133514404,2.791163206100464,34200
2008-06-20,5.019999980926514,5.159999847412109,4.960000038146973,5.090000152587891,2.7802393436431885,22100
2008-06-23,5.400000095367432,5.400000095367432,4.75,5.010000228881836,2.736542224884033,35200
2008-06-24,4.909999847412109,5.739999771118164,4.300000190734863,5.079999923706055,2.77477765083313,71900
2008-06-25,5.019999980926514,5.71999979019165,4.980000019073486,5.590000152587891,3.0533478260040283,36600
2008-06-26,5.53000020980835,5.679999828338623,5.210000038146973,5.610000133514404,3.0642714500427246,21000
2008-06-27,5.599999904632568,5.599999904632568,4.989999771118164,5.199999809265137,2.840322494506836,217300
2008-06-30,5.5,6.190000057220459,5.099999904632568,5.800000190734863,3.168053150177002,80100
2008-07-01,5.800000190734863,6.059999942779541,5.199999809265137,5.199999809265137,2.840322494506836,48600
2008-07-02,5.25,5.789999961853027,5.25,5.5,3.004187822341919,31100
2008-07-03,5.5,5.769999980926514,5.300000190734863,5.710000038146973,3.1188931465148926,20000
2008-07-07,5.71999979019165,6.090000152587891,5.269999980926514,5.269999980926514,2.8785576820373535,43200
2008-07-08,5.21999979019165,5.599999904632568,5.170000076293945,5.5,3.004187822341919,17400
2008-07-09,5.460000038146973,5.849999904632568,5.340000152587891,5.760000228881836,3.1462044715881348,60000
2008-07-10,5.699999809265137,5.909999847412109,5.590000152587891,5.820000171661377,3.1789772510528564,55500
2008-07-11,5.699999809265137,5.809999942779541,5.019999980926514,5.019999980926514,2.7420051097869873,111400
2008-07-14,5.050000190734863,5.599999904632568,5.050000190734863,5.53000020980835,3.0205750465393066,45400
2008-07-15,5.429999828338623,5.820000171661377,5.28000020980835,5.739999771118164,3.1352787017822266,15900
2008-07-16,5.829999923706055,6.599999904632568,5.730000019073486,6.369999885559082,3.4793951511383057,29400
2008-07-17,6.420000076293945,6.460000038146973,5.900000095367432,6.0,3.2772955894470215,57000
2008-07-18,5.96999979019165,6.389999866485596,5.699999809265137,5.940000057220459,3.2445218563079834,36900
2008-07-21,5.800000190734863,5.869999885559082,5.610000133514404,5.610000133514404,3.0642714500427246,32700
2008-07-22,5.590000152587891,5.590000152587891,5.300000190734863,5.539999961853027,3.0260369777679443,59900
2008-07-23,5.429999828338623,5.579999923706055,5.340000152587891,5.559999942779541,3.0369603633880615,27600
2008-07-24,5.599999904632568,6.039999961853027,5.559999942779541,5.710000038146973,3.1188931465148926,16100
2008-07-25,5.650000095367432,5.800000190734863,5.559999942779541,5.690000057220459,3.1079695224761963,7300
2008-07-28,5.690000057220459,5.690000057220459,5.449999809265137,5.5,3.004187822341919,12900
2008-07-29,5.46999979019165,6.619999885559082,5.460000038146973,6.380000114440918,3.4848573207855225,52700
2008-07-30,5.300000190734863,6.480000019073486,5.300000190734863,6.480000019073486,3.539480209350586,14800
2008-07-31,6.380000114440918,6.849999904632568,6.159999847412109,6.690000057220459,3.6541848182678223,44400
2008-08-01,6.590000152587891,6.989999771118164,6.579999923706055,6.989999771118164,3.818049669265747,21500
2008-08-04,6.920000076293945,6.920000076293945,6.590000152587891,6.599999904632568,3.605024814605713,21000
2008-08-05,6.639999866485596,6.829999923706055,6.570000171661377,6.630000114440918,3.6214122772216797,9800
2008-08-06,6.559999942779541,7.460000038146973,6.289999961853027,6.739999771118164,3.681495428085327,26700
2008-08-07,6.710000038146973,7.369999885559082,6.699999809265137,6.880000114440918,3.7579658031463623,17500
2008-08-08,6.980000019073486,7.440000057220459,6.980000019073486,7.349999904632568,4.014688014984131,16400
2008-08-11,7.340000152587891,7.400000095367432,7.050000190734863,7.329999923706055,4.003763675689697,256700
2008-08-12,7.320000171661377,7.900000095367432,7.320000171661377,7.590000152587891,4.145780086517334,27000
2008-08-13,7.610000133514404,8.199999809265137,7.550000190734863,7.639999866485596,4.173090934753418,47100
2008-08-14,7.75,7.860000133514404,7.199999809265137,7.380000114440918,4.031075477600098,28900
2008-08-15,7.53000020980835,7.960000038146973,7.309999942779541,7.699999809265137,4.205863952636719,19900
2008-08-18,7.840000152587891,8.25,6.949999809265137,7.360000133514404,4.020147800445557,30600
2008-08-19,7.369999885559082,7.559999942779541,7.139999866485596,7.329999923706055,4.003763675689697,8200
2008-08-20,7.369999885559082,7.71999979019165,6.929999828338623,7.210000038146973,3.938217878341675,22300
2008-08-21,7.210000038146973,7.5,6.809999942779541,7.130000114440918,3.8945207595825195,16100
2008-08-22,7.150000095367432,7.440000057220459,7.039999961853027,7.369999885559082,4.0256123542785645,18500
2008-08-25,7.25,7.25,6.960000038146973,7.159999847412109,3.910907745361328,11400
2008-08-26,7.230000019073486,7.480000019073486,7.190000057220459,7.46999979019165,4.080234527587891,6100
2008-08-27,7.449999809265137,7.449999809265137,7.170000076293945,7.289999961853027,3.98191499710083,11800
2008-08-28,7.28000020980835,7.590000152587891,7.269999980926514,7.340000152587891,4.009225845336914,13500
2008-08-29,7.349999904632568,7.349999904632568,7.289999961853027,7.289999961853027,3.98191499710083,1600
2008-09-02,7.329999923706055,7.420000076293945,7.260000228881836,7.300000190734863,3.987377405166626,10700
2008-09-03,7.369999885559082,7.369999885559082,6.960000038146973,7.010000228881836,3.8289737701416016,10100
2008-09-04,6.980000019073486,6.980000019073486,6.730000019073486,6.809999942779541,3.719731092453003,18600
2008-09-05,6.760000228881836,6.769999980926514,6.519999980926514,6.690000057220459,3.6541848182678223,10100
2008-09-08,7.28000020980835,7.349999904632568,6.559999942779541,6.739999771118164,3.751594305038452,25000
2008-09-09,6.679999828338623,6.679999828338623,6.170000076293945,6.28000020980835,3.4955503940582275,17300
2008-09-10,6.239999771118164,6.239999771118164,5.739999771118164,5.789999961853027,3.2228076457977295,22300
2008-09-11,5.739999771118164,5.739999771118164,5.519999980926514,5.670000076293945,3.1560142040252686,4600
2008-09-12,5.820000171661377,5.820000171661377,5.690000057220459,5.800000190734863,3.22837495803833,2800
2008-09-15,5.78000020980835,5.829999923706055,5.78000020980835,5.800000190734863,3.22837495803833,1300
2008-09-16,5.75,6.429999828338623,5.739999771118164,6.429999828338623,3.579042673110962,10100
2008-09-17,6.389999866485596,6.400000095367432,5.960000038146973,5.960000038146973,3.317432403564453,2500
2008-09-18,5.949999809265137,5.949999809265137,5.809999942779541,5.869999885559082,3.267335891723633,2500
2008-09-19,7.769999980926514,7.769999980926514,5.96999979019165,6.150000095367432,3.4231903553009033,7700
2008-09-22,6.119999885559082,7.119999885559082,6.050000190734863,6.800000190734863,3.7849910259246826,18000
2008-09-23,7.0,7.869999885559082,7.0,7.159999847412109,3.985370635986328,19400
2008-09-24,7.400000095367432,7.400000095367432,6.949999809265137,7.0,3.896313190460205,62200
2008-09-25,7.300000190734863,7.300000190734863,6.0,6.03000020980835,3.3563947677612305,14200
2008-09-26,6.079999923706055,6.079999923706055,5.590000152587891,5.760000228881836,3.2061092853546143,16300
2008-09-29,5.579999923706055,5.710000038146973,5.420000076293945,5.420000076293945,3.016859531402588,6100
2008-09-30,5.420000076293945,5.650000095367432,5.199999809265137,5.5,3.061389684677124,25200
2008-10-01,5.75,5.760000228881836,5.429999828338623,5.480000019073486,3.0502564907073975,5700
2008-10-02,5.380000114440918,5.480000019073486,5.25,5.289999961853027,2.944500207901001,4300
2008-10-03,5.260000228881836,5.409999847412109,5.21999979019165,5.329999923706055,2.966764450073242,4000
2008-10-06,5.360000133514404,5.489999771118164,5.139999866485596,5.460000038146973,3.0391244888305664,13100
2008-10-07,5.5,6.289999961853027,5.449999809265137,5.989999771118164,3.3341307640075684,15000
2008-10-08,5.900000095367432,5.900000095367432,5.480000019073486,5.480000019073486,3.0502564907073975,5300
2008-10-09,5.480000019073486,5.480000019073486,4.809999942779541,4.809999942779541,2.6773242950439453,6900
2008-10-10,4.5,5.190000057220459,4.5,4.760000228881836,2.6494929790496826,15000
2008-10-13,4.800000190734863,5.440000057220459,4.800000190734863,5.260000228881836,2.9278006553649902,8700
2008-10-14,5.099999904632568,5.400000095367432,4.909999847412109,5.019999980926514,2.7942135334014893,19200
2008-10-15,4.800000190734863,5.099999904632568,4.75,4.789999961853027,2.6661911010742188,8400
2008-10-16,4.789999961853027,4.789999961853027,4.789999961853027,4.789999961853027,2.6661911010742188,0
2008-10-17,4.75,5.269999980926514,4.75,4.989999771118164,2.7775142192840576,9100
2008-10-20,4.739999771118164,5.260000228881836,4.739999771118164,5.260000228881836,2.9278006553649902,7500
2008-10-21,5.25,5.829999923706055,5.25,5.820000171661377,3.2395060062408447,14100
2008-10-22,5.670000076293945,5.670000076293945,5.260000228881836,5.260000228881836,2.9278006553649902,4300
2008-10-23,5.260000228881836,5.320000171661377,5.199999809265137,5.289999961853027,2.944500207901001,5500
2008-10-24,5.300000190734863,5.559999942779541,5.289999961853027,5.300000190734863,2.9500668048858643,3700
2008-10-27,5.340000152587891,5.730000019073486,5.239999771118164,5.329999923706055,2.966764450073242,11200
2008-10-28,5.300000190734863,5.46999979019165,4.889999866485596,5.309999942779541,2.955631732940674,17800
2008-10-29,5.28000020980835,5.300000190734863,4.840000152587891,4.840000152587891,2.6940221786499023,4000
2008-10-30,4.880000114440918,5.53000020980835,4.880000114440918,5.130000114440918,2.855441093444824,27300
2008-10-31,5.349999904632568,5.679999828338623,5.349999904632568,5.679999828338623,3.161579132080078,15300
2008-11-03,5.659999847412109,5.840000152587891,5.659999847412109,5.840000152587891,3.2506392002105713,400
2008-11-04,5.75,6.0,5.579999923706055,6.0,3.339695930480957,9600
2008-11-05,5.980000019073486,5.980000019073486,5.630000114440918,5.75,3.200542688369751,4000
2008-11-06,5.519999980926514,5.699999809265137,5.429999828338623,5.5,3.061389684677124,5800
2008-11-07,5.5,5.53000020980835,5.010000228881836,5.289999961853027,2.944500207901001,17900
2008-11-10,5.150000095367432,5.440000057220459,5.039999961853027,5.119999885559082,2.84987473487854,11200
2008-11-11,5.050000190734863,5.050000190734863,4.829999923706055,5.0,2.783080816268921,6100
2008-11-12,4.980000019073486,5.440000057220459,4.909999847412109,5.269999980926514,2.9333670139312744,4400
2008-11-13,5.269999980926514,5.670000076293945,5.21999979019165,5.53000020980835,3.07808780670166,7400
2008-11-14,6.130000114440918,6.400000095367432,6.070000171661377,6.070000171661377,3.3786604404449463,2200
2008-11-17,6.059999942779541,6.059999942779541,5.360000133514404,5.900000095367432,3.2840349674224854,21400
2008-11-18,5.869999885559082,5.960000038146973,5.449999809265137,5.789999961853027,3.2228076457977295,18500
2008-11-19,5.800000190734863,6.28000020980835,5.389999866485596,5.639999866485596,3.139314651489258,24700
2008-11-20,5.699999809265137,6.329999923706055,5.380000114440918,5.949999809265137,3.311866044998169,22400
2008-11-21,5.929999828338623,6.300000190734863,5.699999809265137,6.050000190734863,3.3675267696380615,6500
2008-11-24,6.199999809265137,6.789999961853027,5.900000095367432,6.730000019073486,3.7460269927978516,15700
2008-11-25,7.0,7.53000020980835,6.860000133514404,7.53000020980835,4.191319942474365,9900
2008-11-26,7.090000152587891,8.140000343322754,6.690000057220459,7.449999809265137,4.146790504455566,8900
2008-11-28,7.230000019073486,7.909999847412109,6.900000095367432,7.269999980926514,4.046599388122559,16100
2008-12-01,7.849999904632568,7.849999904632568,6.239999771118164,6.869999885559082,3.8239526748657227,27400
2008-12-02,7.010000228881836,7.440000057220459,6.849999904632568,6.949999809265137,3.868481397628784,6300
2008-12-03,6.800000190734863,6.849999904632568,6.230000019073486,6.519999980926514,3.6291379928588867,11500
2008-12-04,6.420000076293945,6.769999980926514,6.139999866485596,6.519999980926514,3.6291379928588867,20600
2008-12-05,6.460000038146973,6.949999809265137,6.300000190734863,6.300000190734863,3.5066821575164795,14800
2008-12-08,5.900000095367432,6.5,5.800000190734863,6.119999885559082,3.4754478931427,39900
2008-12-09,6.050000190734863,6.190000057220459,4.849999904632568,5.239999771118164,2.9757111072540283,19100
2008-12-10,5.130000114440918,5.809999942779541,5.130000114440918,5.550000190734863,3.1517558097839355,22700
2008-12-11,5.420000076293945,5.539999961853027,5.070000171661377,5.349999904632568,3.038177490234375,10700
2008-12-12,5.269999980926514,5.349999904632568,5.050000190734863,5.150000095367432,2.924600839614868,5400
2008-12-15,5.139999866485596,5.150000095367432,4.900000095367432,5.150000095367432,2.924600839614868,5800
2008-12-16,5.150000095367432,5.150000095367432,5.010000228881836,5.010000228881836,2.8450980186462402,1900
2008-12-17,5.0,5.559999942779541,4.949999809265137,5.199999809265137,2.9529948234558105,15200
2008-12-18,5.110000133514404,5.440000057220459,5.110000133514404,5.139999866485596,2.918922185897827,1300
2008-12-19,5.0,5.25,4.429999828338623,4.849999904632568,2.7542362213134766,60800
2008-12-22,4.849999904632568,5.199999809265137,4.75,5.199999809265137,2.9529948234558105,16500
2008-12-23,5.070000171661377,5.269999980926514,5.0,5.150000095367432,2.924600839614868,8500
2008-12-24,5.21999979019165,5.269999980926514,5.21999979019165,5.269999980926514,2.992746114730835,300
2008-12-26,5.21999979019165,5.230000019073486,5.130000114440918,5.230000019073486,2.970031261444092,400
2008-12-29,5.239999771118164,5.239999771118164,5.190000057220459,5.190000057220459,2.9473166465759277,500
2008-12-30,5.099999904632568,5.269999980926514,5.059999942779541,5.269999980926514,2.992746114730835,600
2008-12-31,5.28000020980835,5.28000020980835,5.28000020980835,5.28000020980835,2.998426675796509,1100
2009-01-02,5.28000020980835,5.28000020980835,5.28000020980835,5.28000020980835,2.998426675796509,1000
2009-01-05,5.010000228881836,5.159999847412109,5.010000228881836,5.159999847412109,2.9302802085876465,1300
2009-01-06,5.28000020980835,5.28000020980835,5.28000020980835,5.28000020980835,2.998426675796509,300
2009-01-07,5.28000020980835,5.71999979019165,5.159999847412109,5.570000171661377,3.1631124019622803,13600
2009-01-08,5.550000190734863,5.610000133514404,5.550000190734863,5.610000133514404,3.1858279705047607,700
2009-01-09,5.559999942779541,5.599999904632568,5.400000095367432,5.559999942779541,3.1574344635009766,3000
2009-01-12,5.670000076293945,5.670000076293945,5.539999961853027,5.599999904632568,3.1801493167877197,1000
2009-01-13,5.5,5.690000057220459,5.289999961853027,5.440000057220459,3.089287519454956,7200
2009-01-14,5.349999904632568,5.510000228881836,5.070000171661377,5.099999904632568,2.896207571029663,12500
2009-01-15,5.079999923706055,5.289999961853027,5.0,5.0,2.839418411254883,2500
2009-01-16,5.239999771118164,5.25,5.239999771118164,5.25,2.9813895225524902,200
2009-01-20,5.25,5.28000020980835,5.139999866485596,5.199999809265137,2.9529948234558105,800
2009-01-21,5.25,5.25,5.179999828338623,5.25,2.9813895225524902,1700
2009-01-22,5.25,5.320000171661377,5.21999979019165,5.25,2.9813895225524902,900
2009-01-23,5.099999904632568,5.300000190734863,5.0,5.300000190734863,3.009784460067749,3800
2009-01-26,5.300000190734863,5.760000228881836,5.300000190734863,5.599999904632568,3.1801493167877197,2100
2009-01-27,5.599999904632568,5.800000190734863,5.559999942779541,5.800000190734863,3.293726682662964,500
2009-01-28,5.650000095367432,5.650000095367432,5.559999942779541,5.570000171661377,3.1631124019622803,300
2009-01-29,5.5,5.599999904632568,5.5,5.579999923706055,3.1687912940979004,2300
2009-01-30,5.639999866485596,5.699999809265137,5.639999866485596,5.699999809265137,3.2369370460510254,800
2009-02-02,5.510000228881836,5.550000190734863,5.5,5.550000190734863,3.1517558097839355,1700
2009-02-03,5.5,5.5,5.5,5.5,3.1233608722686768,300
2009-02-04,5.650000095367432,5.650000095367432,5.619999885559082,5.650000095367432,3.208543062210083,900
2009-02-05,5.599999904632568,5.789999961853027,5.599999904632568,5.789999961853027,3.28804612159729,600
2009-02-06,5.75,5.75,5.269999980926514,5.75,3.2653305530548096,600
2009-02-09,5.75,5.75,5.75,5.75,3.2653305530548096,0
2009-02-10,5.579999923706055,5.579999923706055,5.300000190734863,5.400000095367432,3.0665721893310547,2600
2009-02-11,5.5,5.5,5.5,5.5,3.1233608722686768,500
2009-02-12,5.269999980926514,5.269999980926514,5.25,5.25,2.9813895225524902,900
2009-02-13,5.25,5.25,5.25,5.25,2.9813895225524902,300
2009-02-17,5.25,5.539999961853027,5.25,5.510000228881836,3.1290392875671387,2200
2009-02-18,5.289999961853027,5.340000152587891,5.199999809265137,5.300000190734863,3.009784460067749,6200
2009-02-19,5.440000057220459,5.449999809265137,5.440000057220459,5.449999809265137,3.0949668884277344,300
2009-02-20,5.309999942779541,5.449999809265137,5.150000095367432,5.389999866485596,3.060892343521118,2100
2009-02-23,5.25,5.25,4.369999885559082,4.989999771118164,2.8337390422821045,3100
2009-02-24,5.0,5.190000057220459,5.0,5.0,2.839418411254883,9500
2009-02-25,4.800000190734863,4.880000114440918,4.679999828338623,4.699999809265137,2.669053316116333,2100
2009-02-26,4.699999809265137,5.0,4.630000114440918,4.949999809265137,2.8110241889953613,2600
2009-02-27,5.070000171661377,5.320000171661377,5.070000171661377,5.320000171661377,3.02114200592041,1400
2009-03-02,5.340000152587891,5.340000152587891,4.880000114440918,5.0,2.839418411254883,8500
2009-03-03,4.75,5.139999866485596,4.539999961853027,5.139999866485596,2.918922185897827,32700
2009-03-04,5.139999866485596,5.260000228881836,5.139999866485596,5.199999809265137,2.9529948234558105,1200
2009-03-05,5.340000152587891,5.710000038146973,5.340000152587891,5.510000228881836,3.1290392875671387,3000
2009-03-06,5.329999923706055,5.489999771118164,5.230000019073486,5.289999961853027,3.073838949203491,4800
2009-03-09,5.179999828338623,5.289999961853027,5.179999828338623,5.289999961853027,3.073838949203491,300
2009-03-10,5.239999771118164,5.300000190734863,5.239999771118164,5.300000190734863,3.079648733139038,300
2009-03-11,5.199999809265137,5.380000114440918,5.190000057220459,5.380000114440918,3.1261324882507324,600
2009-03-12,5.300000190734863,5.53000020980835,5.150000095367432,5.519999980926514,3.2074830532073975,1300
2009-03-13,5.480000019073486,5.53000020980835,5.210000038146973,5.210000038146973,3.0273518562316895,1100
2009-03-16,5.25,5.389999866485596,4.989999771118164,4.989999771118164,2.8995180130004883,900
2009-03-17,5.0,5.0,5.0,5.0,2.9053287506103516,600
2009-03-18,5.010000228881836,5.010000228881836,5.010000228881836,5.010000228881836,2.9111392498016357,100
2009-03-19,4.739999771118164,5.090000152587891,4.579999923706055,5.090000152587891,2.957625150680542,3500
2009-03-20,5.190000057220459,5.449999809265137,5.190000057220459,5.449999809265137,3.1668078899383545,3000
2009-03-23,5.449999809265137,5.5,5.320000171661377,5.480000019073486,3.1842403411865234,1400
2009-03-24,5.480000019073486,5.480000019073486,5.46999979019165,5.46999979019165,3.178429126739502,200
2009-03-25,5.5,5.639999866485596,5.409999847412109,5.420000076293945,3.149376153945923,3100
2009-03-26,5.449999809265137,5.460000038146973,5.440000057220459,5.460000038146973,3.1726200580596924,400
2009-03-27,5.460000038146973,5.949999809265137,5.460000038146973,5.820000171661377,3.381803035736084,1100
2009-03-30,5.730000019073486,5.820000171661377,5.710000038146973,5.820000171661377,3.381803035736084,800
2009-03-31,5.679999828338623,5.679999828338623,5.679999828338623,5.679999828338623,3.3004539012908936,100
2009-04-01,5.679999828338623,5.940000057220459,5.679999828338623,5.809999942779541,3.3759922981262207,1800
2009-04-02,5.860000133514404,6.059999942779541,5.820000171661377,5.989999771118164,3.4805843830108643,1100
2009-04-03,5.730000019073486,5.840000152587891,5.690000057220459,5.840000152587891,3.3934245109558105,900
2009-04-06,5.829999923706055,5.829999923706055,5.53000020980835,5.53000020980835,3.213294744491577,400
2009-04-07,5.53000020980835,5.53000020980835,5.519999980926514,5.519999980926514,3.2074830532073975,600
2009-04-08,5.519999980926514,5.519999980926514,5.519999980926514,5.519999980926514,3.2074830532073975,0
2009-04-09,5.659999847412109,5.659999847412109,5.659999847412109,5.659999847412109,3.288832187652588,300
2009-04-13,5.5,5.5,5.5,5.5,3.195861339569092,600
2009-04-14,5.510000228881836,5.510000228881836,5.5,5.5,3.195861339569092,200
2009-04-15,5.510000228881836,5.650000095367432,4.820000171661377,5.300000190734863,3.079648733139038,8200
2009-04-16,5.320000171661377,5.420000076293945,5.320000171661377,5.369999885559082,3.1203229427337646,400
2009-04-17,5.300000190734863,5.380000114440918,5.300000190734863,5.380000114440918,3.1261324882507324,1300
2009-04-20,5.380000114440918,5.380000114440918,5.380000114440918,5.380000114440918,3.1261324882507324,0
2009-04-21,5.380000114440918,5.380000114440918,5.380000114440918,5.380000114440918,3.1261324882507324,0
2009-04-22,5.670000076293945,6.150000095367432,5.670000076293945,6.150000095367432,3.5735549926757812,3200
2009-04-23,6.150000095367432,6.150000095367432,6.150000095367432,6.150000095367432,3.5735549926757812,0
2009-04-24,6.170000076293945,6.25,6.170000076293945,6.25,3.6316616535186768,700
2009-04-27,6.320000171661377,6.320000171661377,6.260000228881836,6.260000228881836,3.6374716758728027,300
2009-04-28,6.0,6.010000228881836,5.949999809265137,5.980000019073486,3.4747729301452637,600
2009-04-29,5.900000095367432,5.949999809265137,5.860000133514404,5.860000133514404,3.4050450325012207,400
2009-04-30,5.980000019073486,5.980000019073486,5.980000019073486,5.980000019073486,3.4747729301452637,100
2009-05-01,6.230000019073486,6.230000019073486,6.150000095367432,6.150000095367432,3.5735549926757812,300
2009-05-04,6.099999904632568,6.199999809265137,6.099999904632568,6.190000057220459,3.5967977046966553,800
2009-05-05,6.03000020980835,6.150000095367432,6.0,6.150000095367432,3.5735549926757812,1700
2009-05-06,6.03000020980835,6.119999885559082,6.03000020980835,6.03000020980835,3.5038256645202637,1600
2009-05-07,6.039999961853027,6.039999961853027,5.849999904632568,5.900000095367432,3.428287982940674,2200
2009-05-08,5.949999809265137,5.949999809265137,5.789999961853027,5.869999885559082,3.410855531692505,1600
2009-05-11,5.949999809265137,5.989999771118164,5.909999847412109,5.960000038146973,3.4631521701812744,2600
2009-05-12,5.960000038146973,5.960000038146973,5.960000038146973,5.960000038146973,3.4631521701812744,0
2009-05-13,5.989999771118164,5.989999771118164,5.920000076293945,5.960000038146973,3.4631521701812744,1100
2009-05-14,5.78000020980835,5.900000095367432,5.78000020980835,5.900000095367432,3.428287982940674,200
2009-05-15,5.71999979019165,5.860000133514404,5.099999904632568,5.340000152587891,3.102890729904175,11300
2009-05-18,5.300000190734863,5.460000038146973,5.289999961853027,5.340000152587891,3.102890729904175,2800
2009-05-19,5.53000020980835,5.989999771118164,5.53000020980835,5.769999980926514,3.352750062942505,1600
2009-05-20,5.78000020980835,5.78000020980835,5.769999980926514,5.769999980926514,3.352750062942505,800
2009-05-21,5.619999885559082,5.78000020980835,4.820000171661377,4.820000171661377,2.8007376194000244,9500
2009-05-22,5.309999942779541,5.829999923706055,4.949999809265137,5.820000171661377,3.381803035736084,17000
2009-05-26,5.96999979019165,6.25,5.920000076293945,6.25,3.6316616535186768,4000
2009-05-27,6.21999979019165,6.5,6.050000190734863,6.050000190734863,3.515448570251465,6200
2009-05-28,6.050000190734863,6.050000190734863,6.050000190734863,6.050000190734863,3.515448570251465,0
2009-05-29,5.960000038146973,6.039999961853027,5.960000038146973,6.039999961853027,3.5096375942230225,600
2009-06-01,6.159999847412109,6.489999771118164,6.159999847412109,6.269999980926514,3.6432831287384033,5000
2009-06-02,6.550000190734863,6.630000114440918,6.53000020980835,6.53000020980835,3.7943613529205322,5400
2009-06-03,6.510000228881836,6.510000228881836,6.349999904632568,6.389999866485596,3.713010549545288,1500
2009-06-04,6.420000076293945,6.420000076293945,6.320000171661377,6.360000133514404,3.695578098297119,3000
2009-06-05,6.5,6.5,6.409999847412109,6.409999847412109,3.72463059425354,1500
2009-06-08,6.150000095367432,6.320000171661377,6.010000228881836,6.170000076293945,3.6564786434173584,3400
2009-06-09,6.340000152587891,6.519999980926514,6.340000152587891,6.46999979019165,3.834266424179077,800
2009-06-10,6.380000114440918,6.5,6.380000114440918,6.5,3.8520448207855225,1700
2009-06-11,6.409999847412109,6.5,6.349999904632568,6.5,3.8520448207855225,1000
2009-06-12,6.289999961853027,6.369999885559082,6.010000228881836,6.010000228881836,3.5616607666015625,1900
2009-06-15,6.21999979019165,6.28000020980835,6.110000133514404,6.28000020980835,3.7216689586639404,800
2009-06-16,6.039999961853027,6.110000133514404,5.840000152587891,5.840000152587891,3.4609148502349854,1100
2009-06-17,6.050000190734863,6.050000190734863,5.710000038146973,5.900000095367432,3.496471643447876,3900
2009-06-18,5.900000095367432,6.300000190734863,5.5,5.5,3.2594223022460938,5900
2009-06-19,5.409999847412109,5.989999771118164,5.300000190734863,5.5,3.2594223022460938,9000
2009-06-22,5.400000095367432,5.5,5.400000095367432,5.5,3.2594223022460938,200
2009-06-23,5.300000190734863,5.300000190734863,5.130000114440918,5.139999866485596,3.0460784435272217,2000
2009-06-24,5.329999923706055,5.329999923706055,5.130000114440918,5.150000095367432,3.05200457572937,400
2009-06-25,5.039999961853027,5.260000228881836,5.039999961853027,5.21999979019165,3.093489646911621,2500
2009-06-26,5.179999828338623,5.179999828338623,5.179999828338623,5.179999828338623,3.069784164428711,600
2009-06-29,5.28000020980835,6.159999847412109,5.28000020980835,5.96999979019165,3.5379552841186523,5600
2009-06-30,5.889999866485596,6.210000038146973,5.880000114440918,6.210000038146973,3.680185079574585,2000
2009-07-01,6.210000038146973,6.25,6.210000038146973,6.25,3.703890562057495,800
2009-07-02,6.25,6.25,6.25,6.25,3.703890562057495,0
2009-07-06,6.099999904632568,6.099999904632568,6.090000152587891,6.090000152587891,3.6090686321258545,400
2009-07-07,6.03000020980835,6.03000020980835,5.739999771118164,5.78000020980835,3.4253573417663574,800
2009-07-08,5.78000020980835,5.78000020980835,5.78000020980835,5.78000020980835,3.4253573417663574,0
2009-07-09,5.840000152587891,5.840000152587891,5.840000152587891,5.840000152587891,3.4609148502349854,100
2009-07-10,5.840000152587891,5.840000152587891,5.840000152587891,5.840000152587891,3.4609148502349854,0
2009-07-13,5.78000020980835,5.829999923706055,5.78000020980835,5.829999923706055,3.454988718032837,200
2009-07-14,5.880000114440918,6.139999866485596,5.849999904632568,5.960000038146973,3.5320286750793457,3700
2009-07-15,5.960000038146973,5.960000038146973,5.960000038146973,5.960000038146973,3.5320286750793457,0
2009-07-16,5.679999828338623,5.679999828338623,5.5,5.5,3.2594223022460938,1000
2009-07-17,5.730000019073486,5.960000038146973,5.5,5.53000020980835,3.2772023677825928,2500
2009-07-20,5.650000095367432,5.960000038146973,5.650000095367432,5.940000057220459,3.5201773643493652,1300
2009-07-21,5.949999809265137,6.46999979019165,5.949999809265137,6.110000133514404,3.6209235191345215,7400
2009-07-22,6.199999809265137,6.199999809265137,6.199999809265137,6.199999809265137,3.6742591857910156,100
2009-07-23,6.260000228881836,6.320000171661377,6.050000190734863,6.070000171661377,3.597217321395874,2200
2009-07-24,6.070000171661377,6.070000171661377,6.070000171661377,6.070000171661377,3.597217321395874,0
2009-07-27,6.050000190734863,6.349999904632568,5.619999885559082,6.010000228881836,3.5616607666015625,8600
2009-07-28,6.010000228881836,6.010000228881836,6.010000228881836,6.010000228881836,3.5616607666015625,0
2009-07-29,6.03000020980835,6.039999961853027,5.989999771118164,6.039999961853027,3.5794379711151123,4400
2009-07-30,6.039999961853027,6.039999961853027,6.039999961853027,6.039999961853027,3.5794379711151123,0
2009-07-31,6.199999809265137,6.349999904632568,6.179999828338623,6.300000190734863,3.733520984649658,6600
2009-08-03,6.380000114440918,6.539999961853027,6.380000114440918,6.5,3.8520448207855225,2800
2009-08-04,6.53000020980835,6.849999904632568,6.5,6.800000190734863,4.0298333168029785,8600
2009-08-05,6.800000190734863,6.800000190734863,6.800000190734863,6.800000190734863,4.0298333168029785,0
2009-08-06,6.900000095367432,6.929999828338623,6.75,6.900000095367432,4.0890936851501465,2800
2009-08-07,6.949999809265137,7.119999885559082,6.920000076293945,7.0,4.14835786819458,2300
2009-08-10,7.0,7.0,7.0,7.0,4.14835786819458,0
2009-08-11,7.059999942779541,7.059999942779541,6.75,6.75,4.000202178955078,24600
2009-08-12,6.849999904632568,8.079999923706055,6.800000190734863,7.840000152587891,4.6461591720581055,73800
2009-08-13,8.0,8.149999618530273,8.0,8.029999732971191,4.7587571144104,6200
2009-08-14,8.0,8.0,8.0,8.0,4.7409772872924805,1000
2009-08-17,7.75,7.75,7.320000171661377,7.650000095367432,4.533560752868652,4000
2009-08-18,7.75,7.760000228881836,7.75,7.760000228881836,4.598748683929443,400
2009-08-19,7.460000038146973,7.46999979019165,7.050000190734863,7.389999866485596,4.3794779777526855,5200
2009-08-20,7.389999866485596,7.389999866485596,7.389999866485596,7.389999866485596,4.3794779777526855,0
2009-08-21,7.389999866485596,7.389999866485596,7.389999866485596,7.389999866485596,4.3794779777526855,0
2009-08-24,7.389999866485596,7.389999866485596,7.389999866485596,7.389999866485596,4.3794779777526855,0
2009-08-25,7.409999847412109,7.610000133514404,7.409999847412109,7.579999923706055,4.4920759201049805,1100
2009-08-26,7.579999923706055,7.579999923706055,7.579999923706055,7.579999923706055,4.4920759201049805,0
2009-08-27,7.550000190734863,7.550000190734863,7.510000228881836,7.510000228881836,4.450593948364258,1300
2009-08-28,7.539999961853027,7.550000190734863,7.5,7.5,4.444668769836426,400
2009-08-31,7.449999809265137,7.449999809265137,7.449999809265137,7.449999809265137,4.415037631988525,300
2009-09-01,7.449999809265137,7.670000076293945,6.769999980926514,7.670000076293945,4.545413494110107,18800
2009-09-02,7.670000076293945,7.670000076293945,7.670000076293945,7.670000076293945,4.545413494110107,0
2009-09-03,7.679999828338623,7.679999828338623,7.559999942779541,7.559999942779541,4.480226993560791,900
2009-09-04,7.559999942779541,7.559999942779541,7.559999942779541,7.559999942779541,4.480226993560791,0
2009-09-08,7.639999866485596,7.699999809265137,7.639999866485596,7.699999809265137,4.563192844390869,600
2009-09-09,7.699999809265137,7.699999809265137,7.699999809265137,7.699999809265137,4.563192844390869,0
2009-09-10,7.369999885559082,7.639999866485596,7.369999885559082,7.639999866485596,4.602349281311035,500
2009-09-11,7.650000095367432,7.650000095367432,7.630000114440918,7.650000095367432,4.608371734619141,700
2009-09-14,7.420000076293945,7.420000076293945,7.21999979019165,7.289999961853027,4.391508102416992,1100
2009-09-15,7.230000019073486,7.5,7.230000019073486,7.5,4.518012046813965,6600
2009-09-16,7.730000019073486,8.359999656677246,7.150000095367432,7.539999961853027,4.542108058929443,24900
2009-09-17,7.260000228881836,7.539999961853027,7.260000228881836,7.539999961853027,4.542108058929443,500
2009-09-18,7.5,8.170000076293945,7.5,7.550000190734863,4.548131465911865,25900
2009-09-21,7.599999904632568,7.610000133514404,7.539999961853027,7.539999961853027,4.542108058929443,700
2009-09-22,6.960000038146973,7.53000020980835,6.960000038146973,7.489999771118164,4.511987209320068,600
2009-09-23,7.539999961853027,7.610000133514404,7.539999961853027,7.599999904632568,4.578253746032715,8800
2009-09-24,7.5,7.5,7.5,7.5,4.518012046813965,700
2009-09-25,7.440000057220459,7.440000057220459,7.300000190734863,7.300000190734863,4.397531509399414,1100
2009-09-28,7.300000190734863,7.300000190734863,7.099999904632568,7.28000020980835,4.385483264923096,1800
2009-09-29,7.130000114440918,7.28000020980835,7.130000114440918,7.28000020980835,4.385483264923096,2000
2009-09-30,7.150000095367432,7.269999980926514,7.130000114440918,7.260000228881836,4.373435974121094,1300
2009-10-01,7.199999809265137,7.25,7.050000190734863,7.25,4.36741304397583,5400
2009-10-02,7.010000228881836,7.010000228881836,6.860000133514404,6.980000019073486,4.204763412475586,2100
2009-10-05,7.050000190734863,7.090000152587891,7.0,7.010000228881836,4.222835540771484,1900
2009-10-06,7.03000020980835,7.03000020980835,7.0,7.0,4.216811180114746,1200
2009-10-07,6.900000095367432,7.019999980926514,6.900000095367432,6.900000095367432,4.156570911407471,1300
2009-10-08,7.090000152587891,7.090000152587891,6.949999809265137,6.980000019073486,4.204763412475586,500
2009-10-09,6.900000095367432,6.949999809265137,6.619999885559082,6.829999923706055,4.114403247833252,12100
2009-10-12,6.809999942779541,7.699999809265137,6.809999942779541,7.599999904632568,4.578253746032715,7900
2009-10-13,7.710000038146973,7.710000038146973,7.599999904632568,7.630000114440918,4.596323490142822,300
2009-10-14,7.550000190734863,7.690000057220459,7.510000228881836,7.690000057220459,4.632468223571777,1500
2009-10-15,7.510000228881836,7.699999809265137,7.510000228881836,7.699999809265137,4.638491630554199,400
2009-10-16,7.5,7.510000228881836,7.449999809265137,7.449999809265137,4.487891674041748,1800
2009-10-19,7.670000076293945,7.699999809265137,7.400000095367432,7.599999904632568,4.578253746032715,2100
2009-10-20,7.510000228881836,7.699999809265137,7.449999809265137,7.519999980926514,4.530059814453125,1700
2009-10-21,7.519999980926514,7.519999980926514,7.519999980926514,7.519999980926514,4.530059814453125,0
2009-10-22,7.619999885559082,7.739999771118164,7.449999809265137,7.449999809265137,4.487891674041748,1200
2009-10-23,7.679999828338623,7.679999828338623,7.559999942779541,7.650000095367432,4.608371734619141,600
2009-10-26,7.599999904632568,7.699999809265137,7.53000020980835,7.679999828338623,4.626443862915039,1300
2009-10-27,7.579999923706055,7.650000095367432,7.579999923706055,7.650000095367432,4.608371734619141,200
2009-10-28,7.480000019073486,7.480000019073486,6.800000190734863,6.800000190734863,4.096331596374512,3200
2009-10-29,7.0,7.0,6.849999904632568,6.909999847412109,4.162593364715576,5600
2009-10-30,7.050000190734863,7.090000152587891,7.050000190734863,7.090000152587891,4.271028995513916,1000
2009-11-02,7.019999980926514,7.260000228881836,6.909999847412109,7.25,4.36741304397583,7300
2009-11-03,7.25,7.25,6.809999942779541,7.199999809265137,4.3372907638549805,3800
2009-11-04,7.5,7.619999885559082,7.400000095367432,7.489999771118164,4.511987209320068,3200
2009-11-05,7.329999923706055,7.340000152587891,7.230000019073486,7.300000190734863,4.397531509399414,6400
2009-11-06,7.309999942779541,7.420000076293945,7.309999942779541,7.420000076293945,4.469819068908691,200
2009-11-09,7.269999980926514,7.340000152587891,7.010000228881836,7.139999866485596,4.301146507263184,1500
2009-11-10,7.119999885559082,7.119999885559082,7.119999885559082,7.119999885559082,4.289100646972656,100
2009-11-11,7.239999771118164,7.539999961853027,7.110000133514404,7.539999961853027,4.542108058929443,2100
2009-11-12,7.599999904632568,7.599999904632568,7.599999904632568,7.599999904632568,4.578253746032715,200
2009-11-13,7.730000019073486,7.730000019073486,7.539999961853027,7.570000171661377,4.5601806640625,900
2009-11-16,7.769999980926514,7.869999885559082,7.550000190734863,7.550000190734863,4.548131465911865,800
2009-11-17,7.550000190734863,7.550000190734863,7.550000190734863,7.550000190734863,4.548131465911865,300
2009-11-18,7.699999809265137,8.0,7.699999809265137,8.0,4.819213390350342,1200
2009-11-19,8.100000381469727,8.100000381469727,7.789999961853027,7.96999979019165,4.801140785217285,3500
2009-11-20,7.800000190734863,7.920000076293945,7.800000190734863,7.800000190734863,4.698732376098633,1300
2009-11-23,7.699999809265137,8.0,7.699999809265137,8.0,4.819213390350342,1700
2009-11-24,8.010000228881836,8.119999885559082,7.900000095367432,7.920000076293945,4.771020412445068,400
2009-11-25,7.920000076293945,7.920000076293945,7.920000076293945,7.920000076293945,4.771020412445068,0
2009-11-27,7.869999885559082,7.880000114440918,7.869999885559082,7.880000114440918,4.746924877166748,200
2009-11-30,7.880000114440918,7.880000114440918,7.210000038146973,7.25,4.36741304397583,5700
2009-12-01,7.409999847412109,8.0,7.409999847412109,7.789999961853027,4.692707061767578,4700
2009-12-02,7.78000020980835,7.840000152587891,7.670000076293945,7.829999923706055,4.716803550720215,2500
2009-12-03,7.800000190734863,7.949999809265137,7.710000038146973,7.75,4.668612957000732,700
2009-12-04,8.0,8.0,7.519999980926514,7.840000152587891,4.722827911376953,5800
2009-12-07,7.840000152587891,8.0,7.710000038146973,7.989999771118164,4.8131890296936035,4200
2009-12-08,7.909999847412109,7.960000038146973,7.739999771118164,7.940000057220459,4.8590850830078125,6500
2009-12-09,7.800000190734863,7.949999809265137,7.670000076293945,7.670000076293945,4.693853855133057,1100
2009-12-10,7.699999809265137,7.820000171661377,7.630000114440918,7.820000171661377,4.785651683807373,3200
2009-12-11,7.800000190734863,7.989999771118164,7.53000020980835,7.699999809265137,4.712212085723877,3000
2009-12-14,7.769999980926514,8.0,7.650000095367432,7.650000095367432,4.681614398956299,8700
2009-12-15,7.769999980926514,7.889999866485596,7.46999979019165,7.710000038146973,4.718332290649414,2800
2009-12-16,7.760000228881836,7.920000076293945,7.429999828338623,7.460000038146973,4.565338611602783,1600
2009-12-17,7.559999942779541,7.829999923706055,7.559999942779541,7.570000171661377,4.632655143737793,1700
2009-12-18,7.570000171661377,7.760000228881836,7.269999980926514,7.760000228881836,4.748931884765625,1200
2009-12-21,7.559999942779541,7.559999942779541,7.260000228881836,7.28000020980835,4.455184459686279,1000
2009-12-22,7.300000190734863,7.46999979019165,7.269999980926514,7.269999980926514,4.449063301086426,500
2009-12-23,7.309999942779541,7.449999809265137,7.260000228881836,7.260000228881836,4.442944526672363,1300
2009-12-24,7.400000095367432,7.400000095367432,7.400000095367432,7.400000095367432,4.528619289398193,400
2009-12-28,7.300000190734863,7.300000190734863,6.860000133514404,7.199999809265137,4.406225204467773,2000
2009-12-29,7.21999979019165,7.400000095367432,7.190000057220459,7.389999866485596,4.522500514984131,4400
2009-12-30,7.369999885559082,7.699999809265137,7.269999980926514,7.639999866485596,4.675495147705078,9500
2009-12-31,7.559999942779541,7.570000171661377,7.559999942779541,7.570000171661377,4.632655143737793,200
2010-01-04,7.710000038146973,7.820000171661377,7.5,7.519999980926514,4.602054595947266,3600
2010-01-05,7.550000190734863,7.659999847412109,7.460000038146973,7.460000038146973,4.565338611602783,1000
2010-01-06,7.730000019073486,7.730000019073486,7.449999809265137,7.599999904632568,4.651015758514404,700
2010-01-07,7.5,7.5,7.5,7.5,4.589816570281982,200
2010-01-08,7.5,7.5,7.429999828338623,7.429999828338623,4.546978950500488,600
2010-01-11,7.300000190734863,7.570000171661377,7.21999979019165,7.489999771118164,4.5836968421936035,5200
2010-01-12,7.510000228881836,7.579999923706055,7.340000152587891,7.480000019073486,4.577577114105225,2600
2010-01-13,7.420000076293945,7.690000057220459,7.420000076293945,7.570000171661377,4.632655143737793,400
2010-01-14,7.570000171661377,7.570000171661377,7.570000171661377,7.570000171661377,4.632655143737793,0
2010-01-15,7.550000190734863,7.809999942779541,7.550000190734863,7.670000076293945,4.693853855133057,2400
2010-01-19,7.800000190734863,7.989999771118164,7.71999979019165,7.849999904632568,4.804008960723877,12700
2010-01-20,7.829999923706055,7.949999809265137,7.730000019073486,7.730000019073486,4.730572700500488,800
2010-01-21,7.929999828338623,7.949999809265137,7.710000038146973,7.760000228881836,4.748931884765625,800
2010-01-22,7.940000057220459,8.489999771118164,7.699999809265137,7.75,4.742811679840088,17300
2010-01-25,7.78000020980835,8.1899995803833,7.75,7.889999866485596,4.828488349914551,3900
2010-01-26,7.920000076293945,7.920000076293945,7.800000190734863,7.800000190734863,4.773409843444824,1000
2010-01-27,7.860000133514404,7.880000114440918,7.849999904632568,7.880000114440918,4.822368621826172,1200
2010-01-28,7.900000095367432,7.929999828338623,7.71999979019165,7.71999979019165,4.724451065063477,300
2010-01-29,7.75,7.960000038146973,7.650000095367432,7.789999961853027,4.767290115356445,3000
2010-02-01,7.71999979019165,7.880000114440918,7.679999828338623,7.880000114440918,4.822368621826172,4000
2010-02-02,7.739999771118164,7.860000133514404,7.690000057220459,7.690000057220459,4.706092357635498,1200
2010-02-03,7.78000020980835,7.900000095367432,7.559999942779541,7.559999942779541,4.626534938812256,4400
2010-02-04,7.599999904632568,7.599999904632568,7.260000228881836,7.599999904632568,4.651015758514404,1700
2010-02-05,7.53000020980835,7.53000020980835,7.199999809265137,7.199999809265137,4.406225204467773,3600
2010-02-08,7.21999979019165,7.28000020980835,7.179999828338623,7.210000038146973,4.412345886230469,600
2010-02-09,7.239999771118164,7.309999942779541,7.190000057220459,7.190000057220459,4.400104999542236,4700
2010-02-10,7.21999979019165,7.239999771118164,7.21999979019165,7.230000019073486,4.424583911895752,700
2010-02-11,7.190000057220459,7.389999866485596,7.190000057220459,7.340000152587891,4.49190092086792,500
2010-02-12,7.349999904632568,7.389999866485596,7.199999809265137,7.199999809265137,4.406225204467773,1800
2010-02-16,7.25,7.309999942779541,7.199999809265137,7.300000190734863,4.467422008514404,1900
2010-02-17,7.380000114440918,7.389999866485596,7.199999809265137,7.199999809265137,4.406225204467773,700
2010-02-18,7.340000152587891,7.5,7.230000019073486,7.230000019073486,4.424583911895752,1800
2010-02-19,7.199999809265137,7.300000190734863,7.199999809265137,7.21999979019165,4.418464660644531,1400
2010-02-22,7.320000171661377,7.53000020980835,7.300000190734863,7.5,4.589816570281982,4500
2010-02-23,7.670000076293945,8.829999923706055,7.670000076293945,8.149999618530273,4.987601280212402,13300
2010-02-24,8.359999656677246,8.359999656677246,8.25,8.25,5.048799514770508,1300
2010-02-25,8.319999694824219,8.5,8.260000228881836,8.260000228881836,5.05491828918457,3600
2010-02-26,8.449999809265137,10.0,8.260000228881836,9.289999961853027,5.685256481170654,8500
2010-03-01,9.300000190734863,9.489999771118164,7.909999847412109,8.199999809265137,5.0182013511657715,12900
2010-03-02,8.279999732971191,8.5,8.279999732971191,8.5,5.201793193817139,3300
2010-03-03,8.59000015258789,8.949999809265137,8.59000015258789,8.9399995803833,5.471062183380127,1400
2010-03-04,8.979999542236328,9.0,8.800000190734863,8.899999618530273,5.4465813636779785,1500
2010-03-05,8.890000343322754,8.890000343322754,8.550000190734863,8.550000190734863,5.232392311096191,5500
2010-03-08,8.319999694824219,8.579999923706055,8.079999923706055,8.079999923706055,5.018126964569092,5500
2010-03-09,8.09000015258789,8.149999618530273,7.920000076293945,8.0,4.968443393707275,4400
2010-03-10,7.960000038146973,8.010000228881836,7.949999809265137,7.949999809265137,4.937390327453613,300
2010-03-11,7.949999809265137,8.25,7.949999809265137,8.020000457763672,4.980865001678467,3600
2010-03-12,8.010000228881836,8.899999618530273,7.989999771118164,8.75,5.434235572814941,6800
2010-03-15,8.9399995803833,8.949999809265137,8.800000190734863,8.869999885559082,5.508762836456299,4700
2010-03-16,8.880000114440918,8.920000076293945,8.850000381469727,8.920000076293945,5.539815425872803,600
2010-03-17,9.119999885559082,9.180000305175781,9.0,9.180000305175781,5.701289176940918,700
2010-03-18,9.300000190734863,9.300000190734863,9.25,9.300000190734863,5.775814533233643,14400
2010-03-19,8.600000381469727,9.180000305175781,8.600000381469727,8.600000381469727,5.341076850891113,3500
2010-03-22,8.479999542236328,8.699999809265137,8.430000305175781,8.600000381469727,5.341076850891113,2600
2010-03-23,8.520000457763672,8.520000457763672,8.359999656677246,8.479999542236328,5.266549587249756,1600
2010-03-24,8.569999694824219,8.569999694824219,8.350000381469727,8.369999885559082,5.1982340812683105,2000
2010-03-25,8.59000015258789,9.100000381469727,8.380000114440918,8.850000381469727,5.496341228485107,5000
2010-03-26,8.729999542236328,8.75,8.729999542236328,8.75,5.434235572814941,200
2010-03-29,8.949999809265137,9.100000381469727,8.739999771118164,8.739999771118164,5.428023338317871,4100
2010-03-30,8.739999771118164,8.739999771118164,8.739999771118164,8.739999771118164,5.428023338317871,0
2010-03-31,8.979999542236328,8.989999771118164,8.979999542236328,8.989999771118164,5.583287715911865,1400
2010-04-01,9.069999694824219,9.100000381469727,8.859999656677246,8.859999656677246,5.50255012512207,600
2010-04-05,9.09000015258789,9.229999542236328,8.989999771118164,9.229999542236328,5.732341766357422,3600
2010-04-06,9.210000038146973,9.210000038146973,9.210000038146973,9.210000038146973,5.7199177742004395,200
2010-04-07,9.210000038146973,9.210000038146973,9.210000038146973,9.210000038146973,5.7199177742004395,0
2010-04-08,9.40999984741211,9.510000228881836,9.40999984741211,9.5,5.900027275085449,700
2010-04-09,9.369999885559082,9.510000228881836,9.359999656677246,9.510000228881836,5.906236171722412,300
2010-04-12,9.449999809265137,9.5,9.390000343322754,9.390000343322754,5.8317108154296875,600
2010-04-13,9.489999771118164,9.5,9.3100004196167,9.350000381469727,5.806869029998779,1600
2010-04-14,9.369999885559082,9.5,9.369999885559082,9.380000114440918,5.825500965118408,800
2010-04-15,9.5,10.600000381469727,9.5,10.5,6.521081924438477,9100
2010-04-16,10.550000190734863,10.550000190734863,10.319999694824219,10.359999656677246,6.4341325759887695,1000
2010-04-19,10.300000190734863,10.300000190734863,10.170000076293945,10.170000076293945,6.316131591796875,1400
2010-04-20,10.170000076293945,10.300000190734863,10.149999618530273,10.300000190734863,6.3968706130981445,1400
2010-04-21,10.119999885559082,10.119999885559082,8.880000114440918,10.100000381469727,6.272658824920654,7600
2010-04-22,10.100000381469727,11.6899995803833,10.100000381469727,11.100000381469727,6.893714904785156,8000
2010-04-23,11.079999923706055,11.079999923706055,10.850000381469727,10.850000381469727,6.738453388214111,500
2010-04-26,10.979999542236328,11.100000381469727,10.890000343322754,10.890000343322754,6.763294696807861,1300
2010-04-27,10.640000343322754,10.779999732971191,10.630000114440918,10.779999732971191,6.694977760314941,500
2010-04-28,10.770000457763672,11.100000381469727,10.640000343322754,11.100000381469727,6.893714904785156,1300
2010-04-29,10.90999984741211,11.34000015258789,10.90999984741211,11.239999771118164,6.980661392211914,1600
2010-04-30,11.210000038146973,11.489999771118164,11.050000190734863,11.300000190734863,7.017926216125488,3500
2010-05-03,11.149999618530273,11.729999542236328,11.069999694824219,11.6899995803833,7.260135650634766,4000
2010-05-04,11.5,12.399999618530273,11.420000076293945,12.0,7.452664852142334,9400
2010-05-05,12.229999542236328,12.319999694824219,11.289999961853027,11.40999984741211,7.086243629455566,6000
2010-05-06,11.279999732971191,11.869999885559082,10.90999984741211,11.869999885559082,7.3719282150268555,6700
2010-05-07,11.869999885559082,11.869999885559082,11.260000228881836,11.649999618530273,7.23529577255249,1200
2010-05-10,11.989999771118164,12.069999694824219,11.770000457763672,12.0600004196167,7.489930152893066,1400
2010-05-11,11.920000076293945,12.609999656677246,11.920000076293945,12.600000381469727,7.825300216674805,1800
2010-05-12,12.5,13.0,12.5,12.899999618530273,8.011614799499512,2000
2010-05-13,12.800000190734863,13.0,12.699999809265137,12.949999809265137,8.042668342590332,3900
2010-05-14,13.09000015258789,13.470000267028809,13.09000015258789,13.40999984741211,8.32835578918457,2000
2010-05-17,13.369999885559082,13.470000267028809,12.770000457763672,12.819999694824219,7.9619317054748535,4400
2010-05-18,12.770000457763672,12.930000305175781,12.600000381469727,12.890000343322754,8.00540542602539,2100
2010-05-19,12.569999694824219,12.569999694824219,10.739999771118164,10.739999771118164,6.6701340675354,13000
2010-05-20,10.720000267028809,10.720000267028809,10.180000305175781,10.5,6.521081924438477,1800
2010-05-21,10.5,10.5,10.050000190734863,10.350000381469727,6.427923679351807,1600
2010-05-24,10.300000190734863,10.460000038146973,9.600000381469727,10.09000015258789,6.26645040512085,3300
2010-05-25,10.430000305175781,10.430000305175781,10.0,10.40999984741211,6.465186595916748,2200
2010-05-26,10.569999694824219,10.960000038146973,10.319999694824219,10.890000343322754,6.763294696807861,1700
2010-05-27,10.920000076293945,11.350000381469727,10.920000076293945,11.329999923706055,7.036556720733643,1300
2010-05-28,11.350000381469727,12.449999809265137,11.350000381469727,12.029999732971191,7.4712982177734375,4600
2010-06-01,12.239999771118164,12.380000114440918,11.84000015258789,12.279999732971191,7.626559734344482,5800
2010-06-02,12.859999656677246,12.859999656677246,12.270000457763672,12.670000076293945,7.868772983551025,6300
2010-06-03,12.579999923706055,12.619999885559082,12.430000305175781,12.4399995803833,7.725930213928223,1600
2010-06-04,12.380000114440918,12.649999618530273,11.800000190734863,12.520000457763672,7.77561092376709,5400
2010-06-07,12.239999771118164,12.390000343322754,12.0,12.34000015258789,7.663825988769531,7500
2010-06-08,12.130000114440918,12.979999542236328,12.130000114440918,12.979999542236328,8.143792152404785,3300
2010-06-09,12.779999732971191,12.899999618530273,11.899999618530273,12.149999618530273,7.623041152954102,5000
2010-06-10,12.140000343322754,12.960000038146973,12.140000343322754,12.800000190734863,8.03085994720459,4600
2010-06-11,12.670000076293945,13.0,12.670000076293945,12.869999885559082,8.07477855682373,1800
2010-06-14,13.0600004196167,14.220000267028809,12.819999694824219,14.050000190734863,8.815125465393066,10800
2010-06-15,14.300000190734863,14.899999618530273,14.300000190734863,14.75,9.254308700561523,13700
2010-06-16,14.989999771118164,15.050000190734863,14.319999694824219,14.510000228881836,9.103731155395508,3000
2010-06-17,14.390000343322754,14.899999618530273,14.359999656677246,14.399999618530273,9.034717559814453,3200
2010-06-18,14.539999961853027,15.050000190734863,14.539999961853027,14.75,9.254308700561523,4900
2010-06-21,14.699999809265137,14.699999809265137,14.550000190734863,14.5600004196167,9.135100364685059,1400
2010-06-22,14.5,14.5,14.260000228881836,14.260000228881836,8.946880340576172,700
2010-06-23,14.069999694824219,14.260000228881836,13.09000015258789,13.25,8.313196182250977,3800
2010-06-24,13.15999984741211,13.25,13.0,13.010000228881836,8.162616729736328,4700
2010-06-25,13.079999923706055,13.079999923706055,11.109999656677246,11.460000038146973,7.190127849578857,90200
2010-06-28,11.579999923706055,11.579999923706055,10.5,10.90999984741211,6.845051288604736,35800
2010-06-29,10.800000190734863,10.800000190734863,10.050000190734863,10.140000343322754,6.3619465827941895,5700
2010-06-30,10.289999961853027,10.289999961853027,9.760000228881836,9.850000381469727,6.179997444152832,2200
2010-07-01,10.100000381469727,10.100000381469727,9.819999694824219,9.920000076293945,6.223917007446289,1600
2010-07-02,10.020000457763672,10.020000457763672,9.630000114440918,9.630000114440918,6.04196834564209,900
2010-07-06,8.5600004196167,9.5,8.5600004196167,9.140000343322754,5.734535217285156,5900
2010-07-07,9.119999885559082,10.180000305175781,8.760000228881836,10.130000114440918,6.355669975280762,13200
2010-07-08,10.470000267028809,11.050000190734863,10.470000267028809,11.010000228881836,6.907793045043945,3100
2010-07-09,11.25,11.350000381469727,11.050000190734863,11.079999923706055,6.951712131500244,2800
2010-07-12,11.0600004196167,11.25,11.0600004196167,11.25,7.0583720207214355,3700
2010-07-13,11.229999542236328,11.539999961853027,11.170000076293945,11.430000305175781,7.17130708694458,3400
2010-07-14,11.149999618530273,11.699999809265137,11.140000343322754,11.699999809265137,7.340706825256348,3900
2010-07-15,11.399999618530273,11.4399995803833,11.199999809265137,11.369999885559082,7.133660793304443,3900
2010-07-16,11.399999618530273,11.5,11.380000114440918,11.5,7.2152252197265625,4900
2010-07-19,11.449999809265137,11.75,11.40999984741211,11.75,7.3720784187316895,5400
2010-07-20,11.5,12.1899995803833,11.5,12.140000343322754,7.616766929626465,6300
2010-07-21,12.5,12.529999732971191,12.010000228881836,12.25,7.685783863067627,4700
2010-07-22,12.1899995803833,12.649999618530273,12.1899995803833,12.600000381469727,7.905380725860596,8300
2010-07-23,12.819999694824219,12.829999923706055,12.529999732971191,12.729999542236328,7.986937999725342,3100
2010-07-26,12.9399995803833,13.069999694824219,12.90999984741211,13.069999694824219,8.200258255004883,3300
2010-07-27,13.220000267028809,13.460000038146973,13.220000267028809,13.390000343322754,8.401032447814941,1900
2010-07-28,13.130000114440918,13.399999618530273,13.100000381469727,13.239999771118164,8.306918144226074,3300
2010-07-29,13.229999542236328,13.369999885559082,13.0,13.199999809265137,8.281824111938477,2100
2010-07-30,13.25,13.25,13.020000457763672,13.050000190734863,8.187710762023926,3700
2010-08-02,13.109999656677246,13.109999656677246,12.319999694824219,12.960000038146973,8.131243705749512,4500
2010-08-03,13.039999961853027,13.039999961853027,12.5,12.5,7.8426384925842285,1600
2010-08-04,12.720000267028809,12.720000267028809,12.050000190734863,12.050000190734863,7.560301780700684,4700
2010-08-05,12.069999694824219,12.069999694824219,11.930000305175781,12.039999961853027,7.554027080535889,3100
2010-08-06,11.890000343322754,12.1899995803833,11.890000343322754,12.010000228881836,7.535201549530029,1500
2010-08-09,11.899999618530273,12.0,11.899999618530273,12.0,7.528929233551025,400
2010-08-10,12.25,12.25,12.050000190734863,12.199999809265137,7.654410362243652,800
2010-08-11,12.0,12.029999732971191,11.199999809265137,11.289999961853027,7.083469390869141,5800
2010-08-12,10.899999618530273,10.920000076293945,10.899999618530273,10.920000076293945,6.851326942443848,900
2010-08-13,10.899999618530273,10.899999618530273,10.430000305175781,10.550000190734863,6.6191864013671875,900
2010-08-16,11.40999984741211,11.40999984741211,10.029999732971191,10.15999984741211,6.374495506286621,4800
2010-08-17,10.15999984741211,10.220000267028809,9.8100004196167,9.890000343322754,6.205095291137695,3000
2010-08-18,9.800000190734863,10.100000381469727,9.779999732971191,9.8100004196167,6.154901504516602,6100
2010-08-19,9.890000343322754,10.029999732971191,9.8100004196167,9.84000015258789,6.173720359802246,2700
2010-08-20,9.739999771118164,10.0,9.739999771118164,10.0,6.274107933044434,3500
2010-08-23,10.109999656677246,10.65999984741211,10.0,10.5,6.587813377380371,5100
2010-08-24,10.829999923706055,12.010000228881836,10.829999923706055,11.710000038146973,7.346982479095459,6300
2010-08-25,11.899999618530273,11.899999618530273,11.699999809265137,11.899999618530273,7.466187477111816,1600
2010-08-26,11.979999542236328,12.0,11.670000076293945,11.899999618530273,7.466187477111816,3600
2010-08-27,12.130000114440918,12.149999618530273,12.0,12.149999618530273,7.623041152954102,1100
2010-08-30,12.149999618530273,12.149999618530273,12.149999618530273,12.149999618530273,7.623041152954102,0
2010-08-31,12.40999984741211,12.40999984741211,11.789999961853027,11.800000190734863,7.403450012207031,1500
2010-09-01,12.149999618530273,12.25,11.949999809265137,12.069999694824219,7.572848320007324,5600
2010-09-02,12.029999732971191,12.029999732971191,11.579999923706055,11.75,7.3720784187316895,2200
2010-09-03,11.869999885559082,11.869999885559082,11.869999885559082,11.869999885559082,7.447366714477539,300
2010-09-07,11.760000228881836,11.760000228881836,11.15999984741211,11.289999961853027,7.083469390869141,2300
2010-09-08,11.350000381469727,11.350000381469727,11.3100004196167,11.350000381469727,7.200841426849365,800
2010-09-09,11.460000038146973,11.550000190734863,11.350000381469727,11.350000381469727,7.200841426849365,900
2010-09-10,11.239999771118164,11.739999771118164,11.239999771118164,11.510000228881836,7.302348613739014,1200
2010-09-13,11.550000190734863,12.119999885559082,11.40999984741211,12.050000190734863,7.6449432373046875,4300
2010-09-14,12.5,13.100000381469727,12.25,12.75,8.089046478271484,29800
2010-09-15,12.699999809265137,13.270000457763672,12.699999809265137,12.9399995803833,8.209592819213867,6000
2010-09-16,12.680000305175781,12.930000305175781,12.390000343322754,12.920000076293945,8.196903228759766,2000
2010-09-17,12.9399995803833,13.079999923706055,12.789999961853027,13.079999923706055,8.298412322998047,3100
2010-09-20,13.079999923706055,13.84000015258789,13.079999923706055,13.710000038146973,8.698104858398438,5200
2010-09-21,13.550000190734863,13.829999923706055,13.510000228881836,13.619999885559082,8.641007423400879,600
2010-09-22,13.479999542236328,13.5600004196167,13.470000267028809,13.470000267028809,8.545844078063965,1000
2010-09-23,13.25,13.75,12.850000381469727,13.699999809265137,8.691761016845703,3700
2010-09-24,13.800000190734863,13.829999923706055,13.460000038146973,13.800000190734863,8.755206108093262,7500
2010-09-27,15.289999961853027,15.289999961853027,13.600000381469727,13.600000381469727,8.628318786621094,2300
2010-09-28,13.25,13.710000038146973,12.600000381469727,12.859999656677246,8.15883731842041,3800
2010-09-29,12.720000267028809,13.069999694824219,12.699999809265137,13.069999694824219,8.292068481445312,800
2010-09-30,12.930000305175781,13.229999542236328,12.529999732971191,13.229999542236328,8.393576622009277,4900
2010-10-01,13.210000038146973,13.210000038146973,12.0600004196167,12.0600004196167,7.6512861251831055,6100
2010-10-04,11.880000114440918,12.0,11.289999961853027,11.289999961853027,7.1627726554870605,2000
2010-10-05,11.289999961853027,11.4399995803833,11.289999961853027,11.4399995803833,7.257936954498291,900
2010-10-06,11.039999961853027,11.039999961853027,10.539999961853027,10.850000381469727,6.88361930847168,2100
2010-10-07,10.449999809265137,10.550000190734863,10.0,10.350000381469727,6.566402912139893,4300
2010-10-08,10.430000305175781,10.449999809265137,10.300000190734863,10.449999809265137,6.629846572875977,1000
2010-10-11,10.460000038146973,10.670000076293945,10.220000267028809,10.3100004196167,6.541028022766113,2900
2010-10-12,10.369999885559082,10.75,10.050000190734863,10.609999656677246,6.731359004974365,5200
2010-10-13,10.630000114440918,10.710000038146973,10.149999618530273,10.649999618530273,6.756735324859619,2200
2010-10-14,10.550000190734863,10.550000190734863,10.170000076293945,10.210000038146973,6.477582931518555,4100
2010-10-15,10.329999923706055,10.329999923706055,9.65999984741211,9.670000076293945,6.134989261627197,4500
2010-10-18,9.770000457763672,10.84000015258789,9.770000457763672,10.84000015258789,6.877279281616211,6400
2010-10-19,10.949999809265137,12.510000228881836,10.449999809265137,12.050000190734863,7.6449432373046875,10600
2010-10-20,11.90999984741211,12.739999771118164,11.90999984741211,12.100000381469727,7.676665782928467,12500
2010-10-21,12.0600004196167,12.140000343322754,11.5,12.100000381469727,7.676665782928467,2900
2010-10-22,12.100000381469727,12.100000381469727,11.539999961853027,12.0,7.613220691680908,1000
2010-10-25,11.739999771118164,11.800000190734863,11.739999771118164,11.779999732971191,7.473643779754639,1400
2010-10-26,11.979999542236328,11.979999542236328,11.979999542236328,11.979999542236328,7.600531101226807,200
2010-10-27,11.930000305175781,11.930000305175781,11.65999984741211,11.779999732971191,7.473643779754639,1100
2010-10-28,11.8100004196167,12.0,10.630000114440918,12.0,7.613220691680908,600
2010-10-29,11.800000190734863,11.800000190734863,11.270000457763672,11.619999885559082,7.37213659286499,2400
2010-11-01,11.520000457763672,11.520000457763672,10.5600004196167,10.930000305175781,6.934375762939453,11800
2010-11-02,11.149999618530273,11.520000457763672,11.149999618530273,11.380000114440918,7.219871997833252,5900
2010-11-03,11.4399995803833,11.84000015258789,11.0,11.170000076293945,7.086641788482666,2400
2010-11-04,11.229999542236328,11.229999542236328,11.229999542236328,11.229999542236328,7.124706268310547,300
2010-11-05,11.15999984741211,11.199999809265137,10.880000114440918,11.199999809265137,7.1056718826293945,1500
2010-11-08,11.449999809265137,11.739999771118164,11.260000228881836,11.5,7.296004295349121,5600
2010-11-09,11.779999732971191,11.800000190734863,11.100000381469727,11.460000038146973,7.270627498626709,4100
2010-11-10,11.449999809265137,11.800000190734863,11.449999809265137,11.449999809265137,7.264280319213867,2100
2010-11-11,11.350000381469727,11.350000381469727,11.350000381469727,11.350000381469727,7.200841426849365,200
2010-11-12,11.5,11.539999961853027,11.100000381469727,11.420000076293945,7.245250225067139,1400
2010-11-15,11.630000114440918,11.630000114440918,11.630000114440918,11.630000114440918,7.378484725952148,200
2010-11-16,11.319999694824219,11.5,11.319999694824219,11.40999984741211,7.23890495300293,900
2010-11-17,11.529999732971191,11.529999732971191,11.130000114440918,11.489999771118164,7.2896575927734375,800
2010-11-18,11.510000228881836,11.699999809265137,11.479999542236328,11.640000343322754,7.384825229644775,1800
2010-11-19,11.640000343322754,11.640000343322754,11.399999618530273,11.550000190734863,7.327725887298584,1200
2010-11-22,11.75,11.75,11.539999961853027,11.75,7.454614162445068,3600
2010-11-23,11.630000114440918,11.630000114440918,11.229999542236328,11.520000457763672,7.30869197845459,1100
2010-11-24,11.899999618530273,11.899999618530273,11.760000228881836,11.789999961853027,7.479989528656006,800
2010-11-26,11.899999618530273,11.899999618530273,11.899999618530273,11.899999618530273,7.549777984619141,200
2010-11-29,12.050000190734863,12.050000190734863,11.930000305175781,12.0,7.613220691680908,3200
2010-11-30,11.789999961853027,11.829999923706055,11.789999961853027,11.829999923706055,7.505366325378418,900
2010-12-01,11.899999618530273,11.899999618530273,11.25,11.300000190734863,7.1691179275512695,7900
2010-12-02,11.25,11.390000343322754,11.149999618530273,11.289999961853027,7.1627726554870605,2300
2010-12-03,11.229999542236328,11.350000381469727,11.15999984741211,11.350000381469727,7.200841426849365,3800
2010-12-06,11.479999542236328,11.520000457763672,11.199999809265137,11.3100004196167,7.175461769104004,600
2010-12-07,11.149999618530273,11.550000190734863,11.140000343322754,11.550000190734863,7.327725887298584,4900
2010-12-08,11.550000190734863,11.550000190734863,11.550000190734863,11.550000190734863,7.407898902893066,0
2010-12-09,11.550000190734863,11.8100004196167,11.40999984741211,11.75,7.5361738204956055,2100
2010-12-10,12.0,12.119999885559082,11.949999809265137,12.119999885559082,7.773484230041504,2900
2010-12-13,12.029999732971191,12.029999732971191,11.600000381469727,11.779999732971191,7.555416107177734,3200
2010-12-14,11.350000381469727,12.010000228881836,11.350000381469727,11.970000267028809,7.677277565002441,4200
2010-12-15,12.0,12.119999885559082,11.59000015258789,11.640000343322754,7.465622425079346,1100
2010-12-16,11.640000343322754,11.890000343322754,11.640000343322754,11.890000343322754,7.625968933105469,1700
2010-12-17,11.829999923706055,11.829999923706055,11.630000114440918,11.8100004196167,7.574656963348389,4500
2010-12-20,11.819999694824219,12.039999961853027,11.739999771118164,11.789999961853027,7.561828136444092,2300
2010-12-21,11.539999961853027,11.770000457763672,11.300000190734863,11.520000457763672,7.388659477233887,2500
2010-12-22,11.739999771118164,11.90999984741211,11.520000457763672,11.600000381469727,7.439965724945068,2000
2010-12-23,11.550000190734863,11.569999694824219,11.510000228881836,11.510000228881836,7.382242679595947,1700
2010-12-27,11.510000228881836,11.510000228881836,11.510000228881836,11.510000228881836,7.382242679595947,0
2010-12-28,11.529999732971191,11.699999809265137,11.529999732971191,11.59000015258789,7.4335503578186035,900
2010-12-29,11.59000015258789,11.59000015258789,11.59000015258789,11.59000015258789,7.4335503578186035,0
2010-12-30,11.5,11.579999923706055,11.5,11.5,7.375827789306641,500
2010-12-31,11.5,11.5,11.5,11.5,7.375827789306641,200
2011-01-03,11.579999923706055,11.579999923706055,11.460000038146973,11.539999961853027,7.40148401260376,1700
2011-01-04,11.5,11.5,11.5,11.5,7.375827789306641,300
2011-01-05,11.529999732971191,11.529999732971191,11.529999732971191,11.529999732971191,7.395069122314453,300
2011-01-06,11.5600004196167,11.5600004196167,11.260000228881836,11.5,7.375827789306641,1200
2011-01-07,11.520000457763672,12.0,11.520000457763672,11.800000190734863,7.568241596221924,4900
2011-01-10,11.739999771118164,12.199999809265137,11.729999542236328,12.149999618530273,7.792724609375,3200
2011-01-11,12.109999656677246,12.25,12.109999656677246,12.119999885559082,7.773484230041504,1300
2011-01-12,12.25,12.4399995803833,12.180000305175781,12.300000190734863,7.888930320739746,1700
2011-01-13,12.359999656677246,12.369999885559082,12.270000457763672,12.270000457763672,7.869690418243408,1000
2011-01-14,12.319999694824219,12.319999694824219,12.239999771118164,12.239999771118164,7.850449562072754,1000
2011-01-18,12.5,12.5,12.25,12.25,7.856860637664795,500
2011-01-19,12.300000190734863,12.479999542236328,12.300000190734863,12.350000381469727,7.921002388000488,600
2011-01-20,12.420000076293945,13.5,12.329999923706055,12.550000190734863,8.049275398254395,15100
2011-01-21,12.300000190734863,12.779999732971191,11.760000228881836,12.65999984741211,8.119827270507812,9000
2011-01-24,12.699999809265137,13.75,12.180000305175781,13.75,8.818926811218262,11800
2011-01-25,13.649999618530273,13.649999618530273,13.399999618530273,13.399999618530273,8.594443321228027,1600
2011-01-26,13.390000343322754,13.420000076293945,13.300000190734863,13.420000076293945,8.607270240783691,1700
2011-01-27,13.40999984741211,13.739999771118164,13.40999984741211,13.649999618530273,8.754789352416992,2400
2011-01-28,13.800000190734863,13.800000190734863,13.579999923706055,13.579999923706055,8.709893226623535,1900
2011-01-31,13.649999618530273,13.649999618530273,13.600000381469727,13.600000381469727,8.722722053527832,500
2011-02-01,13.600000381469727,13.680000305175781,13.600000381469727,13.680000305175781,8.774031639099121,700
2011-02-02,13.779999732971191,13.930000305175781,13.779999732971191,13.899999618530273,8.915133476257324,1200
2011-02-03,13.979999542236328,14.0,13.979999542236328,14.0,8.979269981384277,1500
2011-02-04,13.609999656677246,14.050000190734863,13.609999656677246,13.899999618530273,8.915133476257324,3800
2011-02-07,14.020000457763672,14.050000190734863,13.800000190734863,13.800000190734863,8.850993156433105,3500
2011-02-08,13.989999771118164,14.149999618530273,13.800000190734863,14.149999618530273,9.075478553771973,7200
2011-02-09,14.100000381469727,14.100000381469727,14.0,14.0,8.979269981384277,3600
2011-02-10,14.0,14.0,13.890000343322754,13.899999618530273,8.915133476257324,800
2011-02-11,14.0,14.300000190734863,13.930000305175781,14.300000190734863,9.171683311462402,1300
2011-02-14,14.449999809265137,14.449999809265137,14.3100004196167,14.449999809265137,9.267888069152832,900
2011-02-15,14.600000381469727,14.899999618530273,14.550000190734863,14.600000381469727,9.364093780517578,2500
2011-02-16,14.649999618530273,14.699999809265137,14.649999618530273,14.699999809265137,9.42823600769043,500
2011-02-17,14.699999809265137,14.699999809265137,14.699999809265137,14.699999809265137,9.42823600769043,100
2011-02-18,14.710000038146973,14.9399995803833,14.630000114440918,14.9399995803833,9.58216667175293,1800
2011-02-22,14.949999809265137,15.100000381469727,14.859999656677246,14.9399995803833,9.58216667175293,2600
2011-02-23,14.84000015258789,15.050000190734863,14.75,15.050000190734863,9.652714729309082,6400
2011-02-24,15.100000381469727,15.100000381469727,14.899999618530273,14.949999809265137,9.588576316833496,3000
2011-02-25,14.949999809265137,15.039999961853027,14.949999809265137,15.0,9.620646476745605,900
2011-02-28,14.899999618530273,15.100000381469727,14.899999618530273,15.100000381469727,9.684784889221191,600
2011-03-01,15.010000228881836,15.010000228881836,14.520000457763672,14.649999618530273,9.396162986755371,1400
2011-03-02,14.65999984741211,14.899999618530273,14.65999984741211,14.75,9.460301399230957,1500
2011-03-03,14.600000381469727,14.609999656677246,12.649999618530273,13.350000381469727,8.56237506866455,5200
2011-03-04,13.199999809265137,13.199999809265137,13.15999984741211,13.15999984741211,8.440516471862793,700
2011-03-07,13.010000228881836,13.09000015258789,13.0,13.010000228881836,8.344305992126465,1300
2011-03-08,13.010000228881836,13.300000190734863,12.859999656677246,13.199999809265137,8.466171264648438,3400
2011-03-09,13.0,13.600000381469727,13.0,13.600000381469727,8.722722053527832,4300
2011-03-10,13.619999885559082,13.770000457763672,13.350000381469727,13.350000381469727,8.641803741455078,5100
2011-03-11,13.399999618530273,13.399999618530273,13.399999618530273,13.399999618530273,8.674169540405273,800
2011-03-14,13.350000381469727,13.399999618530273,13.199999809265137,13.289999961853027,8.602967262268066,2300
2011-03-15,13.199999809265137,13.399999618530273,13.199999809265137,13.25,8.577073097229004,4100
2011-03-16,13.300000190734863,13.300000190734863,13.199999809265137,13.289999961853027,8.602967262268066,1000
2011-03-17,13.239999771118164,13.300000190734863,13.210000038146973,13.25,8.577073097229004,900
2011-03-18,13.1899995803833,13.279999732971191,13.180000305175781,13.279999732971191,8.596492767333984,2500
2011-03-21,13.329999923706055,13.4399995803833,13.329999923706055,13.4399995803833,8.700064659118652,900
2011-03-22,13.5,14.850000381469727,13.5,14.649999618530273,9.483325004577637,20400
2011-03-23,14.649999618530273,14.649999618530273,14.649999618530273,14.649999618530273,9.483325004577637,0
2011-03-24,15.649999618530273,15.710000038146973,15.100000381469727,15.6899995803833,10.156546592712402,9300
2011-03-25,15.59000015258789,17.899999618530273,15.34000015258789,16.0,10.357219696044922,16900
2011-03-28,15.850000381469727,16.25,15.850000381469727,16.25,10.51905345916748,900
2011-03-29,15.5,16.5,15.399999618530273,15.569999694824219,10.078866958618164,15400
2011-03-30,15.399999618530273,15.550000190734863,15.300000190734863,15.539999961853027,10.059449195861816,1800
2011-03-31,15.59000015258789,15.760000228881836,15.59000015258789,15.760000228881836,10.201860427856445,1500
2011-04-01,15.829999923706055,16.0,15.699999809265137,15.979999542236328,10.344271659851074,1800
2011-04-04,15.6899995803833,15.9399995803833,15.6899995803833,15.9399995803833,10.318384170532227,500
2011-04-05,15.899999618530273,15.899999618530273,15.649999618530273,15.739999771118164,10.188915252685547,1900
2011-04-06,15.5,15.5,14.489999771118164,14.850000381469727,9.612794876098633,9000
2011-04-07,14.850000381469727,14.850000381469727,14.850000381469727,14.850000381469727,9.612794876098633,0
2011-04-08,14.75,14.75,14.649999618530273,14.649999618530273,9.483325004577637,1500
2011-04-11,14.539999961853027,14.739999771118164,14.5,14.739999771118164,9.541584968566895,1400
2011-04-12,14.449999809265137,14.850000381469727,14.449999809265137,14.649999618530273,9.483325004577637,1700
2011-04-13,14.600000381469727,14.75,14.600000381469727,14.75,9.54805850982666,1000
2011-04-14,14.739999771118164,14.84000015258789,14.739999771118164,14.84000015258789,9.606321334838867,2700
2011-04-15,14.640000343322754,14.760000228881836,14.640000343322754,14.75,9.54805850982666,1400
2011-04-18,14.84000015258789,15.149999618530273,14.84000015258789,14.979999542236328,9.696946144104004,700
2011-04-19,14.6899995803833,14.979999542236328,14.59000015258789,14.710000038146973,9.522170066833496,800
2011-04-20,14.8100004196167,14.8100004196167,14.8100004196167,14.8100004196167,9.58690071105957,300
2011-04-21,14.710000038146973,14.710000038146973,14.710000038146973,14.710000038146973,9.522170066833496,400
2011-04-25,14.5,14.600000381469727,14.5,14.5,9.386228561401367,1800
2011-04-26,14.3100004196167,14.539999961853027,14.3100004196167,14.5,9.386228561401367,7800
2011-04-27,14.3100004196167,14.319999694824219,14.279999732971191,14.279999732971191,9.243819236755371,600
2011-04-28,14.25,14.25,14.25,14.25,9.224400520324707,200
2011-04-29,14.0,14.050000190734863,13.8100004196167,14.050000190734863,9.094931602478027,1300
2011-05-02,14.039999961853027,14.640000343322754,13.949999809265137,14.4399995803833,9.347387313842773,4500
2011-05-03,14.4399995803833,14.640000343322754,14.4399995803833,14.550000190734863,9.418597221374512,600
2011-05-04,14.4399995803833,14.75,14.4399995803833,14.640000343322754,9.476853370666504,1600
2011-05-05,14.65999984741211,14.789999961853027,13.90999984741211,14.0,9.062566757202148,6700
2011-05-06,13.960000038146973,13.960000038146973,13.9399995803833,13.9399995803833,9.023725509643555,500
2011-05-09,13.640000343322754,14.470000267028809,13.640000343322754,14.199999809265137,9.192030906677246,3700
2011-05-10,14.0,14.149999618530273,13.989999771118164,14.079999923706055,9.11435317993164,3000
2011-05-11,13.880000114440918,13.9399995803833,13.850000381469727,13.850000381469727,8.96546745300293,700
2011-05-12,13.859999656677246,14.020000457763672,13.850000381469727,13.949999809265137,9.030200004577637,1000
2011-05-13,13.949999809265137,13.949999809265137,13.949999809265137,13.949999809265137,9.030200004577637,0
2011-05-16,13.649999618530273,13.920000076293945,13.649999618530273,13.75,8.900734901428223,2200
2011-05-17,13.949999809265137,14.1899995803833,13.880000114440918,14.050000190734863,9.094931602478027,2200
2011-05-18,14.0600004196167,14.329999923706055,14.0600004196167,14.329999923706055,9.27618408203125,1200
2011-05-19,14.25,14.399999618530273,13.880000114440918,13.880000114440918,8.98488712310791,3800
2011-05-20,13.789999961853027,13.789999961853027,13.210000038146973,13.399999618530273,8.674169540405273,2600
2011-05-23,13.579999923706055,13.699999809265137,13.430000305175781,13.430000305175781,8.693591117858887,600
2011-05-24,13.399999618530273,13.399999618530273,13.399999618530273,13.399999618530273,8.674169540405273,500
2011-05-25,13.390000343322754,13.5600004196167,13.329999923706055,13.449999809265137,8.706538200378418,1700
2011-05-26,13.449999809265137,13.449999809265137,13.449999809265137,13.449999809265137,8.706538200378418,400
2011-05-27,13.630000114440918,13.649999618530273,13.369999885559082,13.449999809265137,8.706538200378418,2500
2011-05-31,13.850000381469727,13.850000381469727,13.710000038146973,13.760000228881836,8.907210350036621,2500
2011-06-01,13.5600004196167,13.569999694824219,13.369999885559082,13.369999885559082,8.65475082397461,800
2011-06-02,13.369999885559082,13.369999885559082,13.369999885559082,13.369999885559082,8.65475082397461,0
2011-06-03,13.369999885559082,13.670000076293945,13.369999885559082,13.430000305175781,8.693591117858887,1500
2011-06-06,13.380000114440918,13.5,13.140000343322754,13.229999542236328,8.564125061035156,2000
2011-06-07,13.220000267028809,13.220000267028809,13.119999885559082,13.119999885559082,8.492918968200684,500
2011-06-08,12.890000343322754,12.890000343322754,12.890000343322754,12.890000343322754,8.424297332763672,400
2011-06-09,12.890000343322754,12.890000343322754,12.529999732971191,12.850000381469727,8.398155212402344,500
2011-06-10,12.649999618530273,12.649999618530273,12.649999618530273,12.649999618530273,8.267441749572754,300
2011-06-13,12.449999809265137,12.670000076293945,12.449999809265137,12.5,8.169410705566406,5700
2011-06-14,12.680000305175781,12.680000305175781,12.680000305175781,12.680000305175781,8.287052154541016,1200
2011-06-15,12.510000228881836,12.510000228881836,12.510000228881836,12.510000228881836,8.175945281982422,300
2011-06-16,12.319999694824219,12.319999694824219,11.869999885559082,12.079999923706055,7.894918441772461,1100
2011-06-17,12.149999618530273,12.149999618530273,11.699999809265137,11.75,7.6792449951171875,3100
2011-06-20,12.25,12.25,12.25,12.25,8.006023406982422,1300
2011-06-21,12.449999809265137,12.5,12.34000015258789,12.5,8.169410705566406,600
2011-06-22,12.479999542236328,12.699999809265137,12.300000190734863,12.579999923706055,8.221697807312012,1300
2011-06-23,12.520000457763672,13.039999961853027,12.520000457763672,13.010000228881836,8.50271987915039,1100
2011-06-24,13.210000038146973,13.539999961853027,12.819999694824219,13.539999961853027,8.849105834960938,14500
2011-06-27,13.3100004196167,13.380000114440918,13.180000305175781,13.380000114440918,8.744535446166992,2900
2011-06-28,13.510000228881836,13.699999809265137,13.3100004196167,13.489999771118164,8.816427230834961,5000
2011-06-29,13.289999961853027,13.289999961853027,13.180000305175781,13.180000305175781,8.61383056640625,1100
2011-06-30,13.180000305175781,13.180000305175781,13.180000305175781,13.180000305175781,8.61383056640625,500
2011-07-01,13.180000305175781,13.180000305175781,13.180000305175781,13.180000305175781,8.61383056640625,600
2011-07-05,12.930000305175781,13.229999542236328,12.930000305175781,13.119999885559082,8.57461166381836,1900
2011-07-06,13.180000305175781,13.180000305175781,13.180000305175781,13.180000305175781,8.61383056640625,300
2011-07-07,13.380000114440918,13.84000015258789,13.369999885559082,13.600000381469727,8.888321876525879,3200
2011-07-08,13.779999732971191,13.800000190734863,13.600000381469727,13.770000457763672,8.999424934387207,2400
2011-07-11,13.59000015258789,13.739999771118164,13.5600004196167,13.5600004196167,8.862178802490234,1500
2011-07-12,13.399999618530273,13.399999618530273,13.399999618530273,13.399999618530273,8.757609367370605,400
2011-07-13,13.59000015258789,13.600000381469727,13.199999809265137,13.5,8.822964668273926,2000
2011-07-14,13.479999542236328,13.479999542236328,13.289999961853027,13.289999961853027,8.68571949005127,700
2011-07-15,13.489999771118164,13.579999923706055,13.140000343322754,13.550000190734863,8.855643272399902,12000
2011-07-18,13.4399995803833,13.699999809265137,13.350000381469727,13.390000343322754,8.751073837280273,3600
2011-07-19,13.430000305175781,13.670000076293945,13.430000305175781,13.600000381469727,8.888321876525879,2200
2011-07-20,13.800000190734863,13.800000190734863,13.420000076293945,13.600000381469727,8.888321876525879,11800
2011-07-21,13.890000343322754,14.350000381469727,13.890000343322754,14.319999694824219,9.35887622833252,1800
2011-07-22,14.3100004196167,14.59000015258789,14.3100004196167,14.550000190734863,9.509194374084473,1400
2011-07-25,14.5,14.859999656677246,14.4399995803833,14.619999885559082,9.55494499206543,4800
2011-07-26,14.399999618530273,14.529999732971191,14.300000190734863,14.390000343322754,9.404624938964844,2700
2011-07-27,14.199999809265137,14.319999694824219,14.069999694824219,14.069999694824219,9.195487022399902,1800
2011-07-28,13.890000343322754,13.890000343322754,13.6899995803833,13.779999732971191,9.005959510803223,1000
2011-07-29,13.869999885559082,13.979999542236328,13.600000381469727,13.600000381469727,8.888321876525879,11400
2011-08-01,13.600000381469727,13.800000190734863,13.40999984741211,13.770000457763672,8.999424934387207,1500
2011-08-02,13.59000015258789,14.239999771118164,13.109999656677246,13.529999732971191,8.842570304870605,3200
2011-08-03,13.470000267028809,13.479999542236328,13.449999809265137,13.479999542236328,8.809891700744629,600
2011-08-04,13.300000190734863,13.300000190734863,12.680000305175781,12.680000305175781,8.287052154541016,2600
2011-08-05,12.75,13.260000228881836,11.899999618530273,12.579999923706055,8.221697807312012,3500
2011-08-08,11.84000015258789,12.5,11.09000015258789,12.3100004196167,8.045236587524414,3600
2011-08-09,12.130000114440918,13.0,12.130000114440918,13.0,8.496188163757324,2400
2011-08-10,12.5,12.75,12.5,12.550000190734863,8.20208740234375,1600
2011-08-11,12.75,12.75,12.279999732971191,12.75,8.332798957824707,1500
2011-08-12,13.130000114440918,13.529999732971191,13.0,13.0,8.496188163757324,1300
2011-08-15,13.369999885559082,13.399999618530273,13.199999809265137,13.399999618530273,8.757609367370605,1800
2011-08-16,13.40999984741211,13.40999984741211,13.40999984741211,13.40999984741211,8.764144897460938,500
2011-08-17,13.510000228881836,13.600000381469727,13.510000228881836,13.600000381469727,8.888321876525879,700
2011-08-18,13.529999732971191,13.710000038146973,13.210000038146973,13.210000038146973,8.633432388305664,3000
2011-08-19,13.329999923706055,13.529999732971191,13.260000228881836,13.260000228881836,8.66611099243164,1200
2011-08-22,13.420000076293945,13.59000015258789,13.300000190734863,13.460000038146973,8.79682445526123,1900
2011-08-23,13.510000228881836,14.010000228881836,13.510000228881836,14.010000228881836,9.156274795532227,1900
2011-08-24,14.010000228881836,14.15999984741211,13.84000015258789,14.149999618530273,9.247772216796875,2000
2011-08-25,14.020000457763672,14.470000267028809,14.020000457763672,14.170000076293945,9.260844230651855,1300
2011-08-26,14.619999885559082,14.619999885559082,14.59000015258789,14.59000015258789,9.535334587097168,900
2011-08-29,14.59000015258789,14.720000267028809,14.550000190734863,14.720000267028809,9.620298385620117,2200
2011-08-30,14.579999923706055,14.729999542236328,14.430000305175781,14.729999542236328,9.626834869384766,1000
2011-08-31,14.579999923706055,14.579999923706055,14.34000015258789,14.430000305175781,9.430768013000488,1500
2011-09-01,14.279999732971191,14.380000114440918,14.199999809265137,14.199999809265137,9.280449867248535,1300
2011-09-02,14.020000457763672,14.020000457763672,13.0,13.25,8.65957260131836,4200
2011-09-06,13.229999542236328,13.399999618530273,13.039999961853027,13.25,8.65957260131836,2400
2011-09-07,13.4399995803833,13.550000190734863,13.329999923706055,13.550000190734863,8.939983367919922,1000
2011-09-08,13.539999961853027,13.539999961853027,13.25,13.25,8.742046356201172,1000
2011-09-09,13.229999542236328,13.229999542236328,13.0,13.0,8.577103614807129,900
2011-09-12,12.850000381469727,13.15999984741211,12.850000381469727,13.100000381469727,8.64307975769043,1000
2011-09-13,13.25,13.550000190734863,13.199999809265137,13.199999809265137,8.70905876159668,1600
2011-09-14,13.300000190734863,13.300000190734863,13.300000190734863,13.300000190734863,8.775035858154297,700
2011-09-15,13.300000190734863,13.329999923706055,13.300000190734863,13.329999923706055,8.794829368591309,700
2011-09-16,13.329999923706055,13.479999542236328,12.739999771118164,13.0,8.577103614807129,4100
2011-09-19,12.84000015258789,12.84000015258789,12.390000343322754,12.390000343322754,8.174639701843262,1000
2011-09-20,12.25,12.550000190734863,12.25,12.449999809265137,8.214225769042969,2300
2011-09-21,12.550000190734863,12.579999923706055,12.430000305175781,12.430000305175781,8.201030731201172,6900
2011-09-22,12.579999923706055,12.779999732971191,12.300000190734863,12.300000190734863,8.115260124206543,4100
2011-09-23,12.5,12.699999809265137,12.5,12.600000381469727,8.31319522857666,2700
2011-09-26,12.510000228881836,12.829999923706055,12.5,12.829999923706055,8.464940071105957,2400
2011-09-27,12.729999542236328,13.029999732971191,12.729999542236328,13.029999732971191,8.596896171569824,1200
2011-09-28,12.779999732971191,13.369999885559082,12.760000228881836,12.899999618530273,8.511126518249512,8900
2011-09-29,12.899999618530273,12.90999984741211,12.760000228881836,12.800000190734863,8.445150375366211,1300
2011-09-30,12.680000305175781,12.819999694824219,12.630000114440918,12.699999809265137,8.379170417785645,1500
2011-10-03,12.600000381469727,12.600000381469727,12.5,12.5,8.247214317321777,3600
2011-10-04,12.5,13.220000267028809,12.199999809265137,13.119999885559082,8.656277656555176,9400
2011-10-05,13.039999961853027,13.220000267028809,12.520000457763672,13.220000267028809,8.72225284576416,15100
2011-10-06,13.149999618530273,13.880000114440918,13.149999618530273,13.779999732971191,9.091729164123535,8300
2011-10-07,13.729999542236328,13.729999542236328,13.279999732971191,13.520000457763672,8.920188903808594,5000
2011-10-10,13.649999618530273,13.949999809265137,13.600000381469727,13.949999809265137,9.20389175415039,2400
2011-10-11,13.949999809265137,14.0600004196167,13.949999809265137,14.050000190734863,9.269871711730957,1100
2011-10-12,14.25,14.25,14.25,14.25,9.401826858520508,900
2011-10-13,14.350000381469727,14.449999809265137,13.739999771118164,13.979999542236328,9.223684310913086,5600
2011-10-14,14.079999923706055,14.380000114440918,13.970000267028809,14.270000457763672,9.415023803710938,900
2011-10-17,14.369999885559082,14.399999618530273,13.399999618530273,13.949999809265137,9.20389175415039,9600
2011-10-18,14.079999923706055,14.130000114440918,13.199999809265137,13.699999809265137,9.038947105407715,8800
2011-10-19,13.680000305175781,14.100000381469727,13.380000114440918,13.859999656677246,9.144511222839355,11700
2011-10-20,13.720000267028809,14.0,13.0600004196167,13.25,8.742046356201172,26000
2011-10-21,13.470000267028809,13.649999618530273,13.470000267028809,13.649999618530273,9.005958557128906,1700
2011-10-24,13.5,14.09000015258789,13.5,14.09000015258789,9.29626178741455,1200
2011-10-25,13.9399995803833,14.149999618530273,13.390000343322754,13.989999771118164,9.230284690856934,12000
2011-10-26,14.029999732971191,14.029999732971191,13.6899995803833,13.930000305175781,9.19069766998291,2600
2011-10-27,14.079999923706055,15.510000228881836,14.079999923706055,15.510000228881836,10.233146667480469,8500
2011-10-28,15.350000381469727,15.350000381469727,14.350000381469727,15.010000228881836,9.903255462646484,9400
2011-10-31,16.549999237060547,16.549999237060547,15.0,15.260000228881836,10.068197250366211,2000
2011-11-01,15.260000228881836,15.5,14.319999694824219,14.350000381469727,9.467803955078125,10000
2011-11-02,14.630000114440918,15.0,14.399999618530273,15.0,9.896655082702637,11100
2011-11-03,15.100000381469727,15.350000381469727,14.5,15.170000076293945,10.008820533752441,23900
2011-11-04,15.220000267028809,15.300000190734863,14.510000228881836,15.25,10.061602592468262,12200
2011-11-07,15.279999732971191,15.300000190734863,14.1899995803833,14.84000015258789,9.791091918945312,49300
2011-11-08,14.789999961853027,15.829999923706055,14.5,15.529999732971191,10.246337890625,36300
2011-11-09,15.350000381469727,16.59000015258789,14.850000381469727,15.699999809265137,10.358501434326172,65600
2011-11-10,15.710000038146973,16.010000228881836,15.710000038146973,15.890000343322754,10.48386001586914,1500
2011-11-11,15.739999771118164,16.59000015258789,15.739999771118164,16.360000610351562,10.793956756591797,11000
2011-11-14,16.260000228881836,16.56999969482422,15.819999694824219,16.100000381469727,10.62241268157959,6800
2011-11-15,16.110000610351562,16.190000534057617,16.079999923706055,16.190000534057617,10.681793212890625,1500
2011-11-16,16.290000915527344,16.739999771118164,16.229999542236328,16.399999618530273,10.820342063903809,6600
2011-11-17,16.25,16.360000610351562,15.960000038146973,16.0,10.556434631347656,4600
2011-11-18,16.0,16.399999618530273,15.449999809265137,15.890000343322754,10.48386001586914,15300
2011-11-21,15.84000015258789,16.5,15.630000114440918,15.630000114440918,10.312317848205566,11200
2011-11-22,15.710000038146973,16.34000015258789,15.609999656677246,15.9399995803833,10.516850471496582,4900
2011-11-23,15.949999809265137,16.0,15.319999694824219,15.319999694824219,10.107783317565918,2300
2011-11-25,15.199999809265137,15.300000190734863,15.199999809265137,15.199999809265137,10.028614044189453,1100
2011-11-28,15.199999809265137,15.699999809265137,15.0,15.25,10.061602592468262,34500
2011-11-29,15.25,15.6899995803833,15.199999809265137,15.399999618530273,10.160569190979004,5500
2011-11-30,15.550000190734863,15.699999809265137,15.25,15.520000457763672,10.239745140075684,3900
2011-12-01,15.460000038146973,15.670000076293945,15.4399995803833,15.449999809265137,10.193558692932129,3100
2011-12-02,15.300000190734863,15.300000190734863,15.149999618530273,15.199999809265137,10.028614044189453,600
2011-12-05,15.050000190734863,15.100000381469727,14.850000381469727,15.100000381469727,9.96263313293457,3600
2011-12-06,15.09000015258789,15.199999809265137,14.65999984741211,14.920000076293945,9.84387493133545,14200
2011-12-07,14.9399995803833,14.9399995803833,14.819999694824219,14.819999694824219,9.860509872436523,1000
2011-12-08,14.680000305175781,14.829999923706055,14.399999618530273,14.399999618530273,9.581059455871582,2400
2011-12-09,14.399999618530273,14.680000305175781,14.260000228881836,14.579999923706055,9.700822830200195,5500
2011-12-12,14.430000305175781,14.430000305175781,14.180000305175781,14.180000305175781,9.434683799743652,1000
2011-12-13,14.180000305175781,14.489999771118164,14.170000076293945,14.199999809265137,9.447991371154785,6800
2011-12-14,14.050000190734863,14.050000190734863,14.050000190734863,14.050000190734863,9.348188400268555,600
2011-12-15,14.149999618530273,14.479999542236328,13.770000457763672,14.329999923706055,9.534486770629883,4400
2011-12-16,14.4399995803833,14.479999542236328,13.859999656677246,14.4399995803833,9.60767650604248,26800
2011-12-19,14.399999618530273,14.399999618530273,14.100000381469727,14.100000381469727,9.381454467773438,1300
2011-12-20,14.199999809265137,14.350000381469727,14.050000190734863,14.350000381469727,9.547794342041016,2000
2011-12-21,14.199999809265137,14.199999809265137,13.920000076293945,14.050000190734863,9.348188400268555,1600
2011-12-22,13.9399995803833,14.0600004196167,13.609999656677246,13.970000267028809,9.294958114624023,9700
2011-12-23,16.59000015258789,16.59000015258789,13.479999542236328,14.1899995803833,9.441337585449219,10800
2011-12-27,14.039999961853027,14.350000381469727,13.729999542236328,13.850000381469727,9.215119361877441,15000
2011-12-28,13.850000381469727,14.4399995803833,13.699999809265137,14.09000015258789,9.374802589416504,11300
2011-12-29,16.649999618530273,16.649999618530273,13.800000190734863,14.069999694824219,9.361495018005371,12100
2011-12-30,14.0,14.899999618530273,13.989999771118164,14.729999542236328,9.800628662109375,23900
2012-01-03,14.880000114440918,15.1899995803833,14.149999618530273,15.1899995803833,10.106688499450684,17500
2012-01-04,15.5,15.5,15.279999732971191,15.279999732971191,10.166569709777832,400
2012-01-05,15.279999732971191,15.279999732971191,15.279999732971191,15.279999732971191,10.166569709777832,200
2012-01-06,15.380000114440918,15.380000114440918,15.380000114440918,15.380000114440918,10.23310661315918,1100
2012-01-09,15.229999542236328,16.299999237060547,15.229999542236328,15.550000190734863,10.346217155456543,8300
2012-01-10,15.569999694824219,16.059999465942383,15.3100004196167,15.380000114440918,10.23310661315918,8000
2012-01-11,15.34000015258789,15.34000015258789,15.34000015258789,15.34000015258789,10.206493377685547,200
2012-01-12,15.399999618530273,15.850000381469727,15.399999618530273,15.699999809265137,10.44602108001709,4200
2012-01-13,15.600000381469727,15.989999771118164,15.600000381469727,15.949999809265137,10.612356185913086,1500
2012-01-17,15.970000267028809,15.970000267028809,15.579999923706055,15.899999618530273,10.579090118408203,1400
2012-01-18,15.890000343322754,16.0,15.59000015258789,15.739999771118164,10.47263240814209,2000
2012-01-19,15.600000381469727,15.729999542236328,14.989999771118164,15.119999885559082,10.060114860534668,6400
2012-01-20,15.270000457763672,15.270000457763672,15.25,15.25,10.146611213684082,300
2012-01-23,15.239999771118164,15.4399995803833,15.239999771118164,15.4399995803833,10.273029327392578,1100
2012-01-24,15.59000015258789,15.989999771118164,15.59000015258789,15.989999771118164,10.638971328735352,900
2012-01-25,15.84000015258789,15.84000015258789,15.819999694824219,15.819999694824219,10.525858879089355,500
2012-01-26,15.819999694824219,15.819999694824219,15.819999694824219,15.819999694824219,10.525858879089355,800
2012-01-27,15.880000114440918,15.920000076293945,15.729999542236328,15.920000076293945,10.59239673614502,700
2012-01-30,15.84000015258789,15.84000015258789,15.510000228881836,15.770000457763672,10.492594718933105,1800
2012-01-31,15.640000343322754,15.75,15.1899995803833,15.1899995803833,10.106688499450684,5200
2012-02-01,15.079999923706055,15.640000343322754,14.890000343322754,15.470000267028809,10.292987823486328,8400
2012-02-02,15.619999885559082,16.0,15.270000457763672,16.0,10.645626068115234,4400
2012-02-03,16.0,16.06999969482422,16.0,16.06999969482422,10.69219970703125,1000
2012-02-06,15.949999809265137,16.170000076293945,15.949999809265137,16.170000076293945,10.758732795715332,300
2012-02-07,16.200000762939453,16.3700008392334,16.049999237060547,16.100000381469727,10.712162971496582,6000
2012-02-08,16.25,17.0,16.149999618530273,16.8799991607666,11.231132507324219,4100
2012-02-09,17.030000686645508,17.6299991607666,17.030000686645508,17.329999923706055,11.530542373657227,900
2012-02-10,17.5,17.649999618530273,17.43000030517578,17.43000030517578,11.597078323364258,800
2012-02-13,17.440000534057617,17.5,16.950000762939453,17.149999618530273,11.410778999328613,16000
2012-02-14,17.149999618530273,17.479999542236328,17.149999618530273,17.360000610351562,11.550503730773926,8300
2012-02-15,17.350000381469727,17.5,16.8799991607666,17.229999542236328,11.464006423950195,6700
2012-02-16,17.200000762939453,17.5,17.200000762939453,17.459999084472656,11.617033958435059,1100
2012-02-17,17.31999969482422,17.649999618530273,17.31999969482422,17.399999618530273,11.577116012573242,2600
2012-02-21,17.5,17.5,17.049999237060547,17.049999237060547,11.344244956970215,3000
2012-02-22,17.350000381469727,17.469999313354492,17.030000686645508,17.049999237060547,11.344244956970215,1000
2012-02-23,17.200000762939453,17.700000762939453,17.200000762939453,17.510000228881836,11.650306701660156,1400
2012-02-24,17.360000610351562,17.3799991607666,17.360000610351562,17.360000610351562,11.550503730773926,400
2012-02-27,17.209999084472656,17.209999084472656,17.18000030517578,17.18000030517578,11.430737495422363,600
2012-02-28,17.1200008392334,17.360000610351562,17.110000610351562,17.110000610351562,11.384166717529297,1000
2012-02-29,17.260000228881836,17.260000228881836,17.059999465942383,17.059999465942383,11.350894927978516,800
2012-03-01,17.170000076293945,17.200000762939453,16.690000534057617,16.739999771118164,11.137985229492188,3100
2012-03-02,16.739999771118164,16.739999771118164,16.3700008392334,16.3700008392334,10.891807556152344,1100
2012-03-05,16.270000457763672,16.270000457763672,14.649999618530273,14.800000190734863,9.847204208374023,3300
2012-03-06,14.640000343322754,15.399999618530273,14.640000343322754,14.699999809265137,9.863977432250977,7000
2012-03-07,14.640000343322754,14.739999771118164,14.640000343322754,14.739999771118164,9.89081859588623,700
2012-03-08,14.869999885559082,14.869999885559082,14.149999618530273,14.380000114440918,9.649251937866211,6200
2012-03-09,14.460000038146973,14.609999656677246,14.460000038146973,14.600000381469727,9.796875953674316,900
2012-03-12,14.550000190734863,14.550000190734863,14.550000190734863,14.550000190734863,9.763328552246094,200
2012-03-13,14.569999694824219,14.609999656677246,14.569999694824219,14.609999656677246,9.803585052490234,700
2012-03-14,14.5,14.5,14.5,14.5,9.729775428771973,200
2012-03-15,14.539999961853027,14.539999961853027,14.539999961853027,14.539999961853027,9.756616592407227,200
2012-03-16,14.470000267028809,14.470000267028809,14.170000076293945,14.170000076293945,9.508337020874023,2400
2012-03-19,14.0600004196167,14.180000305175781,14.0600004196167,14.180000305175781,9.515046119689941,800
2012-03-20,14.170000076293945,14.289999961853027,14.09000015258789,14.09000015258789,9.454654693603516,1800
2012-03-21,14.15999984741211,14.15999984741211,14.15999984741211,14.15999984741211,9.501627922058105,200
2012-03-22,14.079999923706055,14.079999923706055,14.039999961853027,14.039999961853027,9.421103477478027,300
2012-03-23,14.140000343322754,14.270000457763672,14.020000457763672,14.270000457763672,9.575439453125,1100
2012-03-26,14.140000343322754,14.34000015258789,14.119999885559082,14.210000038146973,9.53518009185791,2500
2012-03-27,14.270000457763672,14.270000457763672,13.5600004196167,13.850000381469727,9.29361343383789,5100
2012-03-28,13.779999732971191,14.369999885559082,13.75,14.119999885559082,9.474787712097168,12000
2012-03-29,14.020000457763672,14.020000457763672,14.020000457763672,14.020000457763672,9.407687187194824,200
2012-03-30,13.979999542236328,13.989999771118164,13.90999984741211,13.90999984741211,9.333873748779297,1200
2012-04-02,13.9399995803833,14.109999656677246,13.260000228881836,13.670000076293945,9.172829627990723,17300
2012-04-03,13.699999809265137,13.850000381469727,13.6899995803833,13.6899995803833,9.186248779296875,1000
2012-04-04,13.609999656677246,13.739999771118164,13.539999961853027,13.539999961853027,9.085594177246094,900
2012-04-05,13.539999961853027,14.140000343322754,13.40999984741211,14.020000457763672,9.407687187194824,5500
2012-04-09,13.960000038146973,13.960000038146973,13.960000038146973,13.960000038146973,9.367424011230469,1000
2012-04-10,13.949999809265137,13.949999809265137,13.600000381469727,13.600000381469727,9.125861167907715,900
2012-04-11,13.609999656677246,13.609999656677246,13.609999656677246,13.609999656677246,9.13256549835205,900
2012-04-12,13.649999618530273,13.649999618530273,13.649999618530273,13.649999618530273,9.159408569335938,500
2012-04-13,13.520000457763672,13.539999961853027,13.399999618530273,13.489999771118164,9.052043914794922,500
2012-04-16,13.489999771118164,13.489999771118164,13.489999771118164,13.489999771118164,9.052043914794922,0
2012-04-17,13.619999885559082,14.199999809265137,13.619999885559082,13.930000305175781,9.347291946411133,7700
2012-04-18,13.729999542236328,13.729999542236328,13.729999542236328,13.729999542236328,9.213088035583496,300
2012-04-19,13.729999542236328,13.729999542236328,13.729999542236328,13.729999542236328,9.213088035583496,400
2012-04-20,13.819999694824219,13.819999694824219,13.6899995803833,13.6899995803833,9.186248779296875,1500
2012-04-23,13.4399995803833,13.4399995803833,13.229999542236328,13.260000228881836,8.897710800170898,1400
2012-04-24,13.109999656677246,13.329999923706055,13.109999656677246,13.329999923706055,8.944681167602539,500
2012-04-25,13.3100004196167,13.3100004196167,13.15999984741211,13.260000228881836,8.897710800170898,600
2012-04-26,13.40999984741211,13.40999984741211,13.40999984741211,13.40999984741211,8.998367309570312,100
2012-04-27,13.220000267028809,13.220000267028809,13.220000267028809,13.220000267028809,8.870867729187012,400
2012-04-30,13.15999984741211,13.569999694824219,12.989999771118164,13.430000305175781,9.0117826461792,6300
2012-05-01,13.15999984741211,13.279999732971191,12.279999732971191,12.600000381469727,8.454839706420898,10000
2012-05-02,12.600000381469727,12.6899995803833,12.0600004196167,12.600000381469727,8.454839706420898,2100
2012-05-03,12.449999809265137,12.600000381469727,12.199999809265137,12.199999809265137,8.186430931091309,2000
2012-05-04,12.300000190734863,12.550000190734863,11.930000305175781,12.470000267028809,8.367605209350586,5900
2012-05-07,12.319999694824219,12.319999694824219,12.319999694824219,12.319999694824219,8.266953468322754,300
2012-05-08,12.180000305175781,12.3100004196167,12.029999732971191,12.25,8.219982147216797,2100
2012-05-09,12.100000381469727,12.399999618530273,11.800000190734863,12.210000038146973,8.193140029907227,3700
2012-05-10,12.170000076293945,12.170000076293945,11.869999885559082,11.869999885559082,7.964995384216309,400
2012-05-11,12.020000457763672,12.170000076293945,11.59000015258789,12.100000381469727,8.119328498840332,1000
2012-05-14,11.880000114440918,12.0,11.880000114440918,12.0,8.052227973937988,300
2012-05-15,11.890000343322754,11.890000343322754,11.890000343322754,11.890000343322754,7.9784135818481445,300
2012-05-16,11.770000457763672,11.770000457763672,11.470000267028809,11.470000267028809,7.696588516235352,600
2012-05-17,11.600000381469727,11.739999771118164,11.319999694824219,11.449999809265137,7.683166027069092,1300
2012-05-18,11.449999809265137,12.010000228881836,11.390000343322754,12.010000228881836,8.058938026428223,3700
2012-05-21,12.149999618530273,12.260000228881836,12.029999732971191,12.149999618530273,8.152880668640137,1300
2012-05-22,12.1899995803833,12.489999771118164,12.1899995803833,12.270000457763672,8.233403205871582,900
2012-05-23,12.239999771118164,12.430000305175781,11.789999961853027,12.430000305175781,8.340764999389648,2700
2012-05-24,12.420000076293945,13.0,12.420000076293945,13.0,8.723245620727539,900
2012-05-25,13.109999656677246,13.109999656677246,13.069999694824219,13.069999694824219,8.770215034484863,800
2012-05-29,13.100000381469727,13.25,13.0,13.25,8.890999794006348,800
2012-05-30,13.100000381469727,13.180000305175781,13.0,13.0,8.723245620727539,1100
2012-05-31,13.010000228881836,13.010000228881836,13.010000228881836,13.010000228881836,8.72995376586914,100
2012-06-01,12.960000038146973,13.75,12.550000190734863,13.050000190734863,8.756793975830078,21900
2012-06-04,13.25,13.460000038146973,12.270000457763672,12.479999542236328,8.37431526184082,12100
2012-06-05,12.569999694824219,12.569999694824219,11.199999809265137,11.199999809265137,7.515410900115967,1800
2012-06-06,11.390000343322754,12.079999923706055,11.199999809265137,11.739999771118164,7.877762317657471,5500
2012-06-07,11.600000381469727,11.600000381469727,11.350000381469727,11.5,7.79976224899292,1300
2012-06-08,11.420000076293945,11.420000076293945,10.180000305175781,10.1899995803833,6.9112701416015625,3500
2012-06-11,10.25,10.720000267028809,10.25,10.399999618530273,7.053701400756836,3900
2012-06-12,10.399999618530273,10.649999618530273,10.329999923706055,10.550000190734863,7.1554341316223145,1600
2012-06-13,10.619999885559082,10.619999885559082,10.390000343322754,10.390000343322754,7.046916961669922,1000
2012-06-14,9.989999771118164,10.720000267028809,9.979999542236328,10.539999961853027,7.148653507232666,1600
2012-06-15,10.640000343322754,10.890000343322754,10.390000343322754,10.739999771118164,7.284302234649658,3500
2012-06-18,10.869999885559082,10.869999885559082,10.739999771118164,10.779999732971191,7.311428546905518,2200
2012-06-19,10.779999732971191,11.399999618530273,10.779999732971191,11.069999694824219,7.508119106292725,14900
2012-06-20,11.039999961853027,11.079999923706055,11.0,11.029999732971191,7.480988025665283,2000
2012-06-21,11.229999542236328,11.390000343322754,11.010000228881836,11.079999923706055,7.514902591705322,1100
2012-06-22,11.199999809265137,12.90999984741211,11.199999809265137,12.899999618530273,8.74930191040039,24400
2012-06-25,11.880000114440918,13.119999885559082,11.880000114440918,12.819999694824219,8.695039749145508,5500
2012-06-26,13.0,13.350000381469727,12.779999732971191,13.149999618530273,8.91886043548584,3600
2012-06-27,13.0,13.0,13.0,13.0,8.817123413085938,300
2012-06-28,12.640000343322754,12.640000343322754,11.760000228881836,12.359999656677246,8.383050918579102,2200
2012-06-29,12.109999656677246,12.859999656677246,12.109999656677246,12.600000381469727,8.545830726623535,2500
2012-07-02,13.0,13.100000381469727,13.0,13.100000381469727,8.88494873046875,1000
2012-07-03,13.149999618530273,13.899999618530273,13.149999618530273,13.75,9.325804710388184,1500
2012-07-05,13.729999542236328,14.479999542236328,13.430000305175781,14.479999542236328,9.820919036865234,4600
2012-07-06,14.25,14.270000457763672,13.75,14.270000457763672,9.678487777709961,3400
2012-07-09,13.9399995803833,14.5,13.9399995803833,14.5,9.834484100341797,1200
2012-07-10,14.199999809265137,15.0,14.199999809265137,14.710000038146973,9.976916313171387,2900
2012-07-11,14.699999809265137,15.699999809265137,13.800000190734863,14.199999809265137,9.63101577758789,14300
2012-07-12,14.0,14.0,13.960000038146973,13.960000038146973,9.468234062194824,1500
2012-07-13,13.960000038146973,14.0,13.760000228881836,14.0,9.49536418914795,900
2012-07-16,13.859999656677246,14.989999771118164,13.399999618530273,13.670000076293945,9.271547317504883,34700
2012-07-17,13.600000381469727,13.899999618530273,13.399999618530273,13.470000267028809,9.135896682739258,2800
2012-07-18,13.319999694824219,13.470000267028809,13.319999694824219,13.470000267028809,9.135896682739258,400
2012-07-19,12.930000305175781,12.930000305175781,12.470000267028809,12.470000267028809,8.45765495300293,1500
2012-07-20,12.529999732971191,12.529999732971191,12.149999618530273,12.149999618530273,8.240619659423828,3000
2012-07-23,12.279999732971191,12.279999732971191,12.130000114440918,12.199999809265137,8.274530410766602,1000
2012-07-24,12.289999961853027,12.449999809265137,12.069999694824219,12.100000381469727,8.206707954406738,800
2012-07-25,12.34000015258789,12.5,12.180000305175781,12.359999656677246,8.383050918579102,1100
2012-07-26,12.289999961853027,12.390000343322754,12.15999984741211,12.390000343322754,8.403400421142578,600
2012-07-27,12.460000038146973,12.460000038146973,12.460000038146973,12.460000038146973,8.450872421264648,500
2012-07-30,12.479999542236328,12.680000305175781,12.34000015258789,12.479999542236328,8.464439392089844,900
2012-07-31,12.729999542236328,12.920000076293945,12.539999961853027,12.84000015258789,8.70860767364502,2600
2012-08-01,12.630000114440918,12.65999984741211,12.5,12.5,8.478001594543457,1700
2012-08-02,12.680000305175781,12.680000305175781,12.029999732971191,12.199999809265137,8.274530410766602,900
2012-08-03,12.399999618530273,12.399999618530273,12.399999618530273,12.399999618530273,8.410178184509277,300
2012-08-06,12.390000343322754,12.479999542236328,12.390000343322754,12.479999542236328,8.464439392089844,400
2012-08-07,12.65999984741211,13.050000190734863,12.600000381469727,12.890000343322754,8.742518424987793,1600
2012-08-08,12.920000076293945,12.9399995803833,12.920000076293945,12.9399995803833,8.77642822265625,300
2012-08-09,12.9399995803833,12.9399995803833,12.9399995803833,12.9399995803833,8.77642822265625,0
2012-08-10,12.40999984741211,12.739999771118164,12.40999984741211,12.739999771118164,8.640782356262207,500
2012-08-13,12.899999618530273,12.899999618530273,12.75,12.890000343322754,8.742518424987793,400
2012-08-14,12.949999809265137,12.949999809265137,12.680000305175781,12.920000076293945,8.76286506652832,1300
2012-08-15,12.65999984741211,12.65999984741211,12.65999984741211,12.65999984741211,8.586522102355957,300
2012-08-16,12.819999694824219,12.84000015258789,12.819999694824219,12.84000015258789,8.70860767364502,500
2012-08-17,12.859999656677246,13.0,12.859999656677246,13.0,8.817123413085938,1000
2012-08-20,12.899999618530273,12.899999618530273,12.899999618530273,12.899999618530273,8.74930191040039,300
2012-08-21,12.930000305175781,12.930000305175781,12.880000114440918,12.880000114440918,8.735733032226562,400
2012-08-22,12.930000305175781,13.180000305175781,12.930000305175781,13.100000381469727,8.88494873046875,400
2012-08-23,13.149999618530273,13.149999618530273,13.149999618530273,13.149999618530273,8.91886043548584,200
2012-08-24,13.149999618530273,13.149999618530273,13.149999618530273,13.149999618530273,8.91886043548584,0
2012-08-27,13.149999618530273,13.149999618530273,13.149999618530273,13.149999618530273,8.91886043548584,200
2012-08-28,13.149999618530273,13.149999618530273,13.149999618530273,13.149999618530273,8.91886043548584,0
2012-08-29,13.149999618530273,13.149999618530273,13.149999618530273,13.149999618530273,8.91886043548584,200
2012-08-30,13.199999809265137,13.199999809265137,13.199999809265137,13.199999809265137,8.952773094177246,200
2012-08-31,13.050000190734863,13.050000190734863,12.350000381469727,12.350000381469727,8.37626838684082,2100
2012-09-04,12.199999809265137,12.75,11.5,12.640000343322754,8.572957992553711,4000
2012-09-05,12.609999656677246,12.609999656677246,12.510000228881836,12.5600004196167,8.603784561157227,1300
2012-09-06,12.260000228881836,12.399999618530273,11.430000305175781,12.239999771118164,8.384578704833984,7700
2012-09-07,12.239999771118164,12.239999771118164,12.239999771118164,12.239999771118164,8.384578704833984,200
2012-09-10,12.180000305175781,12.180000305175781,12.180000305175781,12.180000305175781,8.343478202819824,400
2012-09-11,11.779999732971191,13.069999694824219,11.649999618530273,12.65999984741211,8.672285079956055,9600
2012-09-12,12.760000228881836,12.760000228881836,12.15999984741211,12.609999656677246,8.638032913208008,1900
2012-09-13,12.75,12.75,12.510000228881836,12.710000038146973,8.706533432006836,800
2012-09-14,12.90999984741211,13.15999984741211,12.90999984741211,13.15999984741211,9.014791488647461,1500
2012-09-17,13.170000076293945,13.170000076293945,13.170000076293945,13.170000076293945,9.021641731262207,200
2012-09-18,13.470000267028809,13.869999885559082,13.470000267028809,13.789999961853027,9.4463529586792,1300
2012-09-19,13.970000267028809,14.25,13.970000267028809,14.09000015258789,9.651853561401367,1100
2012-09-20,14.149999618530273,14.149999618530273,14.149999618530273,14.149999618530273,9.692957878112793,200
2012-09-21,14.350000381469727,14.550000190734863,14.350000381469727,14.550000190734863,9.966963768005371,2700
2012-09-24,14.399999618530273,15.680000305175781,14.100000381469727,15.539999961853027,10.645127296447754,12500
2012-09-25,15.5,16.09000015258789,15.199999809265137,15.399999618530273,10.549220085144043,6900
2012-09-26,15.350000381469727,15.5,14.600000381469727,15.300000190734863,10.480727195739746,8300
2012-09-27,15.300000190734863,16.280000686645508,15.119999885559082,15.350000381469727,10.514972686767578,14300
2012-09-28,15.329999923706055,15.489999771118164,15.029999732971191,15.180000305175781,10.398523330688477,3800
2012-10-01,15.380000114440918,15.609999656677246,15.279999732971191,15.399999618530273,10.549220085144043,2300
2012-10-02,15.0,15.180000305175781,15.0,15.180000305175781,10.398523330688477,900
2012-10-03,15.039999961853027,15.149999618530273,14.359999656677246,15.0,10.275219917297363,4200
2012-10-04,15.180000305175781,15.279999732971191,15.180000305175781,15.279999732971191,10.467022895812988,300
2012-10-05,15.130000114440918,16.0,14.970000267028809,15.300000190734863,10.480727195739746,17000
2012-10-08,15.100000381469727,15.739999771118164,15.100000381469727,15.300000190734863,10.480727195739746,2000
2012-10-09,15.300000190734863,15.300000190734863,15.300000190734863,15.300000190734863,10.480727195739746,400
2012-10-10,15.300000190734863,15.300000190734863,15.300000190734863,15.300000190734863,10.480727195739746,0
2012-10-11,15.199999809265137,15.739999771118164,15.199999809265137,15.300000190734863,10.480727195739746,3100
2012-10-12,15.25,15.819999694824219,15.0600004196167,15.5,10.61772632598877,6200
2012-10-15,15.199999809265137,15.449999809265137,15.100000381469727,15.300000190734863,10.480727195739746,2100
2012-10-16,15.300000190734863,15.300000190734863,15.300000190734863,15.300000190734863,10.480727195739746,0
2012-10-17,15.300000190734863,15.300000190734863,15.300000190734863,15.300000190734863,10.480727195739746,0
2012-10-18,15.050000190734863,15.289999961853027,14.550000190734863,14.729999542236328,10.090265274047852,7300
2012-10-19,14.680000305175781,14.680000305175781,14.489999771118164,14.489999771118164,9.925862312316895,900
2012-10-22,14.489999771118164,14.489999771118164,14.489999771118164,14.489999771118164,9.925862312316895,0
2012-10-23,14.390000343322754,14.390000343322754,14.390000343322754,14.390000343322754,9.857359886169434,200
2012-10-24,14.420000076293945,14.420000076293945,14.239999771118164,14.239999771118164,9.754608154296875,300
2012-10-25,14.140000343322754,14.140000343322754,14.140000343322754,14.140000343322754,9.686105728149414,200
2012-10-26,14.100000381469727,14.350000381469727,13.390000343322754,13.640000343322754,9.343600273132324,5300
2012-10-31,14.0600004196167,14.800000190734863,13.260000228881836,14.029999732971191,9.61075210571289,10900
2012-11-01,14.100000381469727,14.25,14.100000381469727,14.25,9.761460304260254,1100
2012-11-02,14.229999542236328,14.229999542236328,14.229999542236328,14.229999542236328,9.747758865356445,500
2012-11-05,14.210000038146973,14.210000038146973,14.210000038146973,14.210000038146973,9.734061241149902,200
2012-11-06,14.210000038146973,14.210000038146973,14.210000038146973,14.210000038146973,9.734061241149902,0
2012-11-07,13.970000267028809,14.210000038146973,13.399999618530273,13.399999618530273,9.179195404052734,2700
2012-11-08,13.579999923706055,14.420000076293945,13.550000190734863,13.670000076293945,9.364151000976562,3400
2012-11-09,13.800000190734863,13.800000190734863,13.800000190734863,13.800000190734863,9.453204154968262,200
2012-11-12,14.449999809265137,14.449999809265137,14.0,14.0,9.590204238891602,500
2012-11-13,14.0,14.0,14.0,14.0,9.590204238891602,0
2012-11-14,14.329999923706055,14.369999885559082,13.3100004196167,13.3100004196167,9.11754322052002,8200
2012-11-15,13.140000343322754,13.260000228881836,13.109999656677246,13.199999809265137,9.042193412780762,2000
2012-11-16,13.149999618530273,13.25,13.149999618530273,13.170000076293945,9.021641731262207,1100
2012-11-19,13.25,13.25,13.25,13.25,9.07644271850586,500
2012-11-20,13.25,13.25,13.25,13.25,9.07644271850586,0
2012-11-21,13.25,13.25,13.25,13.25,9.07644271850586,0
2012-11-23,13.25,13.25,13.25,13.25,9.07644271850586,0
2012-11-26,13.25,13.25,13.029999732971191,13.170000076293945,9.021641731262207,1300
2012-11-27,13.369999885559082,13.369999885559082,13.1899995803833,13.270000457763672,9.090147972106934,1200
2012-11-28,13.140000343322754,13.350000381469727,13.140000343322754,13.3100004196167,9.11754322052002,500
2012-11-29,13.300000190734863,13.300000190734863,13.300000190734863,13.300000190734863,9.110692977905273,200
2012-11-30,13.1899995803833,13.529999732971191,12.239999771118164,13.199999809265137,9.042193412780762,6700
2012-12-03,13.260000228881836,13.369999885559082,13.010000228881836,13.119999885559082,8.987390518188477,2300
2012-12-04,13.369999885559082,13.829999923706055,13.359999656677246,13.510000228881836,9.254547119140625,2700
2012-12-05,13.550000190734863,13.550000190734863,13.300000190734863,13.550000190734863,9.368632316589355,1500
2012-12-06,13.5,14.25,12.819999694824219,13.670000076293945,9.451600074768066,7700
2012-12-07,14.199999809265137,14.199999809265137,14.199999809265137,14.199999809265137,9.818050384521484,400
2012-12-10,14.399999618530273,14.399999618530273,13.210000038146973,13.949999809265137,9.645196914672852,9600
2012-12-11,13.970000267028809,14.0,13.970000267028809,14.0,9.679764747619629,700
2012-12-12,14.229999542236328,14.25,14.069999694824219,14.069999694824219,9.728166580200195,1300
2012-12-13,14.0600004196167,14.0600004196167,14.0600004196167,14.0600004196167,9.721254348754883,700
2012-12-14,14.300000190734863,15.25,14.300000190734863,15.25,10.54403305053711,5500
2012-12-17,15.100000381469727,15.25,14.890000343322754,15.0,10.371177673339844,900
2012-12-18,15.25,15.25,15.25,15.25,10.54403305053711,200
2012-12-19,15.270000457763672,15.270000457763672,15.020000457763672,15.020000457763672,10.385005950927734,300
2012-12-20,15.489999771118164,15.5,14.989999771118164,15.210000038146973,10.516375541687012,2400
2012-12-21,15.3100004196167,15.5,15.0,15.0,10.371177673339844,7900
2012-12-24,14.800000190734863,15.25,14.25,15.0,10.371177673339844,5000
2012-12-26,15.100000381469727,15.100000381469727,15.100000381469727,15.100000381469727,10.440317153930664,300
2012-12-27,15.270000457763672,15.270000457763672,15.039999961853027,15.039999961853027,10.398834228515625,400
2012-12-28,14.789999961853027,14.829999923706055,13.619999885559082,14.300000190734863,9.887189865112305,6000
2012-12-31,14.300000190734863,14.300000190734863,14.300000190734863,14.300000190734863,9.887189865112305,0
2013-01-02,14.270000457763672,15.890000343322754,14.270000457763672,15.720000267028809,10.868995666503906,5700
2013-01-03,15.600000381469727,15.600000381469727,15.600000381469727,15.600000381469727,10.786025047302246,200
2013-01-04,15.5,15.5,15.25,15.5,10.71688461303711,700
2013-01-07,15.5,15.5,15.5,15.5,10.71688461303711,0
2013-01-08,15.289999961853027,15.289999961853027,14.960000038146973,14.960000038146973,10.343523025512695,1700
2013-01-09,14.460000038146973,14.529999732971191,13.399999618530273,13.550000190734863,9.368632316589355,4300
2013-01-10,13.550000190734863,13.550000190734863,13.550000190734863,13.550000190734863,9.368632316589355,0
2013-01-11,13.550000190734863,14.050000190734863,13.539999961853027,13.600000381469727,9.403203964233398,7100
2013-01-14,13.850000381469727,14.529999732971191,13.8100004196167,14.210000038146973,9.824963569641113,3900
2013-01-15,14.199999809265137,14.199999809265137,14.109999656677246,14.109999656677246,9.755821228027344,600
2013-01-16,13.960000038146973,14.600000381469727,13.949999809265137,14.5600004196167,10.066956520080566,2900
2013-01-17,14.399999618530273,14.649999618530273,14.390000343322754,14.5,10.025471687316895,2100
2013-01-18,14.460000038146973,15.149999618530273,14.460000038146973,14.710000038146973,10.170665740966797,2300
2013-01-22,14.949999809265137,15.199999809265137,14.949999809265137,15.050000190734863,10.405746459960938,700
2013-01-23,15.0,15.0,15.0,15.0,10.371177673339844,600
2013-01-24,15.229999542236328,15.779999732971191,14.59000015258789,14.899999618530273,10.302038192749023,10600
2013-01-25,15.100000381469727,15.100000381469727,13.65999984741211,14.100000381469727,9.748908042907715,8200
2013-01-28,14.100000381469727,14.100000381469727,13.65999984741211,13.979999542236328,9.665938377380371,1000
2013-01-29,14.0600004196167,14.069999694824219,14.0,14.0,9.679764747619629,500
2013-01-30,13.8100004196167,13.8100004196167,13.8100004196167,13.8100004196167,9.548398971557617,400
2013-01-31,14.15999984741211,14.15999984741211,13.5,13.5,9.33405876159668,3300
2013-02-01,13.75,14.329999923706055,13.75,13.899999618530273,9.610627174377441,6000
2013-02-04,14.5,14.5,14.050000190734863,14.050000190734863,9.714337348937988,1700
2013-02-05,14.149999618530273,14.149999618530273,14.149999618530273,14.149999618530273,9.783477783203125,100
2013-02-06,14.199999809265137,14.34000015258789,14.199999809265137,14.300000190734863,9.887189865112305,800
2013-02-07,14.25,14.25,14.199999809265137,14.199999809265137,9.818050384521484,300
2013-02-08,14.199999809265137,14.199999809265137,14.199999809265137,14.199999809265137,9.818050384521484,200
2013-02-11,14.199999809265137,14.199999809265137,14.199999809265137,14.199999809265137,9.818050384521484,0
2013-02-12,14.199999809265137,14.199999809265137,14.199999809265137,14.199999809265137,9.818050384521484,100
2013-02-13,14.199999809265137,14.199999809265137,14.199999809265137,14.199999809265137,9.818050384521484,0
2013-02-14,14.079999923706055,14.149999618530273,13.84000015258789,14.130000114440918,9.769651412963867,1000
2013-02-15,14.279999732971191,14.529999732971191,14.279999732971191,14.449999809265137,9.990903854370117,1400
2013-02-19,14.5,14.649999618530273,14.5,14.649999618530273,10.12918472290039,600
2013-02-20,14.399999618530273,14.399999618530273,14.399999618530273,14.399999618530273,9.956331253051758,1000
2013-02-21,14.399999618530273,14.399999618530273,14.399999618530273,14.399999618530273,9.956331253051758,0
2013-02-22,14.600000381469727,14.600000381469727,14.430000305175781,14.430000305175781,9.977073669433594,300
2013-02-25,14.210000038146973,14.5600004196167,14.0,14.300000190734863,9.887189865112305,1300
2013-02-26,14.109999656677246,14.109999656677246,14.020000457763672,14.020000457763672,9.693593978881836,200
2013-02-27,14.380000114440918,14.380000114440918,14.380000114440918,14.380000114440918,9.942501068115234,200
2013-02-28,14.130000114440918,14.130000114440918,14.130000114440918,14.130000114440918,9.769651412963867,100
2013-03-01,13.729999542236328,13.729999542236328,13.729999542236328,13.729999542236328,9.493084907531738,800
2013-03-04,13.899999618530273,14.0,13.899999618530273,14.0,9.679764747619629,500
2013-03-05,13.9399995803833,13.9399995803833,13.9399995803833,13.9399995803833,9.638283729553223,200
2013-03-06,14.100000381469727,14.100000381469727,14.100000381469727,14.100000381469727,9.748908042907715,100
2013-03-07,13.720000267028809,13.739999771118164,13.720000267028809,13.739999771118164,9.584972381591797,600
2013-03-08,13.890000343322754,13.890000343322754,13.850000381469727,13.850000381469727,9.66170883178711,600
2013-03-11,13.630000114440918,13.630000114440918,13.600000381469727,13.609999656677246,9.494285583496094,600
2013-03-12,13.609999656677246,13.609999656677246,13.609999656677246,13.609999656677246,9.494285583496094,0
2013-03-13,13.4399995803833,13.670000076293945,13.4399995803833,13.670000076293945,9.536142349243164,400
2013-03-14,13.729999542236328,13.729999542236328,13.729999542236328,13.729999542236328,9.577997207641602,200
2013-03-15,13.75,13.75,13.260000228881836,13.5,9.417548179626465,3400
2013-03-18,13.630000114440918,13.65999984741211,13.569999694824219,13.569999694824219,9.46638298034668,300
2013-03-19,13.5,13.5,13.5,13.5,9.417548179626465,200
2013-03-20,13.699999809265137,13.699999809265137,13.699999809265137,13.699999809265137,9.55706787109375,400
2013-03-21,13.470000267028809,13.470000267028809,13.270000457763672,13.270000457763672,9.257101058959961,400
2013-03-22,13.229999542236328,13.229999542236328,13.229999542236328,13.229999542236328,9.22919750213623,100
2013-03-25,13.229999542236328,13.229999542236328,13.229999542236328,13.229999542236328,9.22919750213623,0
2013-03-26,13.229999542236328,13.229999542236328,13.229999542236328,13.229999542236328,9.22919750213623,0
2013-03-27,12.880000114440918,13.0,12.380000114440918,12.649999618530273,8.824594497680664,6600
2013-03-28,12.420000076293945,12.739999771118164,12.420000076293945,12.670000076293945,8.838544845581055,1100
2013-04-01,12.550000190734863,12.550000190734863,12.550000190734863,12.550000190734863,8.754834175109863,200
2013-04-02,12.489999771118164,12.949999809265137,12.489999771118164,12.850000381469727,8.964106559753418,6400
2013-04-03,12.630000114440918,12.829999923706055,12.380000114440918,12.449999809265137,8.68507194519043,1400
2013-04-04,12.300000190734863,12.6899995803833,12.0600004196167,12.449999809265137,8.68507194519043,6400
2013-04-05,12.649999618530273,12.65999984741211,11.90999984741211,12.279999732971191,8.566483497619629,8600
2013-04-08,11.6899995803833,11.850000381469727,11.399999618530273,11.630000114440918,8.113049507141113,4500
2013-04-09,11.779999732971191,11.779999732971191,11.779999732971191,11.779999732971191,8.217682838439941,400
2013-04-10,11.5,12.029999732971191,11.319999694824219,11.699999809265137,8.161874771118164,8600
2013-04-11,11.880000114440918,12.039999961853027,11.84000015258789,11.84000015258789,8.259541511535645,500
2013-04-12,11.880000114440918,11.880000114440918,11.880000114440918,11.880000114440918,8.287445068359375,300
2013-04-15,11.760000228881836,11.779999732971191,11.0,11.0,7.673556804656982,8100
2013-04-16,11.25,11.369999885559082,11.140000343322754,11.369999885559082,7.931668758392334,2000
2013-04-17,11.350000381469727,11.350000381469727,11.239999771118164,11.25,7.847959041595459,600
2013-04-18,11.149999618530273,11.149999618530273,11.149999618530273,11.149999618530273,7.778195858001709,300
2013-04-19,11.25,11.25,11.25,11.25,7.847959041595459,300
2013-04-22,11.300000190734863,11.300000190734863,11.300000190734863,11.300000190734863,7.8828349113464355,200
2013-04-23,11.460000038146973,11.5,11.050000190734863,11.149999618530273,7.778195858001709,1000
2013-04-24,11.0,11.25,11.0,11.25,7.847959041595459,500
2013-04-25,11.279999732971191,12.199999809265137,11.279999732971191,12.140000343322754,8.468814849853516,21200
2013-04-26,12.149999618530273,12.59000015258789,11.710000038146973,12.0,8.371155738830566,8200
2013-04-29,12.039999961853027,12.770000457763672,12.039999961853027,12.239999771118164,8.538578987121582,6900
2013-04-30,12.5,12.5,12.5,12.5,8.719951629638672,300
2013-05-01,12.600000381469727,12.640000343322754,11.850000381469727,12.199999809265137,8.510674476623535,3700
2013-05-02,11.949999809265137,12.010000228881836,11.8100004196167,12.0,8.371155738830566,1100
2013-05-03,11.8100004196167,12.100000381469727,11.8100004196167,11.84000015258789,8.259541511535645,1800
2013-05-06,11.75,12.25,11.510000228881836,11.829999923706055,8.25256061553955,2500
2013-05-07,12.470000267028809,12.470000267028809,12.0,12.25,8.545555114746094,700
2013-05-08,12.479999542236328,12.479999542236328,12.369999885559082,12.369999885559082,8.629264831542969,500
2013-05-09,12.300000190734863,12.850000381469727,12.119999885559082,12.149999618530273,8.475794792175293,13500
2013-05-10,12.1899995803833,12.1899995803833,11.800000190734863,12.0,8.371155738830566,3400
2013-05-13,12.0,12.600000381469727,11.880000114440918,12.100000381469727,8.440914154052734,13100
2013-05-14,12.350000381469727,12.90999984741211,11.949999809265137,12.720000267028809,8.873421669006348,10000
2013-05-15,12.890000343322754,13.220000267028809,12.890000343322754,13.039999961853027,9.096657752990723,400
2013-05-16,13.100000381469727,13.25,12.850000381469727,13.119999885559082,9.152462005615234,900
2013-05-17,13.170000076293945,13.170000076293945,12.5,12.850000381469727,8.964106559753418,5000
2013-05-20,12.600000381469727,12.600000381469727,12.350000381469727,12.600000381469727,8.789714813232422,1000
2013-05-21,12.550000190734863,12.550000190734863,12.050000190734863,12.529999732971191,8.740880966186523,1000
2013-05-22,12.199999809265137,12.199999809265137,12.199999809265137,12.199999809265137,8.510674476623535,200
2013-05-23,11.949999809265137,11.949999809265137,11.949999809265137,11.949999809265137,8.336276054382324,200
2013-05-24,12.229999542236328,12.75,11.770000457763672,11.970000267028809,8.350226402282715,3700
2013-05-28,12.5,12.5,12.5,12.5,8.719951629638672,300
2013-05-29,12.479999542236328,12.479999542236328,12.479999542236328,12.479999542236328,8.706000328063965,100
2013-05-30,12.479999542236328,12.479999542236328,12.479999542236328,12.479999542236328,8.706000328063965,0
2013-05-31,12.229999542236328,12.5,11.539999961853027,12.5,8.719951629638672,3400
2013-06-03,12.350000381469727,12.350000381469727,12.069999694824219,12.069999694824219,8.419983863830566,2500
2013-06-04,11.949999809265137,12.449999809265137,11.850000381469727,12.0,8.371155738830566,5100
2013-06-05,12.0,12.0,12.0,12.0,8.371155738830566,100
2013-06-06,12.050000190734863,12.050000190734863,12.050000190734863,12.050000190734863,8.406035423278809,400
2013-06-07,12.100000381469727,12.100000381469727,12.100000381469727,12.100000381469727,8.440914154052734,200
2013-06-10,12.140000343322754,12.140000343322754,11.600000381469727,11.649999618530273,8.160717964172363,3600
2013-06-11,11.649999618530273,11.789999961853027,11.619999885559082,11.649999618530273,8.160717964172363,1700
2013-06-12,11.649999618530273,11.649999618530273,11.649999618530273,11.649999618530273,8.160717964172363,0
2013-06-13,11.649999618530273,11.649999618530273,11.649999618530273,11.649999618530273,8.160717964172363,200
2013-06-14,11.649999618530273,11.649999618530273,11.369999885559082,11.369999885559082,7.964580535888672,1400
2013-06-17,11.369999885559082,11.399999618530273,11.350000381469727,11.380000114440918,7.971586227416992,900
2013-06-18,11.5,11.600000381469727,11.350000381469727,11.539999961853027,8.083663940429688,1200
2013-06-19,11.779999732971191,11.779999732971191,11.779999732971191,11.779999732971191,8.25178050994873,100
2013-06-20,12.079999923706055,12.600000381469727,11.899999618530273,12.5,8.756134033203125,8800
2013-06-21,12.529999732971191,12.699999809265137,12.3100004196167,12.539999961853027,8.78415298461914,4400
2013-06-24,12.609999656677246,12.609999656677246,12.180000305175781,12.25,8.581007957458496,1600
2013-06-25,12.479999542236328,13.0,12.479999542236328,12.699999809265137,8.896230697631836,2400
2013-06-26,12.699999809265137,12.699999809265137,12.5,12.600000381469727,8.826187133789062,500
2013-06-27,12.359999656677246,12.84000015258789,12.359999656677246,12.770000457763672,8.945266723632812,2200
2013-06-28,12.8100004196167,13.960000038146973,12.8100004196167,13.960000038146973,9.778850555419922,20500
2013-07-01,13.859999656677246,13.989999771118164,13.800000190734863,13.850000381469727,9.701794624328613,2100
2013-07-02,13.800000190734863,14.0,13.640000343322754,13.640000343322754,9.554695129394531,5400
2013-07-03,13.65999984741211,13.970000267028809,13.300000190734863,13.449999809265137,9.421600341796875,9700
2013-07-05,13.579999923706055,13.649999618530273,13.579999923706055,13.649999618530273,9.561698913574219,400
2013-07-08,13.399999618530273,13.399999618530273,13.359999656677246,13.399999618530273,9.386575698852539,600
2013-07-09,13.300000190734863,13.300000190734863,13.15999984741211,13.15999984741211,9.218457221984863,700
2013-07-10,13.039999961853027,13.039999961853027,13.039999961853027,13.039999961853027,9.134397506713867,200
2013-07-11,13.050000190734863,13.050000190734863,13.050000190734863,13.050000190734863,9.14140510559082,100
2013-07-12,13.069999694824219,13.069999694824219,13.069999694824219,13.069999694824219,9.155412673950195,100
2013-07-15,12.869999885559082,13.170000076293945,12.869999885559082,13.170000076293945,9.2254638671875,300
2013-07-16,13.199999809265137,13.649999618530273,12.800000190734863,13.5,9.456626892089844,8200
2013-07-17,13.479999542236328,13.989999771118164,13.350000381469727,13.5,9.456626892089844,5900
2013-07-18,13.75,13.75,13.75,13.75,9.63175106048584,100
2013-07-19,13.619999885559082,13.869999885559082,13.369999885559082,13.770000457763672,9.645758628845215,900
2013-07-22,13.869999885559082,13.869999885559082,13.869999885559082,13.869999885559082,9.715805053710938,100
2013-07-23,13.899999618530273,13.899999618530273,13.899999618530273,13.899999618530273,9.736823081970215,200
2013-07-24,13.979999542236328,14.699999809265137,13.979999542236328,14.199999809265137,9.946969985961914,4200
2013-07-25,14.25,14.25,14.25,14.25,9.981995582580566,100
2013-07-26,14.399999618530273,15.989999771118164,14.029999732971191,15.399999618530273,10.787556648254395,17300
2013-07-29,14.460000038146973,15.380000114440918,14.460000038146973,15.380000114440918,10.773547172546387,500
2013-07-30,16.440000534057617,18.260000228881836,15.710000038146973,16.510000228881836,11.565104484558105,21000
2013-07-31,16.420000076293945,19.200000762939453,16.420000076293945,17.389999389648438,12.181535720825195,24300
2013-08-01,18.59000015258789,19.139999389648438,16.360000610351562,18.309999465942383,12.82598876953125,17300
2013-08-02,18.260000228881836,18.989999771118164,18.260000228881836,18.600000381469727,13.029130935668945,8800
2013-08-05,18.940000534057617,18.940000534057617,18.479999542236328,18.479999542236328,12.945070266723633,600
2013-08-06,18.329999923706055,18.329999923706055,18.309999465942383,18.309999465942383,12.82598876953125,400
2013-08-07,18.540000915527344,18.59000015258789,18.170000076293945,18.559999465942383,13.001110076904297,1400
2013-08-08,18.079999923706055,18.450000762939453,17.459999084472656,17.81999969482422,12.482745170593262,5600
2013-08-09,17.40999984741211,17.770000457763672,16.25,16.670000076293945,11.677181243896484,4000
2013-08-12,16.309999465942383,16.450000762939453,15.899999618530273,16.440000534057617,11.516070365905762,1300
2013-08-13,15.649999618530273,17.6200008392334,15.34000015258789,15.600000381469727,10.927656173706055,8900
2013-08-14,15.90999984741211,15.920000076293945,15.319999694824219,15.920000076293945,11.151814460754395,1500
2013-08-15,15.319999694824219,15.649999618530273,15.09000015258789,15.170000076293945,10.626445770263672,1500
2013-08-16,14.930000305175781,15.119999885559082,13.859999656677246,13.859999656677246,9.708803176879883,8300
2013-08-19,14.0,15.289999961853027,13.680000305175781,13.880000114440918,9.72281551361084,8800
2013-08-20,13.4399995803833,15.149999618530273,13.010000228881836,14.199999809265137,9.946969985961914,6300
2013-08-21,13.619999885559082,15.420000076293945,13.619999885559082,14.239999771118164,9.97498607635498,3300
2013-08-22,13.899999618530273,16.100000381469727,13.899999618530273,15.729999542236328,11.018722534179688,4100
2013-08-23,15.779999732971191,16.049999237060547,14.420000076293945,15.149999618530273,10.612433433532715,4600
2013-08-26,14.609999656677246,15.880000114440918,14.460000038146973,15.390000343322754,10.78055191040039,1500
2013-08-27,15.430000305175781,15.850000381469727,14.5,14.920000076293945,10.451322555541992,13300
2013-08-28,14.84000015258789,14.84000015258789,14.819999694824219,14.819999694824219,10.38127613067627,400
2013-08-29,14.710000038146973,14.710000038146973,14.710000038146973,14.710000038146973,10.304219245910645,300
2013-08-30,14.210000038146973,14.210000038146973,13.869999885559082,13.869999885559082,9.715805053710938,1000
2013-09-03,13.869999885559082,13.869999885559082,13.869999885559082,13.869999885559082,9.750959396362305,0
2013-09-04,14.199999809265137,14.989999771118164,13.289999961853027,13.859999656677246,9.743928909301758,5500
2013-09-05,13.800000190734863,13.800000190734863,13.800000190734863,13.800000190734863,9.701745986938477,100
2013-09-06,13.579999923706055,14.640000343322754,13.539999961853027,14.010000228881836,9.849382400512695,5600
2013-09-09,13.4399995803833,13.979999542236328,13.4399995803833,13.960000038146973,9.814229965209961,900
2013-09-10,13.930000305175781,13.930000305175781,13.399999618530273,13.6899995803833,9.624411582946777,1600
2013-09-11,13.119999885559082,14.829999923706055,13.119999885559082,14.430000305175781,10.144652366638184,11300
2013-09-12,14.869999885559082,15.680000305175781,14.600000381469727,14.600000381469727,10.264163970947266,2100
2013-09-13,14.600000381469727,14.600000381469727,14.600000381469727,14.600000381469727,10.264163970947266,0
2013-09-16,14.880000114440918,14.880000114440918,14.880000114440918,14.880000114440918,10.461013793945312,500
2013-09-17,14.489999771118164,14.489999771118164,13.90999984741211,14.029999732971191,9.863442420959473,1200
2013-09-18,15.149999618530273,15.149999618530273,13.9399995803833,13.9399995803833,9.800169944763184,3000
2013-09-19,13.960000038146973,13.960000038146973,13.569999694824219,13.680000305175781,9.617383003234863,900
2013-09-20,13.640000343322754,13.640000343322754,13.210000038146973,13.210000038146973,9.286962509155273,5400
2013-09-23,13.819999694824219,13.819999694824219,13.130000114440918,13.720000267028809,9.645505905151367,700
2013-09-24,13.720000267028809,13.720000267028809,13.720000267028809,13.720000267028809,9.645505905151367,0
2013-09-25,14.6899995803833,14.6899995803833,13.699999809265137,13.829999923706055,9.72283935546875,800
2013-09-26,13.619999885559082,13.619999885559082,13.079999923706055,13.079999923706055,9.195569038391113,2000
2013-09-27,12.949999809265137,13.90999984741211,12.829999923706055,13.149999618530273,9.244779586791992,11100
2013-09-30,13.300000190734863,13.600000381469727,12.930000305175781,12.979999542236328,9.125267028808594,2300
2013-10-01,12.770000457763672,12.949999809265137,12.65999984741211,12.760000228881836,8.970602035522461,1200
2013-10-02,12.899999618530273,12.930000305175781,12.460000038146973,12.460000038146973,8.759693145751953,2400
2013-10-03,12.25,12.25,12.25,12.25,8.61205768585205,200
2013-10-04,11.65999984741211,11.84000015258789,11.65999984741211,11.84000015258789,8.323820114135742,300
2013-10-07,12.0,12.0,12.0,12.0,8.436301231384277,200
2013-10-08,12.0,12.0,12.0,12.0,8.436301231384277,500
2013-10-09,13.100000381469727,13.100000381469727,12.020000457763672,12.020000457763672,8.450364112854004,700
2013-10-10,12.619999885559082,13.829999923706055,11.90999984741211,13.029999732971191,9.160419464111328,12700
2013-10-11,12.670000076293945,12.890000343322754,12.550000190734863,12.890000343322754,9.061993598937988,900
2013-10-14,14.600000381469727,14.600000381469727,13.369999885559082,13.399999618530273,9.420536994934082,900
2013-10-15,13.75,13.75,13.359999656677246,13.5,9.490840911865234,1700
2013-10-16,13.649999618530273,13.75,13.649999618530273,13.75,9.666595458984375,600
2013-10-17,13.75,13.75,13.75,13.75,9.666595458984375,600
2013-10-18,13.90999984741211,14.279999732971191,13.90999984741211,14.149999618530273,9.947807312011719,1100
2013-10-21,14.199999809265137,14.270000457763672,14.199999809265137,14.270000457763672,10.032166481018066,300
2013-10-22,15.350000381469727,15.539999961853027,15.0,15.039999961853027,10.573498725891113,2800
2013-10-23,15.25,15.4399995803833,15.25,15.289999961853027,10.749252319335938,700
2013-10-24,15.180000305175781,15.619999885559082,15.180000305175781,15.3100004196167,10.763317108154297,1100
2013-10-25,15.25,15.6899995803833,15.25,15.300000190734863,10.756284713745117,600
2013-10-28,15.399999618530273,15.399999618530273,15.399999618530273,15.399999618530273,10.82658576965332,400
2013-10-29,15.550000190734863,15.550000190734863,15.25,15.25,10.721132278442383,800
2013-10-30,15.75,15.75,15.350000381469727,15.350000381469727,10.791434288024902,800
2013-10-31,14.710000038146973,15.239999771118164,13.510000228881836,14.1899995803833,9.97592544555664,11000
2013-11-01,14.1899995803833,15.149999618530273,13.510000228881836,14.220000267028809,9.997016906738281,19500
2013-11-04,13.65999984741211,13.850000381469727,13.479999542236328,13.850000381469727,9.736900329589844,1300
2013-11-05,13.100000381469727,13.600000381469727,12.600000381469727,12.710000038146973,8.935447692871094,16800
2013-11-06,13.300000190734863,13.420000076293945,12.4399995803833,12.460000038146973,8.759693145751953,6300
2013-11-07,12.109999656677246,13.5,12.109999656677246,12.350000381469727,8.682360649108887,21200
2013-11-08,12.1899995803833,12.579999923706055,12.1899995803833,12.470000267028809,8.766721725463867,4900
2013-11-11,13.0600004196167,13.0600004196167,12.649999618530273,12.880000114440918,9.05496597290039,3600
2013-11-12,12.75,12.920000076293945,12.3100004196167,12.899999618530273,9.069025039672852,1200
2013-11-13,12.970000267028809,12.989999771118164,12.770000457763672,12.819999694824219,9.012782096862793,1800
2013-11-14,12.479999542236328,13.149999618530273,12.170000076293945,13.149999618530273,9.244779586791992,6000
2013-11-15,12.829999923706055,12.829999923706055,12.699999809265137,12.699999809265137,8.928420066833496,400
2013-11-18,12.270000457763672,12.270000457763672,12.180000305175781,12.180000305175781,8.562844276428223,200
2013-11-19,12.9399995803833,12.9399995803833,12.25,12.25,8.61205768585205,600
2013-11-20,12.600000381469727,12.850000381469727,12.449999809265137,12.670000076293945,8.907328605651855,2800
2013-11-21,12.399999618530273,12.399999618530273,12.399999618530273,12.399999618530273,8.717511177062988,400
2013-11-22,12.229999542236328,13.550000190734863,12.229999542236328,12.880000114440918,9.05496597290039,4600
2013-11-25,12.399999618530273,12.800000190734863,12.399999618530273,12.619999885559082,8.872175216674805,1400
2013-11-26,12.59000015258789,12.760000228881836,12.59000015258789,12.760000228881836,8.970602035522461,200
2013-11-27,12.649999618530273,12.930000305175781,12.609999656677246,12.899999618530273,9.069025039672852,700
2013-11-29,12.800000190734863,13.0,12.800000190734863,13.0,9.139327049255371,600
2013-12-02,13.149999618530273,13.229999542236328,12.359999656677246,12.65999984741211,8.900296211242676,1400
2013-12-03,12.600000381469727,12.649999618530273,12.600000381469727,12.649999618530273,8.9285306930542,600
2013-12-04,12.739999771118164,12.739999771118164,12.739999771118164,12.739999771118164,8.992051124572754,200
2013-12-05,12.3100004196167,12.5,12.3100004196167,12.5,8.822661399841309,400
2013-12-06,12.680000305175781,12.760000228881836,12.680000305175781,12.760000228881836,9.006170272827148,1500
2013-12-09,13.0,13.199999809265137,13.0,13.050000190734863,9.210857391357422,1900
2013-12-10,13.050000190734863,13.050000190734863,13.050000190734863,13.050000190734863,9.210857391357422,0
2013-12-11,13.130000114440918,13.25,13.130000114440918,13.25,9.352015495300293,1000
2013-12-12,13.300000190734863,13.380000114440918,13.149999618530273,13.149999618530273,9.281436920166016,5500
2013-12-13,13.430000305175781,13.430000305175781,13.149999618530273,13.149999618530273,9.281436920166016,1100
2013-12-16,12.800000190734863,13.199999809265137,12.800000190734863,13.050000190734863,9.210857391357422,1800
2013-12-17,13.050000190734863,13.050000190734863,13.050000190734863,13.050000190734863,9.210857391357422,0
2013-12-18,13.0,13.25,13.0,13.149999618530273,9.281436920166016,800
2013-12-19,13.149999618530273,13.149999618530273,13.149999618530273,13.149999618530273,9.281436920166016,0
2013-12-20,13.0,13.300000190734863,11.6899995803833,13.300000190734863,9.387310028076172,13300
2013-12-23,12.100000381469727,13.9399995803833,11.75,12.899999618530273,9.104985237121582,25000
2013-12-24,13.199999809265137,13.199999809265137,13.199999809265137,13.199999809265137,9.316728591918945,400
2013-12-26,13.130000114440918,13.460000038146973,13.100000381469727,13.149999618530273,9.281436920166016,2300
2013-12-27,13.140000343322754,13.180000305175781,12.569999694824219,12.699999809265137,8.963822364807129,3200
2013-12-30,12.550000190734863,13.779999732971191,12.1899995803833,12.850000381469727,9.069692611694336,20100
2013-12-31,13.710000038146973,14.579999923706055,12.380000114440918,14.079999923706055,9.937845230102539,42200
2014-01-02,14.460000038146973,14.529999732971191,13.279999732971191,13.569999694824219,9.577879905700684,9200
2014-01-03,13.829999923706055,14.739999771118164,13.6899995803833,14.199999809265137,10.022541999816895,11200
2014-01-06,14.050000190734863,14.050000190734863,13.779999732971191,13.899999618530273,9.810795783996582,900
2014-01-07,13.869999885559082,14.789999961853027,13.640000343322754,14.350000381469727,10.128411293029785,3500
2014-01-08,13.850000381469727,14.0600004196167,13.829999923706055,14.0600004196167,9.923727035522461,1300
2014-01-09,14.260000228881836,14.529999732971191,14.260000228881836,14.5,10.234283447265625,2000
2014-01-10,14.399999618530273,15.449999809265137,14.3100004196167,14.829999923706055,10.467203140258789,6100
2014-01-13,14.289999961853027,14.579999923706055,14.25,14.25,10.057830810546875,1500
2014-01-14,14.529999732971191,14.949999809265137,14.390000343322754,14.949999809265137,10.551900863647461,4200
2014-01-15,13.84000015258789,14.920000076293945,13.84000015258789,14.319999694824219,10.10723876953125,2700
2014-01-16,14.100000381469727,14.239999771118164,14.100000381469727,14.239999771118164,10.050772666931152,500
2014-01-17,14.350000381469727,14.350000381469727,13.699999809265137,13.800000190734863,9.740215301513672,5100
2014-01-21,14.010000228881836,14.239999771118164,13.569999694824219,13.75,9.704925537109375,2800
2014-01-22,13.489999771118164,14.289999961853027,13.489999771118164,13.75,9.704925537109375,6900
2014-01-23,13.779999732971191,13.779999732971191,13.489999771118164,13.5,9.528473854064941,700
2014-01-24,13.880000114440918,13.880000114440918,13.1899995803833,13.4399995803833,9.486124038696289,3600
2014-01-27,13.4399995803833,13.4399995803833,13.4399995803833,13.4399995803833,9.486124038696289,0
2014-01-28,13.4399995803833,13.4399995803833,13.4399995803833,13.4399995803833,9.486124038696289,600
2014-01-29,13.279999732971191,13.3100004196167,13.199999809265137,13.239999771118164,9.34496021270752,3000
2014-01-30,13.029999732971191,13.609999656677246,12.829999923706055,13.600000381469727,9.599056243896484,5000
2014-01-31,13.100000381469727,13.369999885559082,12.890000343322754,13.039999961853027,9.203798294067383,3200
2014-02-03,12.789999961853027,12.789999961853027,12.119999885559082,12.420000076293945,8.766194343566895,2200
2014-02-04,12.869999885559082,12.869999885559082,11.770000457763672,11.84000015258789,8.356822967529297,5000
2014-02-05,11.430000305175781,11.5,11.300000190734863,11.359999656677246,8.01803207397461,1800
2014-02-06,11.609999656677246,11.609999656677246,11.170000076293945,11.539999961853027,8.14508056640625,6200
2014-02-07,11.329999923706055,11.640000343322754,11.329999923706055,11.640000343322754,8.215659141540527,700
2014-02-10,11.479999542236328,11.619999885559082,11.079999923706055,11.390000343322754,8.03920841217041,3400
2014-02-11,11.289999961853027,11.699999809265137,11.199999809265137,11.25,7.94039249420166,4000
2014-02-12,11.350000381469727,11.699999809265137,10.680000305175781,11.050000190734863,7.799231052398682,25000
2014-02-13,11.199999809265137,11.430000305175781,10.699999809265137,10.800000190734863,7.622779846191406,20300
2014-02-14,10.199999809265137,10.640000343322754,9.640000343322754,10.40999984741211,7.347512245178223,10000
2014-02-18,11.649999618530273,12.680000305175781,11.380000114440918,11.579999923706055,8.173310279846191,17600
2014-02-19,11.569999694824219,12.449999809265137,11.1899995803833,11.199999809265137,7.905102252960205,10700
2014-02-20,11.489999771118164,12.300000190734863,11.34000015258789,12.100000381469727,8.540334701538086,22100
2014-02-21,12.039999961853027,12.039999961853027,11.949999809265137,11.949999809265137,8.43446159362793,1200
2014-02-24,11.890000343322754,11.890000343322754,11.890000343322754,11.890000343322754,8.392114639282227,700
2014-02-25,11.899999618530273,11.949999809265137,11.75,11.75,8.293296813964844,1500
2014-02-26,11.699999809265137,11.899999618530273,11.699999809265137,11.899999618530273,8.399170875549316,600
2014-02-27,11.949999809265137,11.949999809265137,11.699999809265137,11.699999809265137,8.258008003234863,400
2014-02-28,11.649999618530273,11.75,11.350000381469727,11.399999618530273,8.046265602111816,1600
2014-03-03,11.949999809265137,11.949999809265137,11.920000076293945,11.930000305175781,8.420347213745117,1200
2014-03-04,11.949999809265137,12.6899995803833,11.880000114440918,12.600000381469727,8.893241882324219,7500
2014-03-05,12.600000381469727,12.600000381469727,12.40999984741211,12.40999984741211,8.759136199951172,600
2014-03-06,12.220000267028809,12.6899995803833,12.220000267028809,12.5600004196167,8.900872230529785,1200
2014-03-07,12.350000381469727,12.579999923706055,11.90999984741211,12.069999694824219,8.55362606048584,5800
2014-03-10,11.829999923706055,12.0600004196167,11.75,11.75,8.3268461227417,6800
2014-03-11,11.359999656677246,12.170000076293945,11.359999656677246,11.5,8.14968490600586,21700
2014-03-12,12.039999961853027,12.229999542236328,11.770000457763672,12.119999885559082,8.589056968688965,4900
2014-03-13,12.100000381469727,12.100000381469727,11.5,11.5,8.14968490600586,6400
2014-03-14,11.09000015258789,11.850000381469727,10.8100004196167,11.0,7.79534912109375,17500
2014-03-17,10.609999656677246,10.960000038146973,10.609999656677246,10.800000190734863,7.653614521026611,2700
2014-03-18,10.90999984741211,11.210000038146973,10.630000114440918,10.930000305175781,7.7457427978515625,14000
2014-03-19,10.899999618530273,11.649999618530273,10.649999618530273,10.899999618530273,7.724477767944336,35300
2014-03-20,11.039999961853027,11.770000457763672,10.899999618530273,11.220000267028809,7.951253890991211,14200
2014-03-21,11.220000267028809,11.40999984741211,10.8100004196167,10.899999618530273,7.724477767944336,14600
2014-03-24,10.90999984741211,11.729999542236328,10.859999656677246,10.899999618530273,7.724477767944336,11100
2014-03-25,10.920000076293945,10.989999771118164,10.920000076293945,10.989999771118164,7.7882585525512695,500
2014-03-26,10.75,11.180000305175781,10.739999771118164,10.739999771118164,7.611094951629639,4600
2014-03-27,10.640000343322754,11.09000015258789,9.899999618530273,10.119999885559082,7.171720504760742,12200
2014-03-28,10.029999732971191,11.199999809265137,9.75,10.0600004196167,7.129199981689453,20500
2014-03-31,10.140000343322754,11.0,9.979999542236328,10.229999542236328,7.249670028686523,27400
2014-04-01,10.020000457763672,10.350000381469727,10.010000228881836,10.130000114440918,7.178806304931641,2500
2014-04-02,10.010000228881836,10.329999923706055,9.859999656677246,10.09000015258789,7.150460243225098,6200
2014-04-03,10.020000457763672,10.029999732971191,9.350000381469727,9.65999984741211,6.845732688903809,15900
2014-04-04,9.819999694824219,9.9399995803833,9.600000381469727,9.699999809265137,6.874078273773193,5100
2014-04-07,9.619999885559082,10.0,9.619999885559082,10.0,7.086680889129639,3900
2014-04-08,9.720000267028809,9.720000267028809,9.710000038146973,9.710000038146973,6.881164073944092,2000
2014-04-09,9.699999809265137,10.260000228881836,9.699999809265137,9.800000190734863,6.944944858551025,7500
2014-04-10,9.729999542236328,9.850000381469727,9.720000267028809,9.75,6.909510612487793,5000
2014-04-11,9.729999542236328,9.880000114440918,9.539999961853027,9.609999656677246,6.810299873352051,4600
2014-04-14,10.100000381469727,10.100000381469727,9.619999885559082,9.699999809265137,6.874078273773193,10200
2014-04-15,10.050000190734863,10.5,9.800000190734863,10.0600004196167,7.129199981689453,5100
2014-04-16,10.130000114440918,10.579999923706055,9.890000343322754,10.050000190734863,7.12211275100708,11200
2014-04-17,9.920000076293945,10.119999885559082,9.90999984741211,9.989999771118164,7.079593181610107,1900
2014-04-21,10.079999923706055,10.25,9.90999984741211,10.0,7.086680889129639,4800
2014-04-22,10.100000381469727,10.300000190734863,10.010000228881836,10.239999771118164,7.256760120391846,2200
2014-04-23,10.0,10.109999656677246,10.0,10.050000190734863,7.12211275100708,2000
2014-04-24,10.039999961853027,10.40999984741211,9.949999809265137,10.029999732971191,7.107939720153809,8400
2014-04-25,9.979999542236328,9.979999542236328,9.649999618530273,9.65999984741211,6.845732688903809,4000
2014-04-28,9.829999923706055,9.949999809265137,9.399999618530273,9.399999618530273,6.661477088928223,11600
2014-04-29,9.670000076293945,9.670000076293945,9.40999984741211,9.529999732971191,6.753605365753174,11400
2014-04-30,9.529999732971191,9.59000015258789,9.199999809265137,9.199999809265137,6.519745349884033,3000
2014-05-01,9.25,9.4399995803833,9.25,9.329999923706055,6.611871242523193,3700
2014-05-02,9.5,9.5,9.270000457763672,9.380000114440918,6.647306442260742,2100
2014-05-05,9.5,9.5,9.300000190734863,9.300000190734863,6.590611934661865,2600
2014-05-06,9.300000190734863,9.34000015258789,9.199999809265137,9.199999809265137,6.519745349884033,4000
2014-05-07,9.199999809265137,9.3100004196167,9.199999809265137,9.3100004196167,6.597700119018555,6200
2014-05-08,9.680000305175781,10.329999923706055,9.640000343322754,9.9399995803833,7.044158935546875,12800
2014-05-09,9.899999618530273,9.970000267028809,9.850000381469727,9.920000076293945,7.029987335205078,1200
2014-05-12,10.350000381469727,11.1899995803833,10.239999771118164,11.15999984741211,7.90873384475708,27100
2014-05-13,11.350000381469727,11.699999809265137,11.0,11.699999809265137,8.291415214538574,34800
2014-05-14,11.84000015258789,11.84000015258789,11.289999961853027,11.449999809265137,8.11424732208252,14500
2014-05-15,10.84000015258789,11.449999809265137,9.6899995803833,10.9399995803833,7.752826690673828,7700
2014-05-16,10.5,11.0,10.5,11.0,7.79534912109375,2400
2014-05-19,10.720000267028809,10.819999694824219,10.510000228881836,10.640000343322754,7.540228366851807,2500
2014-05-20,10.4399995803833,11.100000381469727,10.390000343322754,10.850000381469727,7.689046859741211,5900
2014-05-21,11.449999809265137,11.449999809265137,11.0600004196167,11.0600004196167,7.837864875793457,1700
2014-05-22,11.430000305175781,12.25,11.279999732971191,11.329999923706055,8.029205322265625,9300
2014-05-23,11.369999885559082,11.880000114440918,10.609999656677246,10.979999542236328,7.781174182891846,12700
2014-05-27,11.109999656677246,11.109999656677246,10.210000038146973,10.699999809265137,7.582744598388672,4500
2014-05-28,10.399999618530273,11.25,10.25,10.949999809265137,7.759913444519043,5300
2014-05-29,11.470000267028809,11.489999771118164,10.800000190734863,11.319999694824219,8.022117614746094,8000
2014-05-30,11.4399995803833,11.600000381469727,11.0600004196167,11.550000190734863,8.185113906860352,5000
2014-06-02,11.59000015258789,12.220000267028809,10.600000381469727,10.699999809265137,7.582744598388672,17200
2014-06-03,10.619999885559082,10.779999732971191,10.260000228881836,10.680000305175781,7.568574905395508,10200
2014-06-04,10.270000457763672,10.65999984741211,10.25,10.380000114440918,7.355974197387695,5900
2014-06-05,10.220000267028809,10.359999656677246,9.8100004196167,10.25,7.2990031242370605,9400
2014-06-06,10.25,10.489999771118164,10.069999694824219,10.399999618530273,7.405818939208984,3100
2014-06-09,10.180000305175781,10.579999923706055,10.180000305175781,10.350000381469727,7.370213985443115,2100
2014-06-10,10.5600004196167,10.989999771118164,10.5600004196167,10.84000015258789,7.719143390655518,9100
2014-06-11,10.34000015258789,10.779999732971191,10.0,10.329999923706055,7.355974197387695,24200
2014-06-12,10.369999885559082,10.65999984741211,10.369999885559082,10.420000076293945,7.42006254196167,1700
2014-06-13,10.470000267028809,10.550000190734863,10.15999984741211,10.260000228881836,7.306128025054932,6800
2014-06-16,10.100000381469727,10.4399995803833,10.100000381469727,10.380000114440918,7.391579627990723,3100
2014-06-17,10.130000114440918,10.470000267028809,10.119999885559082,10.300000190734863,7.334611415863037,8700
2014-06-18,10.449999809265137,10.449999809265137,10.119999885559082,10.300000190734863,7.334611415863037,5500
2014-06-19,10.15999984741211,10.710000038146973,10.130000114440918,10.319999694824219,7.348852634429932,5400
2014-06-20,10.640000343322754,10.829999923706055,10.210000038146973,10.449999809265137,7.441427230834961,6600
2014-06-23,10.140000343322754,10.489999771118164,10.010000228881836,10.25,7.2990031242370605,5800
2014-06-24,10.039999961853027,10.279999732971191,10.0,10.109999656677246,7.19931173324585,6000
2014-06-25,10.300000190734863,10.300000190734863,10.0,10.069999694824219,7.170828342437744,9300
2014-06-26,10.15999984741211,10.199999809265137,10.069999694824219,10.199999809265137,7.263400554656982,1400
2014-06-27,9.979999542236328,10.59000015258789,9.899999618530273,10.399999618530273,7.405818939208984,123500
2014-06-30,10.25,10.600000381469727,10.020000457763672,10.449999809265137,7.441427230834961,13900
2014-07-01,10.680000305175781,10.680000305175781,10.25,10.550000190734863,7.512635707855225,5300
2014-07-02,10.600000381469727,10.600000381469727,10.170000076293945,10.390000343322754,7.398698806762695,6100
2014-07-03,10.539999961853027,10.680000305175781,10.199999809265137,10.680000305175781,7.60520601272583,700
2014-07-07,10.710000038146973,10.710000038146973,10.199999809265137,10.449999809265137,7.441427230834961,5800
2014-07-08,10.210000038146973,10.5,10.210000038146973,10.479999542236328,7.4627861976623535,4700
2014-07-09,10.699999809265137,11.609999656677246,10.350000381469727,10.899999618530273,7.761867523193359,16100
2014-07-10,10.470000267028809,10.90999984741211,10.25,10.649999618530273,7.583841323852539,9800
2014-07-11,10.600000381469727,10.600000381469727,10.279999732971191,10.300000190734863,7.334611415863037,1100
2014-07-14,10.289999961853027,10.489999771118164,10.260000228881836,10.399999618530273,7.405818939208984,4400
2014-07-15,10.34000015258789,10.34000015258789,10.34000015258789,10.34000015258789,7.363095283508301,200
2014-07-16,10.399999618530273,10.399999618530273,10.25,10.300000190734863,7.334611415863037,1000
2014-07-17,10.329999923706055,10.350000381469727,10.199999809265137,10.199999809265137,7.263400554656982,4000
2014-07-18,10.199999809265137,10.470000267028809,10.199999809265137,10.300000190734863,7.334611415863037,23400
2014-07-21,10.149999618530273,10.989999771118164,10.149999618530273,10.40999984741211,7.412942409515381,5400
2014-07-22,10.520000457763672,10.529999732971191,10.260000228881836,10.449999809265137,7.441427230834961,12600
2014-07-23,10.449999809265137,10.489999771118164,10.359999656677246,10.430000305175781,7.427183151245117,8600
2014-07-24,10.649999618530273,10.770000457763672,10.449999809265137,10.569999694824219,7.526878356933594,2400
2014-07-25,10.329999923706055,10.850000381469727,10.329999923706055,10.510000228881836,7.484150409698486,21400
2014-07-28,10.520000457763672,10.520000457763672,10.520000457763672,10.520000457763672,7.49127197265625,200
2014-07-29,10.529999732971191,10.5600004196167,10.529999732971191,10.5600004196167,7.51975679397583,300
2014-07-30,10.510000228881836,10.510000228881836,10.510000228881836,10.510000228881836,7.484150409698486,500
2014-07-31,10.449999809265137,10.569999694824219,10.449999809265137,10.569999694824219,7.526878356933594,700
2014-08-01,10.539999961853027,10.550000190734863,10.319999694824219,10.319999694824219,7.348852634429932,2400
2014-08-04,10.300000190734863,10.300000190734863,10.260000228881836,10.260000228881836,7.306128025054932,800
2014-08-05,10.5600004196167,10.5600004196167,9.520000457763672,10.0,7.120980739593506,9200
2014-08-06,9.800000190734863,10.489999771118164,9.779999732971191,9.829999923706055,6.999926567077637,14900
2014-08-07,10.229999542236328,10.390000343322754,10.199999809265137,10.319999694824219,7.348852634429932,20400
2014-08-08,10.0,10.779999732971191,9.979999542236328,10.5600004196167,7.51975679397583,9600
2014-08-11,10.25,10.260000228881836,10.25,10.25,7.2990031242370605,300
2014-08-12,10.170000076293945,10.170000076293945,10.170000076293945,10.170000076293945,7.242037296295166,100
2014-08-13,10.15999984741211,10.279999732971191,10.15999984741211,10.25,7.2990031242370605,3300
2014-08-14,10.25,10.25,10.25,10.25,7.2990031242370605,300
2014-08-15,10.25,10.25,10.25,10.25,7.2990031242370605,0
2014-08-18,10.300000190734863,10.369999885559082,10.300000190734863,10.369999885559082,7.384458541870117,500
2014-08-19,10.4399995803833,10.979999542236328,10.4399995803833,10.609999656677246,7.555361747741699,36300
2014-08-20,10.600000381469727,10.600000381469727,10.600000381469727,10.600000381469727,7.548241138458252,500
2014-08-21,10.609999656677246,10.699999809265137,10.609999656677246,10.699999809265137,7.619448661804199,300
2014-08-22,10.600000381469727,10.600000381469727,10.600000381469727,10.600000381469727,7.548241138458252,400
2014-08-25,10.729999542236328,10.729999542236328,10.59000015258789,10.59000015258789,7.54111909866333,600
2014-08-26,10.550000190734863,11.0,10.449999809265137,10.619999885559082,7.562480449676514,13400
2014-08-27,10.449999809265137,10.619999885559082,10.449999809265137,10.579999923706055,7.533999919891357,3200
2014-08-28,10.579999923706055,10.579999923706055,10.579999923706055,10.579999923706055,7.533999919891357,0
2014-08-29,10.579999923706055,10.579999923706055,10.579999923706055,10.579999923706055,7.533999919891357,0
2014-09-02,10.579999923706055,10.579999923706055,10.579999923706055,10.579999923706055,7.569774627685547,0
2014-09-03,10.550000190734863,10.550000190734863,10.3100004196167,10.550000190734863,7.5483078956604,1300
2014-09-04,10.720000267028809,10.720000267028809,10.619999885559082,10.619999885559082,7.598391056060791,6400
2014-09-05,10.600000381469727,10.640000343322754,10.569999694824219,10.579999923706055,7.569774627685547,5400
2014-09-08,10.75,10.75,10.75,10.75,7.691402435302734,400
2014-09-09,10.75,10.75,10.75,10.75,7.691402435302734,0
2014-09-10,10.699999809265137,10.949999809265137,10.630000114440918,10.949999809265137,7.834501266479492,500
2014-09-11,10.989999771118164,11.640000343322754,10.65999984741211,11.270000457763672,8.063451766967773,26700
2014-09-12,11.289999961853027,11.289999961853027,11.270000457763672,11.270000457763672,8.063451766967773,300
2014-09-15,11.449999809265137,11.449999809265137,10.649999618530273,10.75,7.691402435302734,26100
2014-09-16,11.0,11.109999656677246,10.989999771118164,11.0,7.870274066925049,2500
2014-09-17,11.140000343322754,11.489999771118164,11.050000190734863,11.350000381469727,8.120688438415527,16500
2014-09-18,11.09000015258789,11.619999885559082,11.0,11.0,7.870274066925049,17800
2014-09-19,11.149999618530273,11.5,11.069999694824219,11.5,8.228013038635254,16500
2014-09-22,11.25,11.25,11.050000190734863,11.050000190734863,7.90604829788208,500
2014-09-23,11.079999923706055,11.079999923706055,11.0,11.010000228881836,7.877427577972412,1300
2014-09-24,11.0,11.119999885559082,10.8100004196167,10.899999618530273,7.798721790313721,5300
2014-09-25,10.850000381469727,10.850000381469727,10.800000190734863,10.800000190734863,7.727179527282715,1500
2014-09-26,10.760000228881836,10.760000228881836,10.760000228881836,10.760000228881836,7.698558330535889,100
2014-09-29,10.65999984741211,10.800000190734863,10.260000228881836,10.260000228881836,7.340819358825684,5200
2014-09-30,10.350000381469727,10.460000038146973,10.199999809265137,10.300000190734863,7.369439125061035,5700
2014-10-01,10.359999656677246,10.369999885559082,10.100000381469727,10.100000381469727,7.226341247558594,1500
2014-10-02,10.229999542236328,10.239999771118164,10.0600004196167,10.109999656677246,7.23349666595459,10700
2014-10-03,10.199999809265137,10.479999542236328,10.079999923706055,10.180000305175781,7.283581733703613,12800
2014-10-06,10.079999923706055,10.319999694824219,10.079999923706055,10.270000457763672,7.347972869873047,4100
2014-10-07,10.399999618530273,10.399999618530273,10.119999885559082,10.279999732971191,7.355125427246094,3500
2014-10-08,10.359999656677246,10.430000305175781,10.199999809265137,10.40999984741211,7.4481425285339355,11200
2014-10-09,10.329999923706055,10.329999923706055,10.220000267028809,10.220000267028809,7.312197685241699,1200
2014-10-10,10.130000114440918,10.40999984741211,10.100000381469727,10.40999984741211,7.4481425285339355,1700
2014-10-13,10.5600004196167,10.640000343322754,10.380000114440918,10.380000114440918,7.426677703857422,3300
2014-10-14,10.4399995803833,10.4399995803833,10.220000267028809,10.220000267028809,7.312197685241699,2000
2014-10-15,10.220000267028809,10.220000267028809,10.220000267028809,10.220000267028809,7.312197685241699,0
2014-10-16,10.100000381469727,10.609999656677246,10.100000381469727,10.350000381469727,7.405210018157959,5200
2014-10-17,10.5,10.9399995803833,10.25,10.579999923706055,7.569774627685547,28300
2014-10-20,10.670000076293945,10.970000267028809,10.5,10.970000267028809,7.848808288574219,6600
2014-10-21,11.0,11.100000381469727,11.0,11.100000381469727,7.94182014465332,1900
2014-10-22,10.8100004196167,11.140000343322754,10.8100004196167,11.140000343322754,7.970439910888672,1000
2014-10-23,11.010000228881836,11.149999618530273,11.010000228881836,11.140000343322754,7.970439910888672,600
2014-10-24,11.140000343322754,11.140000343322754,11.140000343322754,11.140000343322754,7.970439910888672,0
2014-10-27,11.329999923706055,11.760000228881836,11.020000457763672,11.170000076293945,7.991903305053711,10100
2014-10-28,11.170000076293945,11.170000076293945,11.170000076293945,11.170000076293945,7.991903305053711,0
2014-10-29,10.800000190734863,11.020000457763672,10.800000190734863,11.020000457763672,7.884583473205566,1300
2014-10-30,11.050000190734863,11.210000038146973,11.050000190734863,11.09000015258789,7.934665203094482,900
2014-10-31,11.220000267028809,11.220000267028809,11.029999732971191,11.050000190734863,7.90604829788208,2000
2014-11-03,11.050000190734863,11.050000190734863,11.050000190734863,11.050000190734863,7.90604829788208,0
2014-11-04,11.0,11.100000381469727,11.0,11.069999694824219,7.920357704162598,1900
2014-11-05,11.079999923706055,11.079999923706055,10.8100004196167,10.819999694824219,7.741486072540283,2600
2014-11-06,11.109999656677246,11.109999656677246,10.899999618530273,10.899999618530273,7.798721790313721,2300
2014-11-07,11.0,11.949999809265137,11.0,11.84000015258789,8.471277236938477,31000
2014-11-10,12.0600004196167,12.5,12.0600004196167,12.210000038146973,8.736004829406738,2500
2014-11-11,12.300000190734863,12.420000076293945,12.210000038146973,12.260000228881836,8.771777153015137,1900
2014-11-12,12.270000457763672,12.399999618530273,12.260000228881836,12.369999885559082,8.850480079650879,1100
2014-11-13,12.399999618530273,12.399999618530273,12.399999618530273,12.399999618530273,8.871943473815918,200
2014-11-14,12.399999618530273,12.399999618530273,12.399999618530273,12.399999618530273,8.871943473815918,0
2014-11-17,12.390000343322754,12.649999618530273,12.390000343322754,12.40999984741211,8.879098892211914,2400
2014-11-18,12.300000190734863,12.329999923706055,12.010000228881836,12.010000228881836,8.592906951904297,1000
2014-11-19,12.010000228881836,12.010000228881836,12.010000228881836,12.010000228881836,8.592906951904297,0
2014-11-20,12.0,12.40999984741211,12.0,12.289999961853027,8.79323959350586,1100
2014-11-21,12.5600004196167,12.6899995803833,11.800000190734863,12.319999694824219,8.814703941345215,5900
2014-11-24,12.479999542236328,12.479999542236328,11.850000381469727,12.0600004196167,8.628678321838379,4800
2014-11-25,11.600000381469727,12.699999809265137,11.600000381469727,12.149999618530273,8.693073272705078,7100
2014-11-26,12.0,12.600000381469727,11.699999809265137,12.550000190734863,8.979268074035645,4500
2014-11-28,12.0,12.140000343322754,11.819999694824219,11.819999694824219,8.456965446472168,1600
2014-12-01,11.800000190734863,12.069999694824219,11.5,12.069999694824219,8.63583755493164,3000
2014-12-02,12.069999694824219,12.069999694824219,12.069999694824219,12.069999694824219,8.671760559082031,0
2014-12-03,11.75,12.170000076293945,11.75,11.850000381469727,8.51369857788086,600
2014-12-04,11.899999618530273,12.40999984741211,11.869999885559082,12.40999984741211,8.916031837463379,2600
2014-12-05,12.529999732971191,12.529999732971191,12.399999618530273,12.399999618530273,8.908846855163574,700
2014-12-08,12.199999809265137,12.699999809265137,11.9399995803833,12.510000228881836,8.987879753112793,9900
2014-12-09,12.510000228881836,12.670000076293945,11.819999694824219,12.319999694824219,8.851371765136719,7500
2014-12-10,12.319999694824219,12.319999694824219,12.319999694824219,12.319999694824219,8.851371765136719,0
2014-12-11,12.229999542236328,12.229999542236328,12.149999618530273,12.149999618530273,8.729233741760254,400
2014-12-12,11.9399995803833,12.489999771118164,11.800000190734863,11.800000190734863,8.477774620056152,19800
2014-12-15,12.170000076293945,12.380000114440918,11.8100004196167,12.25,8.801079750061035,19800
2014-12-16,12.680000305175781,12.699999809265137,11.760000228881836,12.229999542236328,8.786709785461426,11700
2014-12-17,12.640000343322754,12.640000343322754,11.949999809265137,12.050000190734863,8.657388687133789,11900
2014-12-18,12.050000190734863,12.25,11.579999923706055,11.850000381469727,8.51369857788086,4200
2014-12-19,12.0600004196167,12.180000305175781,10.779999732971191,11.100000381469727,7.974857807159424,30300
2014-12-22,11.65999984741211,11.819999694824219,11.020000457763672,11.229999542236328,8.068255424499512,4100
2014-12-23,11.789999961853027,11.859999656677246,11.380000114440918,11.550000190734863,8.298162460327148,3100
2014-12-24,11.380000114440918,11.920000076293945,11.380000114440918,11.600000381469727,8.334084510803223,1600
2014-12-26,11.449999809265137,12.329999923706055,11.449999809265137,12.260000228881836,8.808262825012207,1600
2014-12-29,11.720000267028809,12.149999618530273,11.710000038146973,12.119999885559082,8.707682609558105,1500
2014-12-30,12.220000267028809,12.220000267028809,11.399999618530273,12.069999694824219,8.671760559082031,19100
2014-12-31,11.449999809265137,12.09000015258789,11.4399995803833,12.09000015258789,8.686127662658691,1300
2015-01-02,12.170000076293945,12.170000076293945,11.619999885559082,12.130000114440918,8.714866638183594,1100
2015-01-05,12.069999694824219,12.069999694824219,12.069999694824219,12.069999694824219,8.671760559082031,100
2015-01-06,11.8100004196167,11.979999542236328,11.479999542236328,11.739999771118164,8.43466567993164,3700
2015-01-07,11.869999885559082,12.0,11.869999885559082,11.970000267028809,8.5999116897583,800
2015-01-08,11.970000267028809,11.970000267028809,11.970000267028809,11.970000267028809,8.5999116897583,200
2015-01-09,11.869999885559082,11.869999885559082,11.649999618530273,11.649999618530273,8.370007514953613,500
2015-01-12,11.649999618530273,11.649999618530273,11.649999618530273,11.649999618530273,8.370007514953613,0
2015-01-13,11.5,11.6899995803833,11.350000381469727,11.5600004196167,8.305346488952637,11500
2015-01-14,11.75,11.869999885559082,11.5,11.619999885559082,8.3484525680542,3400
2015-01-15,11.5,11.5,11.0600004196167,11.0600004196167,7.946117877960205,1000
2015-01-16,11.0600004196167,11.0600004196167,11.0600004196167,11.0600004196167,7.946117877960205,0
2015-01-20,11.210000038146973,11.210000038146973,10.520000457763672,11.119999885559082,7.989224433898926,16600
2015-01-21,10.989999771118164,11.239999771118164,10.8100004196167,11.239999771118164,8.075438499450684,3300
2015-01-22,11.170000076293945,11.239999771118164,11.15999984741211,11.239999771118164,8.075438499450684,1700
2015-01-23,11.239999771118164,11.239999771118164,11.229999542236328,11.229999542236328,8.068255424499512,500
2015-01-26,11.119999885559082,11.5600004196167,10.84000015258789,11.050000190734863,7.938932418823242,2800
2015-01-27,10.800000190734863,10.800000190734863,10.800000190734863,10.800000190734863,7.759321689605713,200
2015-01-28,11.149999618530273,11.149999618530273,11.149999618530273,11.149999618530273,8.01077938079834,400
2015-01-29,10.859999656677246,11.050000190734863,10.720000267028809,10.720000267028809,7.701844215393066,2300
2015-01-30,10.579999923706055,11.0,10.5,10.550000190734863,7.579705715179443,17900
2015-02-02,10.5,11.0,10.5,10.930000305175781,7.852718353271484,15100
2015-02-03,11.050000190734863,11.050000190734863,10.949999809265137,10.960000038146973,7.874274730682373,1900
2015-02-04,11.199999809265137,11.199999809265137,10.640000343322754,10.649999618530273,7.651551246643066,2000
2015-02-05,11.170000076293945,11.199999809265137,10.819999694824219,11.0,7.903010368347168,2500
2015-02-06,11.0,11.050000190734863,11.0,11.029999732971191,7.92456579208374,1600
2015-02-09,11.319999694824219,11.319999694824219,11.050000190734863,11.050000190734863,7.938932418823242,1300
2015-02-10,11.180000305175781,11.300000190734863,11.15999984741211,11.25,8.082625389099121,3700
2015-02-11,10.989999771118164,11.199999809265137,10.989999771118164,11.199999809265137,8.046703338623047,300
2015-02-12,11.180000305175781,11.229999542236328,11.180000305175781,11.229999542236328,8.068255424499512,300
2015-02-13,10.9399995803833,10.960000038146973,10.9399995803833,10.960000038146973,7.874274730682373,2000
2015-02-17,10.680000305175781,11.130000114440918,10.680000305175781,11.130000114440918,7.996413707733154,500
2015-02-18,11.130000114440918,11.130000114440918,11.130000114440918,11.130000114440918,7.996413707733154,0
2015-02-19,10.859999656677246,11.25,10.619999885559082,10.9399995803833,7.8599019050598145,9600
2015-02-20,10.970000267028809,11.300000190734863,10.970000267028809,11.300000190734863,8.118549346923828,1300
2015-02-23,11.300000190734863,11.5,11.149999618530273,11.5,8.262238502502441,800
2015-02-24,11.5,11.5,11.5,11.5,8.262238502502441,1300
2015-02-25,11.520000457763672,11.520000457763672,11.520000457763672,11.520000457763672,8.276606559753418,300
2015-02-26,11.300000190734863,11.300000190734863,10.960000038146973,11.289999961853027,8.111366271972656,2300
2015-02-27,11.289999961853027,11.289999961853027,11.289999961853027,11.289999961853027,8.111366271972656,100
2015-03-02,11.010000228881836,11.279999732971191,10.90999984741211,11.0,7.903010368347168,9700
2015-03-03,11.1899995803833,11.229999542236328,11.1899995803833,11.229999542236328,8.068255424499512,400
2015-03-04,11.100000381469727,11.100000381469727,10.920000076293945,10.920000076293945,7.845534324645996,600
2015-03-05,11.050000190734863,11.050000190734863,10.84000015258789,10.949999809265137,7.903277397155762,4300
2015-03-06,11.300000190734863,11.600000381469727,11.109999656677246,11.109999656677246,8.018756866455078,4400
2015-03-09,11.15999984741211,11.229999542236328,11.15999984741211,11.15999984741211,8.05484390258789,900
2015-03-10,11.470000267028809,11.470000267028809,11.050000190734863,11.0600004196167,7.982668399810791,1700
2015-03-11,11.0600004196167,11.0600004196167,11.0600004196167,11.0600004196167,7.982668399810791,0
2015-03-12,11.0600004196167,11.0600004196167,11.0600004196167,11.0600004196167,7.982668399810791,0
2015-03-13,11.34000015258789,11.84000015258789,11.34000015258789,11.460000038146973,8.271373748779297,1800
2015-03-16,11.8100004196167,11.8100004196167,11.430000305175781,11.430000305175781,8.24972152709961,2400
2015-03-17,11.819999694824219,11.819999694824219,11.199999809265137,11.199999809265137,8.083715438842773,3200
2015-03-18,11.109999656677246,11.779999732971191,11.109999656677246,11.5,8.300243377685547,8700
2015-03-19,11.3100004196167,11.520000457763672,11.140000343322754,11.319999694824219,8.170326232910156,1500
2015-03-20,11.449999809265137,11.449999809265137,11.0,11.0,7.939362525939941,700
2015-03-23,11.199999809265137,11.890000343322754,11.170000076293945,11.289999961853027,8.148675918579102,8900
2015-03-24,11.550000190734863,11.640000343322754,11.550000190734863,11.600000381469727,8.372420310974121,1700
2015-03-25,11.9399995803833,11.9399995803833,11.9399995803833,11.9399995803833,8.617819786071777,200
2015-03-26,11.649999618530273,11.649999618530273,11.069999694824219,11.3100004196167,8.163108825683594,5800
2015-03-27,11.569999694824219,11.569999694824219,11.239999771118164,11.420000076293945,8.24250316619873,1100
2015-03-30,11.170000076293945,11.390000343322754,11.0,11.350000381469727,8.191981315612793,3600
2015-03-31,11.380000114440918,11.420000076293945,11.359999656677246,11.359999656677246,8.199198722839355,1200
2015-04-01,11.399999618530273,11.399999618530273,11.34000015258789,11.34000015258789,8.184762954711914,1400
2015-04-02,11.430000305175781,11.4399995803833,11.40999984741211,11.4399995803833,8.256937026977539,600
2015-04-06,11.460000038146973,11.489999771118164,11.430000305175781,11.430000305175781,8.24972152709961,500
2015-04-07,11.539999961853027,11.539999961853027,11.539999961853027,11.539999961853027,8.32911491394043,300
2015-04-08,11.539999961853027,11.539999961853027,11.539999961853027,11.539999961853027,8.32911491394043,0
2015-04-09,11.539999961853027,11.539999961853027,11.539999961853027,11.539999961853027,8.32911491394043,100
2015-04-10,11.649999618530273,11.84000015258789,11.649999618530273,11.84000015258789,8.545646667480469,500
2015-04-13,11.800000190734863,11.829999923706055,11.800000190734863,11.829999923706055,8.538424491882324,300
2015-04-14,11.829999923706055,11.829999923706055,11.829999923706055,11.829999923706055,8.538424491882324,0
2015-04-15,11.779999732971191,11.779999732971191,11.600000381469727,11.600000381469727,8.372420310974121,400
2015-04-16,11.34000015258789,11.789999961853027,11.34000015258789,11.789999961853027,8.50955581665039,700
2015-04-17,12.170000076293945,12.1899995803833,12.170000076293945,12.1899995803833,8.798256874084473,600
2015-04-20,12.229999542236328,12.229999542236328,12.210000038146973,12.220000267028809,8.819912910461426,1300
2015-04-21,12.40999984741211,12.40999984741211,12.300000190734863,12.300000190734863,8.87765121459961,400
2015-04-22,12.270000457763672,12.4399995803833,11.920000076293945,12.34000015258789,8.906523704528809,2100
2015-04-23,12.15999984741211,12.34000015258789,11.510000228881836,11.949999809265137,8.625036239624023,7900
2015-04-24,11.75,12.399999618530273,11.5,12.390000343322754,8.942612648010254,10700
2015-04-27,12.170000076293945,12.300000190734863,12.15999984741211,12.15999984741211,8.776607513427734,2300
2015-04-28,12.180000305175781,12.180000305175781,11.75,11.789999961853027,8.50955581665039,2000
2015-04-29,11.920000076293945,12.0600004196167,11.479999542236328,12.010000228881836,8.668340682983398,2500
2015-04-30,11.930000305175781,12.140000343322754,11.390000343322754,11.630000114440918,8.394072532653809,10300
2015-05-01,11.699999809265137,11.800000190734863,11.449999809265137,11.800000190734863,8.516770362854004,1200
2015-05-04,12.199999809265137,12.199999809265137,11.600000381469727,11.899999618530273,8.588949203491211,4300
2015-05-05,11.449999809265137,11.979999542236328,11.050000190734863,11.949999809265137,8.625036239624023,3400
2015-05-06,11.989999771118164,11.989999771118164,11.550000190734863,11.550000190734863,8.336331367492676,700
2015-05-07,11.3100004196167,11.84000015258789,11.3100004196167,11.84000015258789,8.545646667480469,300
2015-05-08,11.960000038146973,12.050000190734863,11.09000015258789,11.8100004196167,8.523988723754883,7300
2015-05-11,11.880000114440918,12.0600004196167,11.460000038146973,12.0600004196167,8.704427719116211,2500
2015-05-12,12.09000015258789,12.09000015258789,11.8100004196167,11.8100004196167,8.523988723754883,1500
2015-05-13,11.979999542236328,11.979999542236328,11.710000038146973,11.710000038146973,8.451814651489258,300
2015-05-14,11.710000038146973,11.710000038146973,11.710000038146973,11.710000038146973,8.451814651489258,0
2015-05-15,11.489999771118164,11.5600004196167,11.489999771118164,11.5600004196167,8.343550682067871,600
2015-05-18,11.75,11.75,11.75,11.75,8.480683326721191,200
2015-05-19,11.5,11.899999618530273,11.5,11.789999961853027,8.50955581665039,500
2015-05-20,11.460000038146973,11.899999618530273,11.270000457763672,11.5,8.300243377685547,1000
2015-05-21,11.5,11.5,11.5,11.5,8.300243377685547,0
2015-05-22,11.5,11.5,11.5,11.5,8.300243377685547,0
2015-05-26,11.5,11.5,11.5,11.5,8.300243377685547,0
2015-05-27,11.5,11.5,11.5,11.5,8.300243377685547,0
2015-05-28,11.5,11.5,11.5,11.5,8.300243377685547,0
2015-05-29,11.5,11.5,11.5,11.5,8.300243377685547,0
2015-06-01,11.420000076293945,11.449999809265137,11.399999618530273,11.399999618530273,8.228068351745605,500
2015-06-02,11.300000190734863,11.300000190734863,11.300000190734863,11.300000190734863,8.155892372131348,100
2015-06-03,11.149999618530273,11.15999984741211,11.149999618530273,11.15999984741211,8.05484390258789,800
2015-06-04,11.140000343322754,11.75,11.140000343322754,11.550000190734863,8.37385082244873,4200
2015-06-05,11.550000190734863,11.760000228881836,11.369999885559082,11.369999885559082,8.243349075317383,2200
2015-06-08,11.399999618530273,11.399999618530273,11.399999618530273,11.399999618530273,8.265098571777344,100
2015-06-09,11.5,11.5,11.5,11.5,8.337596893310547,200
2015-06-10,11.5,11.5,11.5,11.5,8.337596893310547,0
2015-06-11,11.5,11.5,11.5,11.5,8.337596893310547,0
2015-06-12,11.5,11.5,11.5,11.5,8.337596893310547,0
2015-06-15,11.569999694824219,11.569999694824219,11.569999694824219,11.569999694824219,8.388348579406738,800
2015-06-16,11.600000381469727,11.859999656677246,11.600000381469727,11.829999923706055,8.576851844787598,1500
2015-06-17,11.829999923706055,11.829999923706055,11.829999923706055,11.829999923706055,8.576851844787598,0
2015-06-18,11.600000381469727,11.770000457763672,11.600000381469727,11.770000457763672,8.533349990844727,500
2015-06-19,11.770000457763672,11.770000457763672,11.770000457763672,11.770000457763672,8.533349990844727,0
2015-06-22,11.970000267028809,11.970000267028809,11.970000267028809,11.970000267028809,8.678352355957031,100
2015-06-23,11.970000267028809,11.970000267028809,11.970000267028809,11.970000267028809,8.678352355957031,0
2015-06-24,11.630000114440918,11.9399995803833,11.5600004196167,11.9399995803833,8.65660285949707,300
2015-06-25,11.9399995803833,11.9399995803833,11.5600004196167,11.5600004196167,8.381099700927734,300
2015-06-26,11.489999771118164,11.489999771118164,11.489999771118164,11.489999771118164,8.33034896850586,1800
2015-06-29,11.789999961853027,11.789999961853027,11.789999961853027,11.789999961853027,8.547849655151367,100
2015-06-30,11.789999961853027,11.789999961853027,11.789999961853027,11.789999961853027,8.547849655151367,0
2015-07-01,11.789999961853027,12.050000190734863,11.789999961853027,12.0,8.700102806091309,400
2015-07-02,12.0,12.0,12.0,12.0,8.700102806091309,0
2015-07-06,12.0,12.0,12.0,12.0,8.700102806091309,100
2015-07-07,11.520000457763672,11.539999961853027,11.510000228881836,11.510000228881836,8.344847679138184,700
2015-07-08,11.510000228881836,11.510000228881836,11.510000228881836,11.510000228881836,8.344847679138184,0
2015-07-09,11.510000228881836,11.510000228881836,11.510000228881836,11.510000228881836,8.344847679138184,0
2015-07-10,11.399999618530273,11.449999809265137,11.15999984741211,11.15999984741211,8.091096878051758,900
2015-07-13,11.100000381469727,11.649999618530273,11.100000381469727,11.3100004196167,8.199849128723145,600
2015-07-14,11.449999809265137,11.449999809265137,11.100000381469727,11.100000381469727,8.04759407043457,1500
2015-07-15,11.100000381469727,11.100000381469727,11.100000381469727,11.100000381469727,8.04759407043457,100
2015-07-16,11.119999885559082,11.119999885559082,11.020000457763672,11.100000381469727,8.04759407043457,2100
2015-07-17,11.449999809265137,11.680000305175781,11.350000381469727,11.680000305175781,8.468100547790527,2500
2015-07-20,11.90999984741211,11.90999984741211,11.670000076293945,11.670000076293945,8.460851669311523,600
2015-07-21,11.670000076293945,11.670000076293945,11.670000076293945,11.670000076293945,8.460851669311523,0
2015-07-22,11.670000076293945,11.670000076293945,11.670000076293945,11.670000076293945,8.460851669311523,0
2015-07-23,11.460000038146973,11.5,11.399999618530273,11.5,8.337596893310547,700
2015-07-24,11.5,11.5,11.5,11.5,8.337596893310547,0
2015-07-27,11.5,11.5,11.5,11.5,8.337596893310547,0
2015-07-28,11.5,11.5,11.5,11.5,8.337596893310547,0
2015-07-29,11.699999809265137,11.699999809265137,11.699999809265137,11.699999809265137,8.482600212097168,100
2015-07-30,11.380000114440918,11.40999984741211,11.15999984741211,11.15999984741211,8.091096878051758,1000
2015-07-31,11.25,11.9399995803833,11.25,11.850000381469727,8.591351509094238,5900
2015-08-03,11.850000381469727,11.850000381469727,11.850000381469727,11.850000381469727,8.591351509094238,0
2015-08-04,11.510000228881836,11.90999984741211,11.510000228881836,11.899999618530273,8.627601623535156,400
2015-08-05,11.899999618530273,11.899999618530273,11.899999618530273,11.899999618530273,8.627601623535156,100
2015-08-06,11.90999984741211,11.90999984741211,11.15999984741211,11.15999984741211,8.091096878051758,2100
2015-08-07,11.15999984741211,11.15999984741211,11.15999984741211,11.15999984741211,8.091096878051758,0
2015-08-10,11.199999809265137,11.4399995803833,11.100000381469727,11.100000381469727,8.04759407043457,4000
2015-08-11,11.050000190734863,11.050000190734863,11.010000228881836,11.010000228881836,7.982343673706055,500
2015-08-12,11.119999885559082,11.369999885559082,11.010000228881836,11.369999885559082,8.243349075317383,1100
2015-08-13,11.369999885559082,11.369999885559082,11.369999885559082,11.369999885559082,8.243349075317383,0
2015-08-14,11.069999694824219,11.069999694824219,11.069999694824219,11.069999694824219,8.025845527648926,100
2015-08-17,10.779999732971191,10.779999732971191,10.779999732971191,10.779999732971191,7.815593719482422,200
2015-08-18,10.770000457763672,10.770000457763672,10.770000457763672,10.770000457763672,7.808343887329102,600
2015-08-19,10.770000457763672,10.770000457763672,10.770000457763672,10.770000457763672,7.808343887329102,0
2015-08-20,10.770000457763672,10.770000457763672,10.770000457763672,10.770000457763672,7.808343887329102,0
2015-08-21,10.770000457763672,10.770000457763672,10.770000457763672,10.770000457763672,7.808343887329102,0
2015-08-24,10.770000457763672,11.039999961853027,10.770000457763672,11.039999961853027,8.004093170166016,2500
2015-08-25,11.050000190734863,11.050000190734863,11.020000457763672,11.020000457763672,7.98959493637085,500
2015-08-26,11.050000190734863,11.050000190734863,11.020000457763672,11.020000457763672,7.98959493637085,2500
2015-08-27,11.050000190734863,11.050000190734863,11.050000190734863,11.050000190734863,8.011345863342285,200
2015-08-28,11.050000190734863,11.050000190734863,11.050000190734863,11.050000190734863,8.011345863342285,0
2015-08-31,11.020000457763672,11.029999732971191,11.020000457763672,11.029999732971191,7.996842861175537,2300
2015-09-01,11.010000228881836,11.010000228881836,11.010000228881836,11.010000228881836,8.018693923950195,200
2015-09-02,11.09000015258789,11.09000015258789,11.09000015258789,11.09000015258789,8.076959609985352,300
2015-09-03,11.09000015258789,11.09000015258789,10.850000381469727,10.850000381469727,7.902166366577148,1100
2015-09-04,10.930000305175781,10.930000305175781,10.930000305175781,10.930000305175781,7.960428237915039,200
2015-09-08,11.010000228881836,11.010000228881836,11.010000228881836,11.010000228881836,8.018693923950195,200
2015-09-09,11.0,11.09000015258789,10.829999923706055,10.970000267028809,7.989562034606934,1500
2015-09-10,10.970000267028809,10.970000267028809,10.970000267028809,10.970000267028809,7.989562034606934,0
2015-09-11,11.0600004196167,11.09000015258789,11.010000228881836,11.09000015258789,8.076959609985352,400
2015-09-14,11.079999923706055,11.079999923706055,11.079999923706055,11.079999923706055,8.069677352905273,200
2015-09-15,11.0,11.0,11.0,11.0,8.0114107131958,300
2015-09-16,11.0,11.0,11.0,11.0,8.0114107131958,0
2015-09-17,11.0,11.15999984741211,11.0,11.15999984741211,8.12794017791748,200
2015-09-18,11.100000381469727,11.100000381469727,10.75,10.75,7.829333782196045,300
2015-09-21,10.760000228881836,11.199999809265137,10.760000228881836,11.199999809265137,8.157075881958008,2100
2015-09-22,11.199999809265137,11.199999809265137,11.199999809265137,11.199999809265137,8.157075881958008,0
2015-09-23,11.329999923706055,11.329999923706055,11.199999809265137,11.199999809265137,8.157075881958008,400
2015-09-24,11.199999809265137,11.199999809265137,11.199999809265137,11.199999809265137,8.157075881958008,0
2015-09-25,11.199999809265137,11.199999809265137,11.199999809265137,11.199999809265137,8.157075881958008,0
2015-09-28,11.199999809265137,11.199999809265137,11.199999809265137,11.199999809265137,8.157075881958008,0
2015-09-29,10.9399995803833,10.9399995803833,10.9399995803833,10.9399995803833,7.967712879180908,300
2015-09-30,10.760000228881836,10.989999771118164,10.760000228881836,10.989999771118164,8.004128456115723,1500
2015-10-01,10.989999771118164,10.989999771118164,10.829999923706055,10.829999923706055,7.887598514556885,200
2015-10-02,10.829999923706055,10.829999923706055,10.829999923706055,10.829999923706055,7.887598514556885,0
2015-10-05,11.050000190734863,11.050000190734863,11.020000457763672,11.020000457763672,8.02597713470459,700
2015-10-06,11.029999732971191,11.029999732971191,10.739999771118164,10.760000228881836,7.836618423461914,3700
2015-10-07,11.0,11.210000038146973,10.829999923706055,10.829999923706055,7.887598514556885,1700
2015-10-08,10.829999923706055,10.829999923706055,10.829999923706055,10.829999923706055,7.887598514556885,0
2015-10-09,10.829999923706055,10.829999923706055,10.829999923706055,10.829999923706055,7.887598514556885,0
2015-10-12,11.039999961853027,11.039999961853027,11.039999961853027,11.039999961853027,8.040542602539062,700
2015-10-13,11.039999961853027,11.039999961853027,11.039999961853027,11.039999961853027,8.040542602539062,0
2015-10-14,11.039999961853027,11.039999961853027,11.039999961853027,11.039999961853027,8.040542602539062,0
2015-10-15,11.09000015258789,11.15999984741211,11.09000015258789,11.15999984741211,8.12794017791748,700
2015-10-16,11.630000114440918,11.699999809265137,11.630000114440918,11.699999809265137,8.521228790283203,200
2015-10-19,11.5,11.550000190734863,11.5,11.5,8.375565528869629,700
2015-10-20,11.819999694824219,11.819999694824219,11.819999694824219,11.819999694824219,8.608625411987305,100
2015-10-21,11.899999618530273,11.899999618530273,11.5,11.5,8.375565528869629,300
2015-10-22,11.5,11.5,11.5,11.5,8.375565528869629,0
2015-10-23,11.170000076293945,11.170000076293945,11.170000076293945,11.170000076293945,8.135222434997559,100
2015-10-26,11.489999771118164,11.489999771118164,11.199999809265137,11.199999809265137,8.157075881958008,600
2015-10-27,11.199999809265137,11.199999809265137,11.199999809265137,11.199999809265137,8.157075881958008,0
2015-10-28,11.199999809265137,11.199999809265137,11.199999809265137,11.199999809265137,8.157075881958008,200
2015-10-29,10.770000457763672,10.770000457763672,10.770000457763672,10.770000457763672,7.843902111053467,300
2015-10-30,11.210000038146973,11.210000038146973,11.210000038146973,11.210000038146973,8.164358139038086,300
2015-11-02,11.34000015258789,11.34000015258789,11.34000015258789,11.34000015258789,8.259038925170898,200
2015-11-03,11.100000381469727,11.5,11.100000381469727,11.5,8.375565528869629,700
2015-11-04,11.5,11.5,11.470000267028809,11.470000267028809,8.353717803955078,1500
2015-11-05,11.0,11.380000114440918,11.0,11.0,8.0114107131958,1300
2015-11-06,11.0,11.0,11.0,11.0,8.0114107131958,0
2015-11-09,11.0,11.0,11.0,11.0,8.0114107131958,0
2015-11-10,11.09000015258789,11.220000267028809,11.0,11.220000267028809,8.171639442443848,1200
2015-11-11,11.220000267028809,11.220000267028809,11.220000267028809,11.220000267028809,8.171639442443848,0
2015-11-12,11.220000267028809,11.220000267028809,11.220000267028809,11.220000267028809,8.171639442443848,0
2015-11-13,11.220000267028809,11.220000267028809,11.220000267028809,11.220000267028809,8.171639442443848,0
2015-11-16,11.220000267028809,11.220000267028809,11.220000267028809,11.220000267028809,8.171639442443848,0
2015-11-17,11.220000267028809,11.220000267028809,11.220000267028809,11.220000267028809,8.171639442443848,0
2015-11-18,11.0,11.0,10.699999809265137,10.850000381469727,7.902166366577148,3500
2015-11-19,10.350000381469727,11.829999923706055,10.350000381469727,11.5,8.375565528869629,17000
2015-11-20,11.25,11.25,10.930000305175781,11.050000190734863,8.047825813293457,8200
2015-11-23,11.050000190734863,11.050000190734863,11.050000190734863,11.050000190734863,8.047825813293457,0
2015-11-24,10.829999923706055,11.050000190734863,10.789999961853027,11.050000190734863,8.047825813293457,1100
2015-11-25,11.109999656677246,11.390000343322754,11.0600004196167,11.390000343322754,8.295453071594238,600
2015-11-27,11.390000343322754,11.390000343322754,11.390000343322754,11.390000343322754,8.295453071594238,0
2015-11-30,11.390000343322754,11.390000343322754,11.390000343322754,11.390000343322754,8.295453071594238,0
2015-12-01,11.390000343322754,11.390000343322754,11.390000343322754,11.390000343322754,8.295453071594238,0
2015-12-02,11.170000076293945,11.329999923706055,11.170000076293945,11.170000076293945,8.171093940734863,1300
2015-12-03,11.170000076293945,11.170000076293945,11.170000076293945,11.170000076293945,8.171093940734863,0
2015-12-04,11.170000076293945,11.170000076293945,11.170000076293945,11.170000076293945,8.171093940734863,0
2015-12-07,11.170000076293945,11.170000076293945,11.170000076293945,11.170000076293945,8.171093940734863,0
2015-12-08,11.170000076293945,11.1899995803833,11.170000076293945,11.170000076293945,8.171093940734863,400
2015-12-09,11.390000343322754,11.390000343322754,10.899999618530273,10.899999618530273,7.973583698272705,2600
2015-12-10,11.220000267028809,11.220000267028809,11.140000343322754,11.140000343322754,8.149147033691406,500
2015-12-11,10.970000267028809,11.069999694824219,10.970000267028809,11.069999694824219,8.097942352294922,1000
2015-12-14,10.760000228881836,11.020000457763672,10.760000228881836,11.020000457763672,8.061365127563477,400
2015-12-15,11.229999542236328,11.229999542236328,10.859999656677246,10.859999656677246,7.94432258605957,900
2015-12-16,11.210000038146973,11.329999923706055,11.029999732971191,11.029999732971191,8.068679809570312,3500
2015-12-17,11.3100004196167,11.3100004196167,11.3100004196167,11.3100004196167,8.273508071899414,200
2015-12-18,11.390000343322754,11.390000343322754,11.390000343322754,11.390000343322754,8.332029342651367,300
2015-12-21,11.390000343322754,11.390000343322754,11.390000343322754,11.390000343322754,8.332029342651367,0
2015-12-22,11.390000343322754,11.390000343322754,11.390000343322754,11.390000343322754,8.332029342651367,0
2015-12-23,11.109999656677246,11.300000190734863,11.100000381469727,11.300000190734863,8.266192436218262,600
2015-12-24,11.300000190734863,11.300000190734863,11.300000190734863,11.300000190734863,8.266192436218262,0
2015-12-28,11.100000381469727,11.100000381469727,11.100000381469727,11.100000381469727,8.11988639831543,1400
2015-12-29,11.119999885559082,11.119999885559082,11.119999885559082,11.119999885559082,8.13451862335205,100
2015-12-30,11.359999656677246,11.359999656677246,11.34000015258789,11.359999656677246,8.310083389282227,5700
2015-12-31,11.25,11.399999618530273,11.25,11.399999618530273,8.339344024658203,3200
2016-01-04,11.399999618530273,11.399999618530273,11.399999618530273,11.399999618530273,8.339344024658203,0
2016-01-05,11.430000305175781,11.680000305175781,11.229999542236328,11.680000305175781,8.544170379638672,3300
2016-01-06,11.680000305175781,11.680000305175781,11.680000305175781,11.680000305175781,8.544170379638672,3100
2016-01-07,11.680000305175781,11.770000457763672,11.420000076293945,11.680000305175781,8.544170379638672,14700
2016-01-08,11.890000343322754,11.890000343322754,11.119999885559082,11.119999885559082,8.13451862335205,3900
2016-01-11,11.300000190734863,11.579999923706055,10.90999984741211,11.149999618530273,8.156464576721191,21500
2016-01-12,11.15999984741211,11.270000457763672,10.609999656677246,11.220000267028809,8.207671165466309,22200
2016-01-13,11.40999984741211,11.850000381469727,10.75,10.75,7.86385440826416,42100
2016-01-14,11.039999961853027,11.489999771118164,10.130000114440918,10.479999542236328,7.666345596313477,36300
2016-01-15,10.279999732971191,10.739999771118164,10.220000267028809,10.369999885559082,7.585876941680908,1300
2016-01-19,10.649999618530273,10.649999618530273,9.359999656677246,9.989999771118164,7.307897090911865,6900
2016-01-20,10.0,10.0,9.640000343322754,9.800000190734863,7.168909549713135,11000
2016-01-21,10.010000228881836,10.010000228881836,8.460000038146973,9.5,6.949453830718994,33700
2016-01-22,10.350000381469727,10.350000381469727,9.039999961853027,9.270000457763672,6.781203746795654,63300
2016-01-25,9.449999809265137,10.0,9.369999885559082,9.4399995803833,6.905561447143555,1800
2016-01-26,9.649999618530273,9.859999656677246,9.619999885559082,9.619999885559082,7.037235260009766,2300
2016-01-27,9.75,9.75,9.600000381469727,9.600000381469727,7.022606372833252,500
2016-01-28,9.920000076293945,10.039999961853027,9.779999732971191,9.850000381469727,7.205485820770264,1700
2016-01-29,10.0,10.359999656677246,9.850000381469727,10.100000381469727,7.388364315032959,2300
2016-02-01,9.649999618530273,9.850000381469727,9.489999771118164,9.850000381469727,7.205485820770264,3000
2016-02-02,10.100000381469727,10.100000381469727,10.100000381469727,10.100000381469727,7.388364315032959,300
2016-02-03,10.300000190734863,10.399999618530273,10.199999809265137,10.199999809265137,7.461517810821533,1200
2016-02-04,10.449999809265137,10.510000228881836,10.449999809265137,10.489999771118164,7.673658847808838,500
2016-02-05,10.489999771118164,10.489999771118164,10.489999771118164,10.489999771118164,7.673658847808838,0
2016-02-08,10.489999771118164,10.489999771118164,10.489999771118164,10.489999771118164,7.673658847808838,0
2016-02-09,10.430000305175781,10.75,10.380000114440918,10.399999618530273,7.607822418212891,800
2016-02-10,10.420000076293945,10.600000381469727,10.420000076293945,10.479999542236328,7.666345596313477,1200
2016-02-11,10.300000190734863,10.300000190734863,10.289999961853027,10.300000190734863,7.534670352935791,400
2016-02-12,10.300000190734863,10.300000190734863,10.300000190734863,10.300000190734863,7.534670352935791,0
2016-02-16,10.149999618530273,10.399999618530273,10.149999618530273,10.350000381469727,7.5712456703186035,1800
2016-02-17,10.350000381469727,10.350000381469727,10.350000381469727,10.350000381469727,7.5712456703186035,0
2016-02-18,10.350000381469727,10.350000381469727,10.350000381469727,10.350000381469727,7.5712456703186035,0
2016-02-19,10.050000190734863,10.050000190734863,10.050000190734863,10.050000190734863,7.351788520812988,300
2016-02-22,10.1899995803833,10.430000305175781,9.880000114440918,10.149999618530273,7.424942493438721,3800
2016-02-23,10.350000381469727,10.550000190734863,9.899999618530273,10.399999618530273,7.607822418212891,8300
2016-02-24,10.399999618530273,10.489999771118164,10.0,10.470000267028809,7.659031391143799,5400
2016-02-25,10.430000305175781,10.470000267028809,10.1899995803833,10.470000267028809,7.659031391143799,400
2016-02-26,10.5600004196167,10.600000381469727,10.470000267028809,10.579999923706055,7.739497661590576,1800
2016-02-29,10.600000381469727,10.989999771118164,10.449999809265137,10.75,7.86385440826416,14300
2016-03-01,10.829999923706055,10.859999656677246,10.4399995803833,10.789999961853027,7.8931145668029785,9500
2016-03-02,10.869999885559082,10.890000343322754,10.4399995803833,10.800000190734863,7.900431156158447,6900
2016-03-03,11.010000228881836,11.010000228881836,10.529999732971191,10.850000381469727,7.973923206329346,6700
2016-03-04,10.989999771118164,11.079999923706055,9.65999984741211,9.920000076293945,7.290443420410156,14700
2016-03-07,9.640000343322754,10.300000190734863,9.640000343322754,10.300000190734863,7.569714546203613,9200
2016-03-08,10.359999656677246,10.359999656677246,10.029999732971191,10.039999961853027,7.378635406494141,2200
2016-03-09,10.239999771118164,10.359999656677246,10.069999694824219,10.359999656677246,7.613812446594238,5800
2016-03-10,10.699999809265137,10.850000381469727,10.619999885559082,10.619999885559082,7.804890155792236,1300
2016-03-11,10.210000038146973,10.449999809265137,10.0600004196167,10.449999809265137,7.679952621459961,4300
2016-03-14,10.5,10.5,10.399999618530273,10.5,7.716700553894043,1700
2016-03-15,10.449999809265137,10.449999809265137,10.220000267028809,10.229999542236328,7.518267631530762,2100
2016-03-16,10.25,10.25,10.25,10.25,7.5329670906066895,1500
2016-03-17,10.25,10.25,10.25,10.25,7.5329670906066895,2000
2016-03-18,10.5,10.930000305175781,10.210000038146973,10.210000038146973,7.503573894500732,2700
2016-03-21,10.210000038146973,10.210000038146973,10.210000038146973,10.210000038146973,7.503573894500732,0
2016-03-22,10.0,10.029999732971191,10.0,10.029999732971191,7.371284484863281,800
2016-03-23,10.109999656677246,10.109999656677246,10.109999656677246,10.109999656677246,7.430078983306885,500
2016-03-24,10.199999809265137,10.680000305175781,10.199999809265137,10.680000305175781,7.84898567199707,600
2016-03-28,10.850000381469727,11.0,10.850000381469727,11.0,8.084161758422852,400
2016-03-29,10.800000190734863,11.0,10.75,10.819999694824219,7.951875686645508,1100
2016-03-30,10.819999694824219,10.829999923706055,10.520000457763672,10.520000457763672,7.731398582458496,1500
2016-03-31,10.789999961853027,10.949999809265137,10.5,10.5,7.716700553894043,600
2016-04-01,10.5,10.5,10.460000038146973,10.460000038146973,7.687301158905029,600
2016-04-04,10.199999809265137,10.279999732971191,10.100000381469727,10.100000381469727,7.422728061676025,2600
2016-04-05,10.170000076293945,10.220000267028809,9.989999771118164,10.0,7.34923791885376,8200
2016-04-06,9.710000038146973,10.40999984741211,9.699999809265137,10.100000381469727,7.422728061676025,2900
2016-04-07,10.390000343322754,10.390000343322754,10.0,10.0,7.34923791885376,1400
2016-04-08,10.010000228881836,10.289999961853027,9.989999771118164,10.289999961853027,7.5623650550842285,1900
2016-04-11,10.350000381469727,10.359999656677246,9.989999771118164,10.149999618530273,7.459476947784424,2200
2016-04-12,10.430000305175781,10.569999694824219,10.430000305175781,10.5,7.716700553894043,700
2016-04-13,10.520000457763672,10.520000457763672,10.520000457763672,10.520000457763672,7.731398582458496,100
2016-04-14,10.680000305175781,10.680000305175781,10.65999984741211,10.65999984741211,7.834288597106934,700
2016-04-15,10.65999984741211,10.819999694824219,10.15999984741211,10.15999984741211,7.466825008392334,1900
2016-04-18,10.0600004196167,10.899999618530273,10.0600004196167,10.859999656677246,7.981273651123047,2000
2016-04-19,10.59000015258789,10.59000015258789,10.260000228881836,10.260000228881836,7.540317058563232,1600
2016-04-20,10.25,10.529999732971191,10.25,10.390000343322754,7.63585901260376,5500
2016-04-21,10.359999656677246,10.5,10.350000381469727,10.350000381469727,7.6064605712890625,4000
2016-04-22,10.350000381469727,10.350000381469727,10.350000381469727,10.350000381469727,7.6064605712890625,0
2016-04-25,10.359999656677246,10.359999656677246,10.359999656677246,10.359999656677246,7.613812446594238,800
2016-04-26,10.350000381469727,10.600000381469727,10.350000381469727,10.510000228881836,7.724048137664795,1800
2016-04-27,10.699999809265137,11.029999732971191,10.619999885559082,10.619999885559082,7.804890155792236,7300
2016-04-28,10.619999885559082,10.619999885559082,10.619999885559082,10.619999885559082,7.804890155792236,0
2016-04-29,10.760000228881836,10.760000228881836,10.75,10.75,7.900430679321289,1700
2016-05-02,10.75,10.930000305175781,10.75,10.800000190734863,7.937177658081055,2300
2016-05-03,10.800000190734863,10.800000190734863,10.800000190734863,10.800000190734863,7.937177658081055,0
2016-05-04,10.550000190734863,10.789999961853027,10.5,10.649999618530273,7.826938629150391,2400
2016-05-05,10.649999618530273,10.729999542236328,10.649999618530273,10.729999542236328,7.885732173919678,1400
2016-05-06,10.6899995803833,10.6899995803833,10.6899995803833,10.6899995803833,7.8563337326049805,200
2016-05-09,10.899999618530273,10.960000038146973,10.859999656677246,10.899999618530273,8.010669708251953,2600
2016-05-10,10.949999809265137,11.0,10.819999694824219,11.0,8.084161758422852,2000
2016-05-11,10.989999771118164,11.0,10.989999771118164,11.0,8.084161758422852,2100
2016-05-12,10.920000076293945,11.0600004196167,10.920000076293945,10.960000038146973,8.054764747619629,500
2016-05-13,10.850000381469727,10.989999771118164,10.850000381469727,10.989999771118164,8.076813697814941,1500
2016-05-16,11.09000015258789,11.09000015258789,10.9399995803833,11.0,8.084161758422852,700
2016-05-17,10.850000381469727,11.069999694824219,10.729999542236328,10.850000381469727,7.973923206329346,1100
2016-05-18,10.720000267028809,11.100000381469727,10.699999809265137,11.100000381469727,8.157652854919434,1100
2016-05-19,11.020000457763672,11.09000015258789,11.020000457763672,11.09000015258789,8.150307655334473,200
2016-05-20,11.069999694824219,11.25,11.0600004196167,11.09000015258789,8.150307655334473,1400
2016-05-23,11.239999771118164,11.399999618530273,10.720000267028809,11.390000343322754,8.370782852172852,5300
2016-05-24,11.300000190734863,11.300000190734863,11.270000457763672,11.300000190734863,8.30463981628418,2200
2016-05-25,11.100000381469727,11.600000381469727,11.100000381469727,11.600000381469727,8.525115013122559,1600
2016-05-26,11.5,11.899999618530273,11.449999809265137,11.699999809265137,8.59860897064209,9600
2016-05-27,11.949999809265137,11.949999809265137,10.760000228881836,11.25,8.267894744873047,4200
2016-05-31,11.329999923706055,11.390000343322754,11.149999618530273,11.149999618530273,8.194400787353516,700
2016-06-01,11.020000457763672,11.5,11.020000457763672,11.210000038146973,8.238495826721191,900
2016-06-02,11.489999771118164,11.489999771118164,10.789999961853027,11.0600004196167,8.164673805236816,6100
2016-06-03,10.6899995803833,11.399999618530273,10.640000343322754,10.640000343322754,7.854623794555664,4300
2016-06-06,11.3100004196167,11.5,11.289999961853027,11.289999961853027,8.33446216583252,2300
2016-06-07,11.319999694824219,11.75,10.920000076293945,11.460000038146973,8.4599609375,20300
2016-06-08,11.300000190734863,11.670000076293945,11.300000190734863,11.460000038146973,8.4599609375,3400
2016-06-09,11.369999885559082,11.479999542236328,11.279999732971191,11.279999732971191,8.327080726623535,5600
2016-06-10,11.289999961853027,11.479999542236328,11.140000343322754,11.140000343322754,8.223732948303223,4000
2016-06-13,11.170000076293945,11.5,10.960000038146973,11.0,8.120377540588379,5700
2016-06-14,11.0,11.15999984741211,10.489999771118164,10.6899995803833,7.891532897949219,21800
2016-06-15,10.84000015258789,11.430000305175781,10.529999732971191,10.850000381469727,8.009649276733398,33100
2016-06-16,10.75,11.270000457763672,10.630000114440918,11.270000457763672,8.319698333740234,14100
2016-06-17,11.3100004196167,11.3100004196167,10.859999656677246,10.859999656677246,8.0170316696167,8000
2016-06-20,10.84000015258789,11.279999732971191,10.84000015258789,11.279999732971191,8.327080726623535,9500
2016-06-21,11.390000343322754,11.5,11.010000228881836,11.399999618530273,8.415666580200195,12200
2016-06-22,11.010000228881836,11.5,11.010000228881836,11.449999809265137,8.4525785446167,20200
2016-06-23,11.3100004196167,11.680000305175781,10.9399995803833,11.319999694824219,8.356610298156738,20800
2016-06-24,11.100000381469727,11.449999809265137,10.899999618530273,10.970000267028809,8.098235130310059,101900
2016-06-27,11.020000457763672,11.470000267028809,10.859999656677246,11.109999656677246,8.201584815979004,11000
2016-06-28,11.180000305175781,11.460000038146973,11.140000343322754,11.40999984741211,8.423052787780762,8600
2016-06-29,11.5,11.5,11.289999961853027,11.399999618530273,8.415666580200195,2400
2016-06-30,11.5,11.65999984741211,11.329999923706055,11.5,8.489490509033203,3800
2016-07-01,11.149999618530273,11.479999542236328,11.149999618530273,11.289999961853027,8.33446216583252,2300
2016-07-05,11.489999771118164,11.489999771118164,11.210000038146973,11.210000038146973,8.275406837463379,3200
2016-07-06,11.109999656677246,11.5,11.109999656677246,11.5,8.489490509033203,8800
2016-07-07,11.40999984741211,11.579999923706055,11.1899995803833,11.399999618530273,8.415666580200195,27400
2016-07-08,11.40999984741211,12.420000076293945,11.40999984741211,12.270000457763672,9.057914733886719,21600
2016-07-11,12.220000267028809,12.220000267028809,11.699999809265137,12.029999732971191,8.880742073059082,11600
2016-07-12,12.1899995803833,12.239999771118164,11.789999961853027,12.220000267028809,9.021005630493164,26100
2016-07-13,12.300000190734863,12.470000267028809,12.079999923706055,12.390000343322754,9.146500587463379,10300
2016-07-14,12.350000381469727,12.420000076293945,12.239999771118164,12.399999618530273,9.153885841369629,2300
2016-07-15,12.420000076293945,12.720000267028809,12.050000190734863,12.609999656677246,9.308910369873047,6200
2016-07-18,12.720000267028809,13.300000190734863,12.470000267028809,13.260000228881836,9.788749694824219,24100
2016-07-19,13.279999732971191,13.989999771118164,13.239999771118164,13.960000038146973,10.305501937866211,12900
2016-07-20,14.0,14.210000038146973,13.529999732971191,14.119999885559082,10.423616409301758,13000
2016-07-21,14.149999618530273,14.149999618530273,13.6899995803833,13.699999809265137,10.113566398620605,5500
2016-07-22,13.819999694824219,14.479999542236328,13.819999694824219,14.460000038146973,10.674609184265137,13100
2016-07-25,14.270000457763672,14.270000457763672,13.420000076293945,13.420000076293945,9.906864166259766,5000
2016-07-26,13.529999732971191,15.989999771118164,13.529999732971191,15.1899995803833,11.213506698608398,54600
2016-07-27,15.239999771118164,15.239999771118164,13.460000038146973,13.699999809265137,10.113566398620605,11500
2016-07-28,13.739999771118164,13.739999771118164,12.119999885559082,12.25,9.043152809143066,7700
2016-07-29,12.140000343322754,12.3100004196167,11.829999923706055,11.899999618530273,8.784775733947754,27600
2016-08-01,12.0,12.930000305175781,12.0,12.899999618530273,9.522991180419922,8100
2016-08-02,12.720000267028809,13.0600004196167,12.390000343322754,12.390000343322754,9.146500587463379,2800
2016-08-03,12.600000381469727,12.600000381469727,12.270000457763672,12.569999694824219,9.279379844665527,2100
2016-08-04,12.329999923706055,12.329999923706055,12.329999923706055,12.329999923706055,9.10220718383789,200
2016-08-05,12.470000267028809,12.970000267028809,12.470000267028809,12.520000457763672,9.242469787597656,1300
2016-08-08,12.640000343322754,12.789999961853027,11.789999961853027,11.960000038146973,8.829070091247559,10000
2016-08-09,12.210000038146973,12.260000228881836,11.899999618530273,12.210000038146973,9.01362133026123,600
2016-08-10,12.09000015258789,12.109999656677246,11.720000267028809,11.920000076293945,8.799539566040039,4500
2016-08-11,11.84000015258789,12.100000381469727,11.8100004196167,12.0600004196167,8.902889251708984,1300
2016-08-12,12.039999961853027,12.039999961853027,11.890000343322754,11.890000343322754,8.777396202087402,800
2016-08-15,11.84000015258789,11.930000305175781,11.729999542236328,11.930000305175781,8.806921005249023,2500
2016-08-16,11.770000457763672,12.029999732971191,11.680000305175781,11.680000305175781,8.622368812561035,1000
2016-08-17,11.600000381469727,11.739999771118164,11.529999732971191,11.619999885559082,8.578075408935547,2100
2016-08-18,11.6899995803833,11.859999656677246,11.40999984741211,11.640000343322754,8.592842102050781,5200
2016-08-19,11.470000267028809,11.600000381469727,11.470000267028809,11.510000228881836,8.496872901916504,4400
2016-08-22,11.520000457763672,11.59000015258789,11.34000015258789,11.579999923706055,8.548547744750977,4100
2016-08-23,11.600000381469727,11.989999771118164,11.329999923706055,11.989999771118164,8.851214408874512,7000
2016-08-24,12.020000457763672,12.020000457763672,11.899999618530273,11.979999542236328,8.843832015991211,1500
2016-08-25,11.970000267028809,11.970000267028809,11.670000076293945,11.880000114440918,8.770010948181152,2400
2016-08-26,11.899999618530273,12.010000228881836,11.640000343322754,11.6899995803833,8.629749298095703,8500
2016-08-29,11.850000381469727,11.90999984741211,11.579999923706055,11.819999694824219,8.725717544555664,3200
2016-08-30,11.869999885559082,12.300000190734863,11.710000038146973,12.050000190734863,8.895508766174316,8400
2016-08-31,12.119999885559082,12.260000228881836,11.869999885559082,12.039999961853027,8.888124465942383,4000
2016-09-01,12.1899995803833,12.279999732971191,11.869999885559082,12.069999694824219,8.947429656982422,6100
2016-09-02,12.039999961853027,12.289999961853027,11.880000114440918,12.09000015258789,8.96225643157959,2400
2016-09-06,12.029999732971191,12.140000343322754,11.90999984741211,12.09000015258789,8.96225643157959,1500
2016-09-07,12.130000114440918,12.359999656677246,12.09000015258789,12.180000305175781,9.028972625732422,6000
2016-09-08,12.220000267028809,12.220000267028809,11.970000267028809,12.220000267028809,9.058626174926758,4200
2016-09-09,12.079999923706055,12.359999656677246,11.899999618530273,12.1899995803833,9.036384582519531,9600
2016-09-12,12.15999984741211,12.229999542236328,12.079999923706055,12.229999542236328,9.066036224365234,2900
2016-09-13,12.15999984741211,12.300000190734863,12.140000343322754,12.220000267028809,9.058626174926758,3000
2016-09-14,12.300000190734863,12.350000381469727,12.130000114440918,12.1899995803833,9.036384582519531,1500
2016-09-15,12.199999809265137,12.199999809265137,11.0,11.270000457763672,8.354393005371094,47800
2016-09-16,11.399999618530273,11.649999618530273,11.109999656677246,11.119999885559082,8.243199348449707,11100
2016-09-19,11.289999961853027,11.5,11.109999656677246,11.34000015258789,8.406282424926758,6600
2016-09-20,11.460000038146973,11.789999961853027,11.239999771118164,11.430000305175781,8.472999572753906,4100
2016-09-21,11.449999809265137,11.670000076293945,11.260000228881836,11.579999923706055,8.584193229675293,7500
2016-09-22,11.539999961853027,11.5600004196167,11.180000305175781,11.470000267028809,8.502655029296875,4300
2016-09-23,11.40999984741211,11.619999885559082,11.260000228881836,11.5,8.524889945983887,3800
2016-09-26,11.6899995803833,11.6899995803833,11.260000228881836,11.34000015258789,8.406282424926758,5200
2016-09-27,11.470000267028809,11.539999961853027,11.289999961853027,11.289999961853027,8.369217872619629,7500
2016-09-28,11.25,11.489999771118164,11.25,11.399999618530273,8.450760841369629,3400
2016-09-29,11.420000076293945,11.5,11.25,11.329999923706055,8.398871421813965,7200
2016-09-30,11.449999809265137,11.640000343322754,11.390000343322754,11.579999923706055,8.584193229675293,1800
2016-10-03,11.600000381469727,11.9399995803833,11.59000015258789,11.75,8.710212707519531,3700
2016-10-04,11.800000190734863,11.800000190734863,11.420000076293945,11.449999809265137,8.487825393676758,2100
2016-10-05,11.5,11.779999732971191,11.5,11.779999732971191,8.732455253601074,1000
2016-10-06,11.779999732971191,11.779999732971191,11.779999732971191,11.779999732971191,8.732455253601074,0
2016-10-07,11.760000228881836,11.760000228881836,11.399999618530273,11.399999618530273,8.450760841369629,1400
2016-10-10,11.399999618530273,11.449999809265137,11.399999618530273,11.4399995803833,8.480415344238281,800
2016-10-11,11.5,11.5,11.300000190734863,11.300000190734863,8.376630783081055,2300
2016-10-12,11.319999694824219,11.550000190734863,11.25,11.449999809265137,8.487825393676758,6200
2016-10-13,11.399999618530273,11.449999809265137,11.149999618530273,11.149999618530273,8.265438079833984,3300
2016-10-14,11.25,11.649999618530273,11.199999809265137,11.399999618530273,8.450760841369629,9900
2016-10-17,11.399999618530273,11.399999618530273,11.399999618530273,11.399999618530273,8.450760841369629,100
2016-10-18,11.699999809265137,11.699999809265137,11.649999618530273,11.649999618530273,8.63608455657959,500
2016-10-19,11.649999618530273,11.649999618530273,11.649999618530273,11.649999618530273,8.63608455657959,0
2016-10-20,11.600000381469727,11.649999618530273,11.449999809265137,11.449999809265137,8.487825393676758,700
2016-10-21,11.399999618530273,11.399999618530273,11.0,11.0,8.154240608215332,3600
2016-10-24,11.100000381469727,11.100000381469727,11.100000381469727,11.100000381469727,8.228374481201172,200
2016-10-25,11.0,11.0,10.75,10.850000381469727,8.043047904968262,3200
2016-10-26,10.5,10.899999618530273,10.5,10.899999618530273,8.080114364624023,1800
2016-10-27,10.800000190734863,10.800000190734863,10.800000190734863,10.800000190734863,8.005985260009766,300
2016-10-28,10.600000381469727,10.899999618530273,10.600000381469727,10.899999618530273,8.080114364624023,400
2016-10-31,10.899999618530273,11.430000305175781,10.899999618530273,11.149999618530273,8.265438079833984,16100
2016-11-01,11.100000381469727,11.399999618530273,11.100000381469727,11.380000114440918,8.435935974121094,1200
2016-11-02,11.350000381469727,11.449999809265137,11.149999618530273,11.149999618530273,8.265438079833984,900
2016-11-03,11.3100004196167,11.5,11.300000190734863,11.300000190734863,8.376630783081055,1900
2016-11-04,11.300000190734863,11.449999809265137,11.300000190734863,11.350000381469727,8.4136962890625,1500
2016-11-07,11.5,11.699999809265137,11.4399995803833,11.699999809265137,8.673150062561035,1000
2016-11-08,11.600000381469727,11.600000381469727,11.350000381469727,11.600000381469727,8.599018096923828,2300
2016-11-09,11.350000381469727,11.699999809265137,11.350000381469727,11.699999809265137,8.673150062561035,2100
2016-11-10,11.699999809265137,11.699999809265137,11.449999809265137,11.600000381469727,8.599018096923828,5300
2016-11-11,11.449999809265137,11.699999809265137,11.25,11.699999809265137,8.673150062561035,6200
2016-11-14,11.800000190734863,11.800000190734863,11.399999618530273,11.600000381469727,8.599018096923828,1300
2016-11-15,11.600000381469727,11.699999809265137,11.270000457763672,11.550000190734863,8.561957359313965,900
2016-11-16,11.5,11.5,11.5,11.5,8.524889945983887,2400
2016-11-17,11.539999961853027,11.600000381469727,11.350000381469727,11.579999923706055,8.584193229675293,2400
2016-11-18,11.550000190734863,12.0,11.550000190734863,11.899999618530273,8.821410179138184,7800
2016-11-21,11.899999618530273,12.5,11.899999618530273,12.5,9.26618480682373,8800
2016-11-22,12.5,12.5,12.010000228881836,12.449999809265137,9.229121208190918,6200
2016-11-23,12.25,12.420000076293945,12.140000343322754,12.25,9.080863952636719,3900
2016-11-25,12.350000381469727,12.5,12.300000190734863,12.5,9.26618480682373,1200
2016-11-28,12.369999885559082,12.449999809265137,12.369999885559082,12.399999618530273,9.192057609558105,1200
2016-11-29,12.5,12.5,12.5,12.5,9.26618480682373,1700
2016-11-30,12.449999809265137,12.800000190734863,12.449999809265137,12.680000305175781,9.399619102478027,5100
2016-12-01,12.739999771118164,12.800000190734863,12.569999694824219,12.699999809265137,9.451714515686035,3200
2016-12-02,12.75,12.800000190734863,12.75,12.75,9.48892593383789,500
2016-12-05,12.800000190734863,13.100000381469727,12.800000190734863,13.100000381469727,9.749410629272461,3800
2016-12-06,13.0,13.130000114440918,12.75,12.800000190734863,9.526138305664062,6700
2016-12-07,12.800000190734863,12.800000190734863,12.5,12.550000190734863,9.340081214904785,2300
2016-12-08,12.449999809265137,12.550000190734863,12.199999809265137,12.5,9.302867889404297,6200
2016-12-09,12.600000381469727,13.949999809265137,12.600000381469727,13.5,10.047099113464355,17800
2016-12-12,13.699999809265137,13.800000190734863,13.5,13.680000305175781,10.181062698364258,21700
2016-12-13,13.699999809265137,13.699999809265137,13.199999809265137,13.199999809265137,9.823829650878906,12700
2016-12-14,13.199999809265137,13.550000190734863,13.199999809265137,13.25,9.861042976379395,9100
2016-12-15,13.25,13.300000190734863,13.050000190734863,13.149999618530273,9.78661823272705,9800
2016-12-16,13.25,13.25,13.050000190734863,13.149999618530273,9.78661823272705,8200
2016-12-19,13.25,13.5,12.899999618530273,12.899999618530273,9.600560188293457,6900
2016-12-20,13.0,13.0,12.720000267028809,13.0,9.674983024597168,3100
2016-12-21,13.25,13.800000190734863,13.25,13.550000190734863,10.084310531616211,7500
2016-12-22,13.5,13.5,13.350000381469727,13.350000381469727,9.935464859008789,2400
2016-12-23,13.5,13.800000190734863,13.5,13.800000190734863,10.270366668701172,2400
2016-12-27,13.800000190734863,13.800000190734863,13.800000190734863,13.800000190734863,10.270366668701172,1800
2016-12-28,13.949999809265137,14.100000381469727,13.550000190734863,13.550000190734863,10.084310531616211,2100
2016-12-29,14.0,16.25,14.0,16.25,12.093730926513672,5900
2016-12-30,16.0,16.700000762939453,15.850000381469727,16.100000381469727,11.982098579406738,6800
2017-01-03,16.149999618530273,16.149999618530273,15.199999809265137,15.350000381469727,11.423922538757324,9600
2017-01-04,15.399999618530273,15.399999618530273,14.75,14.850000381469727,11.05180835723877,1600
2017-01-05,14.699999809265137,15.600000381469727,14.600000381469727,14.699999809265137,10.940173149108887,7200
2017-01-06,14.75,15.399999618530273,14.75,15.399999618530273,11.461134910583496,1100
2017-01-09,14.899999618530273,14.899999618530273,14.199999809265137,14.199999809265137,10.568061828613281,3200
2017-01-10,14.100000381469727,14.8100004196167,14.100000381469727,14.8100004196167,11.022040367126465,500
2017-01-11,14.539999961853027,14.539999961853027,12.600000381469727,13.100000381469727,9.749410629272461,18800
2017-01-12,13.180000305175781,13.600000381469727,13.130000114440918,13.300000190734863,9.898255348205566,11100
2017-01-13,13.399999618530273,13.600000381469727,13.350000381469727,13.550000190734863,10.084310531616211,5200
2017-01-17,13.449999809265137,14.199999809265137,13.449999809265137,14.0,10.419212341308594,8200
2017-01-18,14.100000381469727,14.25,14.100000381469727,14.25,10.605273246765137,500
2017-01-19,14.25,14.25,14.25,14.25,10.605273246765137,0
2017-01-20,13.699999809265137,14.350000381469727,13.600000381469727,13.949999809265137,10.382002830505371,1500
2017-01-23,14.149999618530273,14.149999618530273,13.850000381469727,13.850000381469727,10.307580947875977,1700
2017-01-24,14.199999809265137,14.199999809265137,14.100000381469727,14.100000381469727,10.493638038635254,1600
2017-01-25,14.25,14.350000381469727,14.25,14.350000381469727,10.679696083068848,400
2017-01-26,14.539999961853027,14.550000190734863,14.539999961853027,14.550000190734863,10.828539848327637,500
2017-01-27,14.600000381469727,14.600000381469727,14.300000190734863,14.300000190734863,10.642483711242676,1500
2017-01-30,14.449999809265137,14.449999809265137,14.149999618530273,14.149999618530273,10.53084659576416,1800
2017-01-31,14.0,14.600000381469727,14.0,14.600000381469727,10.865751266479492,1400
2017-02-01,14.75,15.0,14.75,15.0,11.163444519042969,900
2017-02-02,14.699999809265137,14.75,14.699999809265137,14.75,10.977385520935059,600
2017-02-03,15.050000190734863,15.050000190734863,14.449999809265137,14.449999809265137,10.754117012023926,1000
2017-02-06,14.449999809265137,14.449999809265137,14.449999809265137,14.449999809265137,10.754117012023926,200
2017-02-07,15.100000381469727,15.100000381469727,15.09000015258789,15.09000015258789,11.230425834655762,1000
2017-02-08,15.989999771118164,15.989999771118164,15.199999809265137,15.600000381469727,11.609981536865234,7000
2017-02-09,15.3100004196167,15.550000190734863,15.3100004196167,15.550000190734863,11.572769165039062,400
2017-02-10,16.0,16.0,15.350000381469727,15.600000381469727,11.609981536865234,2700
2017-02-13,15.600000381469727,15.600000381469727,15.079999923706055,15.550000190734863,11.572769165039062,1900
2017-02-14,14.949999809265137,15.550000190734863,14.949999809265137,15.550000190734863,11.572769165039062,800
2017-02-15,15.550000190734863,15.550000190734863,15.550000190734863,15.550000190734863,11.572769165039062,0
2017-02-16,15.25,15.25,15.25,15.25,11.349503517150879,300
2017-02-17,15.25,15.25,14.5,14.699999809265137,10.940173149108887,1800
2017-02-21,14.5,15.050000190734863,14.5,15.050000190734863,11.200654029846191,500
2017-02-22,15.050000190734863,15.050000190734863,15.050000190734863,15.050000190734863,11.200654029846191,400
2017-02-23,14.75,14.75,14.75,14.75,10.977385520935059,500
2017-02-24,14.699999809265137,14.699999809265137,14.699999809265137,14.699999809265137,10.940173149108887,500
2017-02-27,14.550000190734863,15.199999809265137,14.550000190734863,15.199999809265137,11.312287330627441,700
2017-02-28,15.0,15.0,14.649999618530273,14.899999618530273,11.089019775390625,8500
2017-03-01,15.0,15.0,14.899999618530273,14.899999618530273,11.089019775390625,900
2017-03-02,14.699999809265137,15.0,14.449999809265137,14.449999809265137,10.754117012023926,2100
2017-03-03,14.75,14.850000381469727,14.75,14.850000381469727,11.05180835723877,600
2017-03-06,13.550000190734863,13.550000190734863,13.510000228881836,13.510000228881836,10.05454158782959,600
2017-03-07,13.5,14.199999809265137,13.5,13.699999809265137,10.19594669342041,1900
2017-03-08,13.800000190734863,13.800000190734863,13.5,13.5,10.047099113464355,700
2017-03-09,13.449999809265137,13.449999809265137,13.199999809265137,13.199999809265137,9.860350608825684,1400
2017-03-10,13.25,13.25,13.25,13.25,9.897703170776367,1000
2017-03-13,13.199999809265137,13.300000190734863,13.199999809265137,13.25,9.897703170776367,2200
2017-03-14,12.949999809265137,14.0,12.850000381469727,13.550000190734863,10.121797561645508,3900
2017-03-15,13.649999618530273,13.800000190734863,13.199999809265137,13.75,10.271196365356445,3700
2017-03-16,14.0,14.0,13.100000381469727,13.399999618530273,10.009750366210938,2300
2017-03-17,13.449999809265137,13.649999618530273,13.199999809265137,13.199999809265137,9.860350608825684,4800
2017-03-20,13.100000381469727,13.5600004196167,12.949999809265137,13.300000190734863,9.935050964355469,2500
2017-03-21,13.449999809265137,13.5,13.050000190734863,13.050000190734863,9.748302459716797,4700
2017-03-22,13.050000190734863,13.199999809265137,12.600000381469727,12.850000381469727,9.598902702331543,5000
2017-03-23,12.649999618530273,12.899999618530273,12.649999618530273,12.899999618530273,9.636252403259277,2700
2017-03-24,12.600000381469727,13.0,12.569999694824219,13.0,9.71094799041748,1500
2017-03-27,12.600000381469727,13.050000190734863,12.5,13.050000190734863,9.748302459716797,3600
2017-03-28,13.050000190734863,13.050000190734863,12.75,12.75,9.524198532104492,900
2017-03-29,12.75,14.600000381469727,12.75,14.0,10.45794677734375,8100
2017-03-30,13.720000267028809,15.0,13.720000267028809,14.949999809265137,11.167591094970703,10600
2017-03-31,15.0,15.600000381469727,15.0,15.350000381469727,11.46639347076416,10400
2017-04-03,15.350000381469727,15.350000381469727,14.649999618530273,14.800000190734863,11.055545806884766,3600
2017-04-04,14.800000190734863,14.800000190734863,14.149999618530273,14.550000190734863,10.868794441223145,8200
2017-04-05,14.550000190734863,14.75,13.850000381469727,14.0,10.45794677734375,4700
2017-04-06,14.100000381469727,14.5,14.100000381469727,14.25,10.644696235656738,1900
2017-04-07,14.300000190734863,14.300000190734863,14.300000190734863,14.300000190734863,10.682046890258789,800
2017-04-10,14.350000381469727,14.649999618530273,14.25,14.649999618530273,10.943492889404297,900
2017-04-11,14.5,15.0,14.5,15.0,11.204943656921387,1100
2017-04-12,14.800000190734863,14.899999618530273,14.399999618530273,14.399999618530273,10.75674819946289,1000
2017-04-13,14.399999618530273,14.949999809265137,14.300000190734863,14.350000381469727,10.719399452209473,3000
2017-04-17,14.399999618530273,15.0,14.399999618530273,15.0,11.204943656921387,1000
2017-04-18,14.949999809265137,15.550000190734863,14.949999809265137,15.300000190734863,11.42904281616211,7000
2017-04-19,15.449999809265137,15.600000381469727,14.649999618530273,14.800000190734863,11.055545806884766,4800
2017-04-20,14.850000381469727,14.949999809265137,14.399999618530273,14.850000381469727,11.0928955078125,2200
2017-04-21,14.850000381469727,15.0,14.600000381469727,14.600000381469727,10.906146049499512,1400
2017-04-24,15.0,15.0,14.550000190734863,14.949999809265137,11.167591094970703,1000
2017-04-25,14.949999809265137,15.0,14.649999618530273,14.949999809265137,11.167591094970703,2000
2017-04-26,14.850000381469727,14.850000381469727,14.800000190734863,14.800000190734863,11.055545806884766,1100
2017-04-27,14.699999809265137,14.800000190734863,14.5,14.649999618530273,10.943492889404297,1500
2017-04-28,14.899999618530273,14.949999809265137,14.899999618530273,14.899999618530273,11.130243301391602,1000
2017-05-01,14.600000381469727,14.800000190734863,14.600000381469727,14.800000190734863,11.055545806884766,700
2017-05-02,14.800000190734863,15.0,14.75,14.850000381469727,11.0928955078125,1200
2017-05-03,14.800000190734863,14.800000190734863,14.5,14.5,10.831442832946777,1200
2017-05-04,14.550000190734863,14.550000190734863,14.550000190734863,14.550000190734863,10.868794441223145,300
2017-05-05,14.699999809265137,14.949999809265137,14.649999618530273,14.649999618530273,10.943492889404297,1900
2017-05-08,14.649999618530273,14.649999618530273,14.649999618530273,14.649999618530273,10.943492889404297,0
2017-05-09,14.449999809265137,14.520000457763672,14.300000190734863,14.350000381469727,10.719399452209473,1500
2017-05-10,14.399999618530273,14.449999809265137,14.300000190734863,14.300000190734863,10.682046890258789,1300
2017-05-11,14.25,14.5,13.75,14.300000190734863,10.682046890258789,2000
2017-05-12,14.300000190734863,14.949999809265137,14.300000190734863,14.300000190734863,10.682046890258789,3000
2017-05-15,14.399999618530273,14.550000190734863,14.399999618530273,14.550000190734863,10.868794441223145,400
2017-05-16,14.649999618530273,14.899999618530273,14.050000190734863,14.300000190734863,10.682046890258789,2400
2017-05-17,13.800000190734863,14.050000190734863,13.800000190734863,14.050000190734863,10.4952974319458,700
2017-05-18,13.850000381469727,14.680000305175781,13.850000381469727,14.300000190734863,10.682046890258789,700
2017-05-19,14.300000190734863,14.300000190734863,13.600000381469727,13.600000381469727,10.159150123596191,1600
2017-05-22,13.949999809265137,14.0,13.920000076293945,13.920000076293945,10.398186683654785,900
2017-05-23,13.949999809265137,14.180000305175781,13.949999809265137,14.180000305175781,10.592406272888184,2800
2017-05-24,14.050000190734863,14.25,13.449999809265137,13.449999809265137,10.047099113464355,3100
2017-05-25,13.449999809265137,13.449999809265137,13.449999809265137,13.449999809265137,10.047099113464355,0
2017-05-26,13.800000190734863,13.949999809265137,13.800000190734863,13.949999809265137,10.420597076416016,1100
2017-05-30,13.800000190734863,13.800000190734863,13.25,13.25,9.897703170776367,400
2017-05-31,13.600000381469727,13.649999618530273,13.600000381469727,13.600000381469727,10.159150123596191,500
2017-06-01,13.600000381469727,14.0,13.600000381469727,13.600000381469727,10.159150123596191,1300
2017-06-02,13.949999809265137,13.949999809265137,13.630000114440918,13.949999809265137,10.459050178527832,1300
2017-06-05,14.0,14.0,13.649999618530273,13.649999618530273,10.234123229980469,600
2017-06-06,13.550000190734863,13.850000381469727,13.550000190734863,13.850000381469727,10.384075164794922,3200
2017-06-07,14.0,14.0,13.9399995803833,13.949999809265137,10.459050178527832,1100
2017-06-08,14.0,14.0,13.699999809265137,13.699999809265137,10.271612167358398,600
2017-06-09,14.0,14.0,13.899999618530273,13.899999618530273,10.421563148498535,1900
2017-06-12,14.0,14.699999809265137,13.989999771118164,14.449999809265137,10.833925247192383,15700
2017-06-13,14.649999618530273,15.800000190734863,14.449999809265137,15.800000190734863,11.846092224121094,20400
2017-06-14,15.0,15.100000381469727,15.0,15.100000381469727,11.321268081665039,1000
2017-06-15,15.050000190734863,15.399999618530273,14.949999809265137,15.050000190734863,11.28377914428711,1100
2017-06-16,14.5,15.899999618530273,14.5,15.899999618530273,11.92106819152832,9700
2017-06-19,15.850000381469727,15.850000381469727,15.649999618530273,15.649999618530273,11.73362922668457,1400
2017-06-20,15.449999809265137,15.449999809265137,15.050000190734863,15.050000190734863,11.28377914428711,1000
2017-06-21,15.300000190734863,15.300000190734863,14.75,14.75,11.05885124206543,700
2017-06-22,14.800000190734863,15.449999809265137,14.699999809265137,14.800000190734863,11.096342086791992,1500
2017-06-23,14.800000190734863,16.450000762939453,14.800000190734863,16.25,12.18348217010498,18100
2017-06-26,16.25,16.6299991607666,15.5,16.450000762939453,12.333431243896484,4300
2017-06-27,16.450000762939453,16.450000762939453,15.399999618530273,15.399999618530273,11.54619026184082,8000
2017-06-28,15.850000381469727,15.850000381469727,14.699999809265137,15.449999809265137,11.583678245544434,5900
2017-06-29,15.300000190734863,15.300000190734863,14.550000190734863,14.949999809265137,11.208800315856934,24600
2017-06-30,14.649999618530273,15.25,14.649999618530273,15.210000038146973,11.403738975524902,2200
2017-07-03,15.210000038146973,15.210000038146973,15.210000038146973,15.210000038146973,11.403738975524902,0
2017-07-05,14.449999809265137,15.699999809265137,13.600000381469727,13.850000381469727,10.384075164794922,20200
2017-07-06,13.979999542236328,14.300000190734863,13.979999542236328,14.050000190734863,10.534025192260742,7800
2017-07-07,14.399999618530273,14.600000381469727,14.399999618530273,14.449999809265137,10.833925247192383,1300
2017-07-10,14.279999732971191,14.449999809265137,14.050000190734863,14.050000190734863,10.534025192260742,700
2017-07-11,14.100000381469727,14.449999809265137,14.0,14.25,10.683976173400879,1300
2017-07-12,14.949999809265137,14.949999809265137,14.529999732971191,14.850000381469727,11.133828163146973,4700
2017-07-13,15.600000381469727,15.600000381469727,15.399999618530273,15.600000381469727,11.696144104003906,500
2017-07-14,15.399999618530273,15.449999809265137,14.800000190734863,15.149999618530273,11.35875415802002,2600
2017-07-17,15.199999809265137,15.449999809265137,15.100000381469727,15.100000381469727,11.321268081665039,6600
2017-07-18,15.100000381469727,15.100000381469727,14.800000190734863,14.800000190734863,11.096342086791992,500
2017-07-19,14.600000381469727,15.199999809265137,14.579999923706055,15.0,11.24629020690918,7000
2017-07-20,15.0,15.0,14.5,14.899999618530273,11.171316146850586,1800
2017-07-21,15.050000190734863,15.199999809265137,15.050000190734863,15.140000343322754,11.351256370544434,1600
2017-07-24,15.100000381469727,15.100000381469727,15.100000381469727,15.100000381469727,11.321268081665039,1400
2017-07-25,15.449999809265137,15.550000190734863,14.649999618530273,14.649999618530273,10.98387622833252,2100
2017-07-26,14.649999618530273,14.649999618530273,14.649999618530273,14.649999618530273,10.98387622833252,0
2017-07-27,14.649999618530273,14.649999618530273,14.649999618530273,14.649999618530273,10.98387622833252,0
2017-07-28,14.5,14.5,14.5,14.5,10.871411323547363,500
2017-07-31,14.550000190734863,14.550000190734863,14.5,14.5,10.871411323547363,1000
2017-08-01,15.100000381469727,15.100000381469727,15.100000381469727,15.100000381469727,11.321268081665039,300
2017-08-02,15.350000381469727,15.350000381469727,15.149999618530273,15.149999618530273,11.35875415802002,600
2017-08-03,15.300000190734863,15.350000381469727,15.199999809265137,15.25,11.43372631072998,900
2017-08-04,15.40999984741211,15.699999809265137,15.199999809265137,15.600000381469727,11.696144104003906,1700
2017-08-07,15.850000381469727,15.850000381469727,15.199999809265137,15.350000381469727,11.508705139160156,3700
2017-08-08,15.350000381469727,15.350000381469727,15.350000381469727,15.350000381469727,11.508705139160156,0
2017-08-09,14.949999809265137,14.949999809265137,14.949999809265137,14.949999809265137,11.208800315856934,300
2017-08-10,14.949999809265137,14.949999809265137,14.850000381469727,14.850000381469727,11.133828163146973,900
2017-08-11,14.949999809265137,14.949999809265137,14.949999809265137,14.949999809265137,11.208800315856934,300
2017-08-14,15.600000381469727,15.600000381469727,15.029999732971191,15.449999809265137,11.583678245544434,1100
2017-08-15,15.449999809265137,15.449999809265137,15.449999809265137,15.449999809265137,11.583678245544434,0
2017-08-16,15.039999961853027,15.039999961853027,15.039999961853027,15.039999961853027,11.276277542114258,2200
2017-08-17,14.949999809265137,15.399999618530273,14.949999809265137,15.050000190734863,11.28377914428711,1300
2017-08-18,14.850000381469727,14.949999809265137,14.850000381469727,14.949999809265137,11.208800315856934,1200
2017-08-21,15.5,15.5,15.5,15.5,11.62116527557373,200
2017-08-22,15.300000190734863,15.300000190734863,15.149999618530273,15.25,11.43372631072998,600
2017-08-23,15.25,15.25,15.25,15.25,11.43372631072998,0
2017-08-24,15.550000190734863,15.550000190734863,15.550000190734863,15.550000190734863,11.658652305603027,200
2017-08-25,15.75,15.75,15.75,15.75,11.80860424041748,300
2017-08-28,15.550000190734863,15.800000190734863,15.5,15.5,11.62116527557373,400
2017-08-29,15.5,15.5,15.25,15.25,11.43372631072998,1800
2017-08-30,15.800000190734863,15.800000190734863,15.800000190734863,15.800000190734863,11.846092224121094,300
2017-08-31,15.550000190734863,15.699999809265137,15.050000190734863,15.050000190734863,11.319599151611328,1700
2017-09-01,15.399999618530273,15.479999542236328,15.180000305175781,15.479999542236328,11.64301586151123,900
2017-09-05,15.199999809265137,15.25,14.890000343322754,14.949999809265137,11.244382858276367,1700
2017-09-06,15.25,15.25,14.979999542236328,15.25,11.470024108886719,4600
2017-09-07,15.699999809265137,15.699999809265137,14.800000190734863,14.800000190734863,11.131567001342773,900
2017-09-08,14.800000190734863,14.800000190734863,14.800000190734863,14.800000190734863,11.131567001342773,0
2017-09-11,15.699999809265137,15.699999809265137,15.699999809265137,15.699999809265137,11.80848503112793,300
2017-09-12,15.75,15.850000381469727,15.399999618530273,15.600000381469727,11.733274459838867,3000
2017-09-13,15.399999618530273,15.399999618530273,15.399999618530273,15.399999618530273,11.582843780517578,700
2017-09-14,15.550000190734863,15.800000190734863,15.399999618530273,15.399999618530273,11.582843780517578,400
2017-09-15,15.699999809265137,15.850000381469727,14.899999618530273,15.850000381469727,11.921304702758789,4000
2017-09-18,15.800000190734863,15.800000190734863,15.550000190734863,15.550000190734863,11.695664405822754,600
2017-09-19,15.550000190734863,15.550000190734863,15.550000190734863,15.550000190734863,11.695664405822754,500
2017-09-20,15.550000190734863,15.75,15.550000190734863,15.75,11.846091270446777,2900
2017-09-21,15.75,15.850000381469727,15.550000190734863,15.850000381469727,11.921304702758789,2900
2017-09-22,15.850000381469727,15.850000381469727,15.550000190734863,15.550000190734863,11.695664405822754,1300
2017-09-25,15.850000381469727,15.850000381469727,15.550000190734863,15.550000190734863,11.695664405822754,1100
2017-09-26,15.850000381469727,15.850000381469727,15.5,15.5,11.65805721282959,3000
2017-09-27,15.550000190734863,15.800000190734863,15.550000190734863,15.800000190734863,11.883699417114258,900
2017-09-28,15.600000381469727,15.600000381469727,15.449999809265137,15.5,11.65805721282959,1100
2017-09-29,15.600000381469727,15.600000381469727,15.25,15.25,11.470024108886719,400
2017-10-02,15.600000381469727,15.600000381469727,14.100000381469727,14.100000381469727,10.605074882507324,3200
2017-10-03,14.899999618530273,15.699999809265137,14.899999618530273,15.649999618530273,11.770880699157715,5900
2017-10-04,15.600000381469727,15.600000381469727,14.65999984741211,15.050000190734863,11.319599151611328,1500
2017-10-05,15.350000381469727,15.550000190734863,15.0,15.0,11.281993865966797,2400
2017-10-06,15.550000190734863,15.550000190734863,14.100000381469727,14.5,10.905922889709473,4800
2017-10-09,15.600000381469727,15.600000381469727,14.399999618530273,14.850000381469727,11.169172286987305,6900
2017-10-10,15.550000190734863,15.550000190734863,14.850000381469727,14.850000381469727,11.169172286987305,1800
2017-10-11,15.550000190734863,15.550000190734863,14.449999809265137,14.649999618530273,11.018745422363281,5900
2017-10-12,14.399999618530273,14.5,14.100000381469727,14.100000381469727,10.605074882507324,1800
2017-10-13,14.399999618530273,14.399999618530273,14.100000381469727,14.100000381469727,10.605074882507324,1200
2017-10-16,14.140000343322754,14.399999618530273,14.100000381469727,14.399999618530273,10.830714225769043,4900
2017-10-17,14.300000190734863,14.300000190734863,14.100000381469727,14.100000381469727,10.605074882507324,600
2017-10-18,14.199999809265137,14.5,14.199999809265137,14.25,10.717893600463867,1100
2017-10-19,14.949999809265137,14.949999809265137,14.949999809265137,14.949999809265137,11.244382858276367,400
2017-10-20,14.949999809265137,14.949999809265137,14.600000381469727,14.600000381469727,10.981139183044434,700
2017-10-23,14.529999732971191,14.949999809265137,14.399999618530273,14.449999809265137,10.868318557739258,2200
2017-10-24,14.449999809265137,14.449999809265137,14.100000381469727,14.100000381469727,10.605074882507324,600
2017-10-25,14.869999885559082,14.869999885559082,14.300000190734863,14.300000190734863,10.755499839782715,700
2017-10-26,14.300000190734863,14.300000190734863,14.300000190734863,14.300000190734863,10.755499839782715,0
2017-10-27,14.5,14.5,14.5,14.5,10.905922889709473,400
2017-10-30,14.100000381469727,14.100000381469727,14.100000381469727,14.100000381469727,10.605074882507324,200
2017-10-31,14.25,14.850000381469727,14.180000305175781,14.850000381469727,11.169172286987305,5100
2017-11-01,14.850000381469727,14.850000381469727,14.449999809265137,14.449999809265137,10.868318557739258,500
2017-11-02,14.449999809265137,14.449999809265137,14.449999809265137,14.449999809265137,10.868318557739258,0
2017-11-03,14.149999618530273,15.100000381469727,13.949999809265137,14.199999809265137,10.68028450012207,1800
2017-11-06,13.800000190734863,14.899999618530273,13.800000190734863,14.899999618530273,11.206778526306152,600
2017-11-07,13.649999618530273,13.649999618530273,13.649999618530273,13.649999618530273,10.266613006591797,600
2017-11-08,14.25,14.25,13.75,13.75,10.341826438903809,2000
2017-11-09,13.649999618530273,13.800000190734863,13.649999618530273,13.649999618530273,10.266613006591797,1900
2017-11-10,13.649999618530273,13.84000015258789,13.649999618530273,13.819999694824219,10.3944730758667,7200
2017-11-13,13.819999694824219,13.819999694824219,13.819999694824219,13.819999694824219,10.3944730758667,0
2017-11-14,13.899999618530273,13.899999618530273,13.899999618530273,13.899999618530273,10.454647064208984,200
2017-11-15,13.5,13.850000381469727,13.5,13.5,10.153792381286621,1700
2017-11-16,13.300000190734863,14.449999809265137,13.0,14.449999809265137,10.868318557739258,3900
2017-11-17,13.199999809265137,13.5,13.199999809265137,13.5,10.153792381286621,600
2017-11-20,13.0,13.0,12.5,13.0,9.777727127075195,1900
2017-11-21,13.350000381469727,13.850000381469727,13.289999961853027,13.850000381469727,10.417037963867188,2000
2017-11-22,13.100000381469727,13.100000381469727,13.100000381469727,13.100000381469727,9.85293960571289,400
2017-11-24,13.100000381469727,13.100000381469727,13.100000381469727,13.100000381469727,9.85293960571289,0
2017-11-27,13.729999542236328,13.729999542236328,13.229999542236328,13.229999542236328,9.95071792602539,600
2017-11-28,13.350000381469727,13.75,13.350000381469727,13.75,10.341826438903809,2100
2017-11-29,13.25,13.25,13.199999809265137,13.199999809265137,9.928153991699219,600
2017-11-30,13.199999809265137,13.600000381469727,13.199999809265137,13.399999618530273,10.078580856323242,1400
2017-12-01,13.449999809265137,13.5,13.199999809265137,13.5,10.153792381286621,4700
2017-12-04,13.869999885559082,13.869999885559082,13.600000381469727,13.600000381469727,10.22900676727295,1800
2017-12-05,13.329999923706055,13.550000190734863,13.329999923706055,13.550000190734863,10.229005813598633,800
2017-12-06,13.390000343322754,13.5,13.390000343322754,13.5,10.191262245178223,600
2017-12-07,13.5,14.369999885559082,13.5,13.949999809265137,10.530969619750977,900
2017-12-08,14.25,14.25,14.25,14.25,10.75744342803955,200
2017-12-11,14.25,14.25,14.25,14.25,10.75744342803955,0
2017-12-12,14.479999542236328,14.479999542236328,14.479999542236328,14.479999542236328,10.931069374084473,400
2017-12-13,13.699999809265137,13.899999618530273,13.649999618530273,13.899999618530273,10.493226051330566,1100
2017-12-14,13.569999694824219,13.600000381469727,13.569999694824219,13.600000381469727,10.266753196716309,600
2017-12-15,13.350000381469727,13.850000381469727,13.350000381469727,13.699999809265137,10.342243194580078,9400
2017-12-18,13.899999618530273,13.899999618530273,13.800000190734863,13.800000190734863,10.417734146118164,700
2017-12-19,13.550000190734863,13.550000190734863,13.550000190734863,13.550000190734863,10.229005813598633,300
2017-12-20,13.550000190734863,13.550000190734863,13.550000190734863,13.550000190734863,10.229005813598633,300
2017-12-21,13.850000381469727,13.850000381469727,13.699999809265137,13.699999809265137,10.342243194580078,800
2017-12-22,13.449999809265137,13.449999809265137,13.449999809265137,13.449999809265137,10.15351676940918,500
2017-12-26,13.699999809265137,13.850000381469727,13.449999809265137,13.449999809265137,10.15351676940918,500
2017-12-27,13.449999809265137,13.449999809265137,13.449999809265137,13.449999809265137,10.15351676940918,0
2017-12-28,13.710000038146973,13.75,13.649999618530273,13.699999809265137,10.342243194580078,4300
2017-12-29,13.670000076293945,13.699999809265137,13.300000190734863,13.300000190734863,10.04028034210205,1200
2018-01-02,13.75,13.75,13.350000381469727,13.350000381469727,10.07802677154541,3700
2018-01-03,13.399999618530273,14.5,13.399999618530273,14.350000381469727,10.83293628692627,7400
2018-01-04,14.149999618530273,14.760000228881836,14.149999618530273,14.399999618530273,10.870678901672363,9500
2018-01-05,14.449999809265137,14.819999694824219,14.399999618530273,14.5,10.9461669921875,2300
2018-01-08,14.350000381469727,14.5,14.350000381469727,14.350000381469727,10.83293628692627,1600
2018-01-09,14.279999732971191,14.279999732971191,13.850000381469727,13.850000381469727,10.45547866821289,2500
2018-01-10,13.449999809265137,14.050000190734863,13.449999809265137,14.050000190734863,10.606460571289062,400
2018-01-11,14.449999809265137,14.449999809265137,14.100000381469727,14.100000381469727,10.644207954406738,300
2018-01-12,14.079999923706055,14.100000381469727,13.949999809265137,13.949999809265137,10.530969619750977,2000
2018-01-16,14.0,15.050000190734863,14.0,14.329999923706055,10.817835807800293,3800
2018-01-17,14.5,14.5,14.5,14.5,10.9461669921875,500
2018-01-18,14.569999694824219,14.6899995803833,14.5,14.5,10.9461669921875,1300
2018-01-19,14.600000381469727,14.600000381469727,13.699999809265137,14.600000381469727,11.021659851074219,1000
2018-01-22,14.079999923706055,14.329999923706055,14.079999923706055,14.329999923706055,10.817835807800293,500
2018-01-23,13.970000267028809,14.050000190734863,13.489999771118164,14.050000190734863,10.606460571289062,700
2018-01-24,14.050000190734863,14.050000190734863,14.050000190734863,14.050000190734863,10.606460571289062,0
2018-01-25,14.050000190734863,14.050000190734863,14.050000190734863,14.050000190734863,10.606460571289062,0
2018-01-26,14.050000190734863,14.050000190734863,14.050000190734863,14.050000190734863,10.606460571289062,0
2018-01-29,14.050000190734863,14.050000190734863,14.050000190734863,14.050000190734863,10.606460571289062,0
2018-01-30,13.800000190734863,13.800000190734863,13.649999618530273,13.649999618530273,10.304496765136719,700
2018-01-31,13.579999923706055,13.75,13.579999923706055,13.75,10.379986763000488,800
2018-02-01,13.850000381469727,14.0,13.850000381469727,14.0,10.56871509552002,1300
2018-02-02,13.970000267028809,13.970000267028809,13.899999618530273,13.899999618530273,10.493226051330566,1100
2018-02-05,14.260000228881836,14.260000228881836,13.899999618530273,13.899999618530273,10.493226051330566,700
2018-02-06,13.489999771118164,14.100000381469727,13.489999771118164,14.100000381469727,10.644207954406738,1100
2018-02-07,14.100000381469727,14.100000381469727,14.100000381469727,14.100000381469727,10.644207954406738,0
2018-02-08,13.75,13.75,13.75,13.75,10.379986763000488,600
2018-02-09,14.0,14.199999809265137,13.800000190734863,14.199999809265137,10.719695091247559,3700
2018-02-12,14.350000381469727,14.350000381469727,14.300000190734863,14.300000190734863,10.795187950134277,600
2018-02-13,14.100000381469727,14.199999809265137,14.050000190734863,14.199999809265137,10.719695091247559,1400
2018-02-14,13.949999809265137,14.0,13.949999809265137,14.0,10.56871509552002,700
2018-02-15,13.600000381469727,14.149999618530273,13.600000381469727,14.149999618530273,10.681952476501465,600
2018-02-16,14.0,14.350000381469727,14.0,14.350000381469727,10.83293628692627,1000
2018-02-20,14.5,14.5,13.949999809265137,13.949999809265137,10.530969619750977,600
2018-02-21,13.850000381469727,13.949999809265137,13.850000381469727,13.899999618530273,10.493226051330566,2700
2018-02-22,13.600000381469727,13.649999618530273,13.600000381469727,13.649999618530273,10.304496765136719,1300
2018-02-23,14.100000381469727,14.25,14.100000381469727,14.25,10.75744342803955,400
2018-02-26,14.25,14.25,14.25,14.25,10.75744342803955,0
2018-02-27,14.25,14.25,14.25,14.25,10.75744342803955,0
2018-02-28,13.800000190734863,13.800000190734863,13.649999618530273,13.649999618530273,10.304496765136719,600
2018-03-01,13.600000381469727,13.600000381469727,13.600000381469727,13.600000381469727,10.266753196716309,400
2018-03-02,13.75,13.75,13.649999618530273,13.649999618530273,10.304496765136719,400
2018-03-05,13.649999618530273,14.050000190734863,13.430000305175781,14.050000190734863,10.606460571289062,4000
2018-03-06,13.949999809265137,13.949999809265137,13.949999809265137,13.949999809265137,10.530969619750977,500
2018-03-07,13.550000190734863,14.100000381469727,13.550000190734863,13.649999618530273,10.304496765136719,600
2018-03-08,14.130000114440918,14.130000114440918,13.75,13.75,10.379986763000488,400
2018-03-09,13.970000267028809,13.970000267028809,13.970000267028809,13.970000267028809,10.546069145202637,300
2018-03-12,13.899999618530273,14.050000190734863,13.899999618530273,14.050000190734863,10.606460571289062,1300
2018-03-13,12.949999809265137,13.350000381469727,12.850000381469727,13.350000381469727,10.07802677154541,900
2018-03-14,13.350000381469727,13.350000381469727,13.350000381469727,13.350000381469727,10.07802677154541,0
2018-03-15,13.399999618530273,13.399999618530273,13.399999618530273,13.399999618530273,10.11577033996582,500
2018-03-16,13.449999809265137,14.25,13.449999809265137,14.25,10.75744342803955,3100
2018-03-19,13.6899995803833,14.0,13.6899995803833,14.0,10.56871509552002,1000
2018-03-20,13.449999809265137,13.5,12.899999618530273,13.199999809265137,9.964788436889648,7800
2018-03-21,13.199999809265137,13.199999809265137,13.199999809265137,13.199999809265137,9.964788436889648,600
2018-03-22,12.850000381469727,13.199999809265137,12.850000381469727,13.0,9.813804626464844,900
2018-03-23,13.100000381469727,13.5,12.850000381469727,12.850000381469727,9.70057201385498,2100
2018-03-26,13.5,13.899999618530273,12.300000190734863,12.800000190734863,9.662823677062988,18200
2018-03-27,12.800000190734863,13.300000190734863,12.5,12.899999618530273,9.738316535949707,6700
2018-03-28,13.25,14.5,13.199999809265137,14.050000190734863,10.606460571289062,8000
2018-03-29,14.149999618530273,14.5,13.800000190734863,13.800000190734863,10.417734146118164,10800
2018-04-02,13.850000381469727,13.850000381469727,13.850000381469727,13.850000381469727,10.45547866821289,500
2018-04-03,13.930000305175781,14.0,13.5,13.5,10.191262245178223,800
2018-04-04,13.600000381469727,14.050000190734863,13.600000381469727,14.050000190734863,10.606460571289062,1000
2018-04-05,14.199999809265137,14.199999809265137,13.800000190734863,13.800000190734863,10.417734146118164,1200
2018-04-06,13.670000076293945,14.199999809265137,13.65999984741211,13.75,10.379986763000488,1500
2018-04-09,13.899999618530273,14.149999618530273,13.899999618530273,14.149999618530273,10.681952476501465,600
2018-04-10,14.420000076293945,14.420000076293945,13.949999809265137,13.949999809265137,10.530969619750977,600
2018-04-11,13.949999809265137,13.949999809265137,13.949999809265137,13.949999809265137,10.530969619750977,0
2018-04-12,13.899999618530273,14.050000190734863,13.899999618530273,14.050000190734863,10.606460571289062,700
2018-04-13,14.050000190734863,14.050000190734863,14.0,14.0,10.56871509552002,2300
2018-04-16,13.600000381469727,13.600000381469727,13.600000381469727,13.600000381469727,10.266753196716309,200
2018-04-17,14.0,14.300000190734863,14.0,14.0,10.56871509552002,1800
2018-04-18,14.0,14.0,14.0,14.0,10.56871509552002,0
2018-04-19,14.0,14.0,14.0,14.0,10.56871509552002,0
2018-04-20,12.850000381469727,14.100000381469727,12.850000381469727,14.100000381469727,10.644207954406738,1600
2018-04-23,13.970000267028809,14.0,13.699999809265137,14.0,10.56871509552002,2400
2018-04-24,14.199999809265137,14.199999809265137,14.199999809265137,14.199999809265137,10.719695091247559,300
2018-04-25,14.5,14.5,13.699999809265137,13.699999809265137,10.342243194580078,5700
2018-04-26,13.699999809265137,13.699999809265137,13.699999809265137,13.699999809265137,10.342243194580078,0
2018-04-27,13.5,13.800000190734863,13.5,13.649999618530273,10.304496765136719,1400
2018-04-30,13.649999618530273,13.800000190734863,13.649999618530273,13.75,10.379986763000488,800
2018-05-01,12.75,13.609999656677246,12.75,13.470000267028809,10.168614387512207,1700
2018-05-02,13.399999618530273,13.649999618530273,13.399999618530273,13.649999618530273,10.304496765136719,500
2018-05-03,13.300000190734863,14.300000190734863,13.300000190734863,14.300000190734863,10.795187950134277,2300
2018-05-04,14.350000381469727,14.350000381469727,14.100000381469727,14.100000381469727,10.644207954406738,2400
2018-05-07,13.899999618530273,13.899999618530273,13.899999618530273,13.899999618530273,10.493226051330566,500
2018-05-08,14.5,14.5,13.899999618530273,13.899999618530273,10.493226051330566,4300
2018-05-09,13.649999618530273,13.930000305175781,13.649999618530273,13.800000190734863,10.417734146118164,1000
2018-05-10,13.649999618530273,13.649999618530273,13.600000381469727,13.600000381469727,10.266753196716309,300
2018-05-11,13.600000381469727,13.649999618530273,13.600000381469727,13.649999618530273,10.304496765136719,1100
2018-05-14,13.949999809265137,13.949999809265137,13.600000381469727,13.600000381469727,10.266753196716309,700
2018-05-15,13.890000343322754,14.149999618530273,13.149999618530273,13.149999618530273,9.927043914794922,9400
2018-05-16,13.520000457763672,16.5,13.329999923706055,15.550000190734863,11.738821983337402,37700
2018-05-17,14.899999618530273,15.25,14.800000190734863,15.199999809265137,11.474602699279785,15200
2018-05-18,15.199999809265137,15.899999618530273,14.100000381469727,14.600000381469727,11.021659851074219,7000
2018-05-21,13.260000228881836,14.680000305175781,13.260000228881836,14.449999809265137,10.90842342376709,3100
2018-05-22,13.970000267028809,14.0,13.970000267028809,14.0,10.56871509552002,700
2018-05-23,14.399999618530273,14.800000190734863,14.399999618530273,14.75,11.134894371032715,2200
2018-05-24,14.300000190734863,14.449999809265137,14.300000190734863,14.449999809265137,10.90842342376709,1100
2018-05-25,14.5,14.75,14.449999809265137,14.75,11.134894371032715,1800
2018-05-29,14.75,15.050000190734863,14.75,15.050000190734863,11.361369132995605,1500
2018-05-30,14.350000381469727,14.75,14.350000381469727,14.550000190734863,10.983914375305176,1200
2018-05-31,14.279999732971191,14.529999732971191,14.149999618530273,14.199999809265137,10.719695091247559,4300
2018-06-01,15.029999732971191,15.029999732971191,13.949999809265137,14.600000381469727,11.021659851074219,4500
2018-06-04,14.819999694824219,14.819999694824219,13.75,13.949999809265137,10.567158699035645,6200
2018-06-05,14.4399995803833,14.75,13.850000381469727,14.449999809265137,10.94590950012207,7000
2018-06-06,14.600000381469727,14.600000381469727,13.399999618530273,13.800000190734863,10.453532218933105,11000
2018-06-07,14.300000190734863,14.300000190734863,13.850000381469727,13.850000381469727,10.491408348083496,1900
2018-06-08,13.800000190734863,13.800000190734863,13.800000190734863,13.800000190734863,10.453532218933105,600
2018-06-11,14.050000190734863,14.199999809265137,13.199999809265137,13.600000381469727,10.302032470703125,19200
2018-06-12,13.350000381469727,13.84000015258789,13.350000381469727,13.600000381469727,10.302032470703125,7900
2018-06-13,13.5,13.899999618530273,13.399999618530273,13.449999809265137,10.188407897949219,8600
2018-06-14,13.350000381469727,13.680000305175781,13.199999809265137,13.199999809265137,9.999032020568848,8400
2018-06-15,12.899999618530273,13.399999618530273,12.899999618530273,12.899999618530273,9.771780967712402,4500
2018-06-18,13.489999771118164,13.489999771118164,13.050000190734863,13.300000190734863,10.074782371520996,5800
2018-06-19,13.319999694824219,13.350000381469727,13.199999809265137,13.199999809265137,9.999032020568848,4900
2018-06-20,13.319999694824219,13.319999694824219,13.0,13.100000381469727,9.923280715942383,6000
2018-06-21,12.800000190734863,13.100000381469727,12.800000190734863,12.949999809265137,9.80965518951416,3000
2018-06-22,13.020000457763672,13.020000457763672,12.300000190734863,12.300000190734863,9.317278861999512,11700
2018-06-25,12.449999809265137,12.920000076293945,12.300000190734863,12.800000190734863,9.696029663085938,4300
2018-06-26,12.800000190734863,12.800000190734863,12.800000190734863,12.800000190734863,9.696029663085938,0
2018-06-27,13.149999618530273,13.149999618530273,13.149999618530273,13.149999618530273,9.96115779876709,600
2018-06-28,13.149999618530273,13.149999618530273,12.699999809265137,13.050000190734863,9.885407447814941,2300
2018-06-29,12.649999618530273,13.199999809265137,12.649999618530273,13.199999809265137,9.999032020568848,1300
2018-07-02,12.729999542236328,13.0,12.199999809265137,12.300000190734863,9.317278861999512,22300
2018-07-03,12.850000381469727,12.850000381469727,11.949999809265137,12.0,9.090030670166016,3300
2018-07-05,12.5,12.550000190734863,12.449999809265137,12.449999809265137,9.430903434753418,4900
2018-07-06,12.600000381469727,12.899999618530273,12.600000381469727,12.899999618530273,9.771780967712402,1400
2018-07-09,13.029999732971191,13.199999809265137,13.029999732971191,13.199999809265137,9.999032020568848,1400
2018-07-10,13.199999809265137,13.369999885559082,13.199999809265137,13.300000190734863,10.074782371520996,2900
2018-07-11,13.380000114440918,13.399999618530273,13.300000190734863,13.399999618530273,10.150532722473145,1600
2018-07-12,13.550000190734863,13.75,13.350000381469727,13.649999618530273,10.3399076461792,2500
2018-07-13,13.350000381469727,13.579999923706055,13.300000190734863,13.300000190734863,10.074782371520996,1100
2018-07-16,13.350000381469727,13.399999618530273,13.300000190734863,13.399999618530273,10.150532722473145,3100
2018-07-17,13.350000381469727,13.350000381469727,12.800000190734863,13.0,9.847529411315918,12700
2018-07-18,13.119999885559082,13.119999885559082,13.050000190734863,13.100000381469727,9.923280715942383,1900
2018-07-19,13.0,13.199999809265137,12.899999618530273,12.899999618530273,9.771780967712402,700
2018-07-20,13.199999809265137,13.199999809265137,12.5,13.050000190734863,9.885407447814941,1300
2018-07-23,12.65999984741211,12.65999984741211,12.600000381469727,12.600000381469727,9.54453182220459,1300
2018-07-24,13.050000190734863,13.050000190734863,12.649999618530273,12.75,9.658153533935547,2400
2018-07-25,12.550000190734863,12.8100004196167,12.550000190734863,12.699999809265137,9.620279312133789,3800
2018-07-26,12.600000381469727,12.600000381469727,12.5,12.550000190734863,9.506653785705566,4800
2018-07-27,12.600000381469727,12.699999809265137,12.449999809265137,12.449999809265137,9.430903434753418,1600
2018-07-30,12.699999809265137,12.729999542236328,12.600000381469727,12.699999809265137,9.620279312133789,1800
2018-07-31,12.850000381469727,12.850000381469727,12.699999809265137,12.699999809265137,9.620279312133789,800
2018-08-01,13.050000190734863,13.149999618530273,13.050000190734863,13.100000381469727,9.923280715942383,2000
2018-08-02,13.100000381469727,13.100000381469727,12.699999809265137,12.699999809265137,9.620279312133789,4800
2018-08-03,13.050000190734863,13.130000114440918,12.649999618530273,12.880000114440918,9.756631851196289,3800
2018-08-06,12.699999809265137,13.100000381469727,12.699999809265137,13.100000381469727,9.923280715942383,400
2018-08-07,13.449999809265137,13.5,13.25,13.300000190734863,10.074782371520996,4900
2018-08-08,13.600000381469727,13.600000381469727,13.270000457763672,13.350000381469727,10.112658500671387,700
2018-08-09,13.359999656677246,13.760000228881836,13.359999656677246,13.760000228881836,10.423232078552246,2800
2018-08-10,13.75,13.75,13.75,13.75,10.415656089782715,500
2018-08-13,13.800000190734863,13.829999923706055,13.350000381469727,13.399999618530273,10.150532722473145,4900
2018-08-14,13.449999809265137,13.449999809265137,13.449999809265137,13.449999809265137,10.188407897949219,300
2018-08-15,13.449999809265137,13.5,13.449999809265137,13.5,10.226283073425293,1200
2018-08-16,13.649999618530273,13.699999809265137,13.649999618530273,13.699999809265137,10.37778377532959,600
2018-08-17,13.0,13.670000076293945,13.0,13.350000381469727,10.112658500671387,1100
2018-08-20,13.600000381469727,13.600000381469727,13.600000381469727,13.600000381469727,10.302032470703125,300
2018-08-21,13.270000457763672,13.350000381469727,13.100000381469727,13.100000381469727,9.923280715942383,1700
2018-08-22,13.25,13.25,13.25,13.25,10.036910057067871,400
2018-08-23,13.25,13.5,13.25,13.5,10.226283073425293,500
2018-08-24,13.5,13.850000381469727,13.5,13.850000381469727,10.491408348083496,12100
2018-08-27,13.699999809265137,13.699999809265137,13.5,13.600000381469727,10.302032470703125,2500
2018-08-28,13.75,13.75,13.75,13.75,10.415656089782715,400
2018-08-29,13.75,13.75,13.75,13.75,10.415656089782715,0
2018-08-30,13.569999694824219,13.600000381469727,13.350000381469727,13.350000381469727,10.112658500671387,3200
2018-08-31,13.5,13.5,13.5,13.5,10.264726638793945,600
2018-09-04,13.350000381469727,13.600000381469727,13.25,13.25,10.074640274047852,3500
2018-09-05,13.449999809265137,13.600000381469727,13.350000381469727,13.600000381469727,10.3407621383667,2600
2018-09-06,13.550000190734863,13.699999809265137,13.350000381469727,13.699999809265137,10.416796684265137,700
2018-09-07,13.829999923706055,13.829999923706055,13.699999809265137,13.699999809265137,10.416796684265137,800
2018-09-10,13.850000381469727,13.850000381469727,13.649999618530273,13.649999618530273,10.378778457641602,700
2018-09-11,13.649999618530273,13.850000381469727,13.649999618530273,13.850000381469727,10.53084945678711,900
2018-09-12,13.819999694824219,13.819999694824219,13.369999885559082,13.399999618530273,10.18869400024414,1200
2018-09-13,13.649999618530273,13.649999618530273,13.649999618530273,13.649999618530273,10.378778457641602,600
2018-09-14,13.5,13.5,13.5,13.5,10.264726638793945,600
2018-09-17,13.819999694824219,13.850000381469727,13.59000015258789,13.850000381469727,10.53084945678711,700
2018-09-18,13.800000190734863,13.800000190734863,13.5,13.5,10.264726638793945,600
2018-09-19,13.649999618530273,13.649999618530273,13.649999618530273,13.649999618530273,10.378778457641602,1300
2018-09-20,13.65999984741211,13.800000190734863,13.550000190734863,13.550000190734863,10.30274486541748,1500
2018-09-21,13.550000190734863,13.850000381469727,13.050000190734863,13.850000381469727,10.53084945678711,11800
2018-09-24,13.130000114440918,13.649999618530273,13.130000114440918,13.300000190734863,10.112658500671387,900
2018-09-25,13.619999885559082,13.649999618530273,13.600000381469727,13.649999618530273,10.378778457641602,4300
2018-09-26,13.449999809265137,13.649999618530273,13.449999809265137,13.649999618530273,10.378778457641602,2900
2018-09-27,13.300000190734863,13.300000190734863,13.300000190734863,13.300000190734863,10.112658500671387,400
2018-09-28,13.350000381469727,13.600000381469727,13.350000381469727,13.600000381469727,10.3407621383667,1100
2018-10-01,13.59000015258789,13.600000381469727,13.5,13.5,10.264726638793945,4900
2018-10-02,13.600000381469727,13.649999618530273,13.470000267028809,13.470000267028809,10.24191665649414,2400
2018-10-03,13.449999809265137,13.649999618530273,13.329999923706055,13.649999618530273,10.378778457641602,7300
2018-10-04,13.640000343322754,13.640000343322754,13.3100004196167,13.3100004196167,10.120260238647461,600
2018-10-05,13.300000190734863,13.300000190734863,13.300000190734863,13.300000190734863,10.112658500671387,300
2018-10-08,13.550000190734863,13.600000381469727,13.460000038146973,13.460000038146973,10.234313011169434,9400
2018-10-09,13.40999984741211,13.5,13.140000343322754,13.140000343322754,9.991000175476074,1800
2018-10-10,13.449999809265137,13.449999809265137,13.079999923706055,13.079999923706055,9.945378303527832,1200
2018-10-11,13.430000305175781,13.430000305175781,13.100000381469727,13.100000381469727,9.960586547851562,500
2018-10-12,13.149999618530273,13.489999771118164,13.149999618530273,13.149999618530273,9.998604774475098,1200
2018-10-15,13.449999809265137,13.489999771118164,13.449999809265137,13.489999771118164,10.257123947143555,900
2018-10-16,13.489999771118164,13.489999771118164,13.199999809265137,13.479999542236328,10.24952220916748,1000
2018-10-17,13.270000457763672,13.270000457763672,13.199999809265137,13.199999809265137,10.03662109375,600
2018-10-18,13.109999656677246,13.4399995803833,13.109999656677246,13.4399995803833,10.219106674194336,1100
2018-10-19,12.760000228881836,13.260000228881836,12.760000228881836,13.220000267028809,10.05182933807373,800
2018-10-22,13.25,13.260000228881836,13.100000381469727,13.100000381469727,9.960586547851562,2800
2018-10-23,13.100000381469727,13.100000381469727,13.100000381469727,13.100000381469727,9.960586547851562,0
2018-10-24,12.8100004196167,12.8100004196167,12.800000190734863,12.800000190734863,9.7324800491333,700
2018-10-25,13.170000076293945,13.170000076293945,12.869999885559082,12.869999885559082,9.785706520080566,800
2018-10-26,12.75,13.050000190734863,12.510000228881836,12.510000228881836,9.511981010437012,1700
2018-10-29,12.550000190734863,13.15999984741211,12.550000190734863,13.15999984741211,10.006207466125488,500
2018-10-30,13.069999694824219,13.25,13.069999694824219,13.25,10.074640274047852,800
2018-10-31,13.039999961853027,13.039999961853027,13.039999961853027,13.039999961853027,9.91496753692627,900
2018-11-01,13.399999618530273,13.5,13.300000190734863,13.359999656677246,10.15827751159668,4700
2018-11-02,13.40999984741211,13.5,13.359999656677246,13.399999618530273,10.18869400024414,2900
2018-11-05,13.420000076293945,13.420000076293945,13.420000076293945,13.420000076293945,10.203899383544922,300
2018-11-06,13.8100004196167,13.8100004196167,13.800000190734863,13.800000190734863,10.492830276489258,2000
2018-11-07,13.800000190734863,13.8100004196167,13.800000190734863,13.8100004196167,10.500434875488281,1800
2018-11-08,13.8100004196167,13.8100004196167,13.8100004196167,13.8100004196167,10.500434875488281,200
2018-11-09,13.460000038146973,13.460000038146973,13.460000038146973,13.460000038146973,10.234313011169434,500
2018-11-12,13.739999771118164,13.739999771118164,13.520000457763672,13.520000457763672,10.279934883117676,600
2018-11-13,13.4399995803833,13.449999809265137,13.420000076293945,13.449999809265137,10.226710319519043,700
2018-11-14,13.449999809265137,13.449999809265137,13.449999809265137,13.449999809265137,10.226710319519043,300
2018-11-15,13.779999732971191,13.779999732971191,13.720000267028809,13.720000267028809,10.432002067565918,900
2018-11-16,13.8100004196167,13.8100004196167,13.520000457763672,13.800000190734863,10.492830276489258,1400
2018-11-19,13.800000190734863,13.800000190734863,13.520000457763672,13.520000457763672,10.279934883117676,900
2018-11-20,13.539999961853027,13.600000381469727,13.399999618530273,13.399999618530273,10.18869400024414,1500
2018-11-21,13.800000190734863,13.8100004196167,13.800000190734863,13.8100004196167,10.500434875488281,2300
2018-11-23,13.649999618530273,13.8100004196167,13.649999618530273,13.8100004196167,10.500434875488281,600
2018-11-26,13.479999542236328,13.479999542236328,13.479999542236328,13.479999542236328,10.24952220916748,600
2018-11-27,13.479999542236328,13.479999542236328,13.479999542236328,13.479999542236328,10.24952220916748,200
2018-11-28,13.760000228881836,13.760000228881836,13.5,13.5,10.264726638793945,1000
2018-11-29,13.399999618530273,13.399999618530273,13.399999618530273,13.399999618530273,10.18869400024414,900
2018-11-30,13.8100004196167,14.899999618530273,13.8100004196167,14.899999618530273,11.329216003417969,6200
2018-12-03,14.970000267028809,15.15999984741211,14.5,14.630000114440918,11.16137981414795,7100
2018-12-04,14.890000343322754,14.890000343322754,14.649999618530273,14.649999618530273,11.176631927490234,4500
2018-12-06,14.699999809265137,14.779999732971191,14.140000343322754,14.430000305175781,11.008794784545898,4500
2018-12-07,14.0,14.420000076293945,13.319999694824219,14.420000076293945,11.001166343688965,3100
2018-12-10,14.420000076293945,14.489999771118164,14.3100004196167,14.3100004196167,10.917245864868164,1400
2018-12-11,14.390000343322754,14.390000343322754,13.800000190734863,13.989999771118164,10.673113822937012,1400
2018-12-12,13.670000076293945,14.460000038146973,13.670000076293945,14.460000038146973,11.031682014465332,1200
2018-12-13,14.460000038146973,14.460000038146973,13.510000228881836,13.510000228881836,10.306917190551758,1800
2018-12-14,13.479999542236328,13.479999542236328,13.479999542236328,13.479999542236328,10.28403091430664,500
2018-12-17,13.210000038146973,13.520000457763672,13.210000038146973,13.520000457763672,10.314547538757324,900
2018-12-18,13.6899995803833,14.100000381469727,13.579999923706055,13.84000015258789,10.558675765991211,2300
2018-12-19,13.829999923706055,13.829999923706055,13.760000228881836,13.760000228881836,10.497642517089844,700
2018-12-20,14.229999542236328,14.229999542236328,14.229999542236328,14.229999542236328,10.856212615966797,600
2018-12-21,13.119999885559082,13.729999542236328,12.779999732971191,13.109999656677246,10.001750946044922,11600
2018-12-24,12.800000190734863,13.199999809265137,12.800000190734863,13.140000343322754,10.024639129638672,600
2018-12-26,13.399999618530273,13.399999618530273,13.069999694824219,13.069999694824219,9.971238136291504,1300
2018-12-27,13.0600004196167,13.800000190734863,12.75,13.380000114440918,10.207738876342773,12600
2018-12-28,14.399999618530273,14.399999618530273,13.510000228881836,13.829999923706055,10.551048278808594,2100
2018-12-31,12.970000267028809,13.989999771118164,12.970000267028809,13.609999656677246,10.383208274841309,1600
2019-01-02,13.510000228881836,13.569999694824219,13.010000228881836,13.569999694824219,10.352691650390625,3000
2019-01-03,13.630000114440918,13.630000114440918,13.09000015258789,13.09000015258789,9.986493110656738,1600
2019-01-04,13.050000190734863,13.4399995803833,13.050000190734863,13.4399995803833,10.25351333618164,5100
2019-01-07,13.5,13.5,13.029999732971191,13.470000267028809,10.276400566101074,6500
2019-01-08,13.5,13.5,13.100000381469727,13.5,10.29928970336914,1900
2019-01-09,13.460000038146973,13.460000038146973,13.460000038146973,13.460000038146973,10.268771171569824,400
2019-01-10,13.460000038146973,13.5,13.399999618530273,13.460000038146973,10.268771171569824,2800
2019-01-11,13.399999618530273,13.5,13.399999618530273,13.399999618530273,10.22299861907959,3900
2019-01-14,13.489999771118164,13.489999771118164,13.489999771118164,13.489999771118164,10.291659355163574,600
2019-01-15,14.0,14.279999732971191,13.75,14.279999732971191,10.894356727600098,6900
2019-01-16,14.279999732971191,14.350000381469727,14.199999809265137,14.199999809265137,10.833325386047363,1900
2019-01-17,14.350000381469727,14.350000381469727,14.149999618530273,14.149999618530273,10.795178413391113,800
2019-01-18,14.25,14.350000381469727,14.199999809265137,14.199999809265137,10.833325386047363,2600
2019-01-22,14.649999618530273,14.649999618530273,14.3100004196167,14.3100004196167,10.917245864868164,2800
2019-01-23,14.350000381469727,14.479999542236328,14.350000381469727,14.40999984741211,10.993535995483398,1000
2019-01-24,14.140000343322754,14.5,14.050000190734863,14.40999984741211,10.993535995483398,6000
2019-01-25,14.140000343322754,14.649999618530273,14.100000381469727,14.649999618530273,11.176631927490234,1800
2019-01-28,14.720000267028809,14.720000267028809,14.649999618530273,14.649999618530273,11.176631927490234,1700
2019-01-29,14.649999618530273,14.75,14.649999618530273,14.75,11.25292682647705,1300
2019-01-30,14.649999618530273,14.649999618530273,14.649999618530273,14.649999618530273,11.176631927490234,3600
2019-01-31,14.430000305175781,14.479999542236328,14.260000228881836,14.260000228881836,10.87909984588623,900
2019-02-01,14.260000228881836,14.260000228881836,14.260000228881836,14.260000228881836,10.87909984588623,300
2019-02-04,15.149999618530273,15.149999618530273,14.520000457763672,14.520000457763672,11.077455520629883,1800
2019-02-05,14.930000305175781,14.930000305175781,14.75,14.75,11.25292682647705,1600
2019-02-06,14.84000015258789,14.84000015258789,14.800000190734863,14.800000190734863,11.291070938110352,1000
2019-02-07,14.779999732971191,14.779999732971191,14.470000267028809,14.470000267028809,11.039312362670898,3400
2019-02-08,14.369999885559082,14.369999885559082,14.369999885559082,14.369999885559082,10.963019371032715,200
2019-02-11,15.149999618530273,15.149999618530273,14.520000457763672,14.520000457763672,11.077455520629883,1800
2019-02-12,14.520000457763672,14.630000114440918,14.520000457763672,14.630000114440918,11.16137981414795,4900
2019-02-13,14.15999984741211,14.640000343322754,14.15999984741211,14.640000343322754,11.169005393981934,1200
2019-02-14,14.350000381469727,14.350000381469727,14.350000381469727,14.350000381469727,10.947763442993164,600
2019-02-15,14.260000228881836,14.970000267028809,14.260000228881836,14.65999984741211,11.184263229370117,1900
2019-02-19,14.899999618530273,14.899999618530273,14.899999618530273,14.899999618530273,11.367362022399902,800
2019-02-20,15.430000305175781,15.430000305175781,15.0600004196167,15.09000015258789,11.512316703796387,3200
2019-02-21,15.09000015258789,15.09000015258789,15.09000015258789,15.09000015258789,11.512316703796387,300
2019-02-22,14.989999771118164,15.069999694824219,14.930000305175781,15.069999694824219,11.497057914733887,2100
2019-02-25,14.760000228881836,14.760000228881836,14.760000228881836,14.760000228881836,11.260555267333984,700
2019-02-26,15.270000457763672,15.270000457763672,15.270000457763672,15.270000457763672,11.649639129638672,900
2019-02-27,15.270000457763672,15.270000457763672,15.270000457763672,15.270000457763672,11.649639129638672,300
2019-02-28,15.449999809265137,15.449999809265137,14.850000381469727,14.850000381469727,11.329216957092285,1900
2019-03-01,15.079999923706055,15.100000381469727,15.020000457763672,15.020000457763672,11.458910942077637,1600
2019-03-04,14.869999885559082,14.869999885559082,14.8100004196167,14.8100004196167,11.298701286315918,700
2019-03-05,15.0,15.210000038146973,14.989999771118164,15.09000015258789,11.512316703796387,6200
2019-03-06,15.100000381469727,15.170000076293945,14.859999656677246,14.859999656677246,11.336844444274902,1000
2019-03-07,15.020000457763672,15.020000457763672,14.819999694824219,14.819999694824219,11.306329727172852,700
2019-03-08,14.739999771118164,15.029999732971191,14.680000305175781,14.869999885559082,11.3983154296875,2600
2019-03-11,14.899999618530273,15.1899995803833,14.869999885559082,15.1899995803833,11.64360237121582,1000
2019-03-12,15.119999885559082,15.289999961853027,15.119999885559082,15.170000076293945,11.628273963928223,2300
2019-03-13,15.0,15.0,14.930000305175781,14.949999809265137,11.459633827209473,1700
2019-03-14,14.989999771118164,14.989999771118164,14.899999618530273,14.899999618530273,11.421309471130371,400
2019-03-15,14.989999771118164,15.420000076293945,14.989999771118164,15.399999618530273,11.804574966430664,5500
2019-03-18,15.25,15.25,15.039999961853027,15.069999694824219,11.551619529724121,2600
2019-03-19,14.510000228881836,14.949999809265137,14.510000228881836,14.949999809265137,11.459633827209473,2000
2019-03-20,14.5600004196167,14.5600004196167,14.5600004196167,14.5600004196167,11.160690307617188,1200
2019-03-21,14.550000190734863,14.960000038146973,14.550000190734863,14.720000267028809,11.283334732055664,6200
2019-03-22,14.350000381469727,14.350000381469727,14.239999771118164,14.239999771118164,10.915400505065918,6500
2019-03-25,14.239999771118164,14.430000305175781,14.239999771118164,14.420000076293945,11.053374290466309,1800
2019-03-26,14.210000038146973,14.579999923706055,14.210000038146973,14.34000015258789,10.992051124572754,1500
2019-03-27,14.380000114440918,14.739999771118164,14.380000114440918,14.739999771118164,11.298665046691895,800
2019-03-28,14.859999656677246,15.09000015258789,14.859999656677246,15.09000015258789,11.566951751708984,500
2019-03-29,14.630000114440918,14.630000114440918,14.630000114440918,14.630000114440918,11.214346885681152,500
2019-04-01,14.869999885559082,15.09000015258789,14.859999656677246,14.859999656677246,11.390649795532227,500
2019-04-02,15.300000190734863,15.300000190734863,15.300000190734863,15.300000190734863,11.727920532226562,400
2019-04-03,15.180000305175781,15.649999618530273,15.079999923706055,15.460000038146973,11.850566864013672,8400
2019-04-04,15.850000381469727,15.9399995803833,15.210000038146973,15.59000015258789,11.950215339660645,7400
2019-04-05,15.140000343322754,15.520000457763672,15.079999923706055,15.520000457763672,11.89655876159668,6700
2019-04-08,15.140000343322754,15.399999618530273,15.0,15.119999885559082,11.589942932128906,5300
2019-04-09,15.369999885559082,15.399999618530273,15.010000228881836,15.039999961853027,11.528623580932617,3200
2019-04-10,15.079999923706055,15.3100004196167,15.029999732971191,15.210000038146973,11.658933639526367,2600
2019-04-11,15.199999809265137,15.600000381469727,15.079999923706055,15.25,11.689596176147461,1900
2019-04-12,14.9399995803833,15.630000114440918,14.9399995803833,15.210000038146973,11.658933639526367,1700
2019-04-15,15.180000305175781,15.869999885559082,15.180000305175781,15.869999885559082,12.16484260559082,4900
2019-04-16,15.329999923706055,16.350000381469727,15.329999923706055,16.229999542236328,12.440794944763184,6300
2019-04-17,16.530000686645508,16.530000686645508,15.5,15.770000457763672,12.0881929397583,4300
2019-04-18,15.489999771118164,15.84000015258789,15.489999771118164,15.800000190734863,12.111187934875488,800
2019-04-22,15.5,16.350000381469727,15.5,16.020000457763672,12.279824256896973,2700
2019-04-23,16.229999542236328,16.389999389648438,16.229999542236328,16.389999389648438,12.563438415527344,1200
2019-04-24,16.270000457763672,16.31999969482422,16.0,16.309999465942383,12.502119064331055,2000
2019-04-25,16.1200008392334,16.1200008392334,16.040000915527344,16.040000915527344,12.29515552520752,800
2019-04-26,16.049999237060547,16.049999237060547,15.989999771118164,16.010000228881836,12.272157669067383,1600
2019-04-29,15.760000228881836,15.760000228881836,14.3100004196167,15.6899995803833,12.026866912841797,5000
2019-04-30,14.710000038146973,15.569999694824219,14.710000038146973,15.569999694824219,11.934885025024414,3600
2019-05-01,15.699999809265137,15.699999809265137,15.460000038146973,15.460000038146973,11.850566864013672,900
2019-05-02,15.770000457763672,15.770000457763672,15.59000015258789,15.59000015258789,11.950215339660645,800
2019-05-03,15.430000305175781,15.6899995803833,15.359999656677246,15.359999656677246,11.773913383483887,1000
2019-05-06,14.8100004196167,15.279999732971191,14.8100004196167,15.279999732971191,11.712591171264648,700
2019-05-07,14.729999542236328,14.829999923706055,14.729999542236328,14.829999923706055,11.367650032043457,1600
2019-05-08,14.890000343322754,15.180000305175781,14.859999656677246,14.930000305175781,11.444306373596191,3100
2019-05-09,14.930000305175781,14.930000305175781,14.930000305175781,14.930000305175781,11.444306373596191,300
2019-05-10,14.930000305175781,14.930000305175781,14.930000305175781,14.930000305175781,11.444306373596191,400
2019-05-13,14.520000457763672,14.850000381469727,14.520000457763672,14.739999771118164,11.298665046691895,6100
2019-05-14,14.449999809265137,15.0,14.420000076293945,15.0,11.497961044311523,2400
2019-05-15,15.479999542236328,15.5,15.479999542236328,15.5,11.8812255859375,600
2019-05-16,15.5,15.5,15.5,15.5,11.8812255859375,100
2019-05-17,15.140000343322754,15.140000343322754,15.140000343322754,15.140000343322754,11.605278015136719,600
2019-05-20,15.140000343322754,15.140000343322754,15.140000343322754,15.140000343322754,11.605278015136719,200
2019-05-21,15.5,15.630000114440918,15.5,15.630000114440918,11.980876922607422,800
2019-05-22,15.220000267028809,15.720000267028809,15.220000267028809,15.720000267028809,12.049864768981934,500
2019-05-23,15.899999618530273,16.09000015258789,15.739999771118164,15.739999771118164,12.065194129943848,1000
2019-05-24,15.489999771118164,15.75,15.460000038146973,15.75,12.072859764099121,800
2019-05-28,15.75,15.75,15.75,15.75,12.072859764099121,400
2019-05-29,15.029999732971191,15.029999732971191,15.029999732971191,15.029999732971191,11.520956993103027,600
2019-05-30,15.779999732971191,15.779999732971191,15.779999732971191,15.779999732971191,12.095855712890625,400
2019-05-31,15.34000015258789,15.34000015258789,15.34000015258789,15.34000015258789,11.75858211517334,300
2019-06-03,16.040000915527344,16.040000915527344,15.329999923706055,15.329999923706055,11.80478572845459,1700
2019-06-04,16.18000030517578,16.239999771118164,15.890000343322754,15.920000076293945,12.259111404418945,2100
2019-06-05,15.920000076293945,15.920000076293945,15.0600004196167,15.0600004196167,11.596874237060547,3800
2019-06-06,14.930000305175781,14.930000305175781,14.930000305175781,14.930000305175781,11.496768951416016,1100
2019-06-07,14.960000038146973,15.25,14.960000038146973,15.25,11.743183135986328,1000
2019-06-10,15.470000267028809,15.470000267028809,15.170000076293945,15.300000190734863,11.781683921813965,700
2019-06-11,14.84000015258789,15.4399995803833,14.84000015258789,15.4399995803833,11.889491081237793,1000
2019-06-12,15.4399995803833,15.4399995803833,15.4399995803833,15.4399995803833,11.889491081237793,100
2019-06-13,15.4399995803833,15.710000038146973,15.069999694824219,15.710000038146973,12.097400665283203,600
2019-06-14,15.029999732971191,15.029999732971191,14.65999984741211,14.65999984741211,11.288856506347656,700
2019-06-17,15.470000267028809,15.470000267028809,15.0,15.15999984741211,11.673876762390137,2500
2019-06-18,15.40999984741211,15.40999984741211,14.949999809265137,14.949999809265137,11.512167930603027,2400
2019-06-19,15.109999656677246,16.0,15.020000457763672,16.0,12.320713996887207,3500
2019-06-20,16.0,16.0,14.319999694824219,14.319999694824219,11.027040481567383,2800
2019-06-21,14.399999618530273,14.829999923706055,14.279999732971191,14.279999732971191,10.996237754821777,2700
2019-06-24,14.279999732971191,14.979999542236328,14.029999732971191,14.279999732971191,10.996237754821777,1000
2019-06-25,14.5,14.5,14.40999984741211,14.4399995803833,11.11944580078125,2500
2019-06-26,14.4399995803833,14.4399995803833,14.4399995803833,14.4399995803833,11.11944580078125,200
2019-06-27,14.800000190734863,15.170000076293945,14.640000343322754,15.170000076293945,11.681577682495117,4100
2019-06-28,14.989999771118164,16.899999618530273,14.989999771118164,16.899999618530273,13.01375675201416,21900
2019-07-01,16.5,16.5,15.699999809265137,15.779999732971191,12.151304244995117,3100
2019-07-02,15.779999732971191,16.0,15.739999771118164,16.0,12.320713996887207,3000
2019-07-03,16.0,16.0,16.0,16.0,12.320713996887207,0
2019-07-05,16.170000076293945,16.200000762939453,15.869999885559082,15.869999885559082,12.22060775756836,1000
2019-07-08,15.890000343322754,16.25,15.890000343322754,16.079999923706055,12.382319450378418,900
2019-07-09,16.09000015258789,16.239999771118164,16.09000015258789,16.239999771118164,12.505526542663574,800
2019-07-10,16.110000610351562,16.170000076293945,15.609999656677246,15.630000114440918,12.035799980163574,2800
2019-07-11,14.510000228881836,15.460000038146973,14.510000228881836,15.460000038146973,11.904889106750488,1100
2019-07-12,15.149999618530273,15.899999618530273,14.899999618530273,14.899999618530273,11.473665237426758,1100
2019-07-15,15.350000381469727,15.5,15.25,15.25,11.743183135986328,900
2019-07-16,16.510000228881836,16.510000228881836,15.699999809265137,15.890000343322754,12.23600959777832,2300
2019-07-17,15.390000343322754,15.739999771118164,15.390000343322754,15.739999771118164,12.120502471923828,1000
2019-07-18,16.219999313354492,16.530000686645508,16.09000015258789,16.510000228881836,12.713438034057617,1800
2019-07-19,16.360000610351562,16.360000610351562,16.079999923706055,16.079999923706055,12.382319450378418,900
2019-07-22,16.790000915527344,16.790000915527344,16.1299991607666,16.190000534057617,12.467024803161621,1400
2019-07-23,16.670000076293945,16.670000076293945,16.270000457763672,16.270000457763672,12.5286283493042,3100
2019-07-24,16.510000228881836,17.049999237060547,16.450000762939453,16.479999542236328,12.690337181091309,5800
2019-07-25,16.399999618530273,16.610000610351562,16.200000762939453,16.350000381469727,12.590231895446777,10500
2019-07-26,16.6299991607666,16.700000762939453,16.469999313354492,16.469999313354492,12.682636260986328,3400
2019-07-29,16.68000030517578,16.68000030517578,16.440000534057617,16.440000534057617,12.659536361694336,1200
2019-07-30,16.600000381469727,16.649999618530273,16.280000686645508,16.280000686645508,12.536330223083496,1200
2019-07-31,16.75,17.020000457763672,16.280000686645508,16.450000762939453,12.66723346710205,2700
2019-08-01,16.149999618530273,16.579999923706055,16.030000686645508,16.079999923706055,12.382319450378418,2700
2019-08-02,15.75,15.75,15.15999984741211,15.15999984741211,11.673876762390137,400
2019-08-05,14.630000114440918,15.630000114440918,14.630000114440918,15.15999984741211,11.673876762390137,2100
2019-08-06,15.029999732971191,15.029999732971191,15.029999732971191,15.029999732971191,11.573772430419922,500
2019-08-07,14.920000076293945,15.15999984741211,14.5600004196167,14.720000267028809,11.335058212280273,6500
2019-08-08,14.6899995803833,15.09000015258789,14.329999923706055,14.609999656677246,11.250354766845703,1900
2019-08-09,14.350000381469727,14.350000381469727,14.350000381469727,14.350000381469727,11.050142288208008,700
2019-08-12,14.289999961853027,14.760000228881836,14.289999961853027,14.430000305175781,11.11174488067627,1000
2019-08-13,14.489999771118164,14.779999732971191,14.489999771118164,14.779999732971191,11.38125991821289,300
2019-08-14,15.0,15.0,14.25,14.270000457763672,10.988536834716797,3600
2019-08-15,14.25,14.710000038146973,14.239999771118164,14.239999771118164,10.965435981750488,3300
2019-08-16,14.390000343322754,15.130000114440918,14.25,14.300000190734863,11.011640548706055,14300
2019-08-19,14.699999809265137,14.699999809265137,13.550000190734863,14.100000381469727,10.85763168334961,3900
2019-08-20,14.109999656677246,14.109999656677246,14.109999656677246,14.109999656677246,10.86532974243164,500
2019-08-21,14.390000343322754,14.5600004196167,14.390000343322754,14.5600004196167,11.211849212646484,3300
2019-08-22,15.899999618530273,15.899999618530273,14.34000015258789,14.34000015258789,11.042442321777344,600
2019-08-23,15.050000190734863,15.050000190734863,14.680000305175781,14.680000305175781,11.304258346557617,800
2019-08-26,15.199999809265137,15.449999809265137,14.960000038146973,15.170000076293945,11.681577682495117,3800
2019-08-27,15.369999885559082,15.449999809265137,15.279999732971191,15.449999809265137,11.897191047668457,1300
2019-08-28,15.579999923706055,15.670000076293945,15.579999923706055,15.609999656677246,12.020398139953613,900
2019-08-29,15.220000267028809,15.220000267028809,15.220000267028809,15.220000267028809,11.720080375671387,400
2019-08-30,15.029999732971191,15.520000457763672,15.029999732971191,15.149999618530273,11.72007942199707,600
2019-09-03,15.300000190734863,15.3100004196167,15.09000015258789,15.09000015258789,11.673664093017578,700
2019-09-04,15.170000076293945,15.170000076293945,15.170000076293945,15.170000076293945,11.735554695129395,200
2019-09-05,14.699999809265137,14.699999809265137,14.380000114440918,14.380000114440918,11.124408721923828,1700
2019-09-06,14.699999809265137,14.699999809265137,14.449999809265137,14.479999542236328,11.201765060424805,2000
2019-09-09,14.40999984741211,14.5,14.270000457763672,14.4399995803833,11.170823097229004,2100
2019-09-10,15.390000343322754,15.710000038146973,14.510000228881836,14.739999771118164,11.402902603149414,3600
2019-09-11,15.069999694824219,15.75,15.069999694824219,15.75,12.184242248535156,700
2019-09-12,15.4399995803833,15.619999885559082,15.329999923706055,15.619999885559082,12.083674430847168,800
2019-09-13,15.720000267028809,15.720000267028809,15.15999984741211,15.319999694824219,11.851592063903809,3700
2019-09-16,15.0,15.0,14.850000381469727,14.850000381469727,11.488001823425293,2500
2019-09-17,14.5600004196167,14.6899995803833,14.319999694824219,14.319999694824219,11.077988624572754,800
2019-09-18,14.420000076293945,14.970000267028809,14.420000076293945,14.970000267028809,11.580832481384277,1500
2019-09-19,14.539999961853027,14.890000343322754,14.529999732971191,14.890000343322754,11.518942832946777,1900
2019-09-20,14.399999618530273,14.890000343322754,14.399999618530273,14.890000343322754,11.518942832946777,4500
2019-09-23,15.010000228881836,15.010000228881836,14.869999885559082,14.869999885559082,11.503473281860352,400
2019-09-24,14.859999656677246,14.859999656677246,14.010000228881836,14.199999809265137,10.985158920288086,12200
2019-09-25,14.539999961853027,14.539999961853027,14.539999961853027,14.539999961853027,11.24818229675293,800
2019-09-26,14.079999923706055,14.380000114440918,14.079999923706055,14.300000190734863,11.062519073486328,1600
2019-09-27,13.760000228881836,14.34000015258789,13.760000228881836,14.34000015258789,11.093461990356445,2200
2019-09-30,14.390000343322754,14.489999771118164,14.199999809265137,14.329999923706055,11.085726737976074,4400
2019-10-01,14.399999618530273,14.399999618530273,13.710000038146973,13.710000038146973,10.60609245300293,2300
2019-10-02,13.699999809265137,13.890000343322754,13.600000381469727,13.600000381469727,10.52099609375,7700
2019-10-03,13.600000381469727,13.739999771118164,13.550000190734863,13.550000190734863,10.482317924499512,3000
2019-10-04,13.550000190734863,13.75,13.5,13.75,10.637036323547363,3900
2019-10-07,13.75,13.970000267028809,13.710000038146973,13.710000038146973,10.60609245300293,1600
2019-10-08,13.789999961853027,13.890000343322754,13.600000381469727,13.890000343322754,10.745341300964355,1400
2019-10-09,13.800000190734863,13.970000267028809,13.729999542236328,13.800000190734863,10.675718307495117,5600
2019-10-10,13.600000381469727,13.600000381469727,13.600000381469727,13.600000381469727,10.52099609375,400
2019-10-11,13.649999618530273,14.430000305175781,13.649999618530273,14.430000305175781,11.163084983825684,2500
2019-10-14,14.399999618530273,14.399999618530273,14.0,14.180000305175781,10.969684600830078,1500
2019-10-15,14.220000267028809,14.380000114440918,14.220000267028809,14.380000114440918,11.124408721923828,1700
2019-10-16,14.369999885559082,14.380000114440918,14.210000038146973,14.300000190734863,11.062519073486328,5600
2019-10-17,14.300000190734863,14.579999923706055,14.210000038146973,14.579999923706055,11.279128074645996,1200
2019-10-18,14.5,15.300000190734863,14.5,15.300000190734863,11.8361234664917,2800
2019-10-21,14.640000343322754,15.390000343322754,14.640000343322754,15.390000343322754,11.905746459960938,5800
2019-10-22,15.100000381469727,15.470000267028809,15.100000381469727,15.470000267028809,11.967632293701172,1400
2019-10-23,15.760000228881836,15.899999618530273,15.760000228881836,15.890000343322754,12.292548179626465,1000
2019-10-24,15.890000343322754,15.890000343322754,15.890000343322754,15.890000343322754,12.292548179626465,0
2019-10-25,15.649999618530273,15.649999618530273,15.350000381469727,15.460000038146973,11.959897994995117,1200
2019-10-28,15.0,15.0,14.670000076293945,14.670000076293945,11.348753929138184,1800
2019-10-29,14.859999656677246,14.859999656677246,14.510000228881836,14.829999923706055,11.472526550292969,1400
2019-10-30,15.239999771118164,15.239999771118164,14.600000381469727,14.600000381469727,11.294597625732422,1300
2019-10-31,14.800000190734863,14.829999923706055,14.5,14.65999984741211,11.341014862060547,1700
2019-11-01,14.630000114440918,14.8100004196167,14.5,14.8100004196167,11.457056045532227,5900
2019-11-04,14.8100004196167,14.850000381469727,14.600000381469727,14.600000381469727,11.294597625732422,1900
2019-11-05,14.600000381469727,14.970000267028809,14.569999694824219,14.970000267028809,11.580832481384277,7900
2019-11-06,14.800000190734863,14.800000190734863,14.579999923706055,14.600000381469727,11.294597625732422,1300
2019-11-07,14.600000381469727,14.640000343322754,14.260000228881836,14.640000343322754,11.325544357299805,13100
2019-11-08,14.520000457763672,14.520000457763672,14.3100004196167,14.5,11.217238426208496,3100
2019-11-11,14.5,14.510000228881836,14.069999694824219,14.300000190734863,11.062519073486328,9400
2019-11-12,13.90999984741211,14.34000015258789,13.90999984741211,14.010000228881836,10.83817195892334,6900
2019-11-13,14.359999656677246,14.390000343322754,13.920000076293945,13.920000076293945,10.768548965454102,5700
2019-11-14,13.739999771118164,14.3100004196167,13.739999771118164,14.199999809265137,10.985158920288086,7000
2019-11-15,14.25,14.25,13.880000114440918,13.970000267028809,10.807230949401855,1900
2019-11-18,14.09000015258789,14.319999694824219,13.859999656677246,14.319999694824219,11.077988624572754,13800
2019-11-19,14.09000015258789,14.399999618530273,14.020000457763672,14.399999618530273,11.139878273010254,15900
2019-11-20,14.210000038146973,14.489999771118164,14.09000015258789,14.09000015258789,10.90006160736084,3000
2019-11-21,14.430000305175781,14.829999923706055,14.300000190734863,14.8100004196167,11.457056045532227,8300
2019-11-22,14.800000190734863,15.170000076293945,14.800000190734863,15.09000015258789,11.673664093017578,2200
2019-11-25,15.210000038146973,15.5,15.210000038146973,15.5,11.990840911865234,900
2019-11-26,15.5,15.5,15.5,15.5,11.990840911865234,600
2019-11-27,14.800000190734863,15.010000228881836,14.380000114440918,14.380000114440918,11.124408721923828,1700
2019-11-29,14.84000015258789,15.210000038146973,14.84000015258789,15.210000038146973,11.766496658325195,500
2019-12-02,15.5,15.5,15.0,15.369999885559082,11.945247650146484,2400
2019-12-03,15.079999923706055,15.079999923706055,14.449999809265137,14.449999809265137,11.230241775512695,3700
2019-12-04,14.100000381469727,15.399999618530273,14.100000381469727,15.399999618530273,11.9685640335083,1100
2019-12-05,15.470000267028809,15.470000267028809,15.100000381469727,15.470000267028809,12.022964477539062,900
2019-12-06,14.699999809265137,14.699999809265137,14.699999809265137,14.699999809265137,11.424537658691406,500
2019-12-09,14.279999732971191,15.069999694824219,14.279999732971191,14.520000457763672,11.284646034240723,1300
2019-12-10,14.84000015258789,14.84000015258789,14.420000076293945,14.420000076293945,11.206928253173828,600
2019-12-11,15.300000190734863,15.449999809265137,14.600000381469727,15.449999809265137,12.00742244720459,2300
2019-12-12,14.829999923706055,15.369999885559082,14.8100004196167,15.369999885559082,11.945247650146484,700
2019-12-13,14.800000190734863,14.869999885559082,14.800000190734863,14.869999885559082,11.556657791137695,1700
2019-12-16,15.069999694824219,15.069999694824219,15.069999694824219,15.069999694824219,11.7120943069458,100
2019-12-17,15.130000114440918,15.130000114440918,14.619999885559082,14.630000114440918,11.370134353637695,1800
2019-12-18,14.850000381469727,14.850000381469727,14.850000381469727,14.850000381469727,11.541112899780273,200
2019-12-19,14.9399995803833,14.9399995803833,14.760000228881836,14.850000381469727,11.541112899780273,1400
2019-12-20,14.420000076293945,14.819999694824219,14.260000228881836,14.520000457763672,11.284646034240723,8100
2019-12-23,14.229999542236328,14.229999542236328,14.229999542236328,14.229999542236328,11.059266090393066,400
2019-12-24,14.890000343322754,14.890000343322754,14.890000343322754,14.890000343322754,11.5722017288208,500
2019-12-26,14.899999618530273,14.899999618530273,14.850000381469727,14.850000381469727,11.541112899780273,1100
2019-12-27,14.930000305175781,14.9399995803833,14.399999618530273,14.699999809265137,11.424537658691406,2500
2019-12-30,14.5,14.859999656677246,14.260000228881836,14.260000228881836,11.0825777053833,1400
2019-12-31,14.260000228881836,14.59000015258789,14.260000228881836,14.59000015258789,11.339048385620117,2700
2020-01-02,14.59000015258789,14.59000015258789,14.369999885559082,14.369999885559082,11.168069839477539,1500
2020-01-03,14.020000457763672,14.579999923706055,14.020000457763672,14.020000457763672,10.89605712890625,6500
2020-01-06,14.390000343322754,15.350000381469727,14.390000343322754,14.880000114440918,11.564430236816406,3000
2020-01-07,15.0,15.0,14.8100004196167,14.8100004196167,11.510028839111328,600
2020-01-08,14.989999771118164,15.0,14.710000038146973,15.0,11.657691955566406,600
2020-01-09,15.0,15.199999809265137,15.0,15.199999809265137,11.813129425048828,600
2020-01-10,15.430000305175781,15.899999618530273,15.430000305175781,15.899999618530273,12.357152938842773,2400
2020-01-13,15.630000114440918,15.899999618530273,15.630000114440918,15.899999618530273,12.357152938842773,1200
2020-01-14,14.710000038146973,15.779999732971191,14.710000038146973,15.399999618530273,11.9685640335083,3500
2020-01-15,15.899999618530273,15.899999618530273,15.899999618530273,15.899999618530273,12.357152938842773,400
2020-01-16,15.630000114440918,15.850000381469727,15.600000381469727,15.600000381469727,12.124000549316406,2100
2020-01-17,15.899999618530273,15.899999618530273,14.329999923706055,14.329999923706055,11.136981010437012,1500
2020-01-21,15.699999809265137,16.799999237060547,15.680000305175781,16.799999237060547,13.056614875793457,4500
2020-01-22,16.799999237060547,17.469999313354492,16.799999237060547,17.0,13.212051391601562,1100
2020-01-23,16.229999542236328,16.229999542236328,16.229999542236328,16.229999542236328,12.613621711730957,400
2020-01-24,17.43000030517578,17.5,16.709999084472656,16.709999084472656,12.986666679382324,2700
2020-01-27,16.5,16.5,16.5,16.5,12.823460578918457,400
2020-01-28,16.950000762939453,17.3700008392334,16.950000762939453,17.3700008392334,13.499610900878906,500
2020-01-29,16.579999923706055,17.3700008392334,16.579999923706055,17.3700008392334,13.499610900878906,600
2020-01-30,16.700000762939453,17.56999969482422,16.700000762939453,17.0,13.212051391601562,1700
2020-01-31,16.149999618530273,16.149999618530273,16.149999618530273,16.149999618530273,12.551446914672852,400
2020-02-03,16.920000076293945,16.920000076293945,16.110000610351562,16.1200008392334,12.528133392333984,1700
2020-02-04,16.469999313354492,16.469999313354492,16.0,16.0,12.434869766235352,500
2020-02-05,16.219999313354492,16.3700008392334,16.049999237060547,16.3700008392334,12.722429275512695,1200
2020-02-06,16.200000762939453,16.510000228881836,16.139999389648438,16.510000228881836,12.831232070922852,800
2020-02-07,16.049999237060547,16.049999237060547,16.049999237060547,16.049999237060547,12.473729133605957,300
2020-02-10,16.030000686645508,16.420000076293945,16.030000686645508,16.239999771118164,12.621394157409668,1600
2020-02-11,15.100000381469727,16.190000534057617,15.100000381469727,16.100000381469727,12.512589454650879,2800
2020-02-12,16.3700008392334,16.729999542236328,16.100000381469727,16.459999084472656,12.792372703552246,1800
2020-02-13,15.520000457763672,15.899999618530273,15.520000457763672,15.680000305175781,12.186175346374512,1600
2020-02-14,14.699999809265137,15.119999885559082,14.699999809265137,15.119999885559082,11.750954627990723,900
2020-02-18,15.289999961853027,15.289999961853027,15.289999961853027,15.289999961853027,11.883074760437012,600
2020-02-19,14.869999885559082,14.869999885559082,14.800000190734863,14.800000190734863,11.502256393432617,300
2020-02-20,14.800000190734863,14.800000190734863,14.800000190734863,14.800000190734863,11.502256393432617,0
2020-02-21,15.869999885559082,15.899999618530273,15.029999732971191,15.029999732971191,11.681005477905273,1000
2020-02-24,15.180000305175781,15.199999809265137,14.5,14.5,11.269102096557617,3700
2020-02-25,14.029999732971191,14.949999809265137,14.0,14.369999885559082,11.168069839477539,3600
2020-02-26,15.0,15.600000381469727,14.25,14.25,11.074808120727539,1600
2020-02-27,14.029999732971191,14.239999771118164,14.029999732971191,14.029999732971191,10.903827667236328,1600
2020-02-28,13.819999694824219,13.819999694824219,13.819999694824219,13.819999694824219,10.740619659423828,1200
2020-03-02,14.140000343322754,15.75,14.140000343322754,15.75,12.24057674407959,2300
2020-03-03,14.40999984741211,15.84000015258789,14.40999984741211,14.760000228881836,11.471170425415039,1600
2020-03-04,14.449999809265137,15.220000267028809,14.279999732971191,14.649999618530273,11.385680198669434,5500
2020-03-05,14.59000015258789,14.630000114440918,14.5600004196167,14.630000114440918,11.370134353637695,1400
2020-03-06,14.800000190734863,14.890000343322754,14.199999809265137,14.199999809265137,11.111902236938477,1500
2020-03-09,14.319999694824219,14.670000076293945,14.100000381469727,14.670000076293945,11.47968864440918,2100
2020-03-10,15.0,15.0,13.989999771118164,14.220000267028809,11.127551078796387,5100
2020-03-11,13.550000190734863,13.920000076293945,13.5,13.920000076293945,10.892794609069824,2800
2020-03-12,13.5,14.270000457763672,11.350000381469727,11.510000228881836,9.0068998336792,26900
2020-03-13,12.050000190734863,12.079999923706055,11.220000267028809,11.819999694824219,9.249483108520508,38000
2020-03-16,12.4399995803833,12.899999618530273,11.579999923706055,11.890000343322754,9.30426025390625,7300
2020-03-17,12.430000305175781,13.0,11.930000305175781,13.0,10.172868728637695,4600
2020-03-18,11.710000038146973,12.640000343322754,10.529999732971191,10.720000267028809,8.388703346252441,6000
2020-03-19,11.789999961853027,12.729999542236328,11.0,12.300000190734863,9.625096321105957,10100
2020-03-20,11.640000343322754,12.600000381469727,11.640000343322754,12.600000381469727,9.859856605529785,11000
2020-03-23,11.640000343322754,12.729999542236328,11.640000343322754,12.359999656677246,9.672048568725586,8500
2020-03-24,12.699999809265137,14.0,12.699999809265137,14.0,10.955395698547363,2500
2020-03-25,14.010000228881836,14.050000190734863,13.550000190734863,13.550000190734863,10.603259086608887,9700
2020-03-26,14.3100004196167,15.100000381469727,12.960000038146973,15.100000381469727,11.816178321838379,11100
2020-03-27,13.5600004196167,16.139999389648438,13.5600004196167,14.289999961853027,11.182328224182129,12500
2020-03-30,15.479999542236328,15.479999542236328,15.0,15.380000114440918,12.035284996032715,4700
2020-03-31,15.1899995803833,15.199999809265137,14.670000076293945,15.199999809265137,11.894429206848145,4800
2020-04-01,13.960000038146973,15.4399995803833,13.960000038146973,14.600000381469727,11.424911499023438,28700
2020-04-02,15.140000343322754,15.619999885559082,14.40999984741211,15.619999885559082,12.223091125488281,5400
2020-04-03,13.899999618530273,14.960000038146973,13.899999618530273,14.960000038146973,11.706623077392578,4400
2020-04-06,15.239999771118164,15.5,15.010000228881836,15.5,12.129189491271973,3200
2020-04-07,15.5,15.5,15.489999771118164,15.489999771118164,12.121362686157227,900
2020-04-08,14.270000457763672,15.170000076293945,14.0,15.170000076293945,11.870953559875488,4200
2020-04-09,14.960000038146973,15.300000190734863,14.899999618530273,15.020000457763672,11.753573417663574,3400
2020-04-13,14.800000190734863,14.800000190734863,14.479999542236328,14.479999542236328,11.331008911132812,2400
2020-04-14,14.5,14.600000381469727,14.180000305175781,14.180000305175781,11.096250534057617,20400
2020-04-15,14.199999809265137,14.350000381469727,13.869999885559082,13.869999885559082,10.853668212890625,2700
2020-04-16,13.770000457763672,14.210000038146973,13.600000381469727,14.180000305175781,11.096250534057617,3900
2020-04-17,14.0,14.899999618530273,14.0,14.449999809265137,11.307531356811523,4300
2020-04-20,14.010000228881836,14.25,14.010000228881836,14.25,11.151028633117676,1500
2020-04-21,14.0,14.579999923706055,14.0,14.350000381469727,11.229280471801758,2200
2020-04-22,14.279999732971191,14.569999694824219,14.020000457763672,14.390000343322754,11.260581970214844,2600
2020-04-23,14.520000457763672,14.520000457763672,14.020000457763672,14.5,11.346658706665039,2900
2020-04-24,14.520000457763672,14.520000457763672,14.430000305175781,14.430000305175781,11.291882514953613,900
2020-04-27,14.479999542236328,14.479999542236328,14.239999771118164,14.470000267028809,11.323183059692383,5800
2020-04-28,14.59000015258789,14.59000015258789,14.380000114440918,14.479999542236328,11.331008911132812,1800
2020-04-29,14.59000015258789,14.59000015258789,14.220000267028809,14.220000267028809,11.127551078796387,5400
2020-04-30,14.710000038146973,14.710000038146973,13.600000381469727,13.779999732971191,10.783239364624023,9600
2020-05-01,13.859999656677246,13.859999656677246,13.859999656677246,13.859999656677246,10.845842361450195,1200
2020-05-04,13.649999618530273,14.119999885559082,13.649999618530273,14.119999885559082,11.049299240112305,6400
2020-05-05,14.359999656677246,14.5600004196167,13.979999542236328,13.979999542236328,10.93974494934082,3400
2020-05-06,14.699999809265137,14.699999809265137,13.649999618530273,14.539999961853027,11.377961158752441,2600
2020-05-07,14.4399995803833,14.449999809265137,13.729999542236328,14.449999809265137,11.307531356811523,5000
2020-05-08,14.449999809265137,14.619999885559082,14.0,14.0,10.955395698547363,5700
2020-05-11,14.350000381469727,14.430000305175781,13.869999885559082,13.869999885559082,10.853668212890625,9800
2020-05-12,14.15999984741211,14.15999984741211,13.789999961853027,14.039999961853027,10.98669719696045,3300
2020-05-13,14.0,14.0,13.359999656677246,13.890000343322754,10.869318962097168,3500
2020-05-14,13.930000305175781,13.930000305175781,13.3100004196167,13.4399995803833,10.517179489135742,2200
2020-05-15,13.770000457763672,13.979999542236328,13.720000267028809,13.979999542236328,10.93974494934082,2100
2020-05-18,14.279999732971191,14.329999923706055,14.199999809265137,14.329999923706055,11.213628768920898,6000
2020-05-19,14.1899995803833,14.300000190734863,14.140000343322754,14.140000343322754,11.064949989318848,1300
2020-05-20,14.210000038146973,14.210000038146973,14.079999923706055,14.15999984741211,11.080599784851074,2100
2020-05-21,14.329999923706055,14.449999809265137,14.149999618530273,14.149999618530273,11.072773933410645,1300
2020-05-22,14.1899995803833,14.1899995803833,14.100000381469727,14.100000381469727,11.033647537231445,1200
2020-05-26,14.449999809265137,14.449999809265137,13.75,13.90999984741211,10.884968757629395,2500
2020-05-27,13.760000228881836,14.619999885559082,13.760000228881836,14.619999885559082,11.440563201904297,3300
2020-05-28,14.369999885559082,14.5,14.210000038146973,14.210000038146973,11.119726181030273,2700
2020-05-29,14.619999885559082,14.619999885559082,14.069999694824219,14.069999694824219,11.010171890258789,1700
2020-06-01,14.069999694824219,14.069999694824219,14.069999694824219,14.069999694824219,11.010171890258789,1700
2020-06-02,14.079999923706055,15.039999961853027,14.079999923706055,14.149999618530273,11.072773933410645,4600
2020-06-03,14.270000457763672,14.359999656677246,14.199999809265137,14.199999809265137,11.111902236938477,1300
2020-06-04,14.289999961853027,14.510000228881836,14.289999961853027,14.510000228881836,11.354485511779785,1000
2020-06-05,15.229999542236328,15.300000190734863,14.510000228881836,14.510000228881836,11.354485511779785,8500
2020-06-08,14.069999694824219,15.170000076293945,14.050000190734863,14.630000114440918,11.527836799621582,4300
2020-06-09,14.5600004196167,14.5600004196167,14.0600004196167,14.130000114440918,11.133854866027832,4900
2020-06-10,14.199999809265137,14.199999809265137,14.020000457763672,14.020000457763672,11.047182083129883,1400
2020-06-11,14.350000381469727,14.5,13.949999809265137,14.270000457763672,11.244170188903809,3500
2020-06-12,14.3100004196167,14.4399995803833,13.8100004196167,14.0,11.03142261505127,6900
2020-06-15,13.850000381469727,14.65999984741211,13.850000381469727,14.65999984741211,11.551474571228027,3800
2020-06-16,14.5,14.5,14.5,14.5,11.425400733947754,1500
2020-06-17,14.609999656677246,14.609999656677246,14.020000457763672,14.020000457763672,11.047182083129883,1500
2020-06-18,14.020000457763672,14.020000457763672,14.020000457763672,14.020000457763672,11.047182083129883,0
2020-06-19,14.380000114440918,14.380000114440918,13.65999984741211,13.65999984741211,10.76351547241211,5500
2020-06-22,13.84000015258789,14.210000038146973,13.84000015258789,14.210000038146973,11.196893692016602,1300
2020-06-23,14.25,14.300000190734863,14.25,14.300000190734863,11.267810821533203,1200
2020-06-24,14.010000228881836,14.010000228881836,13.90999984741211,13.90999984741211,10.960505485534668,1800
2020-06-25,14.0,14.180000305175781,14.0,14.180000305175781,11.17325496673584,1400
2020-06-26,14.020000457763672,14.15999984741211,12.40999984741211,12.40999984741211,9.778566360473633,61900
2020-06-29,12.800000190734863,13.75,12.569999694824219,13.75,10.834432601928711,29300
2020-06-30,13.449999809265137,14.1899995803833,13.449999809265137,13.819999694824219,10.889589309692383,7600
2020-07-01,13.8100004196167,14.25,13.739999771118164,14.25,11.228412628173828,4000
2020-07-02,14.25,14.5,13.899999618530273,13.899999618530273,10.952624320983887,1500
2020-07-06,13.880000114440918,14.119999885559082,13.0600004196167,13.550000190734863,10.676839828491211,5900
2020-07-07,13.529999732971191,13.600000381469727,13.529999732971191,13.539999961853027,10.668961524963379,2100
2020-07-08,13.579999923706055,13.579999923706055,13.0,13.430000305175781,10.582283973693848,18100
2020-07-09,13.170000076293945,13.25,12.829999923706055,13.079999923706055,10.306500434875488,3300
2020-07-10,13.220000267028809,13.479999542236328,13.15999984741211,13.479999542236328,10.621681213378906,1100
2020-07-13,13.329999923706055,13.569999694824219,13.100000381469727,13.100000381469727,10.322261810302734,1500
2020-07-14,13.34000015258789,13.5,13.020000457763672,13.020000457763672,10.259222030639648,6600
2020-07-15,13.319999694824219,14.220000267028809,13.319999694824219,13.350000381469727,10.519248962402344,3800
2020-07-16,13.5,14.140000343322754,13.5,13.609999656677246,10.724116325378418,1500
2020-07-17,13.65999984741211,14.329999923706055,13.65999984741211,14.329999923706055,11.291448593139648,3000
2020-07-20,14.319999694824219,14.319999694824219,13.829999923706055,13.829999923706055,10.897467613220215,4300
2020-07-21,13.739999771118164,13.739999771118164,13.460000038146973,13.680000305175781,10.779275894165039,2600
2020-07-22,13.670000076293945,14.0,13.670000076293945,14.0,11.03142261505127,3000
2020-07-23,14.0,14.0,13.460000038146973,13.460000038146973,10.605921745300293,2100
2020-07-24,13.789999961853027,13.890000343322754,13.319999694824219,13.319999694824219,10.495611190795898,1300
2020-07-27,13.670000076293945,14.100000381469727,13.670000076293945,14.100000381469727,11.110217094421387,2400
2020-07-28,14.050000190734863,14.050000190734863,13.770000457763672,13.770000457763672,10.850192070007324,2400
2020-07-29,14.050000190734863,14.380000114440918,13.770000457763672,14.15999984741211,11.157495498657227,2000
2020-07-30,14.199999809265137,15.0,14.199999809265137,14.579999923706055,11.48843765258789,11100
2020-07-31,15.0,15.0,13.649999618530273,13.829999923706055,10.897467613220215,9500
2020-08-03,13.289999961853027,14.050000190734863,13.289999961853027,13.6899995803833,10.787154197692871,3500
2020-08-04,13.979999542236328,14.720000267028809,13.979999542236328,14.649999618530273,11.543594360351562,8100
2020-08-05,14.0,14.640000343322754,13.800000190734863,14.300000190734863,11.267810821533203,7100
2020-08-06,14.3100004196167,14.3100004196167,14.0,14.300000190734863,11.267810821533203,6600
2020-08-07,14.0,14.0,13.300000190734863,13.84000015258789,10.905348777770996,4000
2020-08-10,13.75,14.670000076293945,13.600000381469727,13.970000267028809,11.007782936096191,3400
2020-08-11,14.420000076293945,14.420000076293945,14.109999656677246,14.109999656677246,11.118096351623535,1400
2020-08-12,14.1899995803833,14.5,13.960000038146973,13.970000267028809,11.007782936096191,3000
2020-08-13,14.9399995803833,14.9399995803833,14.300000190734863,14.479999542236328,11.40964126586914,2800
2020-08-14,14.6899995803833,14.899999618530273,14.229999542236328,14.529999732971191,11.4490385055542,1200
2020-08-17,14.399999618530273,14.5,14.399999618530273,14.5,11.425400733947754,1300
2020-08-18,14.5,14.619999885559082,14.300000190734863,14.40999984741211,11.354484558105469,5000
2020-08-19,14.300000190734863,14.5,14.0,14.319999694824219,11.2835693359375,4800
2020-08-20,14.5,14.5,14.09000015258789,14.1899995803833,11.181134223937988,1400
2020-08-21,13.899999618530273,14.380000114440918,13.899999618530273,14.380000114440918,11.330845832824707,1300
2020-08-24,14.25,14.449999809265137,14.0,14.0,11.03142261505127,1600
2020-08-25,13.899999618530273,14.0,13.619999885559082,14.0,11.03142261505127,3300
2020-08-26,13.90999984741211,13.90999984741211,13.5600004196167,13.630000114440918,10.739875793457031,3900
2020-08-27,13.800000190734863,13.949999809265137,13.600000381469727,13.600000381469727,10.716238975524902,1000
2020-08-28,14.25,14.25,13.949999809265137,14.09000015258789,11.102337837219238,1100
2020-08-31,13.84000015258789,13.979999542236328,13.65999984741211,13.699999809265137,10.872197151184082,3700
2020-09-01,13.8100004196167,13.899999618530273,13.8100004196167,13.859999656677246,10.999170303344727,1600
2020-09-02,13.899999618530273,13.899999618530273,13.600000381469727,13.600000381469727,10.79283618927002,2300
2020-09-03,13.6899995803833,13.6899995803833,13.420000076293945,13.640000343322754,10.824580192565918,5100
2020-09-04,13.0600004196167,13.470000267028809,13.0600004196167,13.369999885559082,10.610310554504395,2600
2020-09-08,13.4399995803833,13.5,13.0,13.119999885559082,10.411911964416504,9300
2020-09-09,13.109999656677246,13.34000015258789,13.079999923706055,13.149999618530273,10.435721397399902,8800
2020-09-10,12.510000228881836,13.25,12.510000228881836,13.050000190734863,10.35636043548584,5900
2020-09-11,13.039999961853027,13.34000015258789,13.039999961853027,13.039999961853027,10.348426818847656,3600
2020-09-14,13.079999923706055,13.529999732971191,13.079999923706055,13.529999732971191,10.737286567687988,4300
2020-09-15,13.710000038146973,13.869999885559082,13.520000457763672,13.520000457763672,10.729349136352539,1000
2020-09-16,13.960000038146973,13.960000038146973,13.529999732971191,13.550000190734863,10.753158569335938,1400
2020-09-17,13.680000305175781,13.989999771118164,13.680000305175781,13.989999771118164,11.102337837219238,1000
2020-09-18,14.09000015258789,17.450000762939453,13.6899995803833,16.950000762939453,13.451370239257812,70300
2020-09-21,16.200000762939453,16.200000762939453,14.420000076293945,14.65999984741211,11.63404369354248,31600
2020-09-22,15.0,15.0,14.029999732971191,14.109999656677246,11.197568893432617,4800
2020-09-23,14.34000015258789,14.34000015258789,13.800000190734863,13.800000190734863,10.951556205749512,1900
2020-09-24,14.119999885559082,14.1899995803833,13.619999885559082,13.619999885559082,10.808709144592285,3100
2020-09-25,13.899999618530273,13.899999618530273,13.779999732971191,13.84000015258789,10.983299255371094,1500
2020-09-28,13.40999984741211,14.899999618530273,13.40999984741211,14.5,11.50706958770752,31300
2020-09-29,14.5,14.670000076293945,14.270000457763672,14.510000228881836,11.515005111694336,2400
2020-09-30,14.489999771118164,14.949999809265137,14.489999771118164,14.949999809265137,11.864184379577637,10300
2020-10-01,14.579999923706055,14.699999809265137,14.3100004196167,14.3100004196167,11.356287956237793,4800
2020-10-02,14.109999656677246,14.109999656677246,13.819999694824219,13.819999694824219,10.967426300048828,800
2020-10-05,13.710000038146973,14.380000114440918,13.710000038146973,14.380000114440918,11.411839485168457,2300
2020-10-06,13.699999809265137,14.050000190734863,13.699999809265137,13.850000381469727,10.99123477935791,4600
2020-10-07,13.760000228881836,14.170000076293945,13.65999984741211,13.899999618530273,11.030912399291992,4500
2020-10-08,13.789999961853027,13.989999771118164,13.779999732971191,13.850000381469727,10.99123477935791,8300
2020-10-09,14.0,14.039999961853027,13.579999923706055,14.039999961853027,11.142017364501953,16800
2020-10-12,14.25,14.270000457763672,13.65999984741211,14.25,11.308673858642578,8700
2020-10-13,14.239999771118164,14.34000015258789,13.5600004196167,13.5600004196167,10.761094093322754,4300
2020-10-14,13.899999618530273,13.899999618530273,13.199999809265137,13.399999618530273,10.634119033813477,5900
2020-10-15,13.449999809265137,13.510000228881836,13.3100004196167,13.510000228881836,10.721414566040039,3200
2020-10-16,13.329999923706055,13.699999809265137,13.100000381469727,13.100000381469727,10.39604377746582,14100
2020-10-19,13.109999656677246,13.220000267028809,13.0,13.100000381469727,10.39604377746582,36500
2020-10-20,13.100000381469727,13.380000114440918,13.050000190734863,13.380000114440918,10.61824893951416,2000
2020-10-21,13.390000343322754,13.390000343322754,13.0,13.229999542236328,10.499208450317383,14600
2020-10-22,13.229999542236328,13.229999542236328,13.0,13.0,10.316680908203125,2200
2020-10-23,13.069999694824219,13.319999694824219,13.069999694824219,13.319999694824219,10.570631980895996,1400
2020-10-26,13.029999732971191,13.0600004196167,12.899999618530273,12.920000076293945,10.25319766998291,11500
2020-10-27,12.890000343322754,12.920000076293945,12.5,12.890000343322754,10.229390144348145,8200
2020-10-28,12.680000305175781,12.890000343322754,12.680000305175781,12.890000343322754,10.229390144348145,2300
2020-10-29,12.800000190734863,12.880000114440918,12.579999923706055,12.600000381469727,9.999247550964355,6900
2020-10-30,12.649999618530273,12.6899995803833,12.640000343322754,12.640000343322754,10.030989646911621,1800
2020-11-02,12.720000267028809,12.989999771118164,12.720000267028809,12.989999771118164,10.308745384216309,5700
2020-11-03,12.989999771118164,13.170000076293945,12.989999771118164,13.010000228881836,10.324618339538574,18200
2020-11-04,13.0,13.149999618530273,13.0,13.100000381469727,10.39604377746582,10900
2020-11-05,13.899999618530273,13.899999618530273,13.15999984741211,13.65999984741211,10.8404541015625,7500
2020-11-06,13.6899995803833,13.829999923706055,13.34000015258789,13.520000457763672,10.729349136352539,10100
2020-11-09,13.90999984741211,14.989999771118164,13.90999984741211,14.5,11.50706958770752,8200
2020-11-10,14.479999542236328,14.5,14.369999885559082,14.489999771118164,11.49913215637207,7300
2020-11-11,14.5,14.5,14.239999771118164,14.489999771118164,11.49913215637207,3400
2020-11-12,14.4399995803833,14.449999809265137,14.119999885559082,14.199999809265137,11.268990516662598,7400
2020-11-13,14.180000305175781,14.470000267028809,14.09000015258789,14.09000015258789,11.181695938110352,2500
2020-11-16,14.5,14.5,14.100000381469727,14.449999809265137,11.467388153076172,3900
2020-11-17,14.09000015258789,14.489999771118164,14.010000228881836,14.010000228881836,11.118209838867188,3000
2020-11-18,14.039999961853027,14.390000343322754,14.020000457763672,14.390000343322754,11.419774055480957,6000
2020-11-19,14.329999923706055,14.329999923706055,14.229999542236328,14.229999542236328,11.292799949645996,1200
2020-11-20,14.140000343322754,14.489999771118164,14.0,14.489999771118164,11.49913215637207,4200
2020-11-23,14.40999984741211,14.90999984741211,14.319999694824219,14.520000457763672,11.522942543029785,11900
2020-11-24,14.329999923706055,14.6899995803833,13.84000015258789,14.430000305175781,11.451519966125488,7700
2020-11-25,14.130000114440918,14.569999694824219,13.920000076293945,13.920000076293945,11.046788215637207,4500
2020-11-27,13.75,13.970000267028809,13.75,13.970000267028809,11.086466789245605,1300
2020-11-30,13.9399995803833,14.5,13.9399995803833,14.5,11.590035438537598,700
2020-12-01,14.010000228881836,14.270000457763672,13.65999984741211,13.8100004196167,11.038507461547852,8800
2020-12-02,14.09000015258789,14.09000015258789,13.699999809265137,13.699999809265137,10.950584411621094,800
2020-12-03,13.729999542236328,14.149999618530273,13.729999542236328,14.149999618530273,11.310273170471191,600
2020-12-04,14.199999809265137,14.369999885559082,13.920000076293945,14.369999885559082,11.486122131347656,4100
2020-12-07,14.300000190734863,14.369999885559082,13.920000076293945,14.3100004196167,11.438165664672852,9500
2020-12-08,14.270000457763672,14.5,14.050000190734863,14.5,11.590035438537598,1700
2020-12-09,14.399999618530273,14.399999618530273,14.020000457763672,14.020000457763672,11.206363677978516,3600
2020-12-10,14.220000267028809,14.5,13.890000343322754,14.5,11.590035438537598,3300
2020-12-11,14.180000305175781,14.180000305175781,14.180000305175781,14.180000305175781,11.334253311157227,600
2020-12-14,14.489999771118164,14.5,13.800000190734863,13.800000190734863,11.030515670776367,4500
2020-12-15,13.949999809265137,14.4399995803833,13.75,14.109999656677246,11.278300285339355,9600
2020-12-16,14.319999694824219,14.319999694824219,13.949999809265137,13.949999809265137,11.150411605834961,4900
2020-12-17,14.430000305175781,14.5,14.119999885559082,14.5,11.590035438537598,8600
2020-12-18,14.5,14.5,14.300000190734863,14.5,11.590035438537598,43500
2020-12-21,14.020000457763672,14.359999656677246,14.020000457763672,14.350000381469727,11.470138549804688,3600
2020-12-22,14.470000267028809,14.489999771118164,14.470000267028809,14.489999771118164,11.582037925720215,1200
2020-12-23,14.489999771118164,14.489999771118164,14.489999771118164,14.489999771118164,11.582037925720215,1200
2020-12-24,14.5,14.5,14.199999809265137,14.199999809265137,11.350237846374512,600
2020-12-28,14.640000343322754,14.640000343322754,14.25,14.25,11.390207290649414,3600
2020-12-29,14.5,14.529999732971191,14.300000190734863,14.529999732971191,11.614012718200684,3200
2020-12-30,14.529999732971191,14.529999732971191,14.390000343322754,14.460000038146973,11.558060646057129,1200
2020-12-31,14.270000457763672,14.5,14.229999542236328,14.229999542236328,11.374218940734863,2400
2021-01-04,14.520000457763672,14.649999618530273,14.260000228881836,14.260000228881836,11.398200035095215,22100
2021-01-05,14.350000381469727,14.5,14.050000190734863,14.050000190734863,11.230344772338867,4900
2021-01-06,14.5,14.5,14.130000114440918,14.130000114440918,11.29428768157959,1900
2021-01-07,14.140000343322754,14.489999771118164,14.140000343322754,14.489999771118164,11.582037925720215,4000
2021-01-08,14.170000076293945,14.399999618530273,14.0600004196167,14.0600004196167,11.238338470458984,3800
2021-01-11,14.050000190734863,14.329999923706055,14.050000190734863,14.329999923706055,11.45414924621582,5000
2021-01-12,14.329999923706055,14.380000114440918,14.170000076293945,14.380000114440918,11.49411678314209,6500
2021-01-13,14.069999694824219,14.380000114440918,14.069999694824219,14.199999809265137,11.350237846374512,16700
2021-01-14,14.380000114440918,14.380000114440918,14.25,14.380000114440918,11.49411678314209,7700
2021-01-15,14.15999984741211,14.369999885559082,14.15999984741211,14.199999809265137,11.350237846374512,1800
2021-01-19,14.380000114440918,14.449999809265137,14.220000267028809,14.430000305175781,11.53408145904541,2400
2021-01-20,14.449999809265137,14.449999809265137,14.260000228881836,14.260000228881836,11.398200035095215,1800
2021-01-21,14.300000190734863,14.649999618530273,14.300000190734863,14.390000343322754,11.50210952758789,7900
2021-01-22,14.229999542236328,14.649999618530273,14.229999542236328,14.649999618530273,11.709931373596191,3100
2021-01-25,14.5,14.600000381469727,14.220000267028809,14.229999542236328,11.374218940734863,3500
2021-01-26,14.329999923706055,14.34000015258789,14.329999923706055,14.34000015258789,11.462143898010254,1000
2021-01-27,14.300000190734863,14.300000190734863,14.069999694824219,14.069999694824219,11.246328353881836,3700
2021-01-28,14.09000015258789,14.34000015258789,14.09000015258789,14.220000267028809,11.366226196289062,3000
2021-01-29,14.100000381469727,14.119999885559082,13.949999809265137,13.949999809265137,11.150411605834961,3300
2021-02-01,13.920000076293945,13.970000267028809,13.670000076293945,13.789999961853027,11.02252197265625,6400
2021-02-02,14.0,14.319999694824219,14.0,14.319999694824219,11.446158409118652,1700
2021-02-03,14.220000267028809,14.260000228881836,13.949999809265137,14.020000457763672,11.206363677978516,4900
2021-02-04,14.029999732971191,14.109999656677246,14.029999732971191,14.050000190734863,11.230344772338867,2100
2021-02-05,14.09000015258789,14.319999694824219,14.09000015258789,14.319999694824219,11.446158409118652,1300
2021-02-08,14.34000015258789,14.430000305175781,14.34000015258789,14.430000305175781,11.53408145904541,1600
2021-02-09,14.3100004196167,14.3100004196167,14.15999984741211,14.15999984741211,11.318265914916992,1400
2021-02-10,14.170000076293945,14.199999809265137,14.130000114440918,14.130000114440918,11.29428768157959,1500
2021-02-11,14.109999656677246,14.140000343322754,14.109999656677246,14.140000343322754,11.302281379699707,2200
2021-02-12,14.15999984741211,14.15999984741211,14.109999656677246,14.109999656677246,11.278300285339355,2400
2021-02-16,14.1899995803833,14.25,14.109999656677246,14.119999885559082,11.286293983459473,2600
2021-02-17,14.279999732971191,14.40999984741211,14.210000038146973,14.40999984741211,11.51809310913086,1500
2021-02-18,14.350000381469727,14.5,14.229999542236328,14.229999542236328,11.374218940734863,78000
2021-02-19,14.40999984741211,14.40999984741211,14.170000076293945,14.380000114440918,11.49411678314209,2000
2021-02-22,14.380000114440918,14.460000038146973,14.229999542236328,14.399999618530273,11.510101318359375,5000
2021-02-23,14.1899995803833,14.449999809265137,14.1899995803833,14.449999809265137,11.550066947937012,1400
2021-02-24,14.789999961853027,14.789999961853027,14.319999694824219,14.649999618530273,11.709931373596191,3600
2021-02-25,14.649999618530273,14.720000267028809,14.130000114440918,14.130000114440918,11.29428768157959,81300
2021-02-26,14.380000114440918,14.460000038146973,14.100000381469727,14.100000381469727,11.270309448242188,2600
2021-03-01,14.350000381469727,14.350000381469727,14.15999984741211,14.300000190734863,11.430171966552734,2000
2021-03-02,14.319999694824219,14.329999923706055,14.15999984741211,14.180000305175781,11.334253311157227,3200
2021-03-03,14.199999809265137,14.420000076293945,14.199999809265137,14.420000076293945,11.526087760925293,2300
2021-03-04,14.5,14.630000114440918,14.229999542236328,14.239999771118164,11.382211685180664,13300
2021-03-05,14.479999542236328,14.800000190734863,14.479999542236328,14.789999961853027,11.821833610534668,8200
2021-03-08,14.789999961853027,15.75,14.789999961853027,15.75,12.589174270629883,25400
2021-03-09,15.75,15.880000114440918,14.859999656677246,15.0,11.989689826965332,31700
2021-03-10,15.279999732971191,15.399999618530273,14.100000381469727,15.239999771118164,12.181526184082031,70800
2021-03-11,15.239999771118164,15.270000457763672,14.710000038146973,15.0,11.989689826965332,9000
2021-03-12,14.84000015258789,14.850000381469727,14.510000228881836,14.850000381469727,12.030195236206055,5300
2021-03-15,14.800000190734863,15.069999694824219,14.770000457763672,15.010000228881836,12.159815788269043,15700
2021-03-16,14.960000038146973,15.109999656677246,14.850000381469727,15.0600004196167,12.20032024383545,3700
2021-03-17,15.079999923706055,15.079999923706055,14.850000381469727,14.9399995803833,12.103105545043945,5600
2021-03-18,15.100000381469727,15.100000381469727,14.899999618530273,15.020000457763672,12.167913436889648,6200
2021-03-19,15.15999984741211,15.229999542236328,14.770000457763672,14.770000457763672,11.965386390686035,142600
2021-03-22,15.199999809265137,15.229999542236328,14.970000267028809,15.229999542236328,12.338037490844727,59000
2021-03-23,15.069999694824219,15.180000305175781,15.020000457763672,15.050000190734863,12.192216873168945,2900
2021-03-24,15.229999542236328,15.789999961853027,15.229999542236328,15.350000381469727,12.435253143310547,5800
2021-03-25,15.5,15.5,15.010000228881836,15.489999771118164,12.54866886138916,4700
2021-03-26,15.15999984741211,15.8100004196167,15.15999984741211,15.8100004196167,12.807905197143555,2900
2021-03-29,15.15999984741211,16.0,15.15999984741211,15.210000038146973,12.321836471557617,6400
2021-03-30,15.3100004196167,18.989999771118164,15.069999694824219,18.81999969482422,15.246349334716797,52700
2021-03-31,20.700000762939453,22.760000228881836,18.010000228881836,18.010000228881836,14.590154647827148,54400
2021-04-01,18.280000686645508,19.700000762939453,17.84000015258789,18.520000457763672,15.003315925598145,17200
2021-04-05,18.5,18.81999969482422,17.0,17.40999984741211,14.104087829589844,42500
2021-04-06,17.6200008392334,21.690000534057617,17.440000534057617,20.8799991607666,16.915184020996094,88900
2021-04-07,21.489999771118164,22.68000030517578,19.020000457763672,19.110000610351562,15.481281280517578,66600
2021-04-08,18.809999465942383,20.5,18.1200008392334,18.799999237060547,15.230146408081055,26800
2021-04-09,18.81999969482422,20.510000228881836,18.81999969482422,20.219999313354492,16.380508422851562,8800
2021-04-12,20.350000381469727,20.459999084472656,19.770000457763672,20.459999084472656,16.574934005737305,4800
2021-04-13,20.450000762939453,21.049999237060547,20.18000030517578,20.739999771118164,16.801769256591797,15200
2021-04-14,20.719999313354492,21.729999542236328,20.719999313354492,21.209999084472656,17.18252182006836,10800
2021-04-15,22.09000015258789,25.309999465942383,21.5,24.260000228881836,19.653369903564453,48400
2021-04-16,24.479999542236328,24.479999542236328,22.549999237060547,23.899999618530273,19.361730575561523,25500
2021-04-19,24.15999984741211,24.350000381469727,23.280000686645508,23.940000534057617,19.394134521484375,7400
2021-04-20,23.959999084472656,24.290000915527344,21.90999984741211,22.1299991607666,17.927824020385742,11300
2021-04-21,21.8799991607666,24.110000610351562,21.799999237060547,23.6200008392334,19.134897232055664,11300
2021-04-22,23.649999618530273,24.0,22.979999542236328,23.799999237060547,19.280715942382812,8800
2021-04-23,23.93000030517578,25.049999237060547,23.540000915527344,24.079999923706055,19.50754737854004,10500
2021-04-26,25.979999542236328,25.979999542236328,22.940000534057617,24.31999969482422,19.70197868347168,12500
2021-04-27,24.790000915527344,24.790000915527344,23.5,24.040000915527344,19.47514533996582,8600
2021-04-28,24.010000228881836,24.5,21.8799991607666,22.09000015258789,17.895421981811523,19800
2021-04-29,22.889999389648438,22.889999389648438,20.989999771118164,21.0,17.01239776611328,12100
2021-04-30,20.1200008392334,21.15999984741211,18.68000030517578,19.239999771118164,15.586596488952637,18800
2021-05-03,19.059999465942383,21.700000762939453,19.010000228881836,21.700000762939453,17.579479217529297,33600
2021-05-04,21.579999923706055,21.579999923706055,20.700000762939453,21.100000381469727,17.093406677246094,11900
2021-05-05,21.5,24.239999771118164,21.5,24.079999923706055,19.50754737854004,13000
2021-05-06,23.149999618530273,25.290000915527344,23.149999618530273,23.90999984741211,19.369831085205078,9100
2021-05-07,24.0,24.40999984741211,22.40999984741211,23.149999618530273,18.75414276123047,7400
2021-05-10,23.40999984741211,23.690000534057617,22.049999237060547,22.559999465942383,18.27617073059082,14600
2021-05-11,22.020000457763672,23.229999542236328,20.940000534057617,22.809999465942383,18.47870445251465,24300
2021-05-12,22.790000915527344,24.3799991607666,22.5,22.799999237060547,18.470603942871094,29900
2021-05-13,24.5,24.540000915527344,22.889999389648438,24.079999923706055,19.50754737854004,75700
2021-05-14,24.18000030517578,24.579999923706055,23.209999084472656,24.540000915527344,19.88020133972168,35600
2021-05-17,24.25,24.770000457763672,23.75,24.559999465942383,19.896404266357422,29800
2021-05-18,24.899999618530273,24.899999618530273,23.65999984741211,23.860000610351562,19.32932472229004,9600
2021-05-19,23.780000686645508,23.780000686645508,22.809999465942383,22.809999465942383,18.47870445251465,14200
2021-05-20,23.540000915527344,23.540000915527344,22.079999923706055,22.719999313354492,18.405790328979492,12100
2021-05-21,22.8700008392334,23.209999084472656,21.700000762939453,22.65999984741211,18.357187271118164,5900
2021-05-24,23.329999923706055,23.329999923706055,21.90999984741211,22.09000015258789,17.895421981811523,4500
2021-05-25,22.790000915527344,22.790000915527344,21.479999542236328,21.479999542236328,17.40125274658203,5100
2021-05-26,22.09000015258789,22.75,21.010000228881836,22.75,18.430099487304688,6800
2021-05-27,22.309999465942383,23.90999984741211,21.770000457763672,22.799999237060547,18.470603942871094,11700
2021-05-28,22.940000534057617,22.940000534057617,21.110000610351562,22.18000030517578,17.96833038330078,6200
2021-06-01,22.239999771118164,23.0,22.15999984741211,22.770000457763672,18.446298599243164,11300
2021-06-02,22.510000228881836,23.0,21.799999237060547,22.479999542236328,18.211366653442383,16100
2021-06-03,22.459999084472656,22.719999313354492,21.600000381469727,21.860000610351562,17.709096908569336,11800
2021-06-04,20.969999313354492,21.510000228881836,20.0,20.649999618530273,16.883325576782227,11400
2021-06-07,20.670000076293945,21.049999237060547,20.610000610351562,20.610000610351562,16.850622177124023,3800
2021-06-08,20.600000381469727,20.920000076293945,20.600000381469727,20.610000610351562,16.850622177124023,6200
2021-06-09,20.610000610351562,21.989999771118164,20.389999389648438,21.350000381469727,17.455642700195312,9000
2021-06-10,21.100000381469727,21.389999389648438,20.8700008392334,21.0,17.169483184814453,5900
2021-06-11,21.270000457763672,22.610000610351562,21.270000457763672,22.030000686645508,18.011606216430664,8800
2021-06-14,21.25,22.360000610351562,21.25,22.110000610351562,18.07701301574707,5300
2021-06-15,22.989999771118164,22.989999771118164,21.6299991607666,22.040000915527344,18.01978302001953,6600
2021-06-16,22.110000610351562,22.299999237060547,21.75,21.93000030517578,17.929847717285156,4600
2021-06-17,22.950000762939453,22.950000762939453,20.90999984741211,21.899999618530273,17.905317306518555,16200
2021-06-18,21.6299991607666,22.209999084472656,21.09000015258789,21.719999313354492,17.75815200805664,13100
2021-06-21,22.299999237060547,22.299999237060547,21.270000457763672,21.6200008392334,17.676393508911133,9300
2021-06-22,21.989999771118164,21.989999771118164,21.0,21.3799991607666,17.48017120361328,3500
2021-06-23,21.079999923706055,21.75,21.059999465942383,21.15999984741211,17.30030059814453,9100
2021-06-24,21.190000534057617,21.600000381469727,20.969999313354492,21.440000534057617,17.52922821044922,8700
2021-06-25,20.959999084472656,21.5,20.959999084472656,21.200000762939453,17.3330020904541,24000
2021-06-28,20.889999389648438,20.899999618530273,20.809999465942383,20.829999923706055,17.030492782592773,2000
2021-06-29,20.739999771118164,20.809999465942383,20.010000228881836,20.3700008392334,16.654401779174805,11400
2021-06-30,20.559999465942383,20.979999542236328,20.479999542236328,20.770000457763672,16.981433868408203,3400
2021-07-01,20.479999542236328,21.290000915527344,20.420000076293945,21.09000015258789,17.243064880371094,4300
2021-07-02,20.8700008392334,20.8700008392334,20.56999969482422,20.56999969482422,16.817916870117188,1700
2021-07-06,20.56999969482422,21.239999771118164,20.200000762939453,20.8700008392334,17.063196182250977,44500
2021-07-07,20.209999084472656,21.239999771118164,20.209999084472656,20.850000381469727,17.04684829711914,5500
2021-07-08,20.65999984741211,20.780000686645508,20.43000030517578,20.469999313354492,16.73615837097168,2200
2021-07-09,21.09000015258789,21.799999237060547,20.31999969482422,20.90999984741211,17.095903396606445,7900
2021-07-12,20.920000076293945,21.399999618530273,20.25,21.399999618530273,17.49652099609375,21700
2021-07-13,20.719999313354492,21.260000228881836,20.719999313354492,21.1299991607666,17.275768280029297,2800
2021-07-14,21.020000457763672,21.020000457763672,20.649999618530273,20.649999618530273,16.883325576782227,2000
2021-07-15,22.309999465942383,22.309999465942383,20.700000762939453,20.959999084472656,17.136777877807617,4000
2021-07-16,21.59000015258789,21.59000015258789,20.549999237060547,20.549999237060547,16.80156707763672,1400
2021-07-19,20.3700008392334,20.860000610351562,20.3700008392334,20.81999969482422,17.022315979003906,4200
2021-07-20,21.010000228881836,21.389999389648438,21.010000228881836,21.09000015258789,17.243064880371094,6200
2021-07-21,21.09000015258789,21.09000015258789,20.459999084472656,20.610000610351562,16.850622177124023,2300
2021-07-22,20.56999969482422,20.68000030517578,20.31999969482422,20.670000076293945,16.899677276611328,2600
2021-07-23,20.68000030517578,20.889999389648438,20.459999084472656,20.459999084472656,16.72797966003418,700
2021-07-26,20.520000457763672,20.520000457763672,19.399999618530273,20.15999984741211,16.482704162597656,5500
2021-07-27,20.299999237060547,20.299999237060547,19.110000610351562,19.600000381469727,16.024850845336914,3800
2021-07-28,19.950000762939453,20.0,19.56999969482422,19.610000610351562,16.03302764892578,1700
2021-07-29,19.780000686645508,19.780000686645508,19.110000610351562,19.110000610351562,15.624229431152344,2500
2021-07-30,20.290000915527344,20.290000915527344,18.600000381469727,18.600000381469727,15.207259178161621,3900
2021-08-02,19.459999084472656,19.479999542236328,18.790000915527344,18.989999771118164,15.526115417480469,16600
2021-08-03,19.40999984741211,19.40999984741211,18.31999969482422,18.610000610351562,15.215432167053223,10500
2021-08-04,20.0,20.149999618530273,19.170000076293945,19.579999923706055,16.008501052856445,8000
2021-08-05,20.06999969482422,20.90999984741211,19.600000381469727,20.649999618530273,16.883325576782227,4100
2021-08-06,20.989999771118164,20.989999771118164,19.299999237060547,20.989999771118164,17.16130828857422,63500
2021-08-09,20.969999313354492,21.360000610351562,20.889999389648438,21.290000915527344,17.406585693359375,6200
2021-08-10,21.280000686645508,21.450000762939453,21.010000228881836,21.079999923706055,17.234891891479492,2100
2021-08-11,21.489999771118164,22.850000381469727,21.489999771118164,22.81999969482422,18.65750503540039,15400
2021-08-12,22.729999542236328,23.100000381469727,21.700000762939453,22.610000610351562,18.485809326171875,14000
2021-08-13,22.8799991607666,23.229999542236328,22.09000015258789,22.290000915527344,18.224178314208984,4800
2021-08-16,22.25,22.639999389648438,20.979999542236328,22.329999923706055,18.256885528564453,6300
2021-08-17,21.729999542236328,22.329999923706055,21.34000015258789,21.34000015258789,17.447463989257812,9300
2021-08-18,21.489999771118164,21.8700008392334,20.540000915527344,21.729999542236328,17.766326904296875,16900
2021-08-19,21.299999237060547,21.440000534057617,20.549999237060547,20.799999237060547,17.005964279174805,11300
2021-08-20,20.690000534057617,21.18000030517578,20.510000228881836,21.030000686645508,17.194011688232422,7000
2021-08-23,21.25,22.639999389648438,20.84000015258789,22.31999969482422,18.248708724975586,9800
2021-08-24,22.299999237060547,23.100000381469727,20.860000610351562,22.899999618530273,18.72291374206543,8100
2021-08-25,21.969999313354492,22.56999969482422,21.65999984741211,21.65999984741211,17.709095001220703,9600
2021-08-26,22.219999313354492,22.219999313354492,21.729999542236328,21.760000228881836,17.79085350036621,4900
2021-08-27,22.1200008392334,22.799999237060547,21.170000076293945,22.790000915527344,18.632980346679688,14300
2021-08-30,22.739999771118164,22.809999465942383,21.690000534057617,21.690000534057617,17.733623504638672,13200
2021-08-31,22.010000228881836,22.989999771118164,21.889999389648438,22.989999771118164,18.796499252319336,14700
2021-09-01,22.790000915527344,23.899999618530273,22.0,22.959999084472656,18.936704635620117,22400
2021-09-02,22.559999465942383,23.1299991607666,22.06999969482422,22.06999969482422,18.202659606933594,5100
2021-09-03,22.040000915527344,22.700000762939453,21.690000534057617,21.8700008392334,18.03771209716797,8300
2021-09-07,22.100000381469727,22.6299991607666,21.639999389648438,21.639999389648438,17.848012924194336,17000
2021-09-08,21.899999618530273,22.18000030517578,21.56999969482422,21.989999771118164,18.136680603027344,6900
2021-09-09,21.670000076293945,22.75,21.59000015258789,21.59000015258789,17.806774139404297,15800
2021-09-10,21.790000915527344,22.31999969482422,21.610000610351562,21.700000762939453,17.897499084472656,11500
2021-09-13,21.290000915527344,22.219999313354492,21.290000915527344,21.600000381469727,17.815019607543945,3900
2021-09-14,21.34000015258789,22.110000610351562,21.06999969482422,21.1200008392334,17.41913414001465,7000
2021-09-15,21.3799991607666,22.59000015258789,20.700000762939453,22.229999542236328,18.334623336791992,3100
2021-09-16,21.489999771118164,21.979999542236328,21.200000762939453,21.700000762939453,17.897499084472656,2100
2021-09-17,21.770000457763672,22.059999465942383,20.40999984741211,22.059999465942383,18.194412231445312,32100
2021-09-20,20.860000610351562,23.170000076293945,20.450000762939453,21.229999542236328,17.509857177734375,11100
2021-09-21,21.110000610351562,22.6299991607666,21.110000610351562,21.489999771118164,17.724292755126953,4600
2021-09-22,21.709999084472656,22.0,19.850000381469727,21.290000915527344,17.559343338012695,10100
2021-09-23,21.389999389648438,21.75,21.25,21.739999771118164,17.93048858642578,4000
2021-09-24,21.459999084472656,21.959999084472656,21.459999084472656,21.959999084472656,18.111934661865234,1400
2021-09-27,21.989999771118164,21.989999771118164,21.75,21.760000228881836,17.94698143005371,1900
2021-09-28,21.43000030517578,21.43000030517578,21.43000030517578,21.43000030517578,17.6748104095459,700
2021-09-29,21.170000076293945,21.850000381469727,21.049999237060547,21.850000381469727,18.021211624145508,800
2021-09-30,21.700000762939453,21.700000762939453,20.780000686645508,20.780000686645508,17.13870620727539,1000
2021-10-01,21.09000015258789,22.0,21.09000015258789,21.639999389648438,17.848012924194336,3000
2021-10-04,21.899999618530273,21.989999771118164,20.899999618530273,20.899999618530273,17.237680435180664,6200
2021-10-05,21.25,22.0,20.899999618530273,21.559999465942383,17.782033920288086,6700
2021-10-06,21.799999237060547,22.399999618530273,21.5,21.739999771118164,17.93048858642578,4600
2021-10-07,22.0,22.0,21.3700008392334,21.559999465942383,17.782033920288086,8600
2021-10-08,21.90999984741211,21.989999771118164,21.399999618530273,21.989999771118164,18.136680603027344,4500
2021-10-11,22.0,22.229999542236328,21.549999237060547,21.65999984741211,17.8645076751709,6300
2021-10-12,21.75,22.0,21.75,21.81999969482422,17.996471405029297,3900
2021-10-13,22.0,22.0,21.760000228881836,21.899999618530273,18.062448501586914,2300
2021-10-14,22.34000015258789,22.75,22.0,22.030000686645508,18.1696720123291,4000
2021-10-15,22.0,22.68000030517578,21.549999237060547,21.559999465942383,17.782033920288086,6800
2021-10-18,21.84000015258789,22.049999237060547,21.709999084472656,21.709999084472656,17.905746459960938,1200
2021-10-19,22.40999984741211,22.40999984741211,21.649999618530273,21.649999618530273,17.856260299682617,1000
2021-10-20,21.770000457763672,22.329999923706055,21.739999771118164,22.309999465942383,18.40060806274414,7600
2021-10-21,22.0,22.049999237060547,21.6200008392334,21.6200008392334,17.83151626586914,2000
2021-10-22,21.780000686645508,22.40999984741211,21.770000457763672,21.93000030517578,18.08719253540039,6700
2021-10-25,22.979999542236328,22.979999542236328,21.729999542236328,22.219999313354492,18.326379776000977,5000
2021-10-26,22.68000030517578,22.68000030517578,21.739999771118164,21.739999771118164,17.93048858642578,5300
2021-10-27,21.8700008392334,21.8700008392334,21.75,21.75,17.93873405456543,2000
2021-10-28,21.770000457763672,22.100000381469727,21.75,21.75,17.93873405456543,8200
2021-10-29,21.850000381469727,22.0,21.600000381469727,21.600000381469727,17.815019607543945,10700
2021-11-01,21.950000762939453,22.760000228881836,21.610000610351562,22.450000762939453,18.516075134277344,7800
2021-11-02,22.760000228881836,22.760000228881836,21.770000457763672,22.100000381469727,18.227405548095703,7600
2021-11-03,23.0,23.0,21.670000076293945,22.25,18.35112190246582,24100
2021-11-04,21.90999984741211,21.93000030517578,21.670000076293945,21.8799991607666,18.045957565307617,5600
2021-11-05,21.940000534057617,22.559999465942383,21.940000534057617,22.559999465942383,18.606796264648438,10900
2021-11-08,22.5,22.649999618530273,22.0,22.649999618530273,18.6810302734375,4700
2021-11-09,22.540000915527344,22.540000915527344,21.90999984741211,22.18000030517578,18.29338836669922,6200
2021-11-10,22.149999618530273,22.549999237060547,21.860000610351562,22.110000610351562,18.235654830932617,7500
2021-11-11,22.100000381469727,22.25,21.799999237060547,21.799999237060547,17.9799747467041,6700
2021-11-12,21.610000610351562,21.899999618530273,21.600000381469727,21.610000610351562,17.82326889038086,6500
2021-11-15,21.6299991607666,21.709999084472656,21.43000030517578,21.510000228881836,17.740793228149414,4200
2021-11-16,22.0,22.0,21.549999237060547,21.549999237060547,17.773780822753906,1200
2021-11-17,21.459999084472656,22.049999237060547,21.459999084472656,21.969999313354492,18.12018394470215,7300
2021-11-18,22.049999237060547,22.260000228881836,22.049999237060547,22.239999771118164,18.342870712280273,37500
2021-11-19,22.239999771118164,22.68000030517578,22.1299991607666,22.489999771118164,18.5490665435791,9600
2021-11-22,22.5,22.5,22.270000457763672,22.31999969482422,18.40885353088379,4800
2021-11-23,22.34000015258789,22.489999771118164,22.25,22.420000076293945,18.4913330078125,1700
2021-11-24,22.469999313354492,22.5,22.040000915527344,22.5,18.557313919067383,4200
2021-11-26,22.020000457763672,22.25,22.010000228881836,22.010000228881836,18.15317726135254,1500
2021-11-29,22.020000457763672,22.450000762939453,22.020000457763672,22.260000228881836,18.359371185302734,3700
2021-11-30,22.270000457763672,22.389999389648438,22.270000457763672,22.299999237060547,18.392356872558594,2800
2021-12-01,22.3799991607666,22.5,21.299999237060547,21.899999618530273,18.225910186767578,10700
2021-12-02,21.68000030517578,22.25,21.68000030517578,21.899999618530273,18.225910186767578,6600
2021-12-03,22.1200008392334,22.1200008392334,21.549999237060547,21.549999237060547,17.934629440307617,800
2021-12-06,22.200000762939453,22.43000030517578,21.229999542236328,22.18000030517578,18.458938598632812,12600
2021-12-07,22.09000015258789,22.40999984741211,21.799999237060547,21.8700008392334,18.20094871520996,7900
2021-12-08,21.75,22.729999542236328,21.75,22.25,18.517194747924805,2400
2021-12-09,22.260000228881836,22.780000686645508,22.229999542236328,22.270000457763672,18.53384017944336,8300
2021-12-10,23.25,23.670000076293945,22.040000915527344,22.670000076293945,18.86673355102539,18600
2021-12-13,22.729999542236328,23.15999984741211,22.110000610351562,22.56999969482422,18.78350830078125,5500
2021-12-14,22.31999969482422,22.719999313354492,22.31999969482422,22.719999313354492,18.908340454101562,13100
2021-12-15,23.260000228881836,23.260000228881836,22.0,22.260000228881836,18.5255184173584,11000
2021-12-16,22.700000762939453,22.700000762939453,22.610000610351562,22.639999389648438,18.84176254272461,2800
2021-12-17,22.09000015258789,23.1299991607666,22.09000015258789,22.280000686645508,18.542160034179688,7100
2021-12-20,22.270000457763672,22.350000381469727,22.110000610351562,22.170000076293945,18.45061492919922,4200
2021-12-21,22.350000381469727,22.56999969482422,22.25,22.56999969482422,18.78350830078125,1900
2021-12-22,22.25,22.420000076293945,22.0,22.420000076293945,18.658674240112305,3200
2021-12-23,22.40999984741211,22.510000228881836,22.139999389648438,22.510000228881836,18.73357582092285,4400
2021-12-27,22.010000228881836,22.65999984741211,22.010000228881836,22.65999984741211,18.85841178894043,1800
2021-12-28,22.65999984741211,22.799999237060547,22.059999465942383,22.100000381469727,18.392358779907227,4600
2021-12-29,22.25,22.399999618530273,22.200000762939453,22.399999618530273,18.64202880859375,1600
2021-12-30,22.170000076293945,22.260000228881836,22.1299991607666,22.260000228881836,18.5255184173584,1700
2021-12-31,22.139999389648438,22.469999313354492,22.139999389648438,22.469999313354492,18.700284957885742,2000
2022-01-03,22.8700008392334,23.760000228881836,22.8700008392334,22.989999771118164,19.133047103881836,3300
2022-01-04,23.149999618530273,23.950000762939453,23.110000610351562,23.110000610351562,19.232913970947266,1700
2022-01-05,23.56999969482422,23.56999969482422,23.149999618530273,23.350000381469727,19.432647705078125,2300
2022-01-06,23.520000457763672,23.520000457763672,23.0,23.0,19.141366958618164,1100
2022-01-07,23.09000015258789,23.09000015258789,22.469999313354492,22.469999313354492,18.700284957885742,2300
2022-01-10,22.649999618530273,22.649999618530273,22.459999084472656,22.639999389648438,18.84176254272461,1600
2022-01-11,22.25,22.610000610351562,22.040000915527344,22.260000228881836,18.5255184173584,4000
2022-01-12,22.25,22.489999771118164,21.93000030517578,21.93000030517578,18.250877380371094,6400
2022-01-13,21.809999465942383,22.010000228881836,21.6200008392334,22.010000228881836,18.317459106445312,8500
2022-01-14,22.209999084472656,22.459999084472656,21.280000686645508,22.459999084472656,18.69196128845215,2500
2022-01-18,21.860000610351562,22.5,21.780000686645508,21.920000076293945,18.242555618286133,8000
2022-01-19,22.079999923706055,22.25,21.93000030517578,22.239999771118164,18.508869171142578,6300
2022-01-20,21.270000457763672,22.0,21.270000457763672,22.0,18.30913734436035,1200
2022-01-21,22.0,22.25,21.799999237060547,21.799999237060547,18.142688751220703,5000
2022-01-24,22.280000686645508,22.3799991607666,21.8799991607666,22.1299991607666,18.417325973510742,4900
2022-01-25,22.25,22.600000381469727,22.0,22.600000381469727,18.8084774017334,6000
2022-01-26,22.299999237060547,22.81999969482422,22.030000686645508,22.81999969482422,18.991565704345703,8600
2022-01-27,22.389999389648438,22.729999542236328,21.969999313354492,22.200000762939453,18.47557830810547,3500
2022-01-28,22.020000457763672,22.479999542236328,22.020000457763672,22.479999542236328,18.708606719970703,1400
2022-01-31,22.079999923706055,22.56999969482422,22.079999923706055,22.56999969482422,18.78350830078125,1700
2022-02-01,22.25,22.510000228881836,22.0,22.06999969482422,18.367389678955078,8700
2022-02-02,22.110000610351562,22.549999237060547,22.110000610351562,22.290000915527344,18.55048179626465,1900
2022-02-03,22.540000915527344,22.540000915527344,22.09000015258789,22.09000015258789,18.384037017822266,5700
2022-02-04,22.209999084472656,22.3799991607666,22.0,22.3799991607666,18.625383377075195,2700
2022-02-07,22.149999618530273,22.3799991607666,22.139999389648438,22.139999389648438,18.425647735595703,1300
2022-02-08,22.18000030517578,22.3799991607666,22.18000030517578,22.3799991607666,18.625383377075195,1100
2022-02-09,22.350000381469727,22.350000381469727,22.1200008392334,22.270000457763672,18.53384017944336,1300
2022-02-10,22.09000015258789,22.09000015258789,21.940000534057617,21.940000534057617,18.259201049804688,1100
2022-02-11,22.010000228881836,22.209999084472656,21.729999542236328,21.729999542236328,18.08443260192871,3500
2022-02-14,21.690000534057617,21.850000381469727,21.600000381469727,21.600000381469727,17.976242065429688,1300
2022-02-15,21.639999389648438,22.3799991607666,21.639999389648438,22.3799991607666,18.625383377075195,5200
2022-02-16,22.479999542236328,23.299999237060547,22.479999542236328,23.049999237060547,19.1829776763916,5000
2022-02-17,22.860000610351562,22.860000610351562,22.25,22.770000457763672,18.949953079223633,1200
2022-02-18,22.770000457763672,22.770000457763672,22.3700008392334,22.479999542236328,18.708606719970703,1600
2022-02-22,22.40999984741211,22.65999984741211,22.40999984741211,22.65999984741211,18.85841178894043,1300
2022-02-23,22.969999313354492,22.969999313354492,22.270000457763672,22.270000457763672,18.53384017944336,1700
2022-02-24,22.200000762939453,22.93000030517578,21.229999542236328,22.030000686645508,18.334102630615234,2300
2022-02-25,22.06999969482422,22.940000534057617,22.06999969482422,22.920000076293945,19.07478904724121,2400
2022-02-28,22.530000686645508,22.530000686645508,22.100000381469727,22.100000381469727,18.392358779907227,2900
2022-03-01,22.25,22.25,22.15999984741211,22.15999984741211,18.442293167114258,4200
2022-03-02,22.0,22.899999618530273,22.0,22.899999618530273,19.05814552307129,3900
2022-03-03,22.979999542236328,22.979999542236328,22.030000686645508,22.030000686645508,18.334102630615234,3900
2022-03-04,22.1200008392334,22.719999313354492,22.0,22.719999313354492,18.908340454101562,2600
2022-03-07,22.719999313354492,22.920000076293945,22.100000381469727,22.309999465942383,18.567129135131836,6400
2022-03-08,22.309999465942383,22.75,22.18000030517578,22.670000076293945,18.86673355102539,2800
2022-03-09,22.670000076293945,22.670000076293945,22.139999389648438,22.420000076293945,18.658674240112305,3400
2022-03-10,22.260000228881836,22.93000030517578,22.049999237060547,22.049999237060547,18.35074806213379,6600
2022-03-11,22.25,22.719999313354492,22.1299991607666,22.479999542236328,18.923152923583984,4200
2022-03-14,22.649999618530273,22.899999618530273,22.049999237060547,22.09000015258789,18.59486198425293,10000
2022-03-15,22.389999389648438,22.510000228881836,22.030000686645508,22.030000686645508,18.544357299804688,6100
2022-03-16,22.110000610351562,22.75,22.06999969482422,22.15999984741211,18.65378761291504,19400
2022-03-17,22.75,22.989999771118164,22.3700008392334,22.989999771118164,19.352462768554688,6700
2022-03-18,22.3799991607666,24.0,22.3799991607666,24.0,20.202659606933594,12600
2022-03-21,23.989999771118164,24.0,23.600000381469727,23.81999969482422,20.051137924194336,9400
2022-03-22,24.0,24.0,23.59000015258789,23.979999542236328,20.185821533203125,5200
2022-03-23,23.799999237060547,24.0,23.56999969482422,23.56999969482422,19.840694427490234,2200
2022-03-24,23.299999237060547,24.0,23.299999237060547,23.709999084472656,19.958538055419922,1100
2022-03-25,23.850000381469727,23.899999618530273,23.31999969482422,23.31999969482422,19.6302490234375,3000
2022-03-28,23.34000015258789,23.920000076293945,23.299999237060547,23.920000076293945,20.135316848754883,3700
2022-03-29,24.0,24.0,23.540000915527344,23.700000762939453,19.950124740600586,4200
2022-03-30,23.6299991607666,23.739999771118164,23.350000381469727,23.350000381469727,19.655502319335938,2100
2022-03-31,23.700000762939453,23.739999771118164,23.350000381469727,23.520000457763672,19.798606872558594,3500
2022-04-01,23.709999084472656,23.709999084472656,23.309999465942383,23.309999465942383,19.621826171875,3400
2022-04-04,23.489999771118164,23.489999771118164,23.31999969482422,23.31999969482422,19.6302490234375,1300
2022-04-05,23.639999389648438,23.690000534057617,23.299999237060547,23.690000534057617,19.941707611083984,4800
2022-04-06,23.700000762939453,23.700000762939453,22.1299991607666,22.260000228881836,18.737966537475586,2700
2022-04-07,22.989999771118164,23.209999084472656,22.65999984741211,22.8700008392334,19.25145149230957,16500
2022-04-08,22.979999542236328,23.25,22.43000030517578,23.25,19.571325302124023,2800
2022-04-11,23.0,23.190000534057617,22.600000381469727,23.1299991607666,19.470312118530273,5300
2022-04-12,23.079999923706055,23.270000457763672,22.700000762939453,23.270000457763672,19.588157653808594,6700
2022-04-13,23.030000686645508,23.149999618530273,22.809999465942383,22.809999465942383,19.200942993164062,5400
2022-04-14,23.139999389648438,23.139999389648438,22.600000381469727,22.65999984741211,19.074676513671875,7000
2022-04-18,22.700000762939453,22.920000076293945,22.270000457763672,22.270000457763672,18.74638557434082,6100
2022-04-19,22.299999237060547,22.299999237060547,22.25,22.25,18.72954750061035,1300
2022-04-20,22.360000610351562,22.399999618530273,22.25,22.389999389648438,18.847393035888672,2800
2022-04-21,22.360000610351562,22.729999542236328,22.260000228881836,22.260000228881836,18.737966537475586,1700
2022-04-22,22.260000228881836,22.440000534057617,22.25,22.270000457763672,18.74638557434082,1600
2022-04-25,22.25,22.25,21.649999618530273,21.90999984741211,18.443342208862305,16600
2022-04-26,22.079999923706055,22.25,21.489999771118164,21.690000534057617,18.258150100708008,11300
2022-04-27,21.75,21.940000534057617,21.360000610351562,21.5,18.098215103149414,11900
2022-04-28,21.469999313354492,22.040000915527344,21.219999313354492,21.40999984741211,18.022451400756836,11800
2022-04-29,21.700000762939453,21.81999969482422,21.100000381469727,21.229999542236328,17.870933532714844,9200
2022-05-02,21.299999237060547,21.559999465942383,21.0,21.540000915527344,18.131885528564453,8700
2022-05-03,21.450000762939453,22.850000381469727,21.450000762939453,22.850000381469727,19.2346134185791,14900
2022-05-04,23.0,23.84000015258789,23.0,23.84000015258789,20.067974090576172,9900
2022-05-05,23.049999237060547,23.510000228881836,22.420000076293945,22.989999771118164,19.352462768554688,9000
2022-05-06,23.010000228881836,23.010000228881836,21.239999771118164,21.799999237060547,18.350746154785156,19200
2022-05-09,19.649999618530273,21.280000686645508,19.649999618530273,20.59000015258789,17.332197189331055,19700
2022-05-10,20.299999237060547,21.440000534057617,20.299999237060547,21.389999389648438,18.0056209564209,11300
2022-05-11,21.420000076293945,22.579999923706055,21.09000015258789,22.18000030517578,18.670623779296875,10300
2022-05-12,22.049999237060547,22.479999542236328,21.899999618530273,21.899999618530273,18.43492317199707,1600
2022-05-13,22.399999618530273,22.40999984741211,22.049999237060547,22.260000228881836,18.737966537475586,1900
2022-05-16,22.489999771118164,22.489999771118164,21.540000915527344,21.540000915527344,18.131885528564453,3200
2022-05-17,21.68000030517578,22.729999542236328,21.68000030517578,22.059999465942383,18.56960678100586,2500
2022-05-18,22.020000457763672,22.450000762939453,21.18000030517578,22.010000228881836,18.52752113342285,5800
2022-05-19,22.020000457763672,22.40999984741211,21.3700008392334,21.3700008392334,17.98878288269043,5300
2022-05-20,22.0,22.43000030517578,20.889999389648438,21.219999313354492,17.862518310546875,3300
2022-05-23,22.459999084472656,22.459999084472656,22.459999084472656,22.459999084472656,18.906320571899414,900
2022-05-24,21.81999969482422,22.360000610351562,21.81999969482422,22.360000610351562,18.822145462036133,1400
2022-05-25,22.75,22.75,21.81999969482422,21.81999969482422,18.367582321166992,5500
2022-05-26,21.799999237060547,22.190000534057617,21.799999237060547,21.84000015258789,18.384418487548828,3700
2022-05-27,22.459999084472656,22.75,22.0,22.1200008392334,18.620115280151367,4500
2022-05-31,22.3799991607666,22.549999237060547,21.59000015258789,22.1299991607666,18.62853240966797,8000
2022-06-01,22.5,22.5,21.780000686645508,21.84000015258789,18.384418487548828,9800
2022-06-02,21.81999969482422,22.559999465942383,21.81999969482422,22.559999465942383,18.990495681762695,4900
2022-06-03,22.5,22.5,21.75,22.5,19.152231216430664,10700
2022-06-06,20.799999237060547,23.299999237060547,20.799999237060547,23.290000915527344,19.824687957763672,16400
2022-06-07,22.6299991607666,23.649999618530273,22.6299991607666,22.899999618530273,19.492713928222656,7700
2022-06-08,22.75,23.239999771118164,22.309999465942383,23.239999771118164,19.78212547302246,2000
2022-06-09,23.43000030517578,23.690000534057617,23.020000457763672,23.040000915527344,19.611881256103516,5700
2022-06-10,23.290000915527344,23.290000915527344,23.15999984741211,23.200000762939453,19.74807357788086,1600
2022-06-13,22.950000762939453,23.209999084472656,22.579999923706055,22.6200008392334,19.25437355041504,7400
2022-06-14,23.110000610351562,23.200000762939453,22.889999389648438,23.079999923706055,19.645931243896484,2000
2022-06-15,22.920000076293945,23.059999465942383,22.459999084472656,22.6200008392334,19.25437355041504,2300
2022-06-16,22.270000457763672,22.65999984741211,22.25,22.299999237060547,18.981985092163086,5700
2022-06-17,22.229999542236328,22.229999542236328,21.139999389648438,22.149999618530273,18.854305267333984,89500
2022-06-21,22.030000686645508,24.0,21.270000457763672,21.270000457763672,18.10523796081543,8900
2022-06-22,21.549999237060547,22.010000228881836,21.18000030517578,21.739999771118164,18.505308151245117,6900
2022-06-23,21.899999618530273,21.959999084472656,21.6299991607666,21.959999084472656,18.69257164001465,2100
2022-06-24,21.959999084472656,23.899999618530273,21.959999084472656,23.899999618530273,20.343923568725586,13800
2022-06-27,22.709999084472656,23.299999237060547,22.709999084472656,22.780000686645508,19.390567779541016,3700
2022-06-28,22.989999771118164,22.989999771118164,22.700000762939453,22.780000686645508,19.390567779541016,1900
2022-06-29,22.670000076293945,22.670000076293945,22.510000228881836,22.65999984741211,19.288421630859375,2800
2022-06-30,22.540000915527344,23.209999084472656,22.350000381469727,23.190000534057617,19.739564895629883,3700
2022-07-01,23.110000610351562,23.170000076293945,22.600000381469727,23.170000076293945,19.7225399017334,6000
2022-07-05,22.690000534057617,22.690000534057617,22.260000228881836,22.290000915527344,18.973472595214844,3200
2022-07-06,22.520000457763672,22.790000915527344,22.040000915527344,22.040000915527344,18.760671615600586,1700
2022-07-07,22.459999084472656,22.84000015258789,22.3700008392334,22.829999923706055,19.433128356933594,1800
2022-07-08,23.0,23.0,22.520000457763672,22.520000457763672,19.169252395629883,1100
2022-07-11,22.700000762939453,23.299999237060547,22.280000686645508,22.719999313354492,19.339492797851562,9000
2022-07-12,22.739999771118164,22.969999313354492,22.40999984741211,22.639999389648438,19.27139663696289,4500
2022-07-13,22.43000030517578,22.600000381469727,22.43000030517578,22.530000686645508,19.177766799926758,800
2022-07-14,22.329999923706055,22.559999465942383,22.329999923706055,22.559999465942383,19.203298568725586,1400
2022-07-15,22.75,22.899999618530273,22.270000457763672,22.889999389648438,19.484201431274414,2500
2022-07-18,23.040000915527344,23.040000915527344,22.639999389648438,22.719999313354492,19.339492797851562,2400
2022-07-19,22.479999542236328,22.969999313354492,22.290000915527344,22.290000915527344,18.973472595214844,4900
2022-07-20,22.850000381469727,23.299999237060547,22.479999542236328,23.299999237060547,19.83319854736328,4500
2022-07-21,22.940000534057617,23.18000030517578,22.479999542236328,23.18000030517578,19.73105239868164,1700
2022-07-22,22.540000915527344,22.540000915527344,22.540000915527344,22.540000915527344,19.186277389526367,900
2022-07-25,22.450000762939453,22.690000534057617,21.829999923706055,22.260000228881836,18.947940826416016,6900
2022-07-26,22.110000610351562,22.139999389648438,21.780000686645508,21.780000686645508,18.539358139038086,1200
2022-07-27,22.270000457763672,22.280000686645508,21.75,22.280000686645508,18.964962005615234,1300
2022-07-28,21.780000686645508,22.290000915527344,21.780000686645508,22.290000915527344,18.973472595214844,600
2022-07-29,21.799999237060547,22.75,21.790000915527344,22.75,19.365032196044922,1500
2022-08-01,22.889999389648438,22.889999389648438,22.6299991607666,22.68000030517578,19.305444717407227,2000
2022-08-02,22.799999237060547,22.799999237060547,22.799999237060547,22.799999237060547,19.407590866088867,900
2022-08-03,22.200000762939453,22.299999237060547,22.040000915527344,22.040000915527344,18.760671615600586,1700
2022-08-04,22.149999618530273,23.299999237060547,21.84000015258789,22.700000762939453,19.322473526000977,8300
2022-08-05,22.09000015258789,22.549999237060547,22.09000015258789,22.450000762939453,19.109668731689453,1200
2022-08-08,22.510000228881836,22.969999313354492,22.420000076293945,22.420000076293945,19.084131240844727,1100
2022-08-09,22.450000762939453,23.469999313354492,22.399999618530273,22.700000762939453,19.322473526000977,7700
2022-08-10,23.489999771118164,24.40999984741211,23.489999771118164,24.40999984741211,20.778038024902344,8000
2022-08-11,25.299999237060547,26.0,24.6299991607666,25.950000762939453,22.088905334472656,9600
2022-08-12,25.440000534057617,27.690000534057617,24.850000381469727,27.510000228881836,23.416793823242188,7500
2022-08-15,27.450000762939453,28.299999237060547,26.850000381469727,27.65999984741211,23.54447364807129,15400
2022-08-16,27.5,28.75,27.5,28.1200008392334,23.936031341552734,17700
2022-08-17,28.0,28.360000610351562,27.110000610351562,27.420000076293945,23.34018325805664,9700
2022-08-18,27.799999237060547,28.0,26.520000457763672,27.420000076293945,23.34018325805664,39000
2022-08-19,26.649999618530273,26.649999618530273,24.549999237060547,24.549999237060547,22.321836471557617,13500
2022-08-22,24.979999542236328,27.030000686645508,24.979999542236328,25.309999465942383,23.012855529785156,10700
2022-08-23,25.649999618530273,25.649999618530273,24.40999984741211,24.40999984741211,22.19454002380371,3600
2022-08-24,24.399999618530273,25.360000610351562,24.399999618530273,25.219999313354492,22.9310245513916,6300
2022-08-25,25.399999618530273,25.600000381469727,25.329999923706055,25.600000381469727,23.276535034179688,3400
2022-08-26,25.329999923706055,25.329999923706055,24.440000534057617,24.520000457763672,22.294557571411133,8100
2022-08-29,24.459999084472656,24.950000762939453,24.350000381469727,24.540000915527344,22.312742233276367,4600
2022-08-30,24.559999465942383,24.799999237060547,23.020000457763672,23.059999465942383,20.967065811157227,3000
2022-08-31,23.309999465942383,24.479999542236328,23.219999313354492,23.969999313354492,22.03334617614746,4800
2022-09-01,23.170000076293945,23.260000228881836,21.40999984741211,21.459999084472656,19.72614097595215,8500
2022-09-02,21.56999969482422,21.639999389648438,21.209999084472656,21.219999313354492,19.505529403686523,20000
2022-09-06,21.209999084472656,21.299999237060547,20.559999465942383,20.729999542236328,19.05512046813965,5700
2022-09-07,20.690000534057617,21.329999923706055,20.25,21.309999465942383,19.588258743286133,5100
2022-09-08,20.690000534057617,20.989999771118164,20.549999237060547,20.989999771118164,19.294116973876953,1600
2022-09-09,20.530000686645508,21.239999771118164,20.530000686645508,21.239999771118164,19.523914337158203,5800
2022-09-12,21.360000610351562,21.489999771118164,20.6200008392334,21.290000915527344,19.569873809814453,3400
2022-09-13,21.010000228881836,21.989999771118164,20.389999389648438,20.389999389648438,18.74258804321289,8100
2022-09-14,20.770000457763672,21.5,20.350000381469727,20.90999984741211,19.220577239990234,7000
2022-09-15,21.489999771118164,21.489999771118164,21.0,21.0,19.303308486938477,2400
2022-09-16,20.360000610351562,20.729999542236328,19.59000015258789,20.3799991607666,18.7333984375,15700
2022-09-19,20.18000030517578,20.34000015258789,20.0,20.34000015258789,18.69662857055664,3600
2022-09-20,19.770000457763672,20.25,19.75,19.950000762939453,18.33814239501953,5800
2022-09-21,19.450000762939453,20.040000915527344,18.530000686645508,18.530000686645508,17.032867431640625,22400
2022-09-22,18.739999771118164,18.739999771118164,17.559999465942383,18.100000381469727,16.637609481811523,9400
2022-09-23,18.1299991607666,18.1299991607666,16.510000228881836,16.940000534057617,15.571334838867188,5100
2022-09-26,16.600000381469727,17.34000015258789,16.329999923706055,17.34000015258789,15.93901538848877,5400
2022-09-27,17.299999237060547,17.299999237060547,16.270000457763672,16.399999618530273,15.074963569641113,9100
2022-09-28,16.479999542236328,17.280000686645508,16.010000228881836,16.170000076293945,14.863546371459961,21000
2022-09-29,16.059999465942383,16.530000686645508,16.049999237060547,16.530000686645508,15.194459915161133,3000
2022-09-30,16.559999465942383,16.559999465942383,16.219999313354492,16.239999771118164,14.92789077758789,9000
2022-10-03,16.59000015258789,17.5,16.59000015258789,17.479999542236328,16.067705154418945,6200
2022-10-04,18.149999618530273,18.149999618530273,17.09000015258789,18.010000228881836,16.554882049560547,23500
2022-10-05,17.329999923706055,18.270000457763672,17.049999237060547,18.1200008392334,16.655994415283203,19400
2022-10-06,17.299999237060547,17.799999237060547,17.25,17.260000228881836,15.865478515625,5600
2022-10-07,16.899999618530273,17.43000030517578,16.739999771118164,17.43000030517578,16.021745681762695,5400
2022-10-10,17.579999923706055,17.950000762939453,17.389999389648438,17.889999389648438,16.444578170776367,7400
2022-10-11,17.8799991607666,18.399999618530273,17.850000381469727,17.850000381469727,16.40781021118164,9400
2022-10-12,18.190000534057617,18.3799991607666,17.969999313354492,18.3799991607666,16.894987106323242,2600
2022-10-13,18.049999237060547,19.059999465942383,18.010000228881836,18.18000030517578,16.71114730834961,10900
2022-10-14,18.709999084472656,18.709999084472656,17.65999984741211,17.65999984741211,16.23316192626953,3900
2022-10-17,17.959999084472656,18.56999969482422,17.959999084472656,18.56999969482422,17.069637298583984,2000
2022-10-18,19.020000457763672,19.479999542236328,18.829999923706055,19.479999542236328,17.90611457824707,1700
2022-10-19,19.3700008392334,19.3700008392334,18.059999465942383,18.059999465942383,16.600845336914062,4800
2022-10-20,18.200000762939453,18.520000457763672,18.020000457763672,18.290000915527344,16.8122615814209,4500
2022-10-21,19.56999969482422,19.56999969482422,18.34000015258789,19.389999389648438,17.823387145996094,8000
2022-10-24,18.93000030517578,19.5,18.260000228881836,19.229999542236328,17.676313400268555,1600
2022-10-25,19.0,19.209999084472656,18.75,19.139999389648438,17.593584060668945,6600
2022-10-26,19.059999465942383,19.290000915527344,18.309999465942383,18.6299991607666,17.124786376953125,3600
2022-10-27,18.5,18.5,18.030000686645508,18.200000762939453,16.729534149169922,3700
2022-10-28,18.25,18.399999618530273,17.75,18.399999618530273,16.913372039794922,3800
2022-10-31,17.809999465942383,18.59000015258789,17.809999465942383,17.829999923706055,16.389429092407227,6900
2022-11-01,18.079999923706055,18.81999969482422,17.420000076293945,17.420000076293945,16.01255226135254,11400
2022-11-02,17.790000915527344,17.889999389648438,17.34000015258789,17.34000015258789,15.93901538848877,5200
2022-11-03,16.90999984741211,17.81999969482422,16.90999984741211,17.81999969482422,16.380233764648438,11200
2022-11-04,17.309999465942383,18.56999969482422,17.309999465942383,18.56999969482422,17.069637298583984,1600
2022-11-07,18.020000457763672,18.450000762939453,17.889999389648438,17.920000076293945,16.47215461730957,2100
2022-11-08,18.0,18.200000762939453,17.770000457763672,18.200000762939453,16.729534149169922,5200
2022-11-09,18.219999313354492,18.219999313354492,18.219999313354492,18.219999313354492,16.747915267944336,1100
2022-11-10,18.219999313354492,18.549999237060547,18.219999313354492,18.540000915527344,17.04206085205078,2900
2022-11-11,18.540000915527344,18.540000915527344,17.450000762939453,17.979999542236328,16.527307510375977,2000
2022-11-14,17.940000534057617,17.979999542236328,17.940000534057617,17.979999542236328,16.527307510375977,1200
2022-11-15,17.760000228881836,18.350000381469727,17.760000228881836,18.350000381469727,16.867412567138672,2100
2022-11-16,18.549999237060547,18.549999237060547,18.079999923706055,18.149999618530273,16.683570861816406,1500
2022-11-17,18.149999618530273,18.290000915527344,17.829999923706055,18.290000915527344,16.8122615814209,7200
2022-11-18,18.530000686645508,19.0,18.25,19.0,17.46489715576172,4000
2022-11-21,18.899999618530273,19.489999771118164,18.899999618530273,19.489999771118164,17.915306091308594,17200
2022-11-22,19.479999542236328,20.0,19.190000534057617,19.549999237060547,17.970457077026367,12600
2022-11-23,19.06999969482422,19.790000915527344,19.06999969482422,19.530000686645508,17.952075958251953,18100
2022-11-25,19.610000610351562,20.290000915527344,19.389999389648438,19.729999542236328,18.135915756225586,3500
2022-11-28,19.6200008392334,20.700000762939453,19.31999969482422,19.350000381469727,17.78662109375,17300
2022-11-29,19.610000610351562,19.729999542236328,19.34000015258789,19.389999389648438,17.823387145996094,1600
2022-11-30,19.139999389648438,19.770000457763672,18.510000228881836,19.770000457763672,18.410049438476562,10600
2022-12-01,19.309999465942383,19.549999237060547,18.760000228881836,19.030000686645508,17.72095489501953,5300
2022-12-02,18.209999084472656,18.600000381469727,17.989999771118164,18.600000381469727,17.320531845092773,3700
2022-12-05,18.610000610351562,19.100000381469727,18.399999618530273,19.059999465942383,17.748889923095703,4400
2022-12-06,19.0,19.299999237060547,18.0,18.790000915527344,17.49746322631836,5800
2022-12-07,18.790000915527344,19.5,18.790000915527344,19.5,18.15862274169922,5900
2022-12-08,19.200000762939453,19.399999618530273,18.8799991607666,19.149999618530273,17.83269691467285,2100
2022-12-09,18.899999618530273,19.290000915527344,18.899999618530273,19.1200008392334,17.804763793945312,3300
2022-12-12,19.1299991607666,19.260000228881836,19.020000457763672,19.020000457763672,17.711641311645508,2000
2022-12-13,19.030000686645508,19.5,19.030000686645508,19.5,18.15862274169922,16700
2022-12-14,19.229999542236328,19.360000610351562,18.889999389648438,19.209999084472656,17.888572692871094,5400
2022-12-15,19.09000015258789,19.200000762939453,18.780000686645508,19.200000762939453,17.879261016845703,2100
2022-12-16,18.959999084472656,20.25,18.790000915527344,20.0,18.62422752380371,21300
2022-12-19,20.049999237060547,20.389999389648438,19.059999465942383,19.719999313354492,18.363487243652344,4100
2022-12-20,19.780000686645508,20.06999969482422,19.260000228881836,19.260000228881836,17.93513298034668,900
2022-12-21,19.170000076293945,19.329999923706055,18.850000381469727,18.850000381469727,17.55333709716797,4400
2022-12-22,18.950000762939453,19.15999984741211,18.540000915527344,18.540000915527344,17.264657974243164,2800
2022-12-23,18.389999389648438,18.389999389648438,17.760000228881836,17.760000228881836,16.538312911987305,5000
2022-12-27,18.100000381469727,18.40999984741211,17.860000610351562,18.40999984741211,17.143600463867188,3100
2022-12-28,19.59000015258789,19.59000015258789,17.75,17.75,16.529001235961914,3300
2022-12-29,17.760000228881836,18.639999389648438,17.75,18.610000610351562,17.329843521118164,14000
2022-12-30,18.290000915527344,18.479999542236328,18.290000915527344,18.479999542236328,17.208786010742188,1300
2023-01-03,18.260000228881836,18.440000534057617,17.989999771118164,18.0,16.761802673339844,2800
2023-01-04,17.190000534057617,18.040000915527344,17.190000534057617,17.610000610351562,16.39863395690918,11100
2023-01-05,17.25,18.06999969482422,17.25,18.040000915527344,16.799055099487305,1800
2023-01-06,18.049999237060547,18.459999084472656,18.049999237060547,18.049999237060547,16.80836296081543,4400
2023-01-09,17.770000457763672,18.219999313354492,17.75,17.75,16.529001235961914,2200
2023-01-10,18.709999084472656,18.709999084472656,18.149999618530273,18.670000076293945,17.38571548461914,2700
2023-01-11,18.68000030517578,18.68000030517578,18.219999313354492,18.219999313354492,16.966672897338867,4600
2023-01-12,18.770000457763672,19.0,18.469999313354492,19.0,17.693016052246094,1800
2023-01-13,18.25,18.8799991607666,18.25,18.450000762939453,17.180850982666016,3000
2023-01-17,18.649999618530273,18.649999618530273,18.200000762939453,18.209999084472656,16.957359313964844,2200
2023-01-18,18.309999465942383,18.309999465942383,18.309999465942383,18.309999465942383,17.050479888916016,900
2023-01-19,18.450000762939453,18.450000762939453,18.149999618530273,18.290000915527344,17.031856536865234,2800
2023-01-20,18.690000534057617,18.690000534057617,18.09000015258789,18.25,16.99460792541504,4000
2023-01-23,18.610000610351562,20.0,18.09000015258789,18.09000015258789,16.84561538696289,6400
2023-01-24,18.06999969482422,18.09000015258789,18.06999969482422,18.09000015258789,16.84561538696289,3000
2023-01-25,18.200000762939453,18.25,18.200000762939453,18.25,16.99460792541504,2900
2023-01-26,18.25,18.25,18.25,18.25,16.99460792541504,1500
2023-01-27,18.68000030517578,18.68000030517578,18.280000686645508,18.280000686645508,17.022544860839844,1600
2023-01-30,17.530000686645508,18.75,17.530000686645508,18.579999923706055,17.30190658569336,4200
2023-01-31,18.75,19.040000915527344,18.700000762939453,18.940000534057617,17.63714599609375,7200
2023-02-01,19.079999923706055,19.100000381469727,18.75,19.030000686645508,17.72095489501953,5700
2023-02-02,19.100000381469727,19.489999771118164,19.059999465942383,19.059999465942383,17.748889923095703,7600
2023-02-03,19.079999923706055,19.25,19.079999923706055,19.09000015258789,17.77682876586914,2100
2023-02-06,19.649999618530273,19.649999618530273,18.770000457763672,19.020000457763672,17.711641311645508,3300
2023-02-07,18.75,18.90999984741211,18.649999618530273,18.649999618530273,17.367090225219727,4800
2023-02-08,18.600000381469727,18.600000381469727,18.59000015258789,18.59000015258789,17.311220169067383,600
2023-02-09,18.75,19.25,18.75,19.079999923706055,17.767515182495117,3100
2023-02-10,18.639999389648438,18.8799991607666,18.329999923706055,18.329999923706055,17.06910514831543,3500
2023-02-13,18.399999618530273,18.799999237060547,18.399999618530273,18.739999771118164,17.450899124145508,4900
2023-02-14,18.540000915527344,18.68000030517578,18.3700008392334,18.3700008392334,17.106353759765625,1500
2023-02-15,18.299999237060547,18.809999465942383,18.299999237060547,18.489999771118164,17.218097686767578,4700
2023-02-16,18.959999084472656,18.959999084472656,18.1200008392334,18.600000381469727,17.320531845092773,8700
2023-02-17,19.290000915527344,19.290000915527344,18.610000610351562,19.260000228881836,17.93513298034668,6800
2023-02-21,18.799999237060547,19.030000686645508,18.739999771118164,18.739999771118164,17.450899124145508,5000
2023-02-22,18.75,19.209999084472656,18.75,18.920000076293945,17.618520736694336,4200
2023-02-23,18.920000076293945,19.100000381469727,18.75,18.90999984741211,17.609209060668945,9000
2023-02-24,18.75,18.90999984741211,18.25,18.90999984741211,17.609209060668945,6900
2023-02-27,18.729999542236328,19.049999237060547,18.559999465942383,18.559999465942383,17.283281326293945,3800
2023-02-28,18.65999984741211,18.75,18.579999923706055,18.75,17.460214614868164,3900
2023-03-01,18.75,19.0,18.540000915527344,18.540000915527344,17.264657974243164,5600
2023-03-02,18.68000030517578,19.079999923706055,18.600000381469727,18.610000610351562,17.329843521118164,5100
2023-03-03,18.6299991607666,18.780000686645508,18.420000076293945,18.700000762939453,17.413652420043945,3900
2023-03-06,18.809999465942383,19.239999771118164,18.809999465942383,19.239999771118164,17.916507720947266,9000
2023-03-07,19.18000030517578,19.209999084472656,18.75,18.81999969482422,17.52539825439453,12800
2023-03-08,19.059999465942383,19.059999465942383,18.75,19.049999237060547,17.73957633972168,3000
2023-03-09,19.059999465942383,20.170000076293945,19.0,19.540000915527344,18.195871353149414,47500
2023-03-10,19.5,19.5,18.5,18.549999237060547,17.497840881347656,5500
2023-03-13,18.31999969482422,18.399999618530273,16.299999237060547,16.81999969482422,15.865967750549316,24800
2023-03-14,17.209999084472656,17.540000915527344,16.5,16.610000610351562,15.667879104614258,18800
2023-03-15,16.350000381469727,17.139999389648438,16.25,16.700000762939453,15.752775192260742,12700
2023-03-16,16.700000762939453,17.31999969482422,16.700000762939453,16.75,15.799942016601562,1600
2023-03-17,16.90999984741211,16.950000762939453,16.600000381469727,16.950000762939453,15.98859691619873,12000
2023-03-20,17.139999389648438,17.969999313354492,17.110000610351562,17.969999313354492,16.950740814208984,7300
2023-03-21,18.15999984741211,18.489999771118164,17.649999618530273,18.479999542236328,17.43181610107422,5800
2023-03-22,18.479999542236328,18.489999771118164,17.75,18.399999618530273,17.35634994506836,7900
2023-03-23,18.5,18.5,17.5,18.229999542236328,17.195993423461914,11200
2023-03-24,17.8700008392334,18.350000381469727,17.8700008392334,18.06999969482422,17.045066833496094,2200
2023-03-27,18.469999313354492,18.700000762939453,18.030000686645508,18.489999771118164,17.441247940063477,12000
2023-03-28,18.020000457763672,18.5,18.020000457763672,18.5,17.450681686401367,5700
2023-03-29,18.43000030517578,18.479999542236328,17.610000610351562,18.309999465942383,17.271455764770508,6300
2023-03-30,18.040000915527344,18.25,18.040000915527344,18.25,17.214859008789062,6400
2023-03-31,18.299999237060547,18.3700008392334,18.079999923706055,18.079999923706055,17.054500579833984,8300
2023-04-03,18.059999465942383,19.329999923706055,18.059999465942383,19.329999923706055,18.233604431152344,17300
2023-04-04,19.100000381469727,19.229999542236328,18.579999923706055,18.579999923706055,17.526142120361328,10500
2023-04-05,18.020000457763672,18.610000610351562,17.989999771118164,18.610000610351562,17.554441452026367,3900
2023-04-06,19.280000686645508,19.420000076293945,18.110000610351562,19.06999969482422,17.98834800720215,11200
2023-04-10,18.920000076293945,19.049999237060547,18.459999084472656,18.690000534057617,17.629901885986328,6200
2023-04-11,18.690000534057617,18.989999771118164,18.309999465942383,18.329999923706055,17.29032325744629,3500
2023-04-12,18.139999389648438,18.920000076293945,18.139999389648438,18.299999237060547,17.26202392578125,10900
2023-04-13,18.540000915527344,18.809999465942383,18.489999771118164,18.489999771118164,17.441247940063477,6500
2023-04-14,18.5,18.760000228881836,18.450000762939453,18.610000610351562,17.554441452026367,2700
2023-04-17,18.549999237060547,18.889999389648438,18.229999542236328,18.440000534057617,17.39408302307129,4000
2023-04-18,18.440000534057617,18.450000762939453,17.739999771118164,17.739999771118164,16.733787536621094,8800
2023-04-19,17.75,18.469999313354492,17.700000762939453,18.270000457763672,17.23372459411621,8500
2023-04-20,18.0,18.510000228881836,18.0,18.510000228881836,17.460111618041992,10700
2023-04-21,18.540000915527344,18.540000915527344,17.920000076293945,18.0,16.979040145874023,3200
2023-04-24,17.979999542236328,18.350000381469727,17.75,18.239999771118164,17.205427169799805,5100
2023-04-25,17.709999084472656,18.219999313354492,17.700000762939453,17.700000762939453,16.696054458618164,2900
2023-04-26,17.799999237060547,17.989999771118164,17.600000381469727,17.989999771118164,16.969608306884766,3500
2023-04-27,17.850000381469727,18.399999618530273,17.850000381469727,18.399999618530273,17.35634994506836,3600
2023-04-28,18.3799991607666,18.399999618530273,18.100000381469727,18.100000381469727,17.0733699798584,8700
2023-05-01,18.350000381469727,19.100000381469727,18.200000762939453,18.690000534057617,17.629901885986328,11800
2023-05-02,17.979999542236328,18.760000228881836,17.93000030517578,18.760000228881836,17.695932388305664,9200
2023-05-03,18.649999618530273,19.389999389648438,18.600000381469727,18.940000534057617,17.865724563598633,5300
2023-05-04,18.940000534057617,18.940000534057617,17.90999984741211,18.729999542236328,17.667633056640625,15800
2023-05-05,18.75,18.899999618530273,17.959999084472656,18.899999618530273,17.827991485595703,12200
2023-05-08,19.200000762939453,19.290000915527344,18.489999771118164,19.290000915527344,18.195871353149414,5600
2023-05-09,18.520000457763672,19.06999969482422,18.479999542236328,18.899999618530273,17.827991485595703,5500
2023-05-10,18.780000686645508,19.299999237060547,18.559999465942383,19.299999237060547,18.205303192138672,6500
2023-05-11,18.6299991607666,19.15999984741211,18.110000610351562,18.68000030517578,17.62047004699707,6500
2023-05-12,18.950000762939453,19.479999542236328,18.90999984741211,19.299999237060547,18.205303192138672,4000
2023-05-15,19.459999084472656,20.18000030517578,18.799999237060547,20.110000610351562,18.9693603515625,24800
2023-05-16,20.0,20.06999969482422,19.020000457763672,19.100000381469727,18.01664924621582,14600
2023-05-17,19.299999237060547,19.549999237060547,18.420000076293945,18.420000076293945,17.37521743774414,11500
2023-05-18,18.459999084472656,19.020000457763672,18.459999084472656,18.510000228881836,17.460111618041992,6400
2023-05-19,18.6299991607666,18.68000030517578,18.399999618530273,18.670000076293945,17.611038208007812,5400
2023-05-22,18.84000015258789,18.989999771118164,18.34000015258789,18.510000228881836,17.460111618041992,6700
2023-05-23,18.510000228881836,18.8700008392334,18.25,18.440000534057617,17.39408302307129,9400
2023-05-24,18.56999969482422,18.799999237060547,18.299999237060547,18.299999237060547,17.26202392578125,8400
2023-05-25,18.40999984741211,18.920000076293945,18.15999984741211,18.18000030517578,17.148828506469727,6300
2023-05-26,18.6200008392334,18.739999771118164,18.030000686645508,18.360000610351562,17.318620681762695,6600
2023-05-30,18.479999542236328,18.899999618530273,18.399999618530273,18.399999618530273,17.35634994506836,11800
2023-05-31,18.68000030517578,18.889999389648438,18.600000381469727,18.600000381469727,17.54500961303711,5400
2023-06-01,18.940000534057617,18.940000534057617,18.25,18.25,17.214859008789062,11500
2023-06-02,18.479999542236328,19.6200008392334,18.309999465942383,19.459999084472656,18.611175537109375,6500
2023-06-05,19.34000015258789,19.34000015258789,18.579999923706055,18.579999923706055,17.769559860229492,3500
2023-06-06,18.700000762939453,19.010000228881836,18.06999969482422,19.010000228881836,18.180805206298828,7000
2023-06-07,19.0,19.850000381469727,19.0,19.739999771118164,18.87896156311035,9600
2023-06-08,19.979999542236328,21.0,19.889999389648438,20.450000762939453,19.557994842529297,21800
2023-06-09,20.0,20.520000457763672,19.860000610351562,19.889999389648438,19.022418975830078,7600
2023-06-12,20.190000534057617,20.350000381469727,19.270000457763672,19.899999618530273,19.031984329223633,9800
2023-06-13,19.969999313354492,21.34000015258789,19.969999313354492,20.90999984741211,19.997928619384766,12100
2023-06-14,21.100000381469727,22.100000381469727,20.579999923706055,20.899999618530273,19.988365173339844,16900
2023-06-15,20.579999923706055,21.81999969482422,19.43000030517578,21.56999969482422,20.629140853881836,12200
2023-06-16,21.639999389648438,22.799999237060547,21.520000457763672,22.799999237060547,21.80548858642578,15400
2023-06-20,22.459999084472656,22.950000762939453,22.040000915527344,22.149999618530273,21.183839797973633,16600
2023-06-21,22.100000381469727,22.43000030517578,21.059999465942383,21.270000457763672,20.342226028442383,31400
2023-06-22,21.219999313354492,22.049999237060547,21.219999313354492,21.520000457763672,20.58131980895996,7200
2023-06-23,22.489999771118164,22.489999771118164,21.690000534057617,22.049999237060547,21.08820343017578,28000
2023-06-26,21.899999618530273,22.260000228881836,21.6200008392334,21.700000762939453,20.75347137451172,3300
2023-06-27,21.770000457763672,22.600000381469727,21.31999969482422,22.09000015258789,21.12645721435547,15500
2023-06-28,21.850000381469727,21.950000762939453,21.40999984741211,21.610000610351562,20.667396545410156,8700
2023-06-29,22.09000015258789,22.09000015258789,21.739999771118164,21.739999771118164,20.791725158691406,1800
2023-06-30,21.639999389648438,21.8799991607666,21.290000915527344,21.799999237060547,20.84910774230957,10100
2023-07-03,21.799999237060547,21.950000762939453,21.799999237060547,21.8799991607666,20.925617218017578,2800
2023-07-05,21.360000610351562,21.969999313354492,21.260000228881836,21.6200008392334,20.676959991455078,8200
2023-07-06,21.5,22.15999984741211,21.399999618530273,21.899999618530273,20.944744110107422,9700
2023-07-07,21.899999618530273,22.010000228881836,21.719999313354492,21.719999313354492,20.77259635925293,2400
2023-07-10,21.799999237060547,22.139999389648438,21.799999237060547,21.969999313354492,21.01169204711914,7500
2023-07-11,22.34000015258789,22.5,21.799999237060547,22.489999771118164,21.509010314941406,6400
2023-07-12,22.459999084472656,23.200000762939453,22.459999084472656,22.93000030517578,21.929819107055664,11900
2023-07-13,22.799999237060547,23.43000030517578,22.799999237060547,23.299999237060547,22.28367805480957,3700
2023-07-14,23.260000228881836,23.40999984741211,22.610000610351562,22.8700008392334,21.872438430786133,3100
2023-07-17,22.75,24.0,22.75,23.15999984741211,22.14978790283203,5500
2023-07-18,22.959999084472656,23.75,22.959999084472656,23.75,22.71405029296875,4900
2023-07-19,23.520000457763672,23.770000457763672,23.520000457763672,23.770000457763672,22.733179092407227,1500
2023-07-20,24.0,24.5,23.959999084472656,24.280000686645508,23.22093391418457,4400
2023-07-21,24.34000015258789,25.049999237060547,23.84000015258789,23.84000015258789,22.800125122070312,4300
2023-07-24,24.559999465942383,24.559999465942383,23.799999237060547,24.079999923706055,23.0296573638916,4200
2023-07-25,24.0,24.15999984741211,23.700000762939453,23.709999084472656,22.67579460144043,1800
2023-07-26,23.799999237060547,24.299999237060547,23.270000457763672,23.280000686645508,22.264554977416992,6700
2023-07-27,23.530000686645508,24.0,23.0,23.010000228881836,22.006328582763672,10100
2023-07-28,23.350000381469727,23.350000381469727,23.190000534057617,23.190000534057617,22.178478240966797,2300
2023-07-31,22.989999771118164,23.690000534057617,22.579999923706055,22.639999389648438,21.652467727661133,5300
2023-08-01,23.329999923706055,23.329999923706055,22.600000381469727,22.90999984741211,21.910694122314453,6300
2023-08-02,22.729999542236328,23.5,21.450000762939453,21.6299991607666,20.6865234375,33400
2023-08-03,22.450000762939453,22.559999465942383,21.260000228881836,22.020000457763672,21.059513092041016,14200
2023-08-04,22.600000381469727,22.600000381469727,21.700000762939453,21.700000762939453,20.75347137451172,2900
2023-08-07,22.889999389648438,23.149999618530273,22.0,22.1299991607666,21.16471290588379,8600
2023-08-08,22.040000915527344,22.56999969482422,21.459999084472656,22.040000915527344,21.07863998413086,12100
2023-08-09,22.0,23.0,22.0,22.8700008392334,21.872438430786133,9500
2023-08-10,22.969999313354492,23.459999084472656,22.100000381469727,22.719999313354492,21.72897720336914,10800
2023-08-11,22.670000076293945,23.520000457763672,22.670000076293945,23.170000076293945,22.15934944152832,3800
2023-08-14,23.15999984741211,23.690000534057617,22.510000228881836,22.56999969482422,21.585519790649414,5000
2023-08-15,23.56999969482422,23.56999969482422,22.770000457763672,23.06999969482422,22.063711166381836,3700
2023-08-16,25.290000915527344,27.81999969482422,24.0,24.559999465942383,23.488718032836914,37500
2023-08-17,24.5,26.93000030517578,24.440000534057617,25.170000076293945,24.072111129760742,25300
2023-08-18,24.950000762939453,26.06999969482422,24.229999542236328,25.8700008392334,24.741579055786133,8100
2023-08-21,25.899999618530273,27.81999969482422,25.899999618530273,26.399999618530273,25.248458862304688,21800
2023-08-22,26.25,26.56999969482422,25.1200008392334,25.1200008392334,24.024293899536133,13100
2023-08-23,25.15999984741211,25.15999984741211,21.1200008392334,21.600000381469727,20.6578311920166,56400
2023-08-24,21.479999542236328,22.25,21.010000228881836,21.299999237060547,20.370914459228516,23300
2023-08-25,21.43000030517578,21.709999084472656,21.299999237060547,21.520000457763672,20.58131980895996,4400
2023-08-28,22.0,22.399999618530273,21.59000015258789,21.8700008392334,20.91605567932129,8600
2023-08-29,21.799999237060547,22.389999389648438,21.420000076293945,21.739999771118164,20.791725158691406,6700
2023-08-30,21.700000762939453,22.0,21.700000762939453,21.81999969482422,20.868236541748047,1600
2023-08-31,21.350000381469727,21.8700008392334,21.15999984741211,21.170000076293945,20.48124885559082,6600
2023-09-01,21.829999923706055,21.84000015258789,21.350000381469727,21.469999313354492,20.771488189697266,4900
2023-09-05,22.020000457763672,22.020000457763672,21.149999618530273,21.420000076293945,20.723115921020508,4400
2023-09-06,21.420000076293945,21.65999984741211,20.93000030517578,21.09000015258789,20.403852462768555,3400
2023-09-07,20.979999542236328,20.979999542236328,20.1299991607666,20.389999389648438,19.726625442504883,13000
2023-09-08,21.479999542236328,21.479999542236328,19.040000915527344,20.200000762939453,19.542810440063477,12000
2023-09-11,20.209999084472656,20.209999084472656,19.469999313354492,19.600000381469727,18.96232795715332,3700
2023-09-12,19.5,19.510000228881836,19.43000030517578,19.510000228881836,18.875255584716797,1200
2023-09-13,19.040000915527344,19.709999084472656,18.799999237060547,18.799999237060547,18.188356399536133,8800
2023-09-14,18.239999771118164,19.040000915527344,17.84000015258789,18.420000076293945,17.82071876525879,16200
2023-09-15,18.43000030517578,18.540000915527344,17.75,18.309999465942383,17.714298248291016,27300
2023-09-18,17.90999984741211,18.299999237060547,17.520000457763672,17.559999465942383,16.988697052001953,10400
2023-09-19,17.56999969482422,17.920000076293945,17.5,17.549999237060547,16.97902488708496,9300
2023-09-20,17.75,18.049999237060547,17.450000762939453,18.049999237060547,17.46275520324707,11600
2023-09-21,18.059999465942383,18.06999969482422,17.389999389648438,18.0,17.414382934570312,4200
2023-09-22,17.920000076293945,18.049999237060547,17.770000457763672,18.049999237060547,17.46275520324707,4400
2023-09-25,17.510000228881836,17.93000030517578,17.510000228881836,17.6299991607666,17.056419372558594,3500
2023-09-26,17.649999618530273,18.40999984741211,17.649999618530273,17.989999771118164,17.404708862304688,9700
2023-09-27,18.09000015258789,18.450000762939453,17.719999313354492,18.389999389648438,17.79169464111328,8700
2023-09-28,18.420000076293945,18.700000762939453,18.420000076293945,18.700000762939453,18.09160804748535,3100
2023-09-29,18.809999465942383,18.809999465942383,18.110000610351562,18.59000015258789,17.98518943786621,4200
2023-10-02,18.59000015258789,18.950000762939453,18.06999969482422,18.200000762939453,17.60787582397461,4400
2023-10-03,18.190000534057617,18.56999969482422,18.190000534057617,18.56999969482422,17.965839385986328,3300
2023-10-04,18.5,19.0,18.5,18.610000610351562,18.00453758239746,9000
2023-10-05,18.829999923706055,19.06999969482422,18.709999084472656,19.06999969482422,18.44957160949707,2100
2023-10-06,19.0,19.299999237060547,18.260000228881836,18.260000228881836,17.665924072265625,9300
2023-10-09,18.25,18.709999084472656,17.600000381469727,17.600000381469727,17.02739715576172,19500
2023-10-10,17.700000762939453,18.229999542236328,17.700000762939453,18.020000457763672,17.433731079101562,6700
2023-10-11,18.360000610351562,18.450000762939453,18.31999969482422,18.450000762939453,17.849742889404297,1700
2023-10-12,18.5,18.65999984741211,18.450000762939453,18.510000228881836,17.907791137695312,3300
2023-10-13,18.389999389648438,18.579999923706055,18.389999389648438,18.579999923706055,17.97551155090332,1000
2023-10-16,18.709999084472656,19.1299991607666,18.440000534057617,18.440000534057617,17.840068817138672,3500
2023-10-17,18.690000534057617,18.81999969482422,18.5,18.5,17.898115158081055,4200
2023-10-18,18.8700008392334,18.8700008392334,18.469999313354492,18.469999313354492,17.869091033935547,1300
2023-10-19,17.899999618530273,18.1299991607666,17.889999389648438,18.0,17.414382934570312,1700
2023-10-20,18.280000686645508,18.40999984741211,18.0,18.40999984741211,17.811044692993164,4200
2023-10-23,18.1299991607666,18.40999984741211,18.079999923706055,18.110000610351562,17.52080535888672,4400
2023-10-24,17.600000381469727,17.860000610351562,17.600000381469727,17.860000610351562,17.27893829345703,1000
2023-10-25,17.989999771118164,18.030000686645508,17.610000610351562,17.639999389648438,17.06609535217285,2200
2023-10-26,17.889999389648438,18.09000015258789,17.889999389648438,18.09000015258789,17.501453399658203,700
2023-10-27,18.100000381469727,18.389999389648438,17.81999969482422,17.81999969482422,17.240238189697266,2700
2023-10-30,18.290000915527344,18.809999465942383,18.0,18.809999465942383,18.198028564453125,4800
2023-10-31,18.5,18.81999969482422,18.360000610351562,18.81999969482422,18.207704544067383,1500
2023-11-01,18.399999618530273,18.40999984741211,18.170000076293945,18.170000076293945,17.5788516998291,2700
2023-11-02,18.3700008392334,19.690000534057617,18.3700008392334,18.649999618530273,18.04323387145996,6200
2023-11-03,19.68000030517578,19.950000762939453,18.739999771118164,19.56999969482422,18.93330192565918,2700
2023-11-06,19.25,19.65999984741211,18.950000762939453,19.389999389648438,18.759159088134766,2100
2023-11-07,19.5,19.5,19.459999084472656,19.459999084472656,18.82688331604004,1300
2023-11-08,19.920000076293945,19.920000076293945,18.799999237060547,19.790000915527344,19.146148681640625,2200
2023-11-09,18.760000228881836,18.760000228881836,18.760000228881836,18.760000228881836,18.149656295776367,1200
2023-11-10,19.219999313354492,20.440000534057617,19.219999313354492,20.440000534057617,19.775001525878906,5500
2023-11-13,20.399999618530273,20.950000762939453,19.90999984741211,20.100000381469727,19.446060180664062,6100
2023-11-14,20.799999237060547,21.25,20.309999465942383,21.25,20.55864715576172,5100
2023-11-15,21.25,21.989999771118164,21.049999237060547,21.75,21.042381286621094,8600
2023-11-16,22.0,22.1200008392334,20.059999465942383,21.079999923706055,20.39417839050293,9700
2023-11-17,21.200000762939453,21.90999984741211,21.0,21.299999237060547,20.607017517089844,10200
2023-11-20,21.139999389648438,22.350000381469727,20.920000076293945,22.18000030517578,21.458391189575195,6400
2023-11-21,22.1299991607666,22.1299991607666,21.459999084472656,21.479999542236328,20.78116226196289,2200
2023-11-22,21.969999313354492,21.989999771118164,21.350000381469727,21.989999771118164,21.27457046508789,3600
2023-11-24,21.670000076293945,22.18000030517578,21.520000457763672,22.18000030517578,21.458391189575195,7100
2023-11-27,21.979999542236328,24.959999084472656,21.979999542236328,23.549999237060547,22.783817291259766,12400
2023-11-28,23.989999771118164,24.770000457763672,23.6200008392334,23.6200008392334,22.85154151916504,4400
2023-11-29,23.899999618530273,24.0,23.59000015258789,24.0,23.21917724609375,1500
2023-11-30,23.899999618530273,24.440000534057617,23.5,23.5,22.97476577758789,3300
2023-12-01,23.360000610351562,23.360000610351562,21.65999984741211,21.809999465942383,21.322538375854492,18300
2023-12-04,22.459999084472656,23.829999923706055,21.31999969482422,21.989999771118164,21.49851417541504,7500
2023-12-05,22.309999465942383,22.850000381469727,21.459999084472656,21.459999084472656,20.98036003112793,5100
2023-12-06,21.420000076293945,22.729999542236328,21.420000076293945,21.81999969482422,21.332313537597656,17700
2023-12-07,22.469999313354492,23.25,21.889999389648438,23.25,22.7303524017334,7200
2023-12-08,23.219999313354492,23.440000534057617,22.700000762939453,23.030000686645508,22.51527214050293,4900
2023-12-11,23.200000762939453,23.68000030517578,23.200000762939453,23.239999771118164,22.720577239990234,5100
2023-12-12,23.09000015258789,23.3799991607666,23.0,23.0,22.48594093322754,6100
2023-12-13,22.5,23.020000457763672,20.479999542236328,20.559999465942383,20.100473403930664,61300
2023-12-14,20.979999542236328,22.010000228881836,20.780000686645508,22.010000228881836,21.518068313598633,9300
2023-12-15,21.829999923706055,22.06999969482422,20.489999771118164,20.489999771118164,20.032039642333984,25400
2023-12-18,21.149999618530273,22.149999618530273,20.950000762939453,21.469999313354492,20.990135192871094,6100
2023-12-19,21.860000610351562,22.969999313354492,21.860000610351562,22.450000762939453,21.94823455810547,7900
2023-12-20,22.790000915527344,23.899999618530273,22.790000915527344,23.899999618530273,23.365825653076172,8300
2023-12-21,23.540000915527344,24.3700008392334,23.389999389648438,24.360000610351562,23.81554412841797,6600
2023-12-22,24.90999984741211,24.90999984741211,24.110000610351562,24.489999771118164,23.942638397216797,5300
2023-12-26,23.760000228881836,25.0,23.75,24.950000762939453,24.392358779907227,5500
2023-12-27,24.170000076293945,25.0,24.040000915527344,24.989999771118164,24.43146324157715,4400
2023-12-28,24.850000381469727,25.670000076293945,24.75,25.670000076293945,25.096263885498047,6800
2023-12-29,25.729999542236328,25.729999542236328,24.479999542236328,25.280000686645508,24.714982986450195,8400
2024-01-02,25.34000015258789,26.0,25.280000686645508,26.0,25.41888999938965,12700
2024-01-03,25.899999618530273,25.899999618530273,24.479999542236328,24.690000534057617,24.138168334960938,8900
2024-01-04,24.780000686645508,25.25,24.239999771118164,24.610000610351562,24.05995750427246,13300
2024-01-05,24.700000762939453,25.059999465942383,23.860000610351562,23.860000610351562,23.326719284057617,6100
2024-01-08,24.290000915527344,24.709999084472656,23.190000534057617,24.260000228881836,23.7177791595459,13600
2024-01-09,24.8799991607666,24.8799991607666,23.780000686645508,23.940000534057617,23.404932022094727,13900
2024-01-10,23.5,23.8799991607666,23.200000762939453,23.43000030517578,22.906330108642578,5100
2024-01-11,24.049999237060547,24.049999237060547,23.040000915527344,23.25,22.7303524017334,6200
2024-01-12,23.8700008392334,30.5,23.8700008392334,29.600000381469727,28.93842887878418,87800
2024-01-16,29.75,30.649999618530273,24.329999923706055,26.329999923706055,25.741514205932617,33100
2024-01-17,24.899999618530273,25.93000030517578,23.25,23.31999969482422,22.79878807067871,28300
2024-01-18,23.110000610351562,23.40999984741211,22.850000381469727,22.850000381469727,22.33929443359375,9600
2024-01-19,22.75,22.780000686645508,20.6200008392334,22.260000228881836,21.762479782104492,18500
2024-01-22,22.15999984741211,23.290000915527344,21.790000915527344,22.459999084472656,21.9580078125,7400
2024-01-23,23.350000381469727,23.350000381469727,21.799999237060547,21.799999237060547,21.312761306762695,5700
2024-01-24,21.899999618530273,22.049999237060547,21.799999237060547,22.030000686645508,21.537620544433594,8500
2024-01-25,21.90999984741211,22.899999618530273,21.809999465942383,22.8700008392334,22.35884666442871,16700
2024-01-26,22.950000762939453,22.950000762939453,21.90999984741211,22.559999465942383,22.055774688720703,4300
2024-01-29,22.709999084472656,24.649999618530273,22.440000534057617,24.649999618530273,24.099061965942383,12400
2024-01-30,23.989999771118164,25.290000915527344,23.0,24.170000076293945,23.629791259765625,31500
2024-01-31,24.81999969482422,25.049999237060547,24.1200008392334,24.1200008392334,23.580907821655273,4800
2024-02-01,24.170000076293945,24.989999771118164,23.209999084472656,24.989999771118164,24.43146324157715,8000
2024-02-02,24.360000610351562,25.31999969482422,24.010000228881836,24.510000228881836,23.96219253540039,3500
2024-02-05,23.360000610351562,24.5,23.049999237060547,24.5,23.95241355895996,7100
2024-02-06,24.399999618530273,24.510000228881836,23.31999969482422,23.790000915527344,23.258285522460938,4900
2024-02-07,23.540000915527344,24.1200008392334,23.440000534057617,23.520000457763672,22.99431800842285,2800
2024-02-08,23.43000030517578,23.5,23.43000030517578,23.479999542236328,22.955211639404297,2900
2024-02-09,23.479999542236328,24.719999313354492,23.479999542236328,24.360000610351562,23.81554412841797,2900
2024-02-12,25.040000915527344,25.040000915527344,24.40999984741211,24.40999984741211,23.86442756652832,3800
2024-02-13,24.709999084472656,24.709999084472656,23.100000381469727,23.100000381469727,22.58370590209961,5000
2024-02-14,24.049999237060547,24.09000015258789,23.5,24.09000015258789,23.551578521728516,3300
2024-02-15,24.100000381469727,26.389999389648438,24.100000381469727,26.059999465942383,25.477548599243164,8200
2024-02-16,25.899999618530273,26.270000457763672,24.190000534057617,24.190000534057617,23.649343490600586,13100
2024-02-20,24.18000030517578,24.309999465942383,22.40999984741211,22.40999984741211,21.90912628173828,19700
2024-02-21,22.6299991607666,22.6299991607666,21.15999984741211,21.600000381469727,21.117231369018555,11700
2024-02-22,21.959999084472656,22.8799991607666,21.530000686645508,22.239999771118164,21.74292755126953,11600
2024-02-23,22.100000381469727,23.420000076293945,22.06999969482422,23.420000076293945,22.89655303955078,12200
2024-02-26,23.270000457763672,23.530000686645508,22.110000610351562,22.399999618530273,21.899349212646484,4900
2024-02-27,22.790000915527344,23.299999237060547,22.459999084472656,22.559999465942383,22.055774688720703,6100
2024-02-28,22.850000381469727,22.850000381469727,22.530000686645508,22.549999237060547,22.045997619628906,4000
2024-02-29,23.260000228881836,24.0,23.010000228881836,23.309999465942383,22.789011001586914,6600
2024-03-01,23.649999618530273,24.8799991607666,23.299999237060547,23.299999237060547,22.77923583984375,14700
2024-03-04,24.450000762939453,28.06999969482422,24.31999969482422,27.770000457763672,27.149328231811523,28100
2024-03-05,29.149999618530273,29.899999618530273,27.760000228881836,29.899999618530273,29.231721878051758,26400
2024-03-06,29.899999618530273,31.0,29.010000228881836,30.399999618530273,29.72054672241211,25400
2024-03-07,30.40999984741211,30.940000534057617,29.84000015258789,30.25,29.57390022277832,7300
2024-03-08,29.729999542236328,30.25,29.079999923706055,29.350000381469727,28.981435775756836,6600
2024-03-11,29.579999923706055,38.25,29.549999237060547,35.5099983215332,35.06407928466797,55500
2024-03-12,35.52000045776367,35.86000061035156,32.43000030517578,32.43000030517578,32.02275848388672,12800
2024-03-13,34.119998931884766,34.119998931884766,30.8700008392334,32.099998474121094,31.696901321411133,8600
2024-03-14,32.400001525878906,33.56999969482422,30.5,30.5,30.116994857788086,11600
2024-03-15,30.450000762939453,34.290000915527344,29.93000030517578,29.93000030517578,29.55415153503418,41500
2024-03-18,30.940000534057617,33.650001525878906,30.940000534057617,31.84000015258789,31.440166473388672,29400
2024-03-19,32.209999084472656,35.54999923706055,32.0,35.2400016784668,34.7974739074707,17500
2024-03-20,35.04999923706055,36.0,34.290000915527344,36.0,35.54792785644531,7200
2024-03-21,36.9900016784668,39.90999984741211,35.4900016784668,37.900001525878906,37.424068450927734,22400
2024-03-22,36.29999923706055,38.029998779296875,35.47999954223633,35.47999954223633,35.03445816040039,10600
2024-03-25,35.54999923706055,36.04999923706055,35.11000061035156,35.810001373291016,35.360313415527344,10000
2024-03-26,36.5,37.90999984741211,34.5,34.5,34.06676483154297,5700
2024-03-27,35.279998779296875,35.900001525878906,34.29999923706055,34.36000061035156,33.928524017333984,8500
2024-03-28,34.4900016784668,35.72999954223633,33.54999923706055,34.29999923706055,33.8692741394043,8000
2024-04-01,33.29999923706055,34.0,30.93000030517578,32.279998779296875,31.87464141845703,33100
2024-04-02,31.600000381469727,33.900001525878906,30.920000076293945,31.170000076293945,30.778581619262695,12400
2024-04-03,31.510000228881836,33.13999938964844,31.510000228881836,33.13999938964844,32.72384262084961,15100
2024-04-04,33.13999938964844,35.150001525878906,32.900001525878906,35.0,34.56048583984375,15500
2024-04-05,34.650001525878906,35.20000076293945,33.099998474121094,34.290000915527344,33.85940170288086,20100
2024-04-08,34.439998626708984,37.16999816894531,34.439998626708984,36.0,35.54792785644531,24900
2024-04-09,35.68000030517578,36.5099983215332,34.25,34.25,33.81990432739258,14400
2024-04-10,34.97999954223633,35.16999816894531,33.45000076293945,35.16999816894531,34.72834777832031,15900
2024-04-11,35.16999816894531,35.599998474121094,33.310001373291016,33.310001373291016,32.89170837402344,15800
2024-04-12,33.369998931884766,34.0,33.08000183105469,33.099998474121094,32.68434143066406,14200
2024-04-15,33.0,33.599998474121094,31.530000686645508,31.530000686645508,31.13405990600586,31800
2024-04-16,31.93000030517578,33.0099983215332,30.579999923706055,30.829999923706055,30.44285011291504,32700
2024-04-17,31.100000381469727,32.43000030517578,30.649999618530273,31.270000457763672,30.8773250579834,27600
2024-04-18,31.309999465942383,31.719999313354492,31.280000686645508,31.719999313354492,31.321672439575195,6300
2024-04-19,31.010000228881836,31.360000610351562,30.799999237060547,31.360000610351562,30.966196060180664,3600
2024-04-22,33.0,33.0,31.440000534057617,31.530000686645508,31.13405990600586,7500
2024-04-23,31.489999771118164,32.9900016784668,31.489999771118164,31.860000610351562,31.459917068481445,8800
2024-04-24,31.860000610351562,32.81999969482422,31.860000610351562,32.27000045776367,31.86476707458496,5000
2024-04-25,32.4900016784668,33.36000061035156,32.060001373291016,32.40999984741211,32.00300979614258,11500
2024-04-26,32.43000030517578,34.91999816894531,32.43000030517578,34.27000045776367,33.83965301513672,33800
2024-04-29,33.869998931884766,34.400001525878906,32.619998931884766,33.779998779296875,33.355804443359375,24400
2024-04-30,33.619998931884766,33.619998931884766,31.489999771118164,31.489999771118164,31.094562530517578,12500
2024-05-01,31.989999771118164,32.0,30.760000228881836,31.420000076293945,31.025442123413086,9500
2024-05-02,31.3700008392334,31.850000381469727,30.200000762939453,30.200000762939453,29.820762634277344,5600
2024-05-03,30.200000762939453,32.9900016784668,30.200000762939453,32.65999984741211,32.24987030029297,5500
2024-05-06,33.0,34.66999816894531,32.349998474121094,34.66999816894531,34.23462677001953,14700
2024-05-07,33.84000015258789,34.939998626708984,33.66999816894531,34.18000030517578,33.75078201293945,6400
2024-05-08,32.02000045776367,32.20000076293945,27.600000381469727,27.600000381469727,27.2534122467041,26300
2024-05-09,26.43000030517578,26.84000015258789,25.209999084472656,25.68000030517578,25.357521057128906,33700
2024-05-10,25.579999923706055,25.6299991607666,24.309999465942383,24.950000762939453,24.636690139770508,11800
2024-05-13,24.809999465942383,24.809999465942383,20.600000381469727,21.280000686645508,21.012775421142578,117500
2024-05-14,21.190000534057617,22.68000030517578,20.75,22.0,21.72373390197754,24500
2024-05-15,23.049999237060547,23.450000762939453,21.920000076293945,23.200000762939453,22.90866470336914,14900
2024-05-16,22.530000686645508,23.770000457763672,22.530000686645508,23.40999984741211,23.11602783203125,6000
2024-05-17,23.799999237060547,24.940000534057617,23.440000534057617,24.6200008392334,24.310832977294922,10400
2024-05-20,24.329999923706055,25.520000457763672,23.739999771118164,23.739999771118164,23.441883087158203,24300
2024-05-21,23.889999389648438,24.780000686645508,23.670000076293945,24.399999618530273,24.093595504760742,8500
2024-05-22,24.399999618530273,25.360000610351562,24.290000915527344,25.270000457763672,24.95267105102539,16800
2024-05-23,25.010000228881836,25.6299991607666,24.700000762939453,24.700000762939453,24.389829635620117,9900
2024-05-24,24.920000076293945,25.579999923706055,24.31999969482422,25.579999923706055,25.258777618408203,7500
2024-05-28,25.690000534057617,25.899999618530273,25.0,25.110000610351562,24.794679641723633,11500
2024-05-29,24.760000228881836,25.0,24.100000381469727,24.100000381469727,23.79736328125,5100
2024-05-30,24.610000610351562,24.799999237060547,24.229999542236328,24.649999618530273,24.340456008911133,7800
2024-05-31,24.350000381469727,24.350000381469727,23.639999389648438,24.09000015258789,23.78748893737793,3300
2024-06-03,24.149999618530273,24.559999465942383,23.639999389648438,23.920000076293945,23.6196231842041,6100
2024-06-04,23.809999465942383,24.219999313354492,22.489999771118164,23.190000534057617,22.89879035949707,17600
2024-06-05,23.190000534057617,24.639999389648438,23.139999389648438,24.59000015258789,24.28120994567871,15600
2024-06-06,24.34000015258789,24.989999771118164,23.8799991607666,23.8799991607666,23.580123901367188,4700
2024-06-07,24.030000686645508,24.299999237060547,23.610000610351562,23.889999389648438,23.589998245239258,10800
2024-06-10,23.229999542236328,23.399999618530273,22.579999923706055,23.059999465942383,23.059999465942383,14800
2024-06-11,22.799999237060547,23.8799991607666,22.600000381469727,23.75,23.75,3600
2024-06-12,23.90999984741211,24.920000076293945,23.40999984741211,24.600000381469727,24.600000381469727,10300
2024-06-13,23.700000762939453,24.280000686645508,23.700000762939453,23.719999313354492,23.719999313354492,2100
2024-06-14,23.700000762939453,24.639999389648438,23.40999984741211,23.579999923706055,23.579999923706055,25100
2024-06-17,22.989999771118164,24.079999923706055,21.459999084472656,22.0,22.0,48000
2024-06-18,22.0,22.600000381469727,22.0,22.0,22.0,18700
2024-06-20,22.719999313354492,22.969999313354492,22.719999313354492,22.969999313354492,22.969999313354492,2000
2024-06-21,22.690000534057617,22.75,22.510000228881836,22.510000228881836,22.510000228881836,5600
2024-06-24,22.780000686645508,24.200000762939453,22.780000686645508,23.010000228881836,23.010000228881836,18800
2024-06-25,23.360000610351562,24.200000762939453,23.299999237060547,24.200000762939453,24.200000762939453,51700
2024-06-26,24.18000030517578,24.18000030517578,23.3799991607666,24.18000030517578,24.18000030517578,13800
2024-06-27,24.489999771118164,24.489999771118164,23.309999465942383,23.829999923706055,23.829999923706055,9200
2024-06-28,24.0,24.90999984741211,23.280000686645508,24.670000076293945,24.670000076293945,42500
2024-07-01,24.5,24.5,24.0,24.399999618530273,24.399999618530273,4700
2024-07-02,24.170000076293945,24.18000030517578,23.360000610351562,23.360000610351562,23.360000610351562,8100
2024-07-03,23.34000015258789,23.43000030517578,23.040000915527344,23.040000915527344,23.040000915527344,2200
2024-07-05,22.899999618530273,23.809999465942383,22.579999923706055,22.579999923706055,22.579999923706055,10900
2024-07-08,22.5,23.5,22.5,22.56999969482422,22.56999969482422,15800
2024-07-09,22.56999969482422,22.56999969482422,21.170000076293945,21.709999084472656,21.709999084472656,19100
2024-07-10,22.559999465942383,22.649999618530273,21.75,22.649999618530273,22.649999618530273,5500
2024-07-11,22.649999618530273,23.940000534057617,22.309999465942383,23.940000534057617,23.940000534057617,10700
2024-07-12,23.6200008392334,23.6200008392334,22.40999984741211,23.260000228881836,23.260000228881836,11000
2024-07-15,23.190000534057617,23.780000686645508,22.139999389648438,22.139999389648438,22.139999389648438,6100
2024-07-16,22.18000030517578,23.700000762939453,22.18000030517578,23.700000762939453,23.700000762939453,11100
2024-07-17,23.479999542236328,24.399999618530273,23.260000228881836,24.399999618530273,24.399999618530273,10500
2024-07-18,24.399999618530273,24.399999618530273,23.68000030517578,24.15999984741211,24.15999984741211,2500
2024-07-19,24.020000457763672,24.170000076293945,23.889999389648438,23.940000534057617,23.940000534057617,5000
2024-07-22,23.6200008392334,24.0,23.43000030517578,24.0,24.0,5000
2024-07-23,23.350000381469727,24.079999923706055,23.31999969482422,24.079999923706055,24.079999923706055,3800
2024-07-24,23.889999389648438,24.75,23.889999389648438,24.6200008392334,24.6200008392334,7000
2024-07-25,24.65999984741211,25.290000915527344,24.15999984741211,25.170000076293945,25.170000076293945,7200
2024-07-26,25.68000030517578,26.0,25.3700008392334,25.3700008392334,25.3700008392334,2600
2024-07-29,25.0,25.209999084472656,25.0,25.149999618530273,25.149999618530273,1600
2024-07-30,25.56999969482422,26.770000457763672,25.56999969482422,26.700000762939453,26.700000762939453,5200
2024-07-31,27.290000915527344,27.5,25.639999389648438,25.639999389648438,25.639999389648438,6600
2024-08-01,26.219999313354492,26.219999313354492,24.010000228881836,24.010000228881836,24.010000228881836,8000
2024-08-02,23.25,23.684999465942383,23.25,23.25,23.25,1378
