Date,Open,High,Low,Close,Adj Close,Volume
1981-12-31,13.9375,14.0,13.875,13.96875,4.698761463165283,449200
1982-01-04,13.75,13.96875,13.5,13.6875,4.60415506362915,630400
1982-01-05,13.25,13.46875,13.0,13.0,4.37289571762085,1076800
1982-01-06,12.875,12.96875,12.75,12.875,4.330849647521973,1560400
1982-01-07,12.71875,12.9375,12.5,12.625,4.246752738952637,1303600
1982-01-08,12.8125,12.90625,12.6875,12.78125,4.29931116104126,991200
1982-01-11,12.59375,12.9375,12.25,12.3125,4.141637325286865,1479600
1982-01-12,12.5,12.6875,12.28125,12.65625,4.257265567779541,1089600
1982-01-13,12.65625,13.0625,12.21875,12.375,4.162662506103516,1231200
1982-01-14,12.53125,12.65625,12.375,12.65625,4.257265567779541,1068400
1982-01-15,12.6875,12.75,12.59375,12.6875,4.267777442932129,724400
1982-01-18,12.59375,12.78125,12.40625,12.78125,4.29931116104126,897600
1982-01-19,12.59375,12.78125,12.40625,12.40625,4.173171520233154,722000
1982-01-20,12.21875,12.4375,11.96875,12.1875,4.099590301513672,1852800
1982-01-21,12.125,12.3125,11.9375,12.0625,4.057542324066162,1187200
1982-01-22,12.0,12.15625,11.8125,11.8125,3.973447322845459,868000
1982-01-25,12.09375,12.46875,11.6875,12.46875,4.194195747375488,1900800
1982-01-26,12.375,12.53125,12.1875,12.1875,4.099590301513672,1143200
1982-01-27,12.46875,12.6875,12.25,12.53125,4.2152228355407715,1310800
1982-01-28,12.875,13.09375,12.625,13.0625,4.393917560577393,1169200
1982-01-29,13.4375,13.59375,13.28125,13.5,4.541083812713623,2861600
1982-02-01,12.9375,13.21875,12.65625,12.71875,4.278290748596191,1345200
1982-02-02,12.78125,12.90625,12.625,12.75,4.288801670074463,1434400
1982-02-03,12.5,12.875,12.125,12.21875,4.110101222991943,1294800
1982-02-04,12.3125,12.5,12.125,12.5,4.204707622528076,1818000
1982-02-05,12.65625,12.875,12.40625,12.625,4.246752738952637,1472000
1982-02-08,12.21875,12.4375,12.0,12.03125,4.047031879425049,1396400
1982-02-09,12.09375,12.3125,11.875,12.15625,4.089077949523926,1279200
1982-02-10,12.375,12.5625,12.15625,12.25,4.120612144470215,1146000
1982-02-11,12.09375,12.3125,11.875,11.9375,4.015493869781494,1359200
1982-02-12,12.03125,12.125,11.90625,12.0,4.036518096923828,1182800
1982-02-16,12.09375,12.4375,11.75,12.4375,4.183682441711426,1678400
1982-02-17,12.34375,12.4375,12.21875,12.25,4.120612144470215,1125200
1982-02-18,12.3125,12.4375,12.1875,12.34375,4.152149200439453,765200
1982-02-19,12.28125,12.40625,12.125,12.21875,4.110101222991943,774800
1982-02-22,12.03125,12.40625,11.65625,11.6875,3.9314022064208984,1422000
1982-02-23,11.6875,11.90625,11.4375,11.75,3.952423095703125,1600800
1982-02-24,12.0625,12.34375,11.78125,12.28125,4.1311235427856445,1030000
1982-02-25,12.09375,12.28125,11.875,12.09375,4.068050861358643,789200
1982-02-26,12.03125,12.125,11.90625,11.96875,4.026007652282715,640000
1982-03-01,11.8125,12.03125,11.5625,11.75,3.952423095703125,977600
1982-03-02,11.4375,11.84375,11.03125,11.0625,3.7211649417877197,1373200
1982-03-03,10.6875,10.8125,10.5625,10.75,3.616049289703369,2811200
1982-03-04,10.6875,10.9375,10.4375,10.75,3.616049289703369,4486800
1982-03-05,10.6875,10.84375,10.53125,10.78125,3.626558542251587,2571200
1982-03-08,10.5,10.96875,10.0,10.0625,3.3847880363464355,2307600
1982-03-09,10.5625,11.0,10.09375,10.59375,3.5812859535217285,2858800
1982-03-10,10.8125,11.125,10.5,10.875,3.676363468170166,1601600
1982-03-11,10.8125,10.96875,10.625,10.8125,3.655235767364502,1247200
1982-03-12,10.71875,10.84375,10.59375,10.65625,3.6024117469787598,1305600
1982-03-15,10.84375,11.03125,10.625,11.0,3.718620538711548,1224400
1982-03-16,10.96875,11.125,10.8125,10.84375,3.6657989025115967,1113200
1982-03-17,10.8125,10.96875,10.625,10.65625,3.6024117469787598,759600
1982-03-18,10.8125,10.96875,10.65625,10.875,3.676363468170166,1245200
1982-03-19,10.875,10.9375,10.65625,10.71875,3.6235404014587402,1400800
1982-03-22,10.9375,11.0625,10.78125,11.0625,3.739748001098633,1125600
1982-03-23,11.0,11.125,10.84375,11.0625,3.739748001098633,1092800
1982-03-24,11.125,11.25,10.96875,11.125,3.760878324508667,1596800
1982-03-25,11.125,11.3125,10.9375,11.0,3.718620538711548,1070400
1982-03-26,10.75,10.96875,10.53125,10.625,3.5918498039245605,1150400
1982-03-29,10.625,10.75,10.46875,10.75,3.634106159210205,644800
1982-03-30,10.65625,10.71875,10.5625,10.65625,3.6024117469787598,793200
1982-03-31,10.6875,10.78125,10.59375,10.65625,3.6024117469787598,1119200
1982-04-01,10.8125,11.0625,10.5625,11.0625,3.739748001098633,1167600
1982-04-02,11.3125,11.53125,11.09375,11.4375,3.866518020629883,1537200
1982-04-05,11.25,11.4375,11.0625,11.1875,3.7820045948028564,699600
1982-04-06,11.3125,11.4375,11.1875,11.40625,3.855956554412842,776000
1982-04-07,11.53125,11.625,11.40625,11.53125,3.8982126712799072,1457600
1982-04-08,11.71875,11.875,11.53125,11.6875,3.951035499572754,1549600
1982-04-12,11.625,11.71875,11.5,11.53125,3.8982126712799072,884800
1982-04-13,11.53125,11.65625,11.40625,11.4375,3.866518020629883,804400
1982-04-14,11.34375,11.4375,11.25,11.40625,3.855956554412842,692800
1982-04-15,11.3125,11.375,11.21875,11.3125,3.824262857437134,452800
1982-04-16,11.3125,11.5625,11.28125,11.375,3.845391273498535,768800
1982-04-19,11.3125,11.40625,11.1875,11.21875,3.792567014694214,713600
1982-04-20,10.96875,11.1875,10.75,10.84375,3.6657989025115967,1103600
1982-04-21,10.53125,10.71875,10.34375,10.5625,3.570719003677368,2250800
1982-04-22,10.96875,11.21875,10.6875,11.21875,3.792567014694214,2845600
1982-04-23,11.625,11.8125,11.4375,11.75,3.9721622467041016,2343200
1982-04-26,11.96875,12.21875,11.6875,12.0,4.056676864624023,2468000
1982-04-27,11.78125,12.0,11.53125,11.625,3.9299046993255615,1718400
1982-04-28,11.59375,11.75,11.4375,11.65625,3.9404702186584473,1735600
1982-04-29,11.625,11.75,11.5,11.53125,3.8982126712799072,1164800
1982-04-30,11.59375,11.6875,11.5,11.5,3.887648582458496,911200
1982-05-03,11.5625,11.6875,11.4375,11.65625,3.9404702186584473,1023200
1982-05-04,11.84375,11.96875,11.6875,11.9375,4.035549163818359,1966800
1982-05-05,11.875,12.03125,11.6875,11.84375,4.003854274749756,1378800
1982-05-06,11.96875,12.0625,11.875,12.0,4.056676864624023,1312000
1982-05-07,12.25,12.375,12.09375,12.25,4.141190528869629,1761600
1982-05-10,12.09375,12.25,11.90625,12.03125,4.06724214553833,1481200
1982-05-11,12.125,12.34375,11.875,12.21875,4.130627632141113,2420400
1982-05-12,12.25,12.4375,12.03125,12.03125,4.06724214553833,1472800
1982-05-13,12.21875,12.3125,12.09375,12.1875,4.120062351226807,1064000
1982-05-14,12.125,12.1875,12.0625,12.1875,4.120062351226807,777600
1982-05-17,12.03125,12.125,11.90625,11.9375,4.035549163818359,871600
1982-05-18,11.8125,11.90625,11.71875,11.8125,3.99328875541687,784800
1982-05-19,11.65625,11.875,11.4375,11.5,3.887648582458496,622800
1982-05-20,11.46875,11.625,11.3125,11.625,3.9299046993255615,1421200
1982-05-21,11.71875,11.78125,11.625,11.71875,3.9615986347198486,993600
1982-05-24,11.625,11.75,11.5,11.75,3.9721622467041016,747600
1982-05-25,11.75,11.90625,11.5625,11.5625,3.9087753295898438,988800
1982-05-26,11.3125,11.40625,11.21875,11.25,3.80313777923584,2038800
1982-05-27,11.21875,11.3125,11.125,11.21875,3.792567014694214,1097600
1982-05-28,11.09375,11.28125,10.875,10.9375,3.697491407394409,880000
1982-06-01,11.09375,11.1875,11.0,11.1875,3.7820045948028564,1130400
1982-06-02,10.9375,11.1875,10.6875,10.78125,3.6446688175201416,1629200
1982-06-03,10.53125,10.78125,10.25,10.53125,3.560157299041748,2386800
1982-06-04,10.28125,10.5,10.0625,10.25,3.465078592300415,1426800
1982-06-07,10.125,10.28125,9.9375,10.21875,3.45451283454895,2116000
1982-06-08,10.03125,10.25,9.8125,9.875,3.358023166656494,3626000
1982-06-09,9.59375,9.75,9.40625,9.59375,3.2623860836029053,2973600
1982-06-10,9.78125,9.875,9.65625,9.875,3.358023166656494,2408400
1982-06-11,10.125,10.28125,9.96875,10.25,3.485544204711914,2722000
1982-06-14,10.125,10.21875,10.0,10.03125,3.4111545085906982,1371600
1982-06-15,9.90625,10.0,9.8125,9.9375,3.3792755603790283,1032000
1982-06-16,9.90625,10.09375,9.6875,9.71875,3.304887294769287,1276000
1982-06-17,9.625,9.75,9.5,9.53125,3.241130828857422,1393200
1982-06-18,9.5625,9.625,9.46875,9.59375,3.2623860836029053,1168000
1982-06-21,9.71875,9.875,9.53125,9.625,3.2730093002319336,1160800
1982-06-22,9.78125,10.0,9.5625,9.96875,3.3899030685424805,1119200
1982-06-23,10.125,10.34375,9.90625,10.34375,3.5174224376678467,1660400
1982-06-24,10.125,10.3125,9.90625,9.96875,3.3899030685424805,1463200
1982-06-25,9.84375,9.9375,9.71875,9.71875,3.304887294769287,887600
1982-06-28,9.84375,9.9375,9.71875,9.875,3.358023166656494,1187600
1982-06-29,9.78125,9.9375,9.625,9.71875,3.304887294769287,905600
1982-06-30,9.6875,9.84375,9.53125,9.5625,3.251756191253662,1291600
1982-07-01,9.40625,9.59375,9.1875,9.21875,3.134864568710327,1618800
1982-07-02,9.0625,9.1875,8.9375,8.9375,3.0392239093780518,2031200
1982-07-06,9.09375,9.21875,8.9375,9.21875,3.134864568710327,1334800
1982-07-07,9.25,9.3125,9.15625,9.1875,3.1242358684539795,1024800
1982-07-08,9.09375,9.3125,8.875,9.28125,3.156116485595703,2107600
1982-07-09,9.5625,9.8125,9.28125,9.6875,3.2942628860473633,1682800
1982-07-12,9.25,9.375,9.125,9.375,3.187997817993164,1211600
1982-07-13,9.25,9.34375,9.15625,9.1875,3.1242358684539795,968800
1982-07-14,9.25,9.375,9.125,9.375,3.187997817993164,1211600
1982-07-15,9.3125,9.46875,9.15625,9.1875,3.1242358684539795,1389600
1982-07-16,9.21875,9.40625,9.03125,9.15625,3.1136107444763184,71600
1982-07-19,9.25,9.4375,9.0625,9.15625,3.1136107444763184,928400
1982-07-20,9.125,9.25,8.96875,9.25,3.1454918384552,1279600
1982-07-21,9.3125,9.4375,9.15625,9.1875,3.1242358684539795,1284800
1982-07-22,9.375,9.46875,9.25,9.4375,3.209252119064331,1768800
1982-07-23,9.75,9.9375,9.53125,9.875,3.358023166656494,1998000
1982-07-26,9.9375,10.0625,9.78125,9.8125,3.3367691040039062,1618800
1982-07-27,9.71875,9.90625,9.53125,9.59375,3.2623860836029053,1047200
1982-07-28,9.4375,9.59375,9.25,9.34375,3.1773715019226074,1122800
1982-07-29,9.3125,9.46875,9.125,9.25,3.1454918384552,2087600
1982-07-30,9.0625,9.25,8.84375,8.9375,3.0392239093780518,1843600
1982-08-02,9.1875,9.3125,9.0625,9.3125,3.166745185852051,1775600
1982-08-03,9.21875,9.34375,9.09375,9.15625,3.1136107444763184,1417200
1982-08-04,9.09375,9.1875,8.96875,8.96875,3.0498499870300293,1465200
1982-08-05,8.875,9.03125,8.6875,8.96875,3.0498499870300293,1702800
1982-08-06,8.90625,9.09375,8.71875,8.78125,2.9860899448394775,1114800
1982-08-09,8.84375,9.0625,8.625,8.96875,3.0498499870300293,1387600
1982-08-10,8.9375,9.125,8.71875,8.75,2.975463628768921,1289600
1982-08-11,8.71875,8.8125,8.625,8.78125,2.9860899448394775,991600
1982-08-12,8.6875,8.90625,8.4375,8.5,2.890451192855835,1140000
1982-08-13,8.5,8.59375,8.40625,8.53125,2.9010770320892334,2291200
1982-08-16,8.1875,8.65625,7.6875,7.875,2.6779160499572754,3632400
1982-08-17,8.0,8.375,7.59375,8.25,2.805438280105591,4498800
1982-08-18,8.25,8.59375,7.875,8.25,2.805438280105591,3756800
1982-08-19,7.8125,8.125,7.5,8.09375,2.7523045539855957,3962400
1982-08-20,8.21875,8.5,7.9375,8.5,2.890451192855835,3162800
1982-08-23,8.59375,8.8125,8.375,8.8125,2.9967172145843506,3111600
1982-08-24,9.03125,9.3125,8.75,9.0,3.0604770183563232,2958800
1982-08-25,9.1875,9.46875,8.90625,9.34375,3.1773715019226074,3545600
1982-08-26,9.40625,9.6875,9.125,9.21875,3.134864568710327,3864000
1982-08-27,9.09375,9.21875,8.96875,9.15625,3.1136107444763184,1279600
1982-08-30,9.0,9.15625,8.84375,9.125,3.102982997894287,1742400
1982-08-31,9.1875,9.28125,9.09375,9.125,3.102982997894287,924000
1982-09-01,9.15625,9.34375,8.9375,9.0625,3.0817313194274902,2341600
1982-09-02,9.0625,9.21875,8.90625,9.15625,3.1136107444763184,1636800
1982-09-03,9.59375,9.75,9.40625,9.75,3.3155150413513184,4520400
1982-09-07,9.53125,9.6875,9.375,9.40625,3.21842885017395,1275600
1982-09-08,9.46875,9.59375,9.3125,9.46875,3.239813804626465,1636400
1982-09-09,9.28125,9.4375,9.09375,9.25,3.1649680137634277,2248800
1982-09-10,9.125,9.3125,8.9375,9.09375,3.1115047931671143,1358000
1982-09-13,9.21875,9.4375,8.96875,9.4375,3.229121685028076,1347200
1982-09-14,9.625,9.78125,9.4375,9.65625,3.3039681911468506,2354400
1982-09-15,9.65625,9.78125,9.53125,9.78125,3.3467373847961426,1173200
1982-09-16,9.5,9.71875,9.25,9.28125,3.175658702850342,1657600
1982-09-17,9.3125,9.4375,9.15625,9.3125,3.186351776123047,1515600
1982-09-20,9.3125,9.40625,9.1875,9.34375,3.1970458030700684,1437200
1982-09-21,9.46875,9.5625,9.375,9.5625,3.2718920707702637,1305600
1982-09-22,9.46875,9.6875,9.25,9.25,3.1649680137634277,1896400
1982-09-23,9.28125,9.375,9.15625,9.15625,3.1328907012939453,1127200
1982-09-24,9.15625,9.28125,9.0,9.125,3.122197389602661,1388800
1982-09-27,8.9375,9.09375,8.78125,9.0,3.079427480697632,1375600
1982-09-28,8.9375,9.03125,8.8125,8.90625,3.0473506450653076,1676000
1982-09-29,8.875,8.9375,8.8125,8.875,3.036655902862549,1942400
1982-09-30,8.75,8.875,8.59375,8.75,2.9938855171203613,1240400
1982-10-01,8.78125,8.90625,8.625,8.875,3.036655902862549,2082800
1982-10-04,8.78125,8.875,8.65625,8.78125,3.0045812129974365,2473600
1982-10-05,8.875,9.03125,8.6875,8.6875,2.972503185272217,2047200
1982-10-06,8.53125,8.71875,8.34375,8.65625,2.9618098735809326,3412000
1982-10-07,9.34375,9.8125,8.84375,9.15625,3.1328907012939453,3465600
1982-10-08,9.28125,9.375,9.15625,9.34375,3.1970458030700684,2926400
1982-10-11,9.78125,10.09375,9.4375,9.8125,3.3574321269989014,5180400
1982-10-12,10.40625,10.625,9.90625,10.5625,3.6140480041503906,4503600
1982-10-13,11.09375,11.5625,10.65625,11.1875,3.82789945602417,5331200
1982-10-14,11.125,11.5,10.71875,10.84375,3.71028208732605,3882400
1982-10-15,10.75,11.0,10.5,10.78125,3.6888983249664307,2301200
1982-10-18,10.96875,11.1875,10.75,11.1875,3.82789945602417,1582000
1982-10-19,11.0,11.3125,10.6875,10.8125,3.699589729309082,2284400
1982-10-20,10.8125,11.0625,10.53125,11.0625,3.7851295471191406,1906000
1982-10-21,10.78125,11.15625,10.40625,10.75,3.6782050132751465,2336800
1982-10-22,10.6875,10.96875,10.40625,10.5,3.592663288116455,1726400
1982-10-25,9.96875,10.15625,9.75,9.90625,3.389508008956909,2618800
1982-10-26,9.875,10.0625,9.6875,9.84375,3.368124008178711,2934400
1982-10-27,10.15625,10.375,9.9375,10.21875,3.496432065963745,2566400
1982-10-28,10.15625,10.28125,10.0,10.03125,3.432278633117676,1262800
1982-10-29,9.59375,9.90625,9.25,9.25,3.1649680137634277,2125600
1982-11-01,9.8125,9.9375,9.65625,9.84375,3.368124008178711,1555600
1982-11-02,10.15625,10.34375,9.9375,9.96875,3.410893678665161,2200000
1982-11-03,10.3125,10.75,9.875,10.6875,3.6568214893341064,3320400
1982-11-04,10.8125,11.03125,10.5625,10.71875,3.6675095558166504,3409600
1982-11-05,10.53125,10.71875,10.3125,10.375,3.549894332885742,1910000
1982-11-08,10.28125,10.4375,10.125,10.375,3.549894332885742,2140000
1982-11-09,10.71875,11.125,10.3125,11.125,3.8065130710601807,2636800
1982-11-10,10.875,11.1875,10.5625,10.6875,3.6568214893341064,2106800
1982-11-11,10.53125,10.65625,10.375,10.625,3.635435104370117,1131200
1982-11-12,10.1875,10.53125,9.8125,9.875,3.3788154125213623,2440000
1982-11-15,9.75,9.875,9.625,9.71875,3.3253531455993652,1458400
1982-11-16,9.75,10.125,9.375,9.90625,3.389508008956909,2288400
1982-11-17,9.96875,10.0625,9.875,9.9375,3.4001994132995605,1258800
1982-11-18,9.90625,9.96875,9.8125,9.90625,3.389508008956909,1360400
1982-11-19,9.71875,9.9375,9.5,9.5,3.2505056858062744,1290400
1982-11-22,9.6875,9.8125,9.53125,9.5625,3.2718920707702637,1997200
1982-11-23,9.71875,9.875,9.53125,9.65625,3.3039681911468506,1902400
1982-11-24,9.78125,9.9375,9.59375,9.6875,3.3146615028381348,1120400
1982-11-26,9.75,9.78125,9.6875,9.78125,3.3467373847961426,1122000
1982-11-29,9.71875,9.8125,9.625,9.6875,3.3146615028381348,1156000
1982-11-30,9.71875,9.8125,9.59375,9.8125,3.3574321269989014,2126400
1982-12-01,9.90625,10.1875,9.625,9.875,3.3788154125213623,2815600
1982-12-02,9.8125,9.90625,9.6875,9.6875,3.3146615028381348,1361200
1982-12-03,9.78125,9.90625,9.625,9.625,3.29327654838562,1954000
1982-12-06,10.03125,10.375,9.6875,10.375,3.549894332885742,1561200
1982-12-07,10.6875,10.90625,10.4375,10.71875,3.6675095558166504,4295200
1982-12-08,10.8125,11.03125,10.59375,10.625,3.635435104370117,3952000
1982-12-09,10.75,10.96875,10.5,10.75,3.6782050132751465,5464000
1982-12-10,10.96875,11.1875,10.75,11.0,3.7637431621551514,2856400
1982-12-13,11.125,11.21875,11.03125,11.0625,3.7851295471191406,1903600
1982-12-14,10.875,11.25,10.5,10.5,3.612255811691284,3252400
1982-12-15,10.46875,10.6875,10.25,10.59375,3.644510269165039,1979200
1982-12-16,10.90625,11.125,10.65625,10.9375,3.7627696990966797,3153200
1982-12-17,11.0,11.1875,10.78125,11.0625,3.805771827697754,2004000
1982-12-20,11.0625,11.1875,10.9375,10.9375,3.7627696990966797,1759600
1982-12-21,11.125,11.375,10.875,11.21875,3.859525680541992,2059200
1982-12-22,11.40625,11.5625,11.21875,11.40625,3.9240312576293945,4504800
1982-12-23,11.59375,11.71875,11.4375,11.625,3.9992868900299072,2208400
1982-12-27,11.71875,11.84375,11.59375,11.78125,4.053039073944092,2060000
1982-12-28,11.65625,11.9375,11.34375,11.375,3.913280725479126,1400800
1982-12-29,11.34375,11.5,11.1875,11.3125,3.8917763233184814,832400
1982-12-30,11.5,11.65625,11.34375,11.5,3.9562828540802,1206400
1982-12-31,11.625,11.75,11.5,11.65625,4.010034561157227,786800
1983-01-03,11.5625,11.75,11.375,11.40625,3.9240312576293945,1168000
1983-01-04,11.625,11.9375,11.28125,11.90625,4.096040725708008,2361600
1983-01-05,12.28125,12.5,12.03125,12.40625,4.268054962158203,5144400
1983-01-06,12.6875,13.0,12.34375,12.78125,4.397062301635742,5393200
1983-01-07,12.59375,12.78125,12.40625,12.625,4.3433074951171875,4886800
1983-01-10,12.4375,12.5625,12.3125,12.3125,4.235802173614502,2617200
1983-01-11,12.34375,12.5,12.1875,12.3125,4.235802173614502,3190800
1983-01-12,12.5,12.75,12.21875,12.4375,4.278804302215576,3098400
1983-01-13,12.25,12.375,12.125,12.125,4.171298503875732,1771200
1983-01-14,12.5,12.71875,12.25,12.40625,4.268054962158203,1484000
1983-01-17,12.625,12.78125,12.46875,12.6875,4.364808559417725,1956400
1983-01-18,12.40625,12.5625,12.25,12.25,4.214299201965332,1230000
1983-01-19,12.125,12.34375,11.875,12.03125,4.139045238494873,2195200
1983-01-20,12.625,12.78125,12.46875,12.53125,4.311057090759277,3955200
1983-01-21,12.375,12.59375,12.125,12.5625,4.321807861328125,2693600
1983-01-24,11.75,11.90625,11.5625,11.78125,4.053039073944092,3075600
1983-01-25,11.5,11.6875,11.28125,11.4375,3.934779644012451,3198000
1983-01-26,11.3125,11.46875,11.125,11.3125,3.8917763233184814,2243200
1983-01-27,11.34375,11.5,11.1875,11.4375,3.934779644012451,2212800
1983-01-28,11.5,11.625,11.375,11.46875,3.945528984069824,1439200
1983-01-31,11.40625,11.53125,11.28125,11.34375,3.9025285243988037,2151600
1983-02-01,10.90625,11.03125,10.75,10.75,3.6982645988464355,2487600
1983-02-02,10.53125,10.75,10.3125,10.75,3.6982645988464355,3421200
1983-02-03,10.625,10.78125,10.46875,10.65625,3.6660099029541016,2278400
1983-02-04,10.78125,10.9375,10.59375,10.84375,3.7305142879486084,2589200
1983-02-07,11.15625,11.34375,10.9375,11.1875,3.84877347946167,2081200
1983-02-08,11.15625,11.28125,11.0,11.03125,3.795018434524536,1041200
1983-02-09,10.90625,11.03125,10.78125,10.875,3.741264820098877,1574400
1983-02-10,11.1875,11.4375,10.9375,11.3125,3.8917763233184814,2496400
1983-02-11,11.28125,11.4375,11.125,11.25,3.8702776432037354,2641600
1983-02-14,11.28125,11.40625,11.15625,11.28125,3.881025552749634,1212800
1983-02-15,11.21875,11.34375,11.09375,11.09375,3.8165225982666016,1234400
1983-02-16,11.0625,11.15625,10.96875,11.03125,3.795018434524536,1772800
1983-02-17,10.9375,11.0625,10.8125,10.9375,3.7627696990966797,1857200
1983-02-18,11.0,11.0625,10.90625,10.9375,3.7627696990966797,2232400
1983-02-22,10.40625,10.59375,10.1875,10.25,3.5262508392333984,4041200
1983-02-23,10.21875,10.3125,10.125,10.21875,3.515500545501709,3806400
1983-02-24,10.53125,10.84375,10.21875,10.6875,3.6767630577087402,4174000
1983-02-25,10.65625,10.78125,10.5,10.625,3.6552605628967285,2057200
1983-02-28,10.03125,10.25,9.78125,9.78125,3.364988327026367,3375600
1983-03-01,10.125,10.25,10.0,10.25,3.5262508392333984,3762400
1983-03-02,10.5625,10.84375,10.28125,10.46875,3.6015055179595947,3073600
1983-03-03,10.71875,10.9375,10.5,10.875,3.741264820098877,2530400
1983-03-04,10.6875,10.78125,10.59375,10.65625,3.6660099029541016,1709200
1983-03-07,10.59375,10.75,10.4375,10.46875,3.6015055179595947,1322800
1983-03-08,10.4375,10.53125,10.3125,10.46875,3.622265338897705,1841600
1983-03-09,10.6875,10.90625,10.4375,10.90625,3.7736427783966064,1890000
1983-03-10,10.8125,11.03125,10.5625,10.5625,3.6547040939331055,2618400
1983-03-11,10.53125,10.65625,10.40625,10.4375,3.6114532947540283,1342400
1983-03-14,10.46875,10.59375,10.34375,10.4375,3.6114532947540283,1197600
1983-03-15,10.53125,10.65625,10.40625,10.59375,3.6655168533325195,2134400
1983-03-16,10.15625,10.5,9.78125,9.8125,3.3951964378356934,3355600
1983-03-17,9.84375,9.96875,9.6875,9.78125,3.3843870162963867,3350000
1983-03-18,9.71875,9.84375,9.59375,9.625,3.330322742462158,2733200
1983-03-21,9.75,9.9375,9.5625,9.90625,3.4276373386383057,3593600
1983-03-22,9.84375,9.875,9.625,9.65625,3.341136932373047,2181200
1983-03-23,9.65625,9.875,9.65625,9.84375,3.4060134887695312,1578000
1983-03-24,9.78125,9.9375,9.65625,9.90625,3.4276373386383057,1445600
1983-03-25,9.90625,10.0,9.65625,9.6875,3.351947069168091,1140000
1983-03-28,9.6875,9.78125,9.59375,9.6875,3.351947069168091,1345200
1983-03-29,9.71875,9.90625,9.71875,9.875,3.416823625564575,1136800
1983-03-30,10.09375,10.1875,9.9375,10.15625,3.5141379833221436,1759600
1983-03-31,10.8125,10.875,10.0,10.6875,3.6979551315307617,6497200
1983-04-04,10.65625,10.78125,10.59375,10.65625,3.6871414184570312,2092400
1983-04-05,10.75,10.78125,10.25,10.28125,3.5573925971984863,1876800
1983-04-06,10.28125,10.34375,10.15625,10.28125,3.5573925971984863,1689600
1983-04-07,10.375,10.4375,10.125,10.34375,3.579014778137207,1520000
1983-04-08,10.46875,10.5625,10.34375,10.5625,3.6547040939331055,2130000
1983-04-11,10.6875,10.8125,10.59375,10.78125,3.7303950786590576,2394800
1983-04-12,10.75,10.75,10.46875,10.59375,3.6655168533325195,1375600
1983-04-13,10.625,10.8125,10.53125,10.6875,3.6979551315307617,1793200
1983-04-14,10.75,10.875,10.6875,10.8125,3.741209030151367,1494400
1983-04-15,10.8125,10.84375,10.34375,10.46875,3.622265338897705,2340000
1983-04-18,10.46875,10.5625,10.28125,10.375,3.5898280143737793,1201200
1983-04-19,10.34375,10.4375,10.25,10.34375,3.579014778137207,1292400
1983-04-20,10.28125,10.65625,10.28125,10.46875,3.622265338897705,1401200
1983-04-21,10.59375,10.65625,10.28125,10.34375,3.579014778137207,3144000
1983-04-22,10.3125,10.40625,10.25,10.28125,3.5573925971984863,1236400
1983-04-25,10.25,10.40625,10.09375,10.1875,3.5249531269073486,1504800
1983-04-26,10.5,10.875,10.125,10.875,3.7628307342529297,2420800
1983-04-27,10.96875,11.09375,10.8125,10.90625,3.7736427783966064,3032800
1983-04-28,10.96875,11.09375,10.84375,11.03125,3.816897392272949,1680000
1983-04-29,11.1875,11.4375,10.9375,11.28125,3.903395891189575,2980400
1983-05-02,11.28125,11.40625,11.125,11.3125,3.9142098426818848,2519600
1983-05-03,11.34375,11.65625,11.3125,11.625,4.022337436676025,4716800
1983-05-04,11.5,11.6875,11.28125,11.34375,3.925025463104248,2927200
1983-05-05,11.34375,11.46875,11.1875,11.28125,3.903395891189575,2505600
1983-05-06,11.21875,11.5,11.21875,11.375,3.935837984085083,2126400
1983-05-09,11.25,11.5,11.15625,11.375,3.935837984085083,1433200
1983-05-10,11.40625,11.625,11.3125,11.3125,3.9142098426818848,2287200
1983-05-11,11.40625,11.625,11.34375,11.5625,4.000710487365723,2999600
1983-05-12,11.59375,11.625,11.34375,11.4375,3.957463264465332,2339600
1983-05-13,11.40625,11.625,11.40625,11.59375,4.011525630950928,3067200
1983-05-16,11.5,11.65625,11.40625,11.5,3.979088068008423,2734800
1983-05-17,11.5625,11.6875,11.4375,11.6875,4.043964862823486,2684000
1983-05-18,11.71875,11.8125,11.46875,11.6875,4.043964862823486,2885200
1983-05-19,11.625,11.75,11.53125,11.53125,3.9898998737335205,1408400
1983-05-20,11.46875,11.71875,11.4375,11.65625,4.033148288726807,1856000
1983-05-23,11.9375,12.0625,11.59375,11.90625,4.119654655456543,2182000
1983-05-24,12.0,12.34375,12.0,12.1875,4.216965675354004,3488800
1983-05-25,12.25,12.375,12.15625,12.375,4.281842231750488,3894000
1983-05-26,12.34375,12.34375,11.9375,12.09375,4.184527397155762,2494000
1983-05-27,12.125,12.25,12.03125,12.09375,4.184527397155762,1674800
1983-05-31,11.96875,12.28125,11.90625,12.125,4.195343017578125,1725200
1983-06-01,12.0,12.09375,11.8125,11.90625,4.119654655456543,1594400
1983-06-02,11.9375,12.0625,11.8125,12.03125,4.162906646728516,1425600
1983-06-03,11.9375,12.03125,11.90625,11.9375,4.130465984344482,922800
1983-06-06,11.90625,12.03125,11.875,11.96875,4.141276836395264,895200
1983-06-07,11.90625,11.90625,11.3125,11.53125,4.010004043579102,1733200
1983-06-08,11.5,11.59375,11.34375,11.34375,3.944800853729248,1316800
1983-06-09,11.40625,11.84375,11.40625,11.8125,4.107805252075195,1504800
1983-06-10,11.8125,12.125,11.78125,12.0625,4.19474458694458,1757600
1983-06-13,12.125,12.1875,12.03125,12.09375,4.205613136291504,1949600
1983-06-14,12.09375,12.46875,12.0625,12.375,4.3034162521362305,1386000
1983-06-15,12.25,12.40625,12.15625,12.3125,4.2816853523254395,1422400
1983-06-16,12.40625,12.9375,12.3125,12.75,4.43382453918457,2865200
1983-06-17,12.71875,13.1875,12.71875,12.875,4.477292537689209,3510400
1983-06-20,13.0,13.25,12.96875,13.125,4.5642290115356445,2340400
1983-06-21,13.1875,13.65625,13.15625,13.625,4.738104343414307,2728800
1983-06-22,14.03125,14.34375,13.71875,14.15625,4.922847270965576,4712800
1983-06-23,14.0625,14.09375,13.90625,13.90625,4.835912227630615,2285200
1983-06-24,13.9375,13.96875,13.65625,13.71875,4.770704746246338,1650800
1983-06-27,13.5625,13.625,13.28125,13.34375,4.640298366546631,1431200
1983-06-28,13.34375,13.5,13.09375,13.125,4.5642290115356445,1466000
1983-06-29,13.03125,13.28125,13.03125,13.1875,4.585963249206543,1577600
1983-06-30,13.25,13.625,13.21875,13.5,4.694639205932617,1532400
1983-07-01,13.5625,13.6875,13.53125,13.6875,4.759841442108154,658400
1983-07-05,13.34375,13.9375,13.34375,13.90625,4.835912227630615,2010400
1983-07-06,14.0,14.875,13.9375,14.8125,5.151057243347168,3968800
1983-07-07,14.6875,14.75,14.4375,14.4375,5.020653247833252,4383200
1983-07-08,14.375,14.46875,14.21875,14.25,4.955451011657715,1203600
1983-07-11,14.28125,14.3125,14.1875,14.21875,4.944581985473633,1209200
1983-07-12,14.25,14.34375,14.09375,14.09375,4.901113986968994,1116000
1983-07-13,14.03125,14.0625,13.90625,14.0,4.86851167678833,1029600
1983-07-14,14.125,14.21875,14.03125,14.03125,4.879375457763672,1123200
1983-07-15,13.96875,14.0,13.75,13.84375,4.814175128936768,1001200
1983-07-18,13.78125,13.84375,13.6875,13.75,4.781575679779053,2026400
1983-07-19,13.75,14.0,13.71875,13.90625,4.835912227630615,1300000
1983-07-20,14.125,14.4375,14.0625,14.4375,5.020653247833252,2043600
1983-07-21,14.4375,14.46875,14.21875,14.34375,4.9880547523498535,1568400
1983-07-22,14.375,14.46875,14.28125,14.375,4.998916149139404,1321600
1983-07-25,14.1875,14.59375,14.09375,14.5,5.042386054992676,985200
1983-07-26,14.5625,14.84375,14.5625,14.71875,5.118459224700928,1953200
1983-07-27,14.65625,14.84375,14.59375,14.65625,5.096721649169922,1722000
1983-07-28,14.5625,14.59375,14.0,14.03125,4.879375457763672,1261200
1983-07-29,13.90625,13.90625,13.3125,13.4375,4.672901153564453,2518000
1983-08-01,13.4375,13.875,13.40625,13.78125,4.792440891265869,1566800
1983-08-02,13.90625,14.15625,13.84375,13.875,4.82504415512085,1228000
1983-08-03,13.875,14.125,13.78125,14.125,4.911981582641602,2460000
1983-08-04,14.1875,14.21875,13.84375,14.0625,4.890248775482178,1682800
1983-08-05,14.0625,14.53125,14.03125,14.46875,5.031520843505859,2485600
1983-08-08,14.5,14.59375,14.375,14.5,5.042386054992676,3814000
1983-08-09,14.46875,14.65625,14.09375,14.65625,5.096721649169922,2644400
1983-08-10,14.625,15.0625,14.59375,14.96875,5.205394744873047,4175200
1983-08-11,14.9375,15.03125,14.8125,15.0,5.216263771057129,2446400
1983-08-12,15.0,15.375,15.0,15.375,5.346670627593994,2718000
1983-08-15,15.53125,15.5625,15.34375,15.375,5.346670627593994,2314400
1983-08-16,15.3125,15.4375,15.125,15.21875,5.292332172393799,1592800
1983-08-17,15.1875,15.65625,15.15625,15.46875,5.379268169403076,2786000
1983-08-18,15.5,15.53125,15.125,15.1875,5.281466484069824,2244800
1983-08-19,15.0625,15.4375,15.03125,15.28125,5.314067840576172,2381200
1983-08-22,15.46875,15.46875,15.3125,15.375,5.346670627593994,1209600
1983-08-23,15.34375,15.375,15.0,15.0,5.216263771057129,1830800
1983-08-24,15.0,15.0,14.65625,14.71875,5.118459224700928,1707600
1983-08-25,14.78125,14.84375,14.53125,14.75,5.129327297210693,2090800
1983-08-26,14.5,14.71875,14.46875,14.6875,5.1075897216796875,1856800
1983-08-29,14.4375,14.84375,14.4375,14.84375,5.161928653717041,1950800
1983-08-30,14.75,14.8125,14.53125,14.5625,5.064120292663574,1128400
1983-08-31,14.3125,14.53125,14.25,14.34375,4.9880547523498535,2105200
1983-09-01,14.3125,14.59375,14.25,14.46875,5.031520843505859,1304400
1983-09-02,14.53125,15.0625,14.53125,15.0625,5.2379984855651855,1410800
1983-09-06,15.15625,15.21875,14.78125,14.8125,5.17338228225708,1594400
1983-09-07,14.71875,14.78125,14.53125,14.53125,5.075156211853027,1322400
1983-09-08,14.40625,14.5625,14.3125,14.46875,5.053327560424805,1667600
1983-09-09,14.34375,14.4375,14.28125,14.375,5.02058219909668,1020800
1983-09-12,14.5,14.65625,14.0,14.03125,4.9005231857299805,2078400
1983-09-13,13.96875,13.96875,13.78125,13.875,4.845955848693848,1996400
1983-09-14,13.875,13.96875,13.8125,13.875,4.845955848693848,1149600
1983-09-15,13.90625,13.96875,13.8125,13.84375,4.835040092468262,978000
1983-09-16,13.9375,14.09375,13.875,13.96875,4.878697395324707,1228400
1983-09-19,14.03125,14.3125,14.03125,14.21875,4.966012001037598,1441600
1983-09-20,14.40625,14.46875,14.28125,14.34375,5.009673595428467,1315600
1983-09-21,14.25,14.3125,13.90625,13.9375,4.867782115936279,1619200
1983-09-22,13.875,14.28125,13.875,14.1875,4.955097675323486,1512400
1983-09-23,14.25,14.46875,14.0,14.15625,4.944182872772217,1640000
1983-09-26,14.1875,14.1875,13.84375,14.09375,4.922355651855469,1278000
1983-09-27,14.03125,14.0625,13.625,13.71875,4.791381359100342,2757200
1983-09-28,13.6875,13.84375,13.65625,13.8125,4.824126243591309,1180400
1983-09-29,13.875,14.21875,13.875,14.0,4.889612674713135,2837200
1983-09-30,13.9375,13.9375,13.59375,13.65625,4.7695536613464355,1207600
1983-10-03,13.5625,13.6875,13.0625,13.25,4.627668380737305,1799600
1983-10-04,13.25,13.34375,12.875,12.9375,4.51852560043335,2922000
1983-10-05,12.90625,13.0,12.625,12.96875,4.5294389724731445,1753200
1983-10-06,13.1875,13.4375,13.09375,13.4375,4.6931538581848145,1688000
1983-10-07,13.40625,13.65625,13.0,13.53125,4.725897789001465,1214800
1983-10-10,13.46875,14.125,13.375,14.125,4.93326997756958,1437200
1983-10-11,13.90625,14.0,13.59375,13.59375,4.747725009918213,1708000
1983-10-12,13.59375,13.9375,13.53125,13.6875,4.780471324920654,1111600
1983-10-13,13.625,13.71875,13.4375,13.5,4.714986324310303,915200
1983-10-14,13.53125,13.53125,13.3125,13.4375,4.6931538581848145,676800
1983-10-17,13.625,13.96875,13.5,13.78125,4.813211441040039,912000
1983-10-18,13.71875,13.8125,13.3125,13.34375,4.6604108810424805,1048800
1983-10-19,13.4375,13.5625,13.3125,13.5625,4.736813068389893,954400
1983-10-20,13.5,13.5,13.34375,13.34375,4.6604108810424805,859200
1983-10-21,13.375,13.4375,13.0,13.15625,4.594925403594971,1204800
1983-10-24,12.875,13.4375,12.875,13.40625,4.682238578796387,1778400
1983-10-25,13.5,13.59375,13.40625,13.53125,4.725897789001465,1186000
1983-10-26,13.4375,13.65625,13.375,13.46875,4.704065799713135,926400
1983-10-27,13.25,13.3125,13.15625,13.15625,4.594925403594971,826000
1983-10-28,13.15625,13.25,13.03125,13.15625,4.594925403594971,818400
1983-10-31,13.15625,13.1875,12.84375,13.0625,4.562185287475586,1476800
1983-11-01,13.0625,13.09375,12.90625,13.0625,4.562185287475586,724000
1983-11-02,13.0625,13.46875,13.0625,13.3125,4.649500846862793,1190000
1983-11-03,13.25,14.03125,13.0,13.0,4.540355205535889,1861600
1983-11-04,12.90625,12.96875,12.84375,12.90625,4.5076093673706055,1512400
1983-11-07,12.875,12.90625,12.5625,12.59375,4.3984694480896,1036000
1983-11-08,12.53125,12.625,12.4375,12.4375,4.343894004821777,1286800
1983-11-09,12.40625,12.90625,12.40625,12.90625,4.5076093673706055,1494400
1983-11-10,12.90625,13.0,12.875,12.9375,4.51852560043335,1054000
1983-11-11,12.9375,12.9375,12.5625,12.6875,4.431211948394775,916400
1983-11-14,12.71875,12.90625,12.59375,12.625,4.409383296966553,1440800
1983-11-15,12.6875,12.6875,12.4375,12.5,4.365724086761475,833600
1983-11-16,12.5625,12.71875,12.53125,12.65625,4.420297145843506,2006800
1983-11-17,12.59375,12.78125,12.59375,12.625,4.409383296966553,981200
1983-11-18,12.59375,12.625,12.0,12.03125,4.20201301574707,2831600
1983-11-21,12.03125,12.0625,11.65625,11.75,4.103780269622803,2488000
1983-11-22,11.75,11.78125,11.5625,11.5625,4.038295745849609,4406400
1983-11-23,11.75,12.03125,11.75,12.03125,4.20201301574707,2228000
1983-11-25,12.21875,12.21875,12.03125,12.09375,4.22383975982666,863600
1983-11-28,12.09375,12.3125,12.0625,12.21875,4.267495155334473,1324400
1983-11-29,12.21875,12.34375,12.15625,12.3125,4.3002424240112305,2080000
1983-11-30,12.3125,12.3125,11.9375,11.96875,4.1801838874816895,1661200
1983-12-01,11.875,11.96875,11.75,11.8125,4.125609397888184,1378000
1983-12-02,11.8125,11.90625,11.75,11.8125,4.125609397888184,1340800
1983-12-05,11.78125,12.15625,11.71875,12.03125,4.20201301574707,1406800
1983-12-06,11.90625,12.1875,11.875,12.0625,4.212925434112549,1107200
1983-12-07,12.03125,12.28125,11.875,11.9375,4.1692681312561035,1407200
1983-12-08,11.875,12.15625,11.875,11.9375,4.1692681312561035,1639600
1983-12-09,11.9375,11.9375,11.5625,11.84375,4.136524200439453,2036800
1983-12-12,11.875,12.09375,11.875,12.03125,4.20201301574707,1583600
1983-12-13,11.8125,12.03125,11.75,11.9375,4.1919169425964355,1804800
1983-12-14,11.90625,12.03125,11.875,11.875,4.1699676513671875,1090400
1983-12-15,11.875,11.875,11.625,11.71875,4.115100383758545,1370400
1983-12-16,11.75,11.8125,11.65625,11.65625,4.0931525230407715,1660800
1983-12-19,11.65625,11.71875,11.375,11.375,3.994391679763794,1633200
1983-12-20,11.375,11.375,11.15625,11.34375,3.9834177494049072,1894000
1983-12-21,11.40625,11.84375,11.40625,11.78125,4.137049674987793,2588800
1983-12-22,11.78125,12.0625,11.78125,12.03125,4.2248382568359375,1976400
1983-12-23,11.96875,12.0625,11.90625,11.96875,4.202890396118164,565200
1983-12-27,11.96875,12.53125,11.96875,12.5,4.389436721801758,1515600
1983-12-28,12.53125,12.96875,12.40625,12.8125,4.49917459487915,2166800
1983-12-29,12.78125,13.21875,12.6875,12.6875,4.455281734466553,2466400
1983-12-30,12.625,12.6875,12.5,12.5,4.389436721801758,1238800
1984-01-03,12.5,12.53125,12.28125,12.28125,4.312626361846924,1049600
1984-01-04,12.25,12.875,12.1875,12.8125,4.49917459487915,1858000
1984-01-05,12.9375,12.9375,12.625,12.6875,4.455281734466553,2577600
1984-01-06,12.53125,12.59375,12.28125,12.4375,4.367490768432617,2045200
1984-01-09,12.125,12.28125,12.03125,12.1875,4.2797040939331055,1300800
1984-01-10,11.5,11.71875,11.46875,11.53125,4.049260139465332,4932400
1984-01-11,11.53125,11.84375,11.53125,11.75,4.126072883605957,2729600
1984-01-12,11.8125,11.9375,11.75,11.9375,4.1919169425964355,1546000
1984-01-13,12.03125,12.03125,11.625,11.75,4.126072883605957,1751600
1984-01-16,11.8125,11.875,11.71875,11.71875,4.115100383758545,1435600
1984-01-17,11.6875,11.875,11.6875,11.78125,4.137049674987793,1212000
1984-01-18,11.8125,11.875,11.3125,11.5,4.0382843017578125,3124400
1984-01-19,11.5,11.59375,11.3125,11.4375,4.0163350105285645,2057200
1984-01-20,11.5625,11.75,11.53125,11.65625,4.0931525230407715,2206400
1984-01-23,11.625,11.9375,11.59375,11.6875,4.104127407073975,1493600
1984-01-24,11.75,12.25,11.6875,11.9375,4.1919169425964355,2579600
1984-01-25,12.0625,12.21875,11.84375,11.90625,4.180943012237549,2272400
1984-01-26,11.96875,12.03125,11.8125,11.84375,4.158994197845459,2492000
1984-01-27,11.875,11.875,11.5,11.59375,4.071206569671631,2109600
1984-01-30,11.625,11.65625,11.3125,11.3125,3.972442150115967,1919600
1984-01-31,11.375,11.6875,11.3125,11.59375,4.071206569671631,1916400
1984-02-01,11.75,11.9375,11.6875,11.875,4.1699676513671875,2164800
1984-02-02,11.8125,11.84375,11.46875,11.46875,4.027310848236084,1452800
1984-02-03,11.5,11.59375,10.96875,11.09375,3.8956284523010254,2948000
1984-02-06,11.0,11.34375,10.90625,11.15625,3.917574644088745,2084800
1984-02-07,11.1875,11.4375,10.9375,11.375,3.994391679763794,2664400
1984-02-08,11.3125,11.53125,11.21875,11.5,4.0382843017578125,2000800
1984-02-09,11.3125,11.4375,11.21875,11.34375,3.9834177494049072,1497600
1984-02-10,11.3125,11.40625,11.0625,11.15625,3.917574644088745,1890000
1984-02-13,11.21875,11.21875,10.96875,11.09375,3.8956284523010254,1628000
1984-02-14,11.125,11.1875,10.96875,10.96875,3.851732015609741,1507200
1984-02-15,11.03125,11.21875,11.0,11.0,3.86270809173584,1091600
1984-02-16,11.0,11.40625,10.90625,11.1875,3.92854905128479,2621200
1984-02-17,11.15625,11.46875,11.15625,11.21875,3.9395217895507812,2444000
1984-02-21,11.28125,11.59375,11.21875,11.5,4.0382843017578125,1952000
1984-02-22,11.5625,12.03125,11.53125,11.84375,4.158994197845459,2662800
1984-02-23,11.84375,12.0,11.5,11.9375,4.1919169425964355,1577200
1984-02-24,12.0,12.0625,11.84375,11.96875,4.202890396118164,2504000
1984-02-27,11.8125,12.46875,11.6875,12.25,4.301650047302246,3513600
1984-02-28,12.0,12.34375,12.0,12.0,4.213863372802734,2230000
1984-02-29,12.0,12.34375,11.9375,12.0,4.213863372802734,1779600
1984-03-01,12.03125,12.15625,11.75,11.96875,4.202890396118164,1323600
1984-03-02,12.03125,12.21875,11.84375,12.09375,4.2467851638793945,1907600
1984-03-05,12.1875,12.25,11.875,11.90625,4.180943012237549,1286000
1984-03-06,11.875,12.03125,11.875,11.875,4.1699676513671875,1438400
1984-03-07,11.78125,11.84375,11.53125,11.6875,4.104127407073975,1405200
1984-03-08,11.75,11.9375,11.71875,11.75,4.126072883605957,1362800
1984-03-09,11.8125,11.9375,11.71875,11.75,4.126072883605957,895200
1984-03-12,11.78125,12.1875,11.78125,12.1875,4.2797040939331055,1967600
1984-03-13,12.25,12.4375,12.1875,12.25,4.324713230133057,2590000
1984-03-14,12.21875,12.53125,12.1875,12.3125,4.3467841148376465,3866000
1984-03-15,12.375,12.6875,12.34375,12.5625,4.435039520263672,3480000
1984-03-16,12.75,12.78125,12.5625,12.625,4.457106590270996,3930000
1984-03-19,12.375,12.71875,12.3125,12.65625,4.468137264251709,1520800
1984-03-20,12.65625,13.09375,12.53125,13.0,4.58949613571167,3160400
1984-03-21,12.84375,13.03125,12.8125,12.8125,4.523299694061279,3031600
1984-03-22,12.6875,12.71875,12.5,12.59375,4.446074485778809,1780800
1984-03-23,12.59375,13.0,12.5625,12.96875,4.578463554382324,1762000
1984-03-26,12.90625,13.1875,12.8125,13.0625,4.611560344696045,2178400
1984-03-27,13.125,13.40625,13.09375,13.34375,4.710852146148682,2959600
1984-03-28,13.375,13.59375,13.375,13.375,4.721883296966553,3524400
1984-03-29,13.3125,13.34375,13.0625,13.0625,4.611560344696045,1699200
1984-03-30,13.03125,13.28125,13.03125,13.21875,4.666722297668457,1371600
1984-04-02,13.21875,13.40625,13.15625,13.1875,4.655688285827637,2620800
1984-04-03,13.15625,13.40625,13.15625,13.40625,4.732916831970215,2129600
1984-04-04,13.3125,13.46875,13.28125,13.3125,4.6998209953308105,1810800
1984-04-05,13.3125,13.46875,13.25,13.25,4.67775297164917,1887200
1984-04-06,13.1875,13.3125,13.09375,13.125,4.63362455368042,1796400
1984-04-09,13.21875,13.21875,12.90625,12.90625,4.556396007537842,1677200
1984-04-10,12.90625,13.25,12.90625,13.0,4.58949613571167,1211600
1984-04-11,12.9375,13.03125,12.875,12.875,4.545364856719971,1395200
1984-04-12,12.9375,13.375,12.84375,13.375,4.721883296966553,1632400
1984-04-13,13.3125,13.71875,13.28125,13.5,4.766014575958252,2792800
1984-04-16,13.375,13.625,13.375,13.5625,4.788078308105469,1262800
1984-04-17,13.53125,13.6875,13.53125,13.53125,4.777047157287598,2109200
1984-04-18,13.53125,13.53125,13.25,13.3125,4.6998209953308105,2083200
1984-04-19,13.28125,13.46875,13.21875,13.4375,4.743950843811035,1242800
1984-04-23,13.4375,13.46875,13.1875,13.1875,4.655688285827637,721200
1984-04-24,13.125,13.46875,13.125,13.40625,4.732916831970215,1624000
1984-04-25,13.40625,13.6875,13.3125,13.625,4.810142517089844,2164800
1984-04-26,13.75,13.75,13.65625,13.71875,4.843238830566406,2701600
1984-04-27,13.65625,13.6875,13.5,13.5625,4.788078308105469,2532400
1984-04-30,13.5,13.65625,13.375,13.625,4.810142517089844,1346400
1984-05-01,13.5625,13.59375,13.375,13.40625,4.732916831970215,1419200
1984-05-02,13.375,13.53125,13.28125,13.3125,4.6998209953308105,1118800
1984-05-03,13.28125,13.28125,13.0625,13.09375,4.6225905418396,763600
1984-05-04,13.09375,13.15625,12.8125,12.875,4.545364856719971,2385600
1984-05-07,12.875,13.0625,12.84375,12.96875,4.578463554382324,740400
1984-05-08,13.03125,13.09375,12.9375,13.0625,4.611560344696045,1130400
1984-05-09,13.0,13.1875,12.78125,12.9375,4.567430019378662,1795200
1984-05-10,12.9375,13.0625,12.78125,12.78125,4.512267112731934,1948400
1984-05-11,12.71875,12.8125,12.5,12.625,4.457106590270996,1193600
1984-05-14,12.53125,12.65625,12.5,12.53125,4.424009323120117,1289200
1984-05-15,12.53125,12.875,12.53125,12.78125,4.512267112731934,1345600
1984-05-16,12.78125,12.90625,12.78125,12.84375,4.534332275390625,1148800
1984-05-17,12.84375,12.90625,12.78125,12.8125,4.523299694061279,990000
1984-05-18,12.875,12.9375,12.6875,12.78125,4.512267112731934,1869200
1984-05-21,12.9375,13.03125,12.78125,12.78125,4.512267112731934,1214000
1984-05-22,12.625,12.75,12.59375,12.65625,4.468137264251709,1120400
1984-05-23,12.65625,12.71875,12.25,12.28125,4.335748672485352,1607200
1984-05-24,12.28125,12.375,11.875,12.0,4.236455917358398,2088400
1984-05-25,11.875,12.0,11.875,11.90625,4.2033610343933105,1050400
1984-05-29,11.9375,12.0,11.8125,11.875,4.192325592041016,1578800
1984-05-30,11.8125,12.375,11.625,11.96875,4.2254252433776855,2145200
1984-05-31,11.90625,12.0,11.78125,11.9375,4.214393615722656,1052000
1984-06-01,12.0,12.21875,12.0,12.1875,4.302649974822998,1172400
1984-06-04,12.3125,12.4375,12.15625,12.25,4.324713230133057,1143600
1984-06-05,12.25,12.34375,11.96875,12.1875,4.325601100921631,1071200
1984-06-06,12.25,12.5625,12.15625,12.5625,4.45869779586792,1717600
1984-06-07,12.5,12.5625,12.4375,12.5,4.436514854431152,1300800
1984-06-08,12.375,12.6875,12.34375,12.65625,4.491971492767334,1032400
1984-06-11,12.625,12.6875,12.09375,12.25,4.34778356552124,1098000
1984-06-12,12.0625,12.125,11.9375,12.0625,4.2812395095825195,1200400
1984-06-13,12.0,12.0625,11.75,11.875,4.214690208435059,905600
1984-06-14,11.8125,11.84375,11.53125,11.65625,4.137049674987793,1261600
1984-06-15,11.65625,11.6875,11.125,11.125,3.948498249053955,1628800
1984-06-18,11.0,11.4375,11.0,11.34375,4.0261383056640625,2130000
1984-06-19,11.5,11.6875,11.46875,11.65625,4.137049674987793,1653200
1984-06-20,11.46875,11.75,11.4375,11.65625,4.137049674987793,2005600
1984-06-21,11.5625,11.8125,11.46875,11.53125,4.092686653137207,1576000
1984-06-22,11.5,11.59375,11.3125,11.5,4.081593990325928,1148800
1984-06-25,11.5625,11.625,11.4375,11.53125,4.092686653137207,916400
1984-06-26,11.40625,11.4375,11.125,11.21875,3.9817726612091064,2161200
1984-06-27,11.15625,11.375,11.0625,11.125,3.948498249053955,1105600
1984-06-28,11.15625,11.40625,11.15625,11.3125,4.015048503875732,1144400
1984-06-29,11.4375,11.53125,11.25,11.3125,4.015048503875732,1499200
1984-07-02,11.3125,11.3125,11.1875,11.28125,4.003955364227295,1104400
1984-07-03,11.21875,11.34375,11.125,11.15625,3.959591865539551,1022000
1984-07-05,11.15625,11.1875,11.03125,11.0625,3.9263155460357666,1620800
1984-07-06,11.03125,11.03125,10.6875,10.75,3.815403938293457,2062400
1984-07-09,10.6875,10.71875,10.46875,10.65625,3.7821311950683594,1545200
1984-07-10,10.6875,10.84375,10.625,10.6875,3.793219804763794,1728000
1984-07-11,10.65625,10.875,10.59375,10.625,3.771040439605713,1854800
1984-07-12,10.5625,10.71875,10.5,10.5,3.7266712188720703,1900400
1984-07-13,10.59375,10.78125,10.59375,10.65625,3.7821311950683594,1182000
1984-07-16,10.71875,10.84375,10.6875,10.75,3.815403938293457,1622800
1984-07-17,10.78125,10.84375,10.6875,10.78125,3.8264970779418945,998800
1984-07-18,10.71875,10.71875,10.53125,10.59375,3.7599453926086426,1229600
1984-07-19,10.5,11.0,10.5,10.75,3.815403938293457,2207600
1984-07-20,10.75,10.90625,10.6875,10.90625,3.8708600997924805,1541200
1984-07-23,10.625,10.8125,10.625,10.8125,3.83758807182312,2253600
1984-07-24,10.65625,10.78125,10.53125,10.53125,3.737761974334717,1580800
1984-07-25,10.5,10.59375,10.375,10.4375,3.70449161529541,1550400
1984-07-26,10.5,10.53125,10.3125,10.34375,3.671217203140259,2058000
1984-07-27,10.34375,10.375,10.09375,10.15625,3.604670524597168,1669600
1984-07-30,10.09375,10.1875,9.875,9.875,3.504847288131714,1422000
1984-07-31,9.875,9.96875,9.3125,9.90625,3.5159401893615723,3282000
1984-08-01,10.15625,10.46875,10.125,10.375,3.6823084354400635,3932400
1984-08-02,10.40625,10.625,10.25,10.5625,3.748857021331787,4192000
1984-08-03,10.71875,11.4375,10.6875,11.28125,4.003955364227295,4012000
1984-08-06,11.25,11.875,11.1875,11.375,4.0372314453125,4216000
1984-08-07,11.125,11.3125,11.03125,11.09375,3.937406539916992,2602800
1984-08-08,11.15625,11.53125,11.125,11.375,4.0372314453125,3187200
1984-08-09,11.25,11.78125,11.25,11.59375,4.114869594573975,2677600
1984-08-10,11.875,11.9375,11.5,11.625,4.1259589195251465,3672400
1984-08-13,11.5625,11.625,11.46875,11.5625,4.103776454925537,828800
1984-08-14,11.625,11.6875,11.5,11.5,4.081593990325928,962800
1984-08-15,11.4375,11.5,11.21875,11.28125,4.003955364227295,1138400
1984-08-16,11.15625,11.46875,11.15625,11.34375,4.0261383056640625,1288000
1984-08-17,11.375,11.53125,11.375,11.40625,4.048322677612305,1035600
1984-08-20,11.46875,11.6875,11.40625,11.65625,4.137049674987793,1032400
1984-08-21,11.6875,12.25,11.6875,12.09375,4.292328357696533,2894400
1984-08-22,12.125,12.3125,12.09375,12.125,4.303422451019287,2930800
1984-08-23,12.0625,12.15625,12.03125,12.09375,4.292328357696533,1021200
1984-08-24,12.03125,12.21875,12.03125,12.1875,4.325601100921631,1080800
1984-08-27,12.125,12.125,12.03125,12.125,4.303422451019287,860800
1984-08-28,12.125,12.1875,12.03125,12.125,4.303422451019287,2129200
1984-08-29,12.09375,12.3125,12.03125,12.25,4.34778356552124,1545200
1984-08-30,12.125,12.25,12.09375,12.15625,4.314514636993408,716400
1984-08-31,12.0625,12.09375,11.9375,12.0625,4.2812395095825195,620800
1984-09-04,11.78125,11.875,11.78125,11.8125,4.2187395095825195,995600
1984-09-05,11.71875,11.8125,11.5,11.53125,4.11829137802124,1417600
1984-09-06,11.59375,11.6875,11.53125,11.625,4.151776313781738,1018400
1984-09-07,11.6875,11.75,11.40625,11.40625,4.073649883270264,822400
1984-09-10,11.3125,11.5625,11.3125,11.4375,4.0848069190979,756000
1984-09-11,11.5625,11.6875,11.375,11.40625,4.073649883270264,1179600
1984-09-12,11.34375,11.46875,11.25,11.40625,4.073649883270264,1063200
1984-09-13,11.34375,12.0,11.34375,11.875,4.241058826446533,1683600
1984-09-14,11.875,12.0,11.5625,11.65625,4.162932872772217,1975600
1984-09-17,11.4375,11.5,11.375,11.40625,4.073649883270264,1990400
1984-09-18,11.3125,11.46875,11.1875,11.40625,4.073649883270264,1834400
1984-09-19,11.375,11.46875,11.3125,11.34375,4.051329135894775,1635200
1984-09-20,11.21875,11.3125,11.125,11.15625,3.984365224838257,1600400
1984-09-21,11.0625,11.4375,11.0625,11.375,4.062490463256836,2586000
1984-09-24,11.4375,11.5,11.34375,11.375,4.062490463256836,914800
1984-09-25,11.3125,11.375,11.1875,11.25,4.017846584320068,1428400
1984-09-26,11.25,11.53125,11.25,11.375,4.062490463256836,1117600
1984-09-27,11.4375,11.59375,11.4375,11.53125,4.11829137802124,950000
1984-09-28,11.5625,11.59375,11.40625,11.5,4.107130527496338,836400
1984-10-01,11.375,11.4375,11.25,11.28125,4.029006481170654,960400
1984-10-02,11.25,11.4375,11.25,11.375,4.062490463256836,1193600
1984-10-03,11.28125,11.375,11.25,11.28125,4.029006481170654,752000
1984-10-04,11.28125,11.40625,11.28125,11.34375,4.051329135894775,1074400
1984-10-05,11.375,11.4375,11.34375,11.40625,4.073649883270264,519200
1984-10-08,11.40625,11.4375,11.3125,11.375,4.062490463256836,600800
1984-10-09,11.46875,11.46875,11.25,11.28125,4.029006481170654,1858400
1984-10-10,11.25,11.28125,10.875,11.125,3.973203420639038,1769200
1984-10-11,11.125,11.21875,10.78125,10.875,3.8839163780212402,2155600
1984-10-12,11.09375,11.1875,10.875,11.125,3.973203420639038,1364400
1984-10-15,11.1875,11.34375,11.125,11.34375,4.051329135894775,1446800
1984-10-16,11.0,11.03125,10.90625,10.96875,3.9173998832702637,2168400
1984-10-17,10.90625,10.96875,10.3125,10.3125,3.683025360107422,6016000
1984-10-18,10.3125,10.5625,9.9375,10.3125,3.683025360107422,7404000
1984-10-19,10.40625,10.46875,10.09375,10.15625,3.6272239685058594,4052000
1984-10-22,10.125,10.28125,10.0625,10.28125,3.671865224838257,2202800
1984-10-23,10.28125,10.34375,10.15625,10.1875,3.6383824348449707,2964400
1984-10-24,10.15625,10.28125,10.15625,10.1875,3.6383824348449707,2161600
1984-10-25,10.21875,10.34375,10.1875,10.25,3.6607048511505127,2238800
1984-10-26,10.21875,10.25,10.125,10.1875,3.6383824348449707,1464400
1984-10-29,10.15625,10.21875,10.125,10.1875,3.6383824348449707,806800
1984-10-30,10.15625,10.5,10.15625,10.46875,3.7388293743133545,2252800
1984-10-31,10.4375,10.53125,10.375,10.46875,3.7388293743133545,1286400
1984-11-01,10.5,10.65625,10.5,10.53125,3.7611494064331055,1740800
1984-11-02,10.5625,10.65625,10.5,10.625,3.7946321964263916,1318800
1984-11-05,10.625,10.625,10.375,10.5,3.749987840652466,1091600
1984-11-06,10.5,10.5625,10.4375,10.53125,3.7611494064331055,1222000
1984-11-07,10.3125,10.5,10.1875,10.34375,3.6941850185394287,1697600
1984-11-08,10.34375,10.34375,10.21875,10.28125,3.671865224838257,1373200
1984-11-09,10.375,10.4375,10.25,10.28125,3.671865224838257,1426800
1984-11-12,10.25,10.34375,10.21875,10.3125,3.683025360107422,657600
1984-11-13,10.375,10.375,10.21875,10.21875,3.649540901184082,1430800
1984-11-14,10.1875,10.3125,10.15625,10.15625,3.6272239685058594,1886400
1984-11-15,10.1875,10.28125,10.15625,10.15625,3.6272239685058594,997200
1984-11-16,10.21875,10.25,10.03125,10.03125,3.5825791358947754,1468400
1984-11-19,10.09375,10.15625,10.03125,10.03125,3.5825791358947754,990000
1984-11-20,10.03125,10.125,10.03125,10.0625,3.5937390327453613,1148400
1984-11-21,10.03125,10.0625,9.875,9.96875,3.560257911682129,1812800
1984-11-23,9.9375,10.21875,9.9375,10.1875,3.6383824348449707,1457200
1984-11-26,10.125,10.125,9.6875,9.75,3.48213267326355,2658000
1984-11-27,9.625,9.6875,9.5,9.625,3.437490940093994,5068000
1984-11-28,9.5625,9.65625,9.4375,9.625,3.437490940093994,2540800
1984-11-29,9.65625,9.71875,9.59375,9.625,3.437490940093994,2149200
1984-11-30,9.625,9.75,9.5625,9.625,3.437490940093994,1431200
1984-12-03,9.59375,9.6875,9.59375,9.625,3.437490940093994,1516800
1984-12-04,9.65625,9.78125,9.53125,9.78125,3.493293523788452,1912800
1984-12-05,9.8125,9.8125,9.65625,9.71875,3.4709722995758057,1084400
1984-12-06,9.59375,9.65625,9.53125,9.625,3.437490940093994,2742800
1984-12-07,9.59375,9.71875,9.59375,9.59375,3.4263319969177246,1555200
1984-12-10,9.5625,9.75,9.53125,9.6875,3.4598121643066406,1166000
1984-12-11,9.65625,9.71875,9.625,9.65625,3.448650598526001,1851200
1984-12-12,9.6875,9.6875,9.4375,9.4375,3.370527505874634,1408800
1984-12-13,9.40625,9.5,9.34375,9.34375,3.337045669555664,1838400
1984-12-14,9.34375,9.4375,9.25,9.34375,3.337045669555664,2545600
1984-12-17,9.28125,9.3125,9.15625,9.1875,3.2812395095825195,2723200
1984-12-18,9.21875,9.40625,9.1875,9.40625,3.387014150619507,5140000
1984-12-19,9.0,9.53125,8.96875,9.0,3.240732431411743,5816000
1984-12-20,9.0,9.40625,8.96875,9.40625,3.387014150619507,3436800
1984-12-21,9.25,9.40625,9.1875,9.40625,3.387014150619507,3291200
1984-12-24,9.4375,9.4375,9.25,9.40625,3.387014150619507,925200
1984-12-26,9.21875,9.28125,9.15625,9.25,3.330752372741699,1832800
1984-12-27,9.25,9.375,9.21875,9.25,3.330752372741699,1650800
1984-12-28,9.3125,9.40625,9.21875,9.375,3.3757638931274414,2316400
1984-12-31,9.34375,9.5625,9.25,9.53125,3.43202805519104,2132800
1985-01-02,9.53125,9.625,9.46875,9.5,3.42077374458313,1460800
1985-01-03,9.375,9.4375,9.0625,9.0625,3.263237237930298,3055600
1985-01-04,9.125,9.1875,8.8125,9.03125,3.2519843578338623,2186800
1985-01-07,9.03125,9.125,8.84375,8.90625,3.2069737911224365,1922000
1985-01-08,8.9375,9.03125,8.625,8.625,3.105699300765991,4296000
1985-01-09,8.75,8.84375,8.625,8.8125,3.173215389251709,4900000
1985-01-10,8.9375,9.3125,8.8125,9.25,3.330752372741699,5412000
1985-01-11,9.1875,9.1875,8.9375,9.0,3.240732431411743,3935200
1985-01-14,8.96875,9.3125,8.96875,9.25,3.330752372741699,3116000
1985-01-15,9.375,9.5625,9.34375,9.4375,3.3982691764831543,8064000
1985-01-16,9.375,9.40625,9.09375,9.21875,3.319499969482422,3582000
1985-01-17,9.1875,9.28125,9.125,9.21875,3.319499969482422,3382000
1985-01-18,9.125,9.25,9.03125,9.1875,3.308246612548828,3921200
1985-01-21,9.25,9.65625,9.25,9.59375,3.45453143119812,4716000
1985-01-22,9.6875,9.71875,9.59375,9.625,3.4657814502716064,5400000
1985-01-23,9.5625,9.84375,9.5625,9.8125,3.5332982540130615,3305200
1985-01-24,9.6875,9.875,9.53125,9.625,3.4657814502716064,3990400
1985-01-25,9.5625,9.65625,9.40625,9.46875,3.4095206260681152,2058400
1985-01-28,9.46875,9.6875,9.4375,9.5625,3.4432780742645264,3938800
1985-01-29,9.53125,9.625,9.46875,9.625,3.4657814502716064,3097200
1985-01-30,9.75,10.0,9.6875,9.84375,3.5445499420166016,6164000
1985-01-31,9.84375,10.03125,9.8125,10.0,3.600813388824463,4504000
1985-02-01,9.90625,10.0625,9.90625,10.03125,3.612065076828003,3099200
1985-02-04,9.9375,10.0625,9.90625,10.0,3.600813388824463,2776000
1985-02-05,10.0625,10.15625,9.96875,10.0,3.600813388824463,3559200
1985-02-06,10.0,10.125,10.0,10.03125,3.612065076828003,2651600
1985-02-07,10.0625,10.34375,10.0625,10.21875,3.6795780658721924,2586800
1985-02-08,10.25,10.46875,10.125,10.375,3.735844850540161,3095600
1985-02-11,10.34375,10.46875,10.28125,10.34375,3.724590539932251,1812000
1985-02-12,10.28125,10.6875,10.25,10.6875,3.84837007522583,3966800
1985-02-13,10.6875,10.96875,10.65625,10.84375,3.904633045196533,4068000
1985-02-14,10.75,10.84375,10.53125,10.5625,3.8033597469329834,2517200
1985-02-15,10.53125,10.59375,10.3125,10.40625,3.7470977306365967,2034800
1985-02-19,10.34375,10.5625,10.34375,10.53125,3.7921063899993896,1910000
1985-02-20,10.5,10.5625,10.3125,10.34375,3.724590539932251,2660000
1985-02-21,10.34375,10.46875,10.34375,10.375,3.735844850540161,2316400
1985-02-22,10.375,10.5,10.15625,10.1875,3.6683273315429688,1443200
1985-02-25,10.125,10.25,9.96875,10.125,3.645822286605835,1185200
1985-02-26,10.15625,10.4375,10.125,10.40625,3.7470977306365967,1856000
1985-02-27,10.40625,10.59375,10.40625,10.46875,3.769601583480835,2253200
1985-02-28,10.40625,10.59375,10.40625,10.5,3.7808523178100586,1615200
1985-03-01,10.5,10.59375,10.4375,10.46875,3.769601583480835,2041200
1985-03-04,10.46875,10.625,10.40625,10.5,3.7808523178100586,1635600
1985-03-05,10.46875,10.5,10.28125,10.28125,3.7020864486694336,2015200
1985-03-06,10.28125,10.40625,10.0,10.0,3.600813388824463,3058800
1985-03-07,9.9375,9.96875,9.84375,9.84375,3.5445499420166016,2877200
1985-03-08,9.90625,9.96875,9.78125,9.78125,3.522045135498047,1782800
1985-03-11,9.84375,9.84375,9.65625,9.75,3.5107929706573486,1761200
1985-03-12,9.625,9.875,9.59375,9.71875,3.5266644954681396,2289200
1985-03-13,9.65625,9.78125,9.46875,9.46875,3.4359495639801025,2229600
1985-03-14,9.4375,9.59375,9.4375,9.5,3.447291374206543,1956000
1985-03-15,9.53125,9.6875,9.46875,9.5,3.447291374206543,1828800
1985-03-18,9.53125,9.625,9.5,9.53125,3.458630323410034,1646800
1985-03-19,9.53125,9.8125,9.53125,9.75,3.538008689880371,1894800
1985-03-20,9.84375,9.90625,9.8125,9.8125,3.5606870651245117,1691200
1985-03-21,9.8125,9.84375,9.65625,9.71875,3.5266644954681396,2126800
1985-03-22,9.6875,9.75,9.53125,9.6875,3.5153274536132812,1103600
1985-03-25,9.625,9.71875,9.5625,9.625,3.492649555206299,1285200
1985-03-26,9.5625,9.8125,9.5625,9.65625,3.503988265991211,1798000
1985-03-27,9.625,9.71875,9.59375,9.6875,3.5153274536132812,2225600
1985-03-28,9.6875,9.71875,9.5625,9.625,3.492649555206299,2021200
1985-03-29,9.65625,9.6875,9.53125,9.625,3.492649555206299,1340800
1985-04-01,9.625,9.625,9.53125,9.5625,3.4699692726135254,2173600
1985-04-02,9.5625,9.59375,9.375,9.40625,3.4132697582244873,3426800
1985-04-03,9.46875,9.46875,9.28125,9.3125,3.3792519569396973,1612400
1985-04-04,9.28125,9.4375,9.21875,9.375,3.4019317626953125,1934400
1985-04-08,9.4375,9.46875,9.34375,9.40625,3.4132697582244873,1153600
1985-04-09,9.4375,9.46875,9.34375,9.4375,3.424610137939453,1570800
1985-04-10,9.40625,9.75,9.40625,9.71875,3.5266644954681396,2020000
1985-04-11,9.78125,9.90625,9.46875,9.5625,3.4699692726135254,3020000
1985-04-12,9.53125,9.5625,9.4375,9.5,3.447291374206543,1830400
1985-04-15,9.46875,9.625,9.46875,9.5625,3.4699692726135254,1578000
1985-04-16,9.5625,9.6875,9.53125,9.625,3.492649555206299,2361200
1985-04-17,9.625,9.71875,9.625,9.625,3.492649555206299,3054400
1985-04-18,9.6875,9.8125,9.65625,9.78125,3.549347400665283,2748000
1985-04-19,9.78125,9.9375,9.78125,9.875,3.583367109298706,1318800
1985-04-22,9.90625,10.21875,9.90625,10.21875,3.70810604095459,3674000
1985-04-23,10.15625,10.21875,10.0,10.09375,3.662745475769043,1882400
1985-04-24,10.09375,10.25,10.09375,10.21875,3.70810604095459,1338000
1985-04-25,10.1875,10.25,10.09375,10.1875,3.696763277053833,2464000
1985-04-26,10.25,10.28125,10.09375,10.125,3.674086570739746,2294400
1985-04-29,10.125,10.4375,10.0625,10.1875,3.696763277053833,2006000
1985-04-30,10.15625,10.15625,9.78125,9.78125,3.549347400665283,4192000
1985-05-01,9.84375,9.875,9.75,9.75,3.538008689880371,2432400
1985-05-02,9.6875,9.90625,9.625,9.84375,3.5720276832580566,1498800
1985-05-03,9.875,9.90625,9.75,9.875,3.583367109298706,1409200
1985-05-06,9.8125,9.90625,9.625,9.625,3.492649555206299,1138800
1985-05-07,9.65625,9.75,9.625,9.71875,3.5266644954681396,1143200
1985-05-08,9.71875,9.71875,9.5625,9.625,3.492649555206299,1321200
1985-05-09,9.6875,9.8125,9.625,9.78125,3.549347400665283,1640400
1985-05-10,9.75,9.875,9.75,9.75,3.538008689880371,1901600
1985-05-13,9.75,9.78125,9.53125,9.71875,3.5266644954681396,1785600
1985-05-14,9.75,9.90625,9.59375,9.59375,3.481309413909912,1226000
1985-05-15,9.5625,9.875,9.53125,9.8125,3.5606870651245117,4092000
1985-05-16,9.875,10.0,9.8125,10.0,3.6287267208099365,2652400
1985-05-17,9.9375,10.0,9.6875,9.96875,3.6173887252807617,1725200
1985-05-20,10.0625,10.09375,9.96875,10.03125,3.640064239501953,2884000
1985-05-21,10.03125,10.125,10.0,10.125,3.674086570739746,5236000
1985-05-22,10.09375,10.125,9.96875,10.03125,3.640064239501953,2730400
1985-05-23,9.9375,10.03125,9.84375,9.90625,3.594707489013672,1988000
1985-05-24,9.6875,9.84375,9.6875,9.8125,3.5606870651245117,1627200
1985-05-28,9.8125,9.875,9.75,9.8125,3.5606870651245117,1831200
1985-05-29,9.6875,9.71875,9.5,9.5625,3.4699692726135254,2797200
1985-05-30,9.5,9.59375,9.46875,9.53125,3.458630323410034,2598400
1985-05-31,9.5,9.5625,9.46875,9.5,3.447291374206543,2302800
1985-06-03,9.46875,9.46875,9.3125,9.375,3.4019317626953125,2247200
1985-06-04,9.53125,9.53125,9.21875,9.53125,3.486522912979126,2748000
1985-06-05,9.625,9.65625,9.5625,9.59375,3.509385585784912,2962000
1985-06-06,9.5625,9.5625,9.375,9.5,3.4750916957855225,2533600
1985-06-07,9.40625,9.40625,9.3125,9.34375,3.417933464050293,1604000
1985-06-10,9.34375,9.5,9.34375,9.5,3.4750916957855225,1160800
1985-06-11,9.5625,9.6875,9.5,9.59375,3.509385585784912,2272800
1985-06-12,9.53125,9.59375,9.40625,9.46875,3.4636611938476562,1352800
1985-06-13,9.3125,9.375,9.25,9.34375,3.417933464050293,1598800
1985-06-14,9.375,9.40625,9.25,9.3125,3.4065022468566895,1976400
1985-06-17,9.1875,9.1875,9.0625,9.15625,3.349348306655884,1698800
1985-06-18,9.15625,9.15625,8.90625,9.0,3.2921905517578125,2846000
1985-06-19,9.0,9.09375,8.96875,9.0625,3.3150551319122314,1809200
1985-06-20,9.03125,9.125,9.0,9.125,3.337916851043701,1428000
1985-06-21,9.0625,9.5625,9.0625,9.46875,3.4636611938476562,2782000
1985-06-24,9.40625,9.53125,9.34375,9.46875,3.4636611938476562,1599600
1985-06-25,9.46875,9.625,9.4375,9.5,3.4750916957855225,2014800
1985-06-26,9.5,9.53125,9.375,9.4375,3.4522292613983154,1299600
1985-06-27,9.53125,9.59375,9.3125,9.46875,3.4636611938476562,1803200
1985-06-28,9.625,9.65625,9.5625,9.65625,3.5322465896606445,3375600
1985-07-01,9.65625,9.71875,9.5,9.71875,3.5551095008850098,2276800
1985-07-02,9.65625,9.78125,9.625,9.6875,3.5436770915985107,3096000
1985-07-03,9.59375,9.625,9.5,9.5625,3.4979519844055176,1567600
1985-07-05,9.53125,9.59375,9.5,9.5625,3.4979519844055176,1517200
1985-07-08,9.5625,9.5625,9.46875,9.5625,3.4979519844055176,1606000
1985-07-09,9.5,9.53125,9.4375,9.5,3.4750916957855225,2069600
1985-07-10,9.5,9.5625,9.4375,9.5,3.4750916957855225,1687600
1985-07-11,9.40625,9.53125,9.40625,9.5,3.4750916957855225,2912400
1985-07-12,9.4375,9.53125,9.34375,9.46875,3.4636611938476562,3222000
1985-07-15,9.40625,9.46875,9.25,9.28125,3.3950700759887695,1316000
1985-07-16,9.15625,9.28125,9.15625,9.25,3.3836426734924316,4400000
1985-07-17,9.28125,9.3125,9.21875,9.3125,3.4065022468566895,3904000
1985-07-18,9.3125,9.46875,9.3125,9.4375,3.4522292613983154,2220800
1985-07-19,9.40625,9.53125,9.40625,9.5,3.4750916957855225,1862800
1985-07-22,9.5,9.5,9.28125,9.375,3.4293673038482666,1321200
1985-07-23,9.4375,9.5,9.375,9.4375,3.4522292613983154,3816800
1985-07-24,9.46875,9.5625,9.3125,9.53125,3.486522912979126,3449200
1985-07-25,9.5625,9.71875,9.4375,9.71875,3.5551095008850098,4460000
1985-07-26,9.75,9.90625,9.71875,9.875,3.612264394760132,2887200
1985-07-29,9.875,9.90625,9.65625,9.65625,3.5322465896606445,1733600
1985-07-30,9.71875,9.84375,9.65625,9.84375,3.6008338928222656,1400800
1985-07-31,9.84375,9.875,9.625,9.6875,3.5436770915985107,1496000
1985-08-01,9.65625,9.6875,9.46875,9.625,3.52081561088562,1113600
1985-08-02,9.5625,9.59375,9.4375,9.4375,3.4522292613983154,1005600
1985-08-05,9.40625,9.4375,9.3125,9.40625,3.4407975673675537,1517200
1985-08-06,9.40625,9.5,9.125,9.21875,3.372209072113037,2012400
1985-08-07,9.1875,9.40625,9.1875,9.34375,3.417933464050293,1427200
1985-08-08,9.375,9.40625,9.25,9.25,3.3836426734924316,1280000
1985-08-09,9.21875,9.34375,9.1875,9.28125,3.3950700759887695,1512400
1985-08-12,9.34375,9.5,9.34375,9.4375,3.4522292613983154,975600
1985-08-13,9.375,9.40625,9.25,9.28125,3.3950700759887695,1086400
1985-08-14,9.28125,9.34375,9.25,9.25,3.3836426734924316,874800
1985-08-15,9.25,9.28125,9.1875,9.21875,3.372209072113037,1414800
1985-08-16,9.15625,9.25,9.15625,9.21875,3.372209072113037,2182800
1985-08-19,9.15625,9.21875,9.125,9.1875,3.360778331756592,902800
1985-08-20,9.1875,9.28125,9.15625,9.25,3.3836426734924316,1435600
1985-08-21,9.21875,9.25,9.1875,9.25,3.3836426734924316,1252800
1985-08-22,9.25,9.3125,9.1875,9.1875,3.360778331756592,969600
1985-08-23,9.15625,9.21875,9.125,9.125,3.337916851043701,713600
1985-08-26,9.125,9.28125,9.125,9.21875,3.372209072113037,521200
1985-08-27,9.25,9.34375,9.21875,9.28125,3.3950700759887695,669200
1985-08-28,9.1875,9.34375,9.1875,9.34375,3.417933464050293,1059600
1985-08-29,9.28125,9.34375,9.21875,9.28125,3.3950700759887695,1456400
1985-08-30,9.28125,9.28125,9.125,9.15625,3.349348306655884,896000
1985-09-03,9.09375,9.15625,9.0,9.09375,3.3539576530456543,953200
1985-09-04,9.09375,9.125,8.96875,8.96875,3.307854175567627,1386800
1985-09-05,8.96875,9.0625,8.75,9.03125,3.330906629562378,1130000
1985-09-06,9.03125,9.21875,9.0,9.15625,3.3770089149475098,981600
1985-09-09,9.09375,9.1875,9.03125,9.03125,3.330906629562378,697600
1985-09-10,9.0625,9.25,9.0,9.125,3.3654837608337402,1682400
1985-09-11,9.09375,9.09375,8.90625,8.96875,3.307854175567627,2026000
1985-09-12,8.875,8.875,8.71875,8.71875,3.215648889541626,2929600
1985-09-13,8.6875,8.71875,8.34375,8.46875,3.1234450340270996,3757200
1985-09-16,8.5,8.625,8.46875,8.5625,3.158022165298462,3019600
1985-09-17,8.5625,8.5625,8.46875,8.46875,3.1234450340270996,3153600
1985-09-18,8.4375,8.53125,8.40625,8.46875,3.1234450340270996,3116800
1985-09-19,8.5,8.65625,8.46875,8.625,3.181072235107422,1823600
1985-09-20,8.625,8.625,8.4375,8.4375,3.111920118331909,2089200
1985-09-23,8.59375,8.71875,8.5,8.625,3.181072235107422,3037600
1985-09-24,8.53125,8.59375,8.46875,8.5,3.1349692344665527,1471200
1985-09-25,8.46875,8.53125,8.3125,8.34375,3.0773427486419678,2808800
1985-09-26,8.3125,8.625,8.28125,8.625,3.181072235107422,2404800
1985-09-30,8.53125,8.65625,8.5,8.5625,3.158022165298462,2242400
1985-10-01,8.625,9.09375,8.59375,9.09375,3.3539576530456543,2619200
1985-10-02,9.0625,9.09375,8.625,8.71875,3.215648889541626,3378000
1985-10-03,8.6875,8.84375,8.65625,8.8125,3.2502267360687256,1417600
1985-10-04,8.84375,8.84375,8.65625,8.6875,3.204123020172119,1270400
1985-10-07,8.625,8.625,8.40625,8.5,3.1349692344665527,1944000
1985-10-08,8.5,8.59375,8.46875,8.5625,3.158022165298462,872000
1985-10-09,8.5625,8.65625,8.53125,8.59375,3.1695480346679688,1027200
1985-10-10,8.59375,8.625,8.40625,8.40625,3.1003940105438232,1044400
1985-10-11,8.4375,8.53125,8.40625,8.53125,3.146493911743164,1194800
1985-10-14,8.59375,8.59375,8.5,8.5625,3.158022165298462,657600
1985-10-15,8.59375,8.59375,8.5,8.53125,3.146493911743164,1346000
1985-10-16,8.5,8.71875,8.5,8.71875,3.215648889541626,1273200
1985-10-17,8.5,8.59375,8.40625,8.40625,3.1003940105438232,2478000
1985-10-18,8.40625,8.5625,8.28125,8.34375,3.0773427486419678,2069200
1985-10-21,8.3125,8.34375,8.25,8.3125,3.065816640853882,1840800
1985-10-22,8.3125,8.375,8.25,8.3125,3.065816640853882,1930400
1985-10-23,8.3125,8.375,8.25,8.28125,3.0542917251586914,2888000
1985-10-24,8.25,8.28125,8.09375,8.25,3.042764663696289,2164800
1985-10-25,8.25,8.28125,8.1875,8.25,3.042764663696289,1512400
1985-10-28,8.25,8.3125,8.1875,8.25,3.042764663696289,1670800
1985-10-29,8.25,8.40625,8.25,8.3125,3.065816640853882,1828000
1985-10-30,8.34375,8.5,8.3125,8.40625,3.1003940105438232,1855600
1985-10-31,8.40625,8.4375,8.28125,8.3125,3.065816640853882,1502400
1985-11-01,8.28125,8.5,8.28125,8.5,3.1349692344665527,2023600
1985-11-04,8.5,8.625,8.40625,8.59375,3.1695480346679688,1579200
1985-11-05,8.53125,8.6875,8.53125,8.625,3.181072235107422,1642000
1985-11-06,8.5625,8.59375,8.40625,8.5,3.1349692344665527,1953600
1985-11-07,8.53125,8.71875,8.53125,8.625,3.181072235107422,2568400
1985-11-08,8.5625,8.6875,8.5625,8.6875,3.204123020172119,1483600
1985-11-11,8.65625,8.71875,8.59375,8.71875,3.215648889541626,1987600
1985-11-12,8.71875,8.8125,8.625,8.8125,3.2502267360687256,3161600
1985-11-13,8.71875,8.90625,8.71875,8.75,3.227177143096924,2579600
1985-11-14,8.71875,8.78125,8.6875,8.75,3.227177143096924,2007600
1985-11-15,8.71875,8.71875,8.5625,8.625,3.181072235107422,1938800
1985-11-18,8.53125,8.625,8.5,8.53125,3.146493911743164,2256000
1985-11-19,8.5625,8.625,8.4375,8.46875,3.1234450340270996,2415600
1985-11-20,8.46875,8.46875,8.375,8.4375,3.111920118331909,2263600
1985-11-21,8.4375,8.53125,8.40625,8.5,3.1349692344665527,3025600
1985-11-22,8.59375,8.96875,8.53125,8.875,3.2732768058776855,5760000
1985-11-25,8.875,9.25,8.84375,9.1875,3.3885350227355957,4840000
1985-11-26,9.0625,9.09375,8.90625,9.0625,3.342432975769043,3240000
1985-11-27,9.0,9.0625,8.96875,9.0625,3.342432975769043,2075200
1985-11-29,9.0625,9.09375,8.84375,8.9375,3.296329975128174,1831200
1985-12-02,8.875,8.90625,8.71875,8.75,3.227177143096924,2355600
1985-12-03,8.6875,8.75,8.5625,8.625,3.181072235107422,2436800
1985-12-04,8.59375,8.8125,8.5625,8.8125,3.2502267360687256,2126800
1985-12-05,8.75,8.84375,8.59375,8.71875,3.215648889541626,3058800
1985-12-06,8.75,8.84375,8.625,8.84375,3.261752128601074,2327600
1985-12-09,8.6875,8.71875,8.375,8.4375,3.111920118331909,3586400
1985-12-10,8.4375,8.4375,8.21875,8.375,3.088867664337158,3212800
1985-12-11,8.25,8.4375,8.1875,8.25,3.042764663696289,4240000
1985-12-12,8.25,9.0,8.25,8.78125,3.238701581954956,8144000
1985-12-13,8.84375,8.84375,8.65625,8.8125,3.2502267360687256,4760000
1985-12-16,8.8125,8.875,8.6875,8.8125,3.2502267360687256,4680000
1985-12-17,8.53125,8.8125,8.53125,8.53125,3.173504114151001,3135200
1985-12-18,8.5,8.625,8.5,8.625,3.208376884460449,2510000
1985-12-19,8.53125,8.6875,8.53125,8.65625,3.220003604888916,2685200
1985-12-20,8.625,8.875,8.59375,8.75,3.254878044128418,3931600
1985-12-23,8.6875,8.75,8.625,8.75,3.254878044128418,2494000
1985-12-24,8.71875,8.75,8.6875,8.71875,3.243251085281372,1042800
1985-12-26,8.6875,8.90625,8.6875,8.90625,3.3130006790161133,1350400
1985-12-27,8.96875,9.0,8.875,8.90625,3.3130006790161133,2477600
1985-12-30,8.84375,9.03125,8.84375,9.03125,3.3594980239868164,2792800
1985-12-31,9.125,9.25,9.0625,9.125,3.3943722248077393,3067600
1986-01-02,9.15625,9.1875,8.90625,9.0,3.3478736877441406,1694000
1986-01-03,9.0,9.09375,8.96875,9.0625,3.371122360229492,1395200
1986-01-06,9.0625,9.21875,9.03125,9.15625,3.4059972763061523,2134000
1986-01-07,9.1875,9.4375,9.1875,9.40625,3.498992919921875,3030400
1986-01-08,9.40625,9.4375,9.15625,9.25,3.440870761871338,4520000
1986-01-09,9.125,9.25,8.9375,9.125,3.3943722248077393,3752800
1986-01-10,9.15625,9.28125,9.125,9.1875,3.4176201820373535,2387200
1986-01-13,9.1875,9.21875,8.8125,8.8125,3.2781243324279785,4276000
1986-01-14,8.84375,8.875,8.71875,8.84375,3.289750337600708,3394000
1986-01-15,8.78125,8.875,8.75,8.84375,3.289750337600708,1857200
1986-01-16,8.8125,8.84375,8.65625,8.71875,3.243251085281372,2398400
1986-01-17,8.5625,8.71875,8.46875,8.53125,3.173504114151001,5184000
1986-01-20,8.5,8.65625,8.4375,8.625,3.208376884460449,3036800
1986-01-21,8.5,8.53125,8.28125,8.375,3.115381956100464,3547600
1986-01-22,8.1875,8.25,8.125,8.15625,3.034010410308838,6228000
1986-01-23,8.09375,8.1875,7.9375,8.125,3.022386312484741,3776000
1986-01-24,8.125,8.21875,8.03125,8.15625,3.034010410308838,3938000
1986-01-27,8.03125,8.125,7.96875,8.03125,2.9875128269195557,2153200
1986-01-28,8.0,8.09375,7.9375,8.0625,2.9991371631622314,3781600
1986-01-29,8.0,8.0625,7.875,7.9375,2.9526383876800537,4240000
1986-01-30,7.875,8.09375,7.875,8.0,2.975886106491089,4040000
1986-01-31,7.9375,8.4375,7.9375,8.34375,3.1037566661834717,4240000
1986-02-03,8.34375,8.5,7.90625,8.0625,2.9991371631622314,5160000
1986-02-04,8.03125,8.0625,7.71875,7.71875,2.871265411376953,4400000
1986-02-05,7.78125,7.90625,7.71875,7.875,2.9293904304504395,3514800
1986-02-06,7.90625,7.96875,7.78125,7.96875,2.9642624855041504,2815200
1986-02-07,7.9375,8.125,7.84375,7.96875,2.9642624855041504,3011600
1986-02-10,7.96875,8.09375,7.9375,8.03125,2.9875128269195557,3016800
1986-02-11,8.0,8.0,7.75,7.78125,2.894514322280884,4720000
1986-02-12,7.8125,7.875,7.75,7.8125,2.906139373779297,3103600
1986-02-13,7.75,7.8125,7.5,7.59375,2.82476806640625,5720000
1986-02-14,7.5625,7.59375,7.375,7.5,2.78989577293396,5480000
1986-02-18,7.40625,7.5,7.3125,7.46875,2.778269052505493,4120000
1986-02-19,7.40625,7.46875,7.3125,7.3125,2.7201461791992188,3474000
1986-02-20,7.3125,7.5625,7.25,7.5625,2.813142776489258,3800000
1986-02-21,7.53125,7.65625,7.4375,7.4375,2.7666451930999756,4400000
1986-02-24,7.46875,7.59375,7.40625,7.5625,2.813142776489258,4000000
1986-02-25,7.625,7.71875,7.625,7.6875,2.85964298248291,3627200
1986-02-26,7.625,7.6875,7.53125,7.625,2.8363935947418213,2893200
1986-02-27,7.625,7.6875,7.5625,7.625,2.8363935947418213,2911200
1986-02-28,7.6875,7.71875,7.40625,7.5,2.78989577293396,3694400
1986-03-03,7.53125,7.53125,7.40625,7.46875,2.778269052505493,2892000
1986-03-04,7.40625,7.46875,7.375,7.40625,2.7550203800201416,1746800
1986-03-05,7.375,7.46875,7.28125,7.46875,2.778269052505493,4000000
1986-03-06,7.4375,7.46875,7.375,7.4375,2.7666451930999756,2996800
1986-03-07,7.375,7.46875,7.25,7.28125,2.708522319793701,3461600
1986-03-10,7.28125,7.46875,7.28125,7.4375,2.7666451930999756,2044000
1986-03-11,7.875,7.9375,7.40625,7.875,2.959230899810791,4680000
1986-03-12,7.9375,8.03125,7.75,7.8125,2.9357428550720215,3517200
1986-03-13,7.78125,7.84375,7.625,7.6875,2.8887712955474854,2560800
1986-03-14,7.75,7.875,7.65625,7.8125,2.9357428550720215,2838000
1986-03-17,7.71875,7.875,7.6875,7.875,2.959230899810791,2421200
1986-03-18,7.8125,8.0,7.78125,7.8125,2.9357428550720215,2009600
1986-03-19,7.84375,7.96875,7.8125,7.9375,2.982714891433716,1872400
1986-03-20,7.96875,8.0,7.875,7.96875,2.9944591522216797,1850400
1986-03-21,7.96875,8.0,7.59375,7.75,2.912257432937622,3544000
1986-03-24,7.78125,7.8125,7.71875,7.75,2.912257432937622,1800000
1986-03-25,7.78125,7.875,7.75,7.78125,2.9240024089813232,1248000
1986-03-26,7.8125,7.96875,7.8125,7.9375,2.982714891433716,1531200
1986-03-27,8.0,8.125,7.96875,8.03125,3.0179457664489746,2491600
1986-03-31,8.03125,8.0625,7.90625,7.9375,2.982714891433716,1340000
1986-04-01,7.96875,8.0,7.8125,7.84375,2.9474871158599854,3200800
1986-04-02,7.90625,8.03125,7.84375,7.875,2.959230899810791,1599600
1986-04-03,7.9375,8.03125,7.8125,7.90625,2.9709739685058594,1692000
1986-04-04,7.9375,8.0,7.875,7.875,2.959230899810791,2016800
1986-04-07,7.90625,8.0,7.78125,7.875,2.959230899810791,2519600
1986-04-08,7.9375,7.96875,7.78125,7.96875,2.9944591522216797,1934800
1986-04-09,8.0,8.03125,7.8125,7.875,2.959230899810791,1186400
1986-04-10,7.84375,8.03125,7.8125,7.9375,2.982714891433716,1524000
1986-04-11,7.96875,8.03125,7.84375,7.875,2.959230899810791,1997200
1986-04-14,7.90625,7.9375,7.8125,7.8125,2.9357428550720215,1626800
1986-04-15,7.9375,7.9375,7.75,7.75,2.912257432937622,2572400
1986-04-16,7.8125,7.8125,7.65625,7.65625,2.877027988433838,1639200
1986-04-17,7.71875,7.75,7.5,7.59375,2.8535444736480713,3116800
1986-04-18,7.53125,7.59375,7.40625,7.5,2.8183159828186035,3335600
1986-04-21,7.46875,7.71875,7.46875,7.6875,2.8887712955474854,1958000
1986-04-22,7.65625,7.6875,7.46875,7.5,2.8183159828186035,2586400
1986-04-23,7.5,7.5625,7.46875,7.53125,2.830059289932251,1457200
1986-04-24,7.5,7.65625,7.5,7.59375,2.8535444736480713,2077200
1986-04-25,7.65625,7.6875,7.53125,7.59375,2.8535444736480713,1700000
1986-04-28,7.5625,7.6875,7.5625,7.625,2.865286350250244,1953600
1986-04-29,7.59375,7.65625,7.5625,7.625,2.865286350250244,997600
1986-04-30,7.59375,7.65625,7.5,7.5,2.8183159828186035,1482000
1986-05-01,7.5,7.5625,7.4375,7.5,2.8183159828186035,1885200
1986-05-02,7.5,7.59375,7.46875,7.53125,2.830059289932251,1534400
1986-05-05,7.5625,7.6875,7.53125,7.59375,2.8535444736480713,1691600
1986-05-06,7.65625,7.65625,7.5,7.5625,2.841801881790161,1224000
1986-05-07,7.5625,7.59375,7.53125,7.5625,2.841801881790161,1219200
1986-05-08,7.65625,7.84375,7.625,7.71875,2.900514841079712,2112800
1986-05-09,7.71875,7.84375,7.65625,7.78125,2.9240024089813232,2030000
1986-05-12,7.75,7.96875,7.71875,7.90625,2.9709739685058594,3191600
1986-05-13,7.84375,7.90625,7.71875,7.75,2.912257432937622,2759600
1986-05-14,7.78125,7.8125,7.53125,7.5625,2.841801881790161,2746000
1986-05-15,7.625,7.625,7.4375,7.5,2.8183159828186035,3275600
1986-05-16,7.53125,7.5625,7.5,7.53125,2.830059289932251,1888800
1986-05-19,7.59375,7.625,7.5,7.5625,2.841801881790161,2299200
1986-05-20,7.625,7.75,7.59375,7.65625,2.877027988433838,1966000
1986-05-21,7.6875,7.6875,7.59375,7.625,2.865286350250244,1554800
1986-05-22,7.65625,7.71875,7.59375,7.6875,2.8887712955474854,2162800
1986-05-23,7.75,7.8125,7.625,7.65625,2.877027988433838,3506800
1986-05-27,7.71875,7.84375,7.6875,7.84375,2.9474871158599854,2173200
1986-05-28,7.84375,7.9375,7.8125,7.84375,2.9474871158599854,3064000
1986-05-29,7.90625,7.96875,7.84375,7.9375,2.982714891433716,2408000
1986-05-30,7.9375,8.125,7.90625,8.09375,3.041430711746216,2823200
1986-06-02,8.15625,8.21875,8.09375,8.15625,3.064915657043457,4844000
1986-06-03,8.09375,8.125,8.0,8.09375,3.0696582794189453,2023600
1986-06-04,8.09375,8.125,7.875,7.875,2.9866952896118164,1625600
1986-06-05,7.875,8.0,7.875,8.0,3.034102201461792,1081600
1986-06-06,7.96875,8.03125,7.9375,8.0,3.034102201461792,1038400
1986-06-09,7.9375,7.9375,7.75,7.78125,2.9511382579803467,1828800
1986-06-10,7.75,7.78125,7.53125,7.5625,2.8681750297546387,2574400
1986-06-11,7.59375,7.6875,7.5625,7.65625,2.9037301540374756,1726400
1986-06-12,7.65625,7.75,7.625,7.75,2.939286231994629,1098000
1986-06-13,7.75,7.9375,7.71875,7.9375,3.0103979110717773,3406400
1986-06-16,7.9375,7.96875,7.8125,7.875,2.9866952896118164,2162400
1986-06-17,7.875,7.9375,7.84375,7.90625,2.9985461235046387,2391200
1986-06-18,7.9375,8.0625,7.875,8.0625,3.057805061340332,3982000
1986-06-19,8.03125,8.0625,7.96875,8.0625,3.057805061340332,2094400
1986-06-20,8.03125,8.09375,7.96875,8.09375,3.0696582794189453,2864800
1986-06-23,8.0,8.1875,8.0,8.15625,3.0933609008789062,3879600
1986-06-24,8.09375,8.3125,8.0625,8.21875,3.117064952850342,4400000
1986-06-25,8.25,8.40625,8.21875,8.3125,3.1526222229003906,4760000
1986-06-26,8.3125,8.34375,8.1875,8.21875,3.117064952850342,2578800
1986-06-27,8.21875,8.5,8.21875,8.5,3.223733425140381,5372000
1986-06-30,8.5,8.71875,8.40625,8.59375,3.259286880493164,7132000
1986-07-01,8.59375,8.59375,8.375,8.46875,3.2118804454803467,4280000
1986-07-02,8.46875,8.6875,8.4375,8.53125,3.2355856895446777,3675600
1986-07-03,8.5625,8.5625,8.4375,8.53125,3.2355856895446777,2567600
1986-07-07,8.46875,8.46875,8.1875,8.28125,3.1407690048217773,3251600
1986-07-08,8.21875,8.4375,8.09375,8.40625,3.188178300857544,2582000
1986-07-09,8.5,8.625,8.46875,8.53125,3.2355856895446777,2924800
1986-07-10,8.5625,8.59375,8.375,8.5625,3.2474358081817627,2908000
1986-07-11,8.53125,8.59375,8.4375,8.46875,3.2118804454803467,2140400
1986-07-14,8.4375,8.4375,8.28125,8.3125,3.1526222229003906,2300000
1986-07-15,8.125,8.15625,7.65625,7.75,2.939286231994629,5560000
1986-07-16,7.75,7.875,7.6875,7.84375,2.974841594696045,3244800
1986-07-17,7.65625,7.78125,7.65625,7.65625,2.9037301540374756,2630000
1986-07-18,7.625,7.625,7.4375,7.5625,2.8681750297546387,4240000
1986-07-21,7.5625,7.65625,7.4375,7.625,2.891878366470337,3831200
1986-07-22,7.53125,7.625,7.4375,7.5,2.8444721698760986,2256000
1986-07-23,7.5,7.53125,7.40625,7.46875,2.8326196670532227,2422000
1986-07-24,7.40625,7.40625,7.125,7.34375,2.785209894180298,4600000
1986-07-25,7.28125,7.46875,7.21875,7.46875,2.8326196670532227,2799600
1986-07-28,7.46875,7.46875,7.125,7.25,2.7496554851531982,1777200
1986-07-29,7.25,7.25,7.125,7.1875,2.725950241088867,1933600
1986-07-30,7.125,7.3125,7.03125,7.3125,2.7733590602874756,2482800
1986-07-31,7.25,7.28125,7.0625,7.1875,2.725950241088867,1746000
1986-08-01,7.125,7.21875,7.03125,7.03125,2.6666910648345947,1481600
1986-08-04,7.0,7.34375,6.8125,7.3125,2.7733590602874756,4400000
1986-08-05,7.625,7.84375,7.4375,7.6875,2.915581464767456,9360000
1986-08-06,7.6875,7.71875,7.59375,7.625,2.891878366470337,4000000
1986-08-07,7.5625,7.625,7.5,7.53125,2.856323480606079,1858400
1986-08-08,7.46875,7.5,7.3125,7.40625,2.808915138244629,1901200
1986-08-11,7.46875,7.5,7.40625,7.40625,2.808915138244629,2002000
1986-08-12,7.4375,7.5,7.40625,7.40625,2.808915138244629,1730400
1986-08-13,7.4375,7.53125,7.4375,7.53125,2.856323480606079,2935200
1986-08-14,7.59375,7.9375,7.5,7.9375,3.0103979110717773,3900000
1986-08-15,7.96875,8.15625,7.8125,8.09375,3.0696582794189453,3678800
1986-08-18,8.03125,8.0625,7.875,7.9375,3.0103979110717773,4240000
1986-08-19,7.96875,8.0,7.8125,7.875,2.9866952896118164,1685200
1986-08-20,7.875,7.96875,7.8125,7.96875,3.0222504138946533,7320000
1986-08-21,7.9375,8.09375,7.875,8.0,3.034102201461792,2979600
1986-08-22,8.0625,8.09375,8.0,8.03125,3.0459535121917725,2650800
1986-08-25,8.0625,8.375,8.0,8.125,3.081509590148926,4320000
1986-08-26,8.15625,8.46875,8.15625,8.40625,3.188178300857544,4320000
1986-08-27,8.40625,8.5625,8.34375,8.4375,3.2000296115875244,4040000
1986-08-28,8.40625,8.4375,8.25,8.40625,3.188178300857544,2923600
1986-08-29,8.46875,8.5625,8.4375,8.5,3.223733425140381,3244400
1986-09-02,8.34375,8.4375,8.28125,8.34375,3.192643642425537,2639600
1986-09-03,8.25,8.34375,8.21875,8.34375,3.192643642425537,2517200
1986-09-04,8.40625,8.75,8.40625,8.5625,3.2763452529907227,5920000
1986-09-05,8.6875,8.75,8.59375,8.625,3.3002636432647705,5400000
1986-09-08,8.59375,8.625,8.375,8.4375,3.228515625,3668000
1986-09-09,8.40625,8.4375,8.3125,8.3125,3.1806857585906982,2671600
1986-09-10,8.3125,8.6875,8.28125,8.46875,3.2404732704162598,3026800
1986-09-11,8.40625,8.40625,8.0,8.125,3.108940601348877,3790800
1986-09-12,8.09375,8.09375,7.78125,7.90625,3.025238513946533,3613200
1986-09-15,8.0,8.0,7.75,7.96875,3.049154758453369,2447600
1986-09-16,7.90625,7.90625,7.78125,7.84375,3.00132417678833,1633200
1986-09-17,7.84375,7.84375,7.65625,7.65625,2.9295780658721924,1903200
1986-09-18,7.6875,8.0625,7.59375,8.0625,3.085024356842041,3364000
1986-09-19,8.0,8.375,8.0,8.25,3.1567704677581787,5320000
1986-09-22,8.1875,8.1875,8.0625,8.125,3.108940601348877,1656800
1986-09-23,8.125,8.4375,8.0,8.4375,3.228515625,2457200
1986-09-24,8.375,8.4375,8.15625,8.4375,3.228515625,2153200
1986-09-25,8.21875,8.21875,7.8125,8.0625,3.085024356842041,2760000
1986-09-26,8.0,8.3125,7.9375,8.3125,3.1806857585906982,3242800
1986-09-29,8.21875,8.875,8.21875,8.375,3.2046005725860596,4280000
1986-09-30,8.4375,8.53125,8.34375,8.4375,3.228515625,3535600
1986-10-01,8.375,8.46875,8.0625,8.28125,3.1687281131744385,3533200
1986-10-02,8.3125,8.71875,8.21875,8.71875,3.336134195327759,8468000
1986-10-03,8.875,8.90625,8.625,8.75,3.3480913639068604,8212000
1986-10-06,8.625,8.71875,8.53125,8.5625,3.2763452529907227,1705200
1986-10-07,8.625,8.65625,8.40625,8.5,3.2524304389953613,1779200
1986-10-08,8.5,8.75,8.3125,8.5,3.2524304389953613,6120000
1986-10-09,8.5,8.5,8.03125,8.21875,3.1448137760162354,12280000
1986-10-10,8.21875,8.375,8.1875,8.3125,3.1806857585906982,3766000
1986-10-13,8.25,8.3125,8.1875,8.3125,3.1806857585906982,1506800
1986-10-14,8.21875,8.25,8.09375,8.1875,3.132856607437134,3948400
1986-10-15,8.1875,8.40625,8.15625,8.28125,3.1687281131744385,5760000
1986-10-16,8.3125,8.4375,8.125,8.21875,3.1448137760162354,2444000
1986-10-17,8.15625,8.1875,8.0625,8.15625,3.1208994388580322,2388800
1986-10-20,8.15625,8.3125,7.96875,8.21875,3.1448137760162354,3080400
1986-10-21,8.125,8.21875,8.0625,8.1875,3.132856607437134,2509200
1986-10-22,8.15625,8.1875,7.875,7.96875,3.049154758453369,2491200
1986-10-23,7.9375,8.28125,7.84375,8.28125,3.1687281131744385,4720000
1986-10-24,8.25,8.25,7.9375,8.03125,3.0730693340301514,3366400
1986-10-27,8.0,8.21875,7.9375,8.0,3.0611116886138916,2586000
1986-10-28,7.96875,8.03125,7.96875,8.0,3.0611116886138916,1828000
1986-10-29,8.0,8.03125,7.90625,7.90625,3.025238513946533,2008400
1986-10-30,7.96875,8.1875,7.90625,8.1875,3.132856607437134,5400000
1986-10-31,8.125,8.125,7.9375,7.96875,3.049154758453369,3085600
1986-11-03,7.9375,8.03125,7.875,7.96875,3.049154758453369,2333200
1986-11-04,7.9375,8.0625,7.90625,8.0625,3.085024356842041,1793600
1986-11-05,7.96875,8.5625,7.96875,8.4375,3.228515625,7640000
1986-11-06,8.5625,8.65625,8.46875,8.53125,3.2643885612487793,6920000
1986-11-07,8.5,8.53125,8.3125,8.40625,3.2165579795837402,2792800
1986-11-10,8.375,8.625,8.3125,8.40625,3.2165579795837402,3181600
1986-11-11,8.3125,8.3125,8.1875,8.3125,3.1806857585906982,4320000
1986-11-12,8.4375,8.59375,8.40625,8.59375,3.2883012294769287,4560000
1986-11-13,8.5625,8.5625,8.34375,8.34375,3.192643642425537,2646000
1986-11-14,8.40625,8.4375,8.28125,8.40625,3.2165579795837402,2761200
1986-11-17,8.25,8.34375,8.21875,8.21875,3.1448137760162354,3502800
1986-11-18,8.25,8.28125,7.875,7.9375,3.037195920944214,4080000
1986-11-19,7.90625,7.96875,7.78125,7.90625,3.025238513946533,5160000
1986-11-20,7.9375,7.96875,7.875,7.96875,3.049154758453369,2115200
1986-11-21,7.9375,8.1875,7.9375,8.15625,3.1208994388580322,3228000
1986-11-24,8.125,8.25,8.03125,8.1875,3.132856607437134,2356000
1986-11-25,8.03125,8.09375,8.0,8.09375,3.0969841480255127,1532400
1986-11-26,8.03125,8.21875,8.03125,8.125,3.108940601348877,1621200
1986-11-28,8.15625,8.3125,8.09375,8.3125,3.1806857585906982,1186800
1986-12-01,8.1875,8.25,8.0625,8.1875,3.132856607437134,1410000
1986-12-02,8.28125,8.375,8.1875,8.3125,3.1806857585906982,3122400
1986-12-03,8.3125,8.375,8.25,8.375,3.2046005725860596,2194000
1986-12-04,8.5,8.59375,8.4375,8.53125,3.2643885612487793,4000000
1986-12-05,8.46875,8.71875,8.375,8.4375,3.228515625,3088800
1986-12-08,8.40625,8.53125,8.375,8.4375,3.228515625,2250400
1986-12-09,8.4375,8.46875,8.3125,8.34375,3.192643642425537,2297200
1986-12-10,8.34375,8.625,8.34375,8.5625,3.2763452529907227,4080000
1986-12-11,8.5,8.5625,8.125,8.125,3.108940601348877,4120000
1986-12-12,8.3125,8.375,8.21875,8.375,3.2046005725860596,3580000
1986-12-15,8.3125,8.34375,8.21875,8.3125,3.1806857585906982,8880000
1986-12-16,8.25,8.3125,8.1875,8.25,3.185511827468872,1982800
1986-12-17,8.1875,8.21875,8.0625,8.1875,3.1613802909851074,1460400
1986-12-18,8.15625,8.625,8.0,8.0,3.0889816284179688,2822800
1986-12-19,7.96875,8.5,7.9375,8.5,3.282042980194092,4880000
1986-12-22,8.25,8.3125,8.1875,8.1875,3.1613802909851074,2597200
1986-12-23,8.21875,8.28125,8.0625,8.0625,3.113114833831787,3287200
1986-12-24,8.1875,8.21875,8.03125,8.0625,3.113114833831787,1589200
1986-12-26,8.0,8.0625,8.0,8.03125,3.1010491847991943,566000
1986-12-29,8.0625,8.0625,7.875,7.9375,3.064849376678467,2025600
1986-12-30,7.9375,7.9375,7.84375,7.90625,3.052783489227295,2530400
1986-12-31,7.96875,8.0,7.875,7.9375,3.064849376678467,2252800
1987-01-02,8.0,8.1875,8.0,8.09375,3.1251823902130127,1674400
1987-01-05,8.15625,8.28125,8.125,8.25,3.185511827468872,3093200
1987-01-06,8.25,8.46875,8.21875,8.25,3.185511827468872,3316400
1987-01-07,8.3125,8.3125,8.15625,8.15625,3.1493144035339355,2392000
1987-01-08,8.25,8.6875,8.21875,8.6875,3.354442596435547,7840000
1987-01-09,8.71875,9.0,8.65625,8.9375,3.4509735107421875,10520000
1987-01-12,8.90625,9.3125,8.875,9.1875,3.547501564025879,9680000
1987-01-13,9.1875,9.25,9.0,9.09375,3.5113048553466797,5800000
1987-01-14,9.09375,9.375,9.09375,9.21875,3.5595688819885254,7680000
1987-01-15,9.34375,9.34375,9.09375,9.125,3.523369550704956,4640000
1987-01-16,9.1875,9.25,9.0,9.09375,3.5113048553466797,4360000
1987-01-19,9.125,9.25,9.0625,9.21875,3.5595688819885254,3580000
1987-01-20,9.1875,9.28125,9.125,9.15625,3.535435438156128,4000000
1987-01-21,9.125,9.25,9.03125,9.125,3.523369550704956,4600000
1987-01-22,9.125,9.21875,9.0,9.15625,3.535435438156128,2299200
1987-01-23,9.1875,9.28125,8.875,9.0,3.4751038551330566,8320000
1987-01-26,8.96875,9.03125,8.84375,8.96875,3.463038444519043,2962000
1987-01-27,9.0,9.125,8.96875,9.0625,3.499237060546875,3206000
1987-01-28,9.09375,9.21875,9.0,9.09375,3.5113048553466797,2426800
1987-01-29,9.125,9.15625,9.0,9.0,3.4751038551330566,1918800
1987-01-30,9.0625,9.09375,8.9375,9.09375,3.5113048553466797,2193200
1987-02-02,9.15625,9.3125,9.125,9.3125,3.5957694053649902,3932800
1987-02-03,9.34375,9.4375,9.09375,9.34375,3.607835054397583,4160000
1987-02-04,9.46875,9.84375,9.46875,9.78125,3.7767632007598877,11800000
1987-02-05,9.875,9.90625,9.625,9.6875,3.7405643463134766,8680000
1987-02-06,9.6875,9.9375,9.625,9.84375,3.8008947372436523,4240000
1987-02-09,9.78125,9.875,9.6875,9.6875,3.7405643463134766,2679600
1987-02-10,9.6875,9.75,9.5625,9.71875,3.752629518508911,2695600
1987-02-11,9.71875,9.84375,9.71875,9.8125,3.7888295650482178,2349200
1987-02-12,9.84375,9.875,9.5625,9.59375,3.7043657302856445,4160000
1987-02-13,9.5625,9.78125,9.40625,9.78125,3.7767632007598877,3779600
1987-02-17,9.75,9.90625,9.75,9.875,3.812962055206299,3832400
1987-02-18,9.90625,9.9375,9.6875,9.75,3.764695882797241,3896800
1987-02-19,9.71875,9.75,9.46875,9.65625,3.7284963130950928,3921200
1987-02-20,9.625,9.65625,9.4375,9.53125,3.6802330017089844,2794800
1987-02-23,9.4375,9.5,9.21875,9.28125,3.583702802658081,2656800
1987-02-24,9.15625,9.3125,9.15625,9.21875,3.5595688819885254,1918400
1987-02-25,9.09375,9.21875,9.0625,9.15625,3.535435438156128,2569200
1987-02-26,9.0,9.375,8.96875,9.375,3.619900941848755,3424800
1987-02-27,9.3125,9.4375,9.3125,9.40625,3.6319665908813477,2038800
1987-03-02,9.25,9.34375,9.21875,9.25,3.571634292602539,1104800
1987-03-03,9.1875,9.375,9.15625,9.375,3.619900941848755,6560000
1987-03-04,9.34375,9.5625,9.25,9.53125,3.6802330017089844,4600000
1987-03-05,9.5625,9.71875,9.53125,9.6875,3.7405643463134766,2959600
1987-03-06,9.5625,9.84375,9.5625,9.8125,3.7888295650482178,4240000
1987-03-09,9.71875,9.75,9.59375,9.625,3.716431140899658,2876400
1987-03-10,9.53125,9.65625,9.53125,9.5625,3.7212958335876465,1921600
1987-03-11,9.625,9.6875,9.5,9.5,3.696974515914917,2304400
1987-03-12,9.5,9.5625,9.4375,9.46875,3.684814453125,2756800
1987-03-13,9.53125,9.5625,9.40625,9.40625,3.660489559173584,1617600
1987-03-16,9.28125,9.375,9.1875,9.34375,3.63616943359375,3419200
1987-03-17,9.375,9.84375,9.34375,9.84375,3.830744504928589,7600000
1987-03-18,10.0,10.0625,9.875,10.0,3.8915514945983887,10720000
1987-03-19,9.90625,10.03125,9.875,9.90625,3.8550684452056885,2236800
1987-03-20,9.90625,10.0,9.78125,10.0,3.8915514945983887,4480000
1987-03-23,10.125,10.28125,10.0625,10.125,3.940195083618164,5320000
1987-03-24,10.15625,10.375,10.15625,10.28125,4.001002311706543,3772400
1987-03-25,10.25,10.3125,9.875,10.03125,3.9037113189697266,4760000
1987-03-26,10.25,10.25,10.09375,10.1875,3.96451735496521,3430400
1987-03-27,10.21875,10.21875,10.0,10.0625,3.9158740043640137,2462400
1987-03-30,9.75,9.96875,9.65625,9.875,3.8429057598114014,3389200
1987-03-31,10.125,10.125,9.9375,10.09375,3.9280357360839844,4160000
1987-04-01,9.9375,10.4375,9.90625,10.40625,4.049643516540527,4480000
1987-04-02,10.625,10.8125,10.5625,10.75,4.1834187507629395,11200000
1987-04-03,10.78125,11.1875,10.625,11.1875,4.353672027587891,7800000
1987-04-06,11.15625,11.15625,11.0,11.03125,4.292867183685303,3885200
1987-04-07,10.9375,11.125,10.875,10.90625,4.244223594665527,4520000
1987-04-08,10.96875,10.96875,10.40625,10.71875,4.171256065368652,2943200
1987-04-09,10.65625,10.65625,10.40625,10.40625,4.049643516540527,4120000
1987-04-10,10.3125,10.65625,10.3125,10.4375,4.061805725097656,4840000
1987-04-13,10.375,10.40625,10.15625,10.15625,3.952360153198242,2854800
1987-04-14,10.0625,10.125,9.84375,10.03125,3.9037113189697266,5800000
1987-04-15,10.25,10.40625,10.1875,10.40625,4.049643516540527,3667600
1987-04-16,10.6875,10.78125,10.53125,10.625,4.134774684906006,4280000
1987-04-20,10.65625,10.65625,10.46875,10.5,4.086127758026123,2130800
1987-04-21,10.34375,10.59375,10.15625,10.5625,4.11044979095459,5320000
1987-04-22,10.625,10.625,10.125,10.125,3.940195083618164,3521600
1987-04-23,10.34375,10.34375,10.0625,10.125,3.940195083618164,3078800
1987-04-24,10.0625,10.3125,10.0,10.0,3.8915514945983887,2823600
1987-04-27,9.875,10.34375,9.875,10.21875,3.9766793251037598,3215600
1987-04-28,10.28125,10.3125,10.0625,10.0625,3.9158740043640137,4000000
1987-04-29,10.09375,10.125,9.9375,10.03125,3.9037113189697266,2825600
1987-04-30,10.09375,10.40625,10.0625,10.21875,3.9766793251037598,2695600
1987-05-01,10.21875,10.375,10.09375,10.21875,3.9766793251037598,2199200
1987-05-04,10.1875,10.4375,10.15625,10.4375,4.061805725097656,2374800
1987-05-05,10.5,10.59375,10.46875,10.59375,4.122613906860352,3054000
1987-05-06,10.6875,11.3125,10.65625,11.28125,4.390154838562012,7680000
1987-05-07,11.375,11.4375,11.25,11.28125,4.390154838562012,6760000
1987-05-08,11.3125,11.34375,11.0,11.125,4.329349040985107,2881200
1987-05-11,11.15625,11.53125,11.09375,11.125,4.329349040985107,8920000
1987-05-12,11.1875,11.4375,11.09375,11.375,4.426638603210449,3425600
1987-05-13,11.5,11.5,11.28125,11.3125,4.402316570281982,2719600
1987-05-14,11.375,11.40625,10.9375,11.09375,4.317188262939453,2098400
1987-05-15,11.15625,11.15625,10.8125,10.875,4.23206090927124,2756400
1987-05-18,10.90625,11.09375,10.8125,11.09375,4.317188262939453,2143600
1987-05-19,11.125,11.1875,10.53125,10.59375,4.122613906860352,3262400
1987-05-20,10.5625,10.875,10.34375,10.375,4.037484169006348,4400000
1987-05-21,10.5,10.53125,10.4375,10.46875,4.0739665031433105,2071600
1987-05-22,10.5625,10.8125,10.53125,10.75,4.1834187507629395,2086400
1987-05-26,10.71875,10.90625,10.71875,10.90625,4.244223594665527,1538000
1987-05-27,10.84375,10.875,10.65625,10.65625,4.146932601928711,2149200
1987-05-28,10.65625,10.8125,10.53125,10.625,4.134774684906006,1622400
1987-05-29,10.6875,10.75,10.53125,10.625,4.134774684906006,1364800
1987-06-01,10.65625,10.875,10.65625,10.78125,4.1955790519714355,3410400
1987-06-02,10.8125,10.90625,10.6875,10.8125,4.237216472625732,1845200
1987-06-03,10.9375,11.0625,10.875,10.96875,4.298447608947754,1641200
1987-06-04,11.03125,11.03125,10.9375,11.03125,4.322939872741699,2404800
1987-06-05,10.9375,10.96875,10.78125,10.8125,4.237216472625732,1336400
1987-06-08,10.84375,11.09375,10.78125,11.03125,4.322939872741699,1448800
1987-06-09,11.0625,11.15625,11.0,11.125,4.359676837921143,2572800
1987-06-10,11.0625,11.21875,11.03125,11.125,4.359676837921143,2057600
1987-06-11,11.125,11.25,11.0625,11.15625,4.371923446655273,1473200
1987-06-12,11.21875,11.21875,11.0625,11.0625,4.335184574127197,2186800
1987-06-15,11.0625,11.125,10.9375,10.9375,4.286200046539307,1501200
1987-06-16,11.0,11.25,10.96875,11.25,4.40866231918335,2272800
1987-06-17,11.25,11.28125,11.0,11.1875,4.3841705322265625,2294000
1987-06-18,11.25,11.28125,11.15625,11.21875,4.396416187286377,1929600
1987-06-19,11.21875,11.34375,11.1875,11.28125,4.4209089279174805,3084800
1987-06-22,11.4375,11.625,11.3125,11.34375,4.445403099060059,2367600
1987-06-23,11.25,11.3125,11.09375,11.21875,4.396416187286377,2364800
1987-06-24,11.0625,11.21875,11.03125,11.0625,4.335184574127197,1267200
1987-06-25,11.0625,11.125,11.0,11.0625,4.335184574127197,1414800
1987-06-26,11.09375,11.1875,10.96875,11.1875,4.3841705322265625,2660000
1987-06-29,11.3125,11.625,11.3125,11.625,4.5556206703186035,4160000
1987-06-30,11.65625,11.75,11.4375,11.4375,4.482141494750977,3132000
1987-07-01,11.5,11.71875,11.4375,11.71875,4.592360496520996,3653200
1987-07-02,11.65625,11.71875,11.625,11.625,4.5556206703186035,2376000
1987-07-06,11.75,11.875,11.6875,11.875,4.653587341308594,2578400
1987-07-07,12.125,12.34375,12.0625,12.3125,4.825038909912109,7860000
1987-07-08,12.28125,12.3125,12.15625,12.21875,4.7882981300354,3689200
1987-07-09,12.25,12.46875,12.1875,12.28125,4.812791347503662,3086000
1987-07-10,12.25,12.28125,12.21875,12.25,4.800548076629639,2652800
1987-07-13,12.28125,12.3125,12.15625,12.28125,4.812791347503662,1886400
1987-07-14,12.21875,12.25,12.03125,12.09375,4.739315032958984,1902000
1987-07-15,12.125,12.28125,12.125,12.21875,4.7882981300354,2632800
1987-07-16,12.25,12.4375,12.21875,12.4375,4.874024391174316,3147600
1987-07-17,12.5,12.5625,12.375,12.5625,4.923007965087891,3792000
1987-07-20,12.5625,12.6875,12.5,12.5625,4.923007965087891,2184400
1987-07-21,12.5,12.5625,12.0,12.125,4.751558780670166,3426800
1987-07-22,12.125,12.125,11.90625,12.03125,4.714822292327881,2084400
1987-07-23,12.0,12.0,11.625,11.71875,4.592360496520996,3373200
1987-07-24,11.71875,11.84375,11.65625,11.84375,4.641343116760254,3605600
1987-07-27,11.90625,12.125,11.84375,11.96875,4.690325736999512,1718800
1987-07-28,12.03125,12.125,11.8125,12.125,4.751558780670166,2299600
1987-07-29,12.21875,12.28125,12.125,12.25,4.800548076629639,2719600
1987-07-30,12.375,12.5,12.28125,12.5,4.898518085479736,2428000
1987-07-31,12.5,12.5,12.3125,12.375,4.849532127380371,1658400
1987-08-03,12.59375,12.75,12.5,12.71875,4.98423957824707,3666400
1987-08-04,12.71875,12.75,12.3125,12.46875,4.886269569396973,3253200
1987-08-05,12.46875,12.46875,12.28125,12.34375,4.837284088134766,2420800
1987-08-06,12.25,12.34375,12.21875,12.34375,4.837284088134766,3135200
1987-08-07,12.3125,12.34375,12.25,12.28125,4.812791347503662,2419600
1987-08-10,12.25,12.3125,12.0625,12.25,4.800548076629639,2917200
1987-08-11,12.28125,12.34375,12.1875,12.34375,4.837284088134766,3938400
1987-08-12,12.375,12.53125,12.34375,12.4375,4.874024391174316,2719200
1987-08-13,12.375,12.5,12.375,12.4375,4.874024391174316,2059200
1987-08-14,12.4375,12.4375,12.0,12.09375,4.739315032958984,4080000
1987-08-17,12.125,12.40625,11.59375,11.59375,4.543373107910156,3926400
1987-08-18,11.46875,11.59375,11.25,11.40625,4.469895839691162,6120000
1987-08-19,11.3125,11.6875,11.3125,11.625,4.5556206703186035,3633200
1987-08-20,11.71875,12.125,11.6875,12.125,4.751558780670166,4040000
1987-08-21,12.09375,12.09375,11.875,11.9375,4.678084850311279,2253600
1987-08-24,11.9375,11.9375,11.6875,11.71875,4.592360496520996,2312800
1987-08-25,11.9375,11.96875,11.8125,11.875,4.653587341308594,2108000
1987-08-26,12.0,12.03125,11.84375,11.84375,4.641343116760254,2778800
1987-08-27,11.84375,11.96875,11.78125,11.78125,4.616851329803467,2362400
1987-08-28,11.8125,11.875,11.65625,11.65625,4.567866325378418,2466000
1987-08-31,11.84375,12.125,11.75,11.84375,4.671402454376221,2462400
1987-09-01,11.875,12.0625,11.625,11.625,4.585119724273682,2816400
1987-09-02,11.65625,11.71875,11.40625,11.5,4.535820960998535,1776800
1987-09-03,11.6875,11.71875,11.46875,11.5625,4.560467720031738,1230400
1987-09-04,11.5625,11.6875,11.3125,11.40625,4.498841762542725,1384800
1987-09-08,11.15625,11.21875,10.6875,10.90625,4.301633358001709,4080000
1987-09-09,11.25,11.28125,11.0,11.15625,4.400236129760742,3142000
1987-09-10,11.25,11.40625,11.25,11.3125,4.4618659019470215,1874800
1987-09-11,11.4375,11.5625,11.375,11.5,4.535820960998535,2139600
1987-09-14,11.5625,11.5625,11.25,11.34375,4.4741926193237305,2066400
1987-09-15,11.3125,11.34375,11.15625,11.25,4.4372148513793945,2842000
1987-09-16,11.25,11.5,11.1875,11.1875,4.412561893463135,2142800
1987-09-17,11.375,11.375,11.25,11.28125,4.449538707733154,2481200
1987-09-18,11.40625,11.53125,11.3125,11.46875,4.523495197296143,2379600
1987-09-21,11.5625,11.59375,11.3125,11.3125,4.4618659019470215,2004000
1987-09-22,11.40625,11.90625,11.34375,11.8125,4.659074306488037,2510000
1987-09-23,11.71875,11.71875,11.53125,11.6875,4.609775543212891,1802400
1987-09-24,11.59375,11.6875,11.40625,11.40625,4.498841762542725,1372800
1987-09-25,11.375,11.5625,11.34375,11.5,4.535820960998535,1256800
1987-09-28,11.625,11.8125,11.5625,11.78125,4.646751403808594,2008800
1987-09-29,11.65625,11.75,11.59375,11.71875,4.622098922729492,1756000
1987-09-30,11.75,11.75,11.53125,11.6875,4.609775543212891,2272400
1987-10-01,11.625,11.78125,11.59375,11.71875,4.622098922729492,1907600
1987-10-02,11.71875,12.0625,11.40625,12.03125,4.745352745056152,1740800
1987-10-05,12.03125,12.0625,11.9375,12.0,4.733029365539551,1426800
1987-10-06,11.875,11.96875,11.375,11.4375,4.511167526245117,2308800
1987-10-07,11.40625,11.5625,11.25,11.5625,4.560467720031738,2443200
1987-10-08,11.625,11.625,11.28125,11.375,4.486517906188965,2305200
1987-10-09,11.34375,11.46875,11.3125,11.34375,4.4741926193237305,1710000
1987-10-12,11.375,11.40625,11.1875,11.21875,4.424889087677002,2956400
1987-10-13,11.34375,11.46875,11.25,11.40625,4.498841762542725,1909200
1987-10-14,11.3125,11.34375,11.0,11.09375,4.375587463378906,3467600
1987-10-15,10.875,10.9375,10.53125,10.625,4.190702438354492,2858400
1987-10-16,10.75,10.75,9.0,10.0,3.9441895484924316,4226000
1987-10-19,9.1875,9.4375,7.5,7.75,3.0567479133605957,7826800
1987-10-20,9.125,9.1875,6.5,8.875,3.50046968460083,8067600
1987-10-21,9.5,9.59375,9.0625,9.46875,3.73465633392334,5124800
1987-10-22,8.125,9.25,8.0625,8.59375,3.3895368576049805,4712000
1987-10-23,8.375,8.875,8.25,8.5,3.3525638580322266,3175200
1987-10-26,8.125,8.1875,7.625,7.65625,3.019770622253418,2717200
1987-10-27,8.25,8.375,7.71875,7.84375,3.0937256813049316,2786800
1987-10-28,7.625,7.6875,7.4375,7.46875,2.94581937789917,5680000
1987-10-29,7.5,8.21875,7.5,8.03125,3.1676783561706543,2752800
1987-10-30,8.4375,8.78125,8.4375,8.75,3.451167583465576,3737600
1987-11-02,8.625,9.1875,8.59375,9.03125,3.562098503112793,2060000
1987-11-03,8.375,8.71875,8.3125,8.65625,3.414191246032715,1982000
1987-11-04,8.40625,8.5625,8.09375,8.375,3.303260087966919,1960400
1987-11-05,8.0625,8.5,8.03125,8.375,3.303260087966919,3289600
1987-11-06,8.34375,8.75,8.21875,8.4375,3.327911138534546,2028400
1987-11-09,8.25,8.4375,8.21875,8.28125,3.2662816047668457,2987200
1987-11-10,8.125,8.1875,8.0,8.03125,3.1676783561706543,2616800
1987-11-11,8.125,8.1875,8.03125,8.03125,3.1676783561706543,2071600
1987-11-12,8.1875,8.34375,8.0625,8.125,3.204655885696411,2605600
1987-11-13,8.15625,8.3125,8.15625,8.1875,3.22930645942688,1643600
1987-11-16,8.21875,8.65625,8.03125,8.125,3.204655885696411,1674000
1987-11-17,8.0625,8.0625,7.875,7.9375,3.130702257156372,2017200
1987-11-18,7.875,8.25,7.78125,8.25,3.2539572715759277,2659600
1987-11-19,7.875,8.0625,7.53125,7.5625,2.9827945232391357,4040000
1987-11-20,7.28125,7.875,7.25,7.8125,3.0813984870910645,3913200
1987-11-23,7.78125,8.21875,7.78125,8.0,3.15535306930542,2562400
1987-11-24,8.0625,8.3125,8.0625,8.15625,3.216980218887329,3870400
1987-11-25,8.0625,8.125,7.75,7.875,3.1060521602630615,1872400
1987-11-27,7.75,7.875,7.65625,7.65625,3.019770622253418,1540400
1987-11-30,7.25,7.5,7.09375,7.40625,2.9211671352386475,3339200
1987-12-01,7.4375,7.71875,7.4375,7.6875,3.0320956707000732,1999200
1987-12-02,7.5625,7.8125,7.4375,7.78125,3.06907320022583,2143600
1987-12-03,7.6875,7.75,7.375,7.46875,2.94581937789917,2316800
1987-12-04,7.3125,7.4375,7.25,7.34375,2.896514892578125,2525200
1987-12-07,7.4375,7.46875,7.25,7.40625,2.9211671352386475,3586400
1987-12-08,7.375,7.4375,7.25,7.3125,2.8841893672943115,4240000
1987-12-09,7.25,7.5,7.125,7.4375,2.9334919452667236,6226800
1987-12-10,7.25,7.46875,7.21875,7.3125,2.8841893672943115,3702400
1987-12-11,7.28125,7.375,7.21875,7.25,2.8595399856567383,4699600
1987-12-14,7.25,7.3125,7.0,7.25,2.8595399856567383,10613600
1987-12-15,7.15625,7.25,6.90625,7.15625,2.8520662784576416,5600000
1987-12-16,7.125,7.375,7.03125,7.25,2.8894307613372803,3937200
1987-12-17,7.3125,7.3125,7.125,7.1875,2.8645200729370117,6264000
1987-12-18,7.125,7.5,7.09375,7.5,2.9890644550323486,4960000
1987-12-21,7.40625,7.5,7.375,7.4375,2.964154005050659,3023600
1987-12-22,7.4375,7.65625,7.375,7.53125,3.001518964767456,4440000
1987-12-23,7.5625,8.0,7.53125,8.0,3.1883351802825928,4240000
1987-12-24,7.75,7.96875,7.75,7.90625,3.150970935821533,1267200
1987-12-28,7.5625,7.625,7.46875,7.5,2.9890644550323486,2321200
1987-12-29,7.4375,7.5,7.28125,7.28125,2.9018826484680176,2889200
1987-12-30,7.3125,7.4375,7.25,7.34375,2.9267916679382324,2599600
1987-12-31,7.25,7.46875,7.15625,7.1875,2.8645200729370117,2991600
1988-01-04,7.125,7.71875,7.125,7.6875,3.0637903213500977,3100800
1988-01-05,7.875,8.0,7.75,7.8125,3.11360764503479,2564400
1988-01-06,7.875,7.875,7.6875,7.78125,3.1011548042297363,2448800
1988-01-07,7.75,8.09375,7.6875,8.0,3.1883351802825928,4560000
1988-01-08,8.0,8.125,7.28125,7.40625,2.9517016410827637,2788400
1988-01-11,7.59375,7.59375,7.375,7.5,2.9890644550323486,2600800
1988-01-12,7.4375,7.5625,7.25,7.5625,3.013974666595459,2756000
1988-01-13,7.4375,7.5,7.3125,7.34375,2.9267916679382324,3499600
1988-01-14,7.34375,7.34375,7.1875,7.28125,2.9018826484680176,1948800
1988-01-15,7.71875,7.71875,7.34375,7.5,2.9890644550323486,4040000
1988-01-18,7.4375,7.53125,7.40625,7.46875,2.9766101837158203,1604400
1988-01-19,7.40625,7.65625,7.375,7.46875,2.9766101837158203,2164400
1988-01-20,7.40625,7.4375,7.25,7.3125,2.914339303970337,3275600
1988-01-21,7.28125,7.34375,7.125,7.25,2.8894307613372803,2710000
1988-01-22,7.3125,7.34375,7.21875,7.34375,2.9267916679382324,1957600
1988-01-25,7.3125,7.71875,7.28125,7.71875,3.0762460231781006,3537200
1988-01-26,7.625,7.71875,7.5,7.5625,3.013974666595459,1463600
1988-01-27,7.53125,7.75,7.5,7.6875,3.0637903213500977,2141200
1988-01-28,7.875,8.0,7.75,8.0,3.1883351802825928,2338800
1988-01-29,8.0625,8.21875,7.90625,8.15625,3.2506086826324463,2964800
1988-02-01,8.21875,8.25,7.90625,7.90625,3.150970935821533,3327200
1988-02-02,7.84375,7.96875,7.71875,7.96875,3.175879716873169,2373200
1988-02-03,7.9375,8.15625,7.875,8.0625,3.2132437229156494,3721600
1988-02-04,8.0625,8.1875,8.0625,8.1875,3.263061046600342,3483600
1988-02-05,8.25,8.25,8.0625,8.125,3.2381529808044434,3841200
1988-02-08,7.6875,8.0,7.6875,7.8125,3.11360764503479,2646800
1988-02-09,7.875,8.21875,7.78125,8.21875,3.2755160331726074,2982000
1988-02-10,8.25,8.6875,8.1875,8.46875,3.3751509189605713,5400000
1988-02-11,8.53125,8.6875,8.5,8.5625,3.4125142097473145,3412400
1988-02-12,8.625,8.75,8.5625,8.6875,3.4623329639434814,3060400
1988-02-16,8.625,8.71875,8.625,8.71875,3.474787950515747,1635600
1988-02-17,8.71875,8.78125,8.5,8.625,3.437424421310425,2763600
1988-02-18,8.625,8.78125,8.59375,8.71875,3.474787950515747,3207600
1988-02-19,8.6875,9.0,8.625,9.0,3.586876392364502,3564800
1988-02-22,8.875,9.0,8.78125,9.0,3.586876392364502,2518800
1988-02-23,8.96875,8.96875,8.75,8.8125,3.5121495723724365,2709200
1988-02-24,8.78125,8.90625,8.78125,8.84375,3.5246059894561768,1771600
1988-02-25,8.78125,8.9375,8.71875,8.75,3.4872422218322754,2048000
1988-02-26,8.71875,8.71875,8.4375,8.5625,3.4125142097473145,2295600
1988-02-29,8.5625,8.71875,8.53125,8.71875,3.474787950515747,3210400
1988-03-01,8.5625,8.59375,8.4375,8.5,3.4170005321502686,2899200
1988-03-02,8.5,8.5,8.34375,8.40625,3.379312038421631,2353200
1988-03-03,8.5,8.5625,8.40625,8.53125,3.429561138153076,1837600
1988-03-04,8.40625,8.53125,8.40625,8.53125,3.429561138153076,959200
1988-03-07,8.5,8.53125,8.3125,8.4375,3.391875982284546,2077600
1988-03-08,8.5,8.59375,8.4375,8.5625,3.4421236515045166,3046400
1988-03-09,8.53125,8.78125,8.53125,8.71875,3.5049376487731934,2871200
1988-03-10,8.71875,9.03125,8.65625,8.75,3.5174989700317383,2512800
1988-03-11,8.8125,8.96875,8.78125,8.875,3.567751169204712,2109600
1988-03-14,8.90625,9.125,8.875,9.0625,3.6431238651275635,1940400
1988-03-15,9.0625,9.15625,8.9375,9.09375,3.655687093734741,1948400
1988-03-16,9.0625,9.125,8.90625,9.125,3.668247699737549,1615200
1988-03-17,9.125,9.46875,9.09375,9.28125,3.7310643196105957,2207200
1988-03-18,9.34375,9.34375,9.125,9.25,3.7184994220733643,3291200
1988-03-21,9.15625,9.21875,9.03125,9.03125,3.6305630207061768,1401600
1988-03-22,9.03125,9.0625,8.90625,9.0,3.6180002689361572,1106000
1988-03-23,8.96875,9.0,8.75,8.875,3.567751169204712,1866000
1988-03-24,8.71875,8.75,8.5625,8.65625,3.4798123836517334,2832800
1988-03-25,8.71875,8.78125,8.625,8.625,3.4672491550445557,1759200
1988-03-28,8.5625,8.59375,8.4375,8.5,3.4170005321502686,2582800
1988-03-29,8.75,8.75,8.65625,8.75,3.5174989700317383,1973200
1988-03-30,8.8125,8.875,8.59375,8.59375,3.454686164855957,2150400
1988-03-31,8.53125,8.6875,8.4375,8.59375,3.454686164855957,1938400
1988-04-04,8.5625,8.75,8.375,8.4375,3.391875982284546,2153200
1988-04-05,8.375,8.46875,8.34375,8.46875,3.4044370651245117,2115200
1988-04-06,8.5,8.96875,8.5,8.875,3.567751169204712,3985600
1988-04-07,8.875,9.3125,8.875,9.28125,3.7310643196105957,3994000
1988-04-08,9.21875,9.40625,9.125,9.40625,3.781311511993408,4040000
1988-04-11,9.40625,9.53125,9.3125,9.375,3.7687525749206543,2722800
1988-04-12,9.375,9.4375,9.28125,9.40625,3.781311511993408,3086000
1988-04-13,9.34375,9.5,9.28125,9.5,3.819000244140625,3945200
1988-04-14,9.25,9.375,8.8125,8.8125,3.54262375831604,2966000
1988-04-15,8.875,8.96875,8.71875,8.96875,3.605438470840454,5440000
1988-04-18,9.03125,9.125,8.96875,9.0,3.6180002689361572,3072800
1988-04-19,9.0625,9.15625,8.96875,9.03125,3.6305630207061768,3862000
1988-04-20,9.0,9.09375,8.96875,9.0,3.6180002689361572,3631200
1988-04-21,9.125,9.25,8.9375,9.125,3.668247699737549,3347200
1988-04-22,9.0625,9.25,9.0,9.125,3.668247699737549,1423200
1988-04-25,9.1875,9.5,9.1875,9.5,3.819000244140625,2315200
1988-04-26,9.5,9.59375,9.40625,9.5,3.819000244140625,2684800
1988-04-27,9.5625,9.6875,9.5625,9.6875,3.8943746089935303,4080000
1988-04-28,9.5625,9.59375,9.34375,9.5,3.819000244140625,1406000
1988-04-29,9.46875,9.5,9.15625,9.375,3.7687525749206543,2041200
1988-05-02,9.375,9.40625,9.125,9.25,3.7184994220733643,1602400
1988-05-03,9.34375,9.40625,9.25,9.34375,3.7561872005462646,1376000
1988-05-04,9.25,9.375,9.1875,9.21875,3.705937147140503,2710800
1988-05-05,9.1875,9.21875,9.0,9.09375,3.655687093734741,3421200
1988-05-06,9.15625,9.4375,9.15625,9.375,3.7687525749206543,2398000
1988-05-09,9.4375,9.625,9.375,9.4375,3.7938756942749023,3260400
1988-05-10,9.53125,9.625,9.40625,9.46875,3.80643892288208,2252000
1988-05-11,9.34375,9.34375,9.0625,9.21875,3.705937147140503,2650000
1988-05-12,9.21875,9.375,9.1875,9.1875,3.6933748722076416,2454800
1988-05-13,9.1875,9.40625,9.1875,9.375,3.7687525749206543,2078000
1988-05-16,9.5,9.5625,9.34375,9.5625,3.8441243171691895,2702800
1988-05-17,9.625,9.6875,9.3125,9.34375,3.7561872005462646,2302800
1988-05-18,9.40625,9.40625,9.0,9.125,3.668247699737549,2232400
1988-05-19,9.03125,9.3125,8.75,9.3125,3.7436249256134033,2815600
1988-05-20,9.375,9.4375,8.90625,9.375,3.7687525749206543,1791600
1988-05-23,9.34375,9.34375,9.09375,9.1875,3.6933748722076416,622000
1988-05-24,9.1875,9.1875,9.03125,9.09375,3.655687093734741,1018800
1988-05-25,9.125,9.3125,9.125,9.25,3.7184994220733643,1614800
1988-05-26,9.25,9.34375,9.125,9.3125,3.7436249256134033,1187600
1988-05-27,9.3125,9.3125,9.15625,9.15625,3.6808133125305176,2167600
1988-05-31,9.15625,9.375,9.15625,9.34375,3.7872097492218018,1891200
1988-06-01,9.5,9.5,9.15625,9.25,3.7492105960845947,3906400
1988-06-02,9.125,9.3125,9.125,9.28125,3.7618789672851562,3466400
1988-06-03,9.28125,9.3125,9.0,9.0625,3.6732113361358643,2636400
1988-06-06,9.09375,9.125,8.875,8.9375,3.6225478649139404,2268000
1988-06-07,8.9375,9.09375,8.875,9.0,3.6478803157806396,3584400
1988-06-08,9.03125,9.0625,8.875,9.03125,3.660545587539673,4000000
1988-06-09,9.09375,9.1875,9.0625,9.0625,3.6732113361358643,1682400
1988-06-10,9.09375,9.25,9.03125,9.15625,3.7112114429473877,1816400
1988-06-13,9.09375,9.1875,9.0,9.15625,3.7112114429473877,1008000
1988-06-14,9.34375,9.375,9.15625,9.25,3.7492105960845947,2369200
1988-06-15,9.125,9.15625,8.9375,9.03125,3.660545587539673,1916800
1988-06-16,8.875,8.9375,8.75,8.8125,3.571880578994751,1796400
1988-06-17,8.875,9.0,8.71875,9.0,3.6478803157806396,3610800
1988-06-20,8.8125,8.875,8.78125,8.875,3.5972156524658203,1117200
1988-06-21,8.9375,9.1875,8.84375,9.0,3.6478803157806396,1704000
1988-06-22,9.21875,9.21875,8.90625,8.9375,3.6225478649139404,2404800
1988-06-23,8.90625,8.9375,8.71875,8.75,3.5465493202209473,2498400
1988-06-24,8.78125,8.8125,8.625,8.625,3.495884418487549,2175600
1988-06-27,8.5625,8.75,8.53125,8.5625,3.4705512523651123,2470800
1988-06-28,8.65625,8.78125,8.65625,8.6875,3.52121901512146,1879600
1988-06-29,8.65625,8.71875,8.53125,8.625,3.495884418487549,2107200
1988-06-30,8.375,8.46875,8.375,8.375,3.3945553302764893,4576800
1988-07-01,8.5625,8.625,8.375,8.4375,3.419888734817505,2175600
1988-07-05,8.3125,8.8125,8.3125,8.8125,3.571880578994751,2000800
1988-07-06,8.90625,8.9375,8.59375,8.59375,3.483217716217041,3414400
1988-07-07,8.6875,8.75,8.59375,8.65625,3.508552074432373,2958400
1988-07-08,8.59375,8.65625,8.40625,8.40625,3.4072208404541016,1727600
1988-07-11,8.375,8.5,8.34375,8.46875,3.432553291320801,2489200
1988-07-12,8.4375,8.46875,8.34375,8.34375,3.3818881511688232,2841200
1988-07-13,8.3125,8.3125,8.125,8.21875,3.331223249435425,3923200
1988-07-14,8.21875,8.375,8.1875,8.34375,3.3818881511688232,1676800
1988-07-15,8.28125,8.5625,8.28125,8.53125,3.4578847885131836,2052800
1988-07-18,8.46875,8.71875,8.4375,8.625,3.495884418487549,2354800
1988-07-19,8.5625,8.6875,8.40625,8.46875,3.432553291320801,1543600
1988-07-20,8.5,8.5625,8.4375,8.5,3.4452202320098877,1968000
1988-07-21,8.5,8.5625,8.375,8.375,3.3945553302764893,1378000
1988-07-22,8.46875,8.46875,8.3125,8.40625,3.4072208404541016,1136000
1988-07-25,8.46875,8.65625,8.40625,8.625,3.495884418487549,1452800
1988-07-26,8.53125,8.6875,8.53125,8.59375,3.483217716217041,1082000
1988-07-27,8.59375,8.625,8.375,8.40625,3.4072208404541016,1126400
1988-07-28,8.375,8.65625,8.375,8.53125,3.4578847885131836,989600
1988-07-29,8.5625,8.71875,8.53125,8.625,3.495884418487549,2303200
1988-08-01,8.6875,8.75,8.625,8.71875,3.533884048461914,1390000
1988-08-02,8.71875,8.875,8.71875,8.75,3.5465493202209473,1750800
1988-08-03,8.75,8.875,8.71875,8.71875,3.533884048461914,1867600
1988-08-04,8.75,8.78125,8.5625,8.5625,3.4705512523651123,1215600
1988-08-05,8.625,8.65625,8.5,8.53125,3.4578847885131836,1554400
1988-08-08,8.53125,8.6875,8.46875,8.625,3.495884418487549,2151600
1988-08-09,8.59375,8.625,8.46875,8.59375,3.483217716217041,2178000
1988-08-10,8.53125,8.5625,8.40625,8.4375,3.419888734817505,1888800
1988-08-11,8.5625,8.65625,8.46875,8.5625,3.4705512523651123,1528800
1988-08-12,8.5,8.65625,8.5,8.5625,3.4705512523651123,3275600
1988-08-15,8.53125,8.5625,8.5,8.53125,3.4578847885131836,554400
1988-08-16,8.5,8.625,8.46875,8.5,3.4452202320098877,1904000
1988-08-17,8.53125,8.59375,8.40625,8.5625,3.4705512523651123,2257200
1988-08-18,8.53125,8.5625,8.46875,8.5,3.4452202320098877,1292400
1988-08-19,8.53125,8.53125,8.3125,8.34375,3.3818881511688232,1734800
1988-08-22,8.4375,8.4375,8.3125,8.3125,3.3692214488983154,1226000
1988-08-23,8.3125,8.375,8.3125,8.3125,3.3692214488983154,1360000
1988-08-24,8.3125,8.4375,8.3125,8.4375,3.419888734817505,2522400
1988-08-25,8.375,8.40625,8.25,8.375,3.3945553302764893,2452000
1988-08-26,8.3125,8.375,8.28125,8.3125,3.3692214488983154,697200
1988-08-29,8.28125,8.40625,8.28125,8.34375,3.4126803874969482,653200
1988-08-30,8.40625,8.40625,8.34375,8.375,3.425461530685425,1210400
1988-08-31,8.375,8.40625,8.1875,8.21875,3.36155366897583,1687200
1988-09-01,8.1875,8.1875,8.03125,8.0625,3.2976443767547607,2748000
1988-09-02,8.125,8.375,8.09375,8.25,3.374335527420044,2874000
1988-09-06,8.21875,8.21875,8.0625,8.125,3.3232083320617676,1521200
1988-09-07,8.09375,8.09375,7.78125,7.78125,3.1826109886169434,5345600
1988-09-08,7.78125,7.96875,7.71875,7.90625,3.233736753463745,3223600
1988-09-09,7.90625,7.96875,7.84375,7.84375,3.208173990249634,2028000
1988-09-12,7.875,8.0,7.84375,8.0,3.272082567214966,3161600
1988-09-13,8.0,8.125,7.96875,8.09375,3.3104262351989746,2694000
1988-09-14,8.125,8.28125,8.0625,8.1875,3.3487722873687744,2205200
1988-09-15,8.125,8.1875,8.09375,8.125,3.3232083320617676,1181200
1988-09-16,8.0625,8.25,8.0,8.21875,3.36155366897583,2998400
1988-09-19,8.125,8.15625,8.0,8.0625,3.2976443767547607,1207600
1988-09-20,8.59375,8.59375,8.4375,8.53125,3.489370107650757,5695600
1988-09-21,8.53125,8.5625,8.46875,8.46875,3.463805675506592,2534000
1988-09-22,8.46875,8.46875,8.3125,8.34375,3.4126803874969482,3998800
1988-09-23,8.375,8.4375,8.34375,8.375,3.425461530685425,2229200
1988-09-26,8.4375,8.46875,8.40625,8.46875,3.463805675506592,1044000
1988-09-27,8.46875,8.5,8.3125,8.34375,3.4126803874969482,2355200
1988-09-28,8.375,8.40625,8.34375,8.375,3.425461530685425,954400
1988-09-29,8.375,8.46875,8.375,8.4375,3.4510231018066406,1317200
1988-09-30,8.4375,8.46875,8.40625,8.4375,3.4510231018066406,3388000
1988-10-03,8.375,8.375,8.3125,8.3125,3.3998961448669434,2170400
1988-10-04,8.34375,8.375,8.3125,8.3125,3.3998961448669434,3435200
1988-10-05,8.3125,8.34375,8.1875,8.1875,3.3487722873687744,4960000
1988-10-06,8.21875,8.21875,8.15625,8.1875,3.3487722873687744,3596000
1988-10-07,8.25,8.3125,8.09375,8.28125,3.3871188163757324,3452000
1988-10-10,8.25,8.40625,8.21875,8.375,3.425461530685425,3914400
1988-10-11,8.3125,8.375,8.03125,8.3125,3.3998961448669434,2178800
1988-10-12,8.25,8.28125,8.1875,8.25,3.374335527420044,3568000
1988-10-13,8.21875,8.28125,8.21875,8.21875,3.36155366897583,3095600
1988-10-14,8.25,8.375,8.25,8.375,3.425461530685425,3200000
1988-10-17,8.375,8.53125,8.375,8.5,3.4765865802764893,2830800
1988-10-18,8.53125,8.59375,8.46875,8.46875,3.463805675506592,5234400
1988-10-19,8.53125,8.71875,8.5,8.5625,3.502150058746338,2870400
1988-10-20,8.53125,8.8125,8.53125,8.75,3.578838348388672,2485200
1988-10-21,8.75,8.84375,8.6875,8.75,3.578838348388672,2080000
1988-10-24,8.625,8.6875,8.5625,8.5625,3.502150058746338,1450400
1988-10-25,8.59375,8.59375,8.4375,8.53125,3.489370107650757,1991200
1988-10-26,8.53125,8.53125,8.34375,8.4375,3.4510231018066406,1690800
1988-10-27,8.46875,8.46875,8.34375,8.375,3.425461530685425,2498000
1988-10-28,8.3125,8.46875,8.3125,8.4375,3.4510231018066406,1627600
1988-10-31,8.375,8.5,8.34375,8.46875,3.463805675506592,1127200
1988-11-01,8.375,8.5,8.34375,8.46875,3.463805675506592,1538800
1988-11-02,8.40625,8.59375,8.375,8.59375,3.51492977142334,1706400
1988-11-03,8.53125,8.59375,8.46875,8.46875,3.463805675506592,1092400
1988-11-04,8.40625,8.5,8.375,8.375,3.425461530685425,1089600
1988-11-07,8.34375,8.40625,8.34375,8.34375,3.4126803874969482,873600
1988-11-08,8.375,8.46875,8.3125,8.34375,3.4126803874969482,912800
1988-11-09,8.34375,8.375,8.25,8.3125,3.3998961448669434,2524800
1988-11-10,8.28125,8.375,8.28125,8.34375,3.4126803874969482,2270000
1988-11-11,8.3125,8.375,8.25,8.28125,3.3871188163757324,1603600
1988-11-14,8.34375,8.375,8.3125,8.375,3.425461530685425,1156400
1988-11-15,8.3125,8.5,8.3125,8.46875,3.463805675506592,1253200
1988-11-16,8.40625,8.46875,8.375,8.375,3.425461530685425,1259600
1988-11-17,8.4375,8.4375,8.28125,8.34375,3.4126803874969482,1303200
1988-11-18,8.3125,8.34375,8.25,8.3125,3.3998961448669434,1152000
1988-11-21,8.3125,8.3125,8.21875,8.21875,3.36155366897583,1244800
1988-11-22,8.1875,8.3125,8.1875,8.21875,3.36155366897583,1196800
1988-11-23,8.21875,8.28125,8.21875,8.21875,3.36155366897583,776400
1988-11-25,8.3125,8.40625,8.28125,8.34375,3.4126803874969482,972000
1988-11-28,8.34375,8.4375,8.3125,8.375,3.425461530685425,2050400
1988-11-29,8.3125,8.375,8.28125,8.28125,3.3871188163757324,1111600
1988-11-30,8.25,8.375,8.25,8.34375,3.4126803874969482,1692000
1988-12-01,8.3125,8.34375,8.1875,8.21875,3.36155366897583,794000
1988-12-02,8.1875,8.375,8.125,8.1875,3.3487722873687744,878000
1988-12-05,8.1875,8.3125,8.15625,8.28125,3.3871188163757324,824000
1988-12-06,8.28125,8.34375,8.15625,8.3125,3.3998961448669434,1046400
1988-12-07,8.28125,8.34375,8.25,8.34375,3.4126803874969482,1158400
1988-12-08,8.1875,8.3125,8.15625,8.28125,3.3871188163757324,1483200
1988-12-09,8.25,8.34375,8.25,8.3125,3.3998961448669434,1493600
1988-12-12,8.3125,8.40625,8.28125,8.28125,3.3871188163757324,2282000
1988-12-13,8.15625,8.3125,8.0,8.1875,3.3793792724609375,2204000
1988-12-14,8.0625,8.125,8.0,8.09375,3.340683937072754,1366000
1988-12-15,8.03125,8.125,7.875,7.90625,3.263291597366333,1767600
1988-12-16,7.875,8.21875,7.8125,8.0625,3.3277838230133057,3019200
1988-12-19,8.03125,8.34375,8.0,8.21875,3.3922765254974365,1923600
1988-12-20,8.25,8.28125,8.03125,8.03125,3.314887523651123,1114000
1988-12-21,8.03125,8.21875,8.0,8.15625,3.3664793968200684,1723200
1988-12-22,8.1875,8.3125,8.125,8.21875,3.3922765254974365,1715200
1988-12-23,8.3125,8.34375,8.25,8.3125,3.4309725761413574,805600
1988-12-27,8.3125,8.40625,8.25,8.3125,3.4309725761413574,1232400
1988-12-28,8.28125,8.3125,8.15625,8.25,3.4051740169525146,753200
1988-12-29,8.25,8.3125,8.15625,8.25,3.4051740169525146,1639200
1988-12-30,8.21875,8.3125,8.15625,8.15625,3.3664793968200684,1038800
1989-01-03,8.125,8.15625,8.0,8.0625,3.3277838230133057,1954000
1989-01-04,8.09375,8.15625,8.03125,8.15625,3.3664793968200684,1657200
1989-01-05,8.21875,8.375,8.15625,8.34375,3.4438674449920654,1299200
1989-01-06,8.40625,8.5625,8.375,8.46875,3.4954636096954346,2664800
1989-01-09,8.25,8.375,8.25,8.375,3.45676851272583,4653200
1989-01-10,8.34375,8.40625,8.21875,8.34375,3.4438674449920654,2451600
1989-01-11,8.34375,8.5625,8.3125,8.53125,3.5212597846984863,1660000
1989-01-12,8.5625,8.71875,8.53125,8.65625,3.572854995727539,3681200
1989-01-13,8.6875,8.75,8.65625,8.71875,3.598649740219116,1518000
1989-01-16,8.71875,8.8125,8.625,8.6875,3.585752010345459,2465600
1989-01-17,8.65625,8.71875,8.59375,8.6875,3.585752010345459,1319200
1989-01-18,8.75,8.875,8.65625,8.875,3.6631431579589844,2150800
1989-01-19,8.90625,8.9375,8.65625,8.8125,3.637343645095825,2283600
1989-01-20,8.78125,8.84375,8.71875,8.8125,3.637343645095825,1392400
1989-01-23,8.84375,9.0,8.53125,8.53125,3.5212597846984863,2889600
1989-01-24,8.59375,8.8125,8.5625,8.78125,3.62444806098938,1987200
1989-01-25,8.75,8.78125,8.625,8.625,3.5599565505981445,2167200
1989-01-26,8.625,8.90625,8.5625,8.90625,3.676038980484009,3488400
1989-01-27,8.96875,9.0,8.75,8.8125,3.637343645095825,4618000
1989-01-30,8.875,8.96875,8.8125,8.9375,3.6889395713806152,1836800
1989-01-31,8.875,9.03125,8.8125,9.0,3.7147369384765625,1607200
1989-02-01,9.03125,9.125,9.0,9.0625,3.740530252456665,3422800
1989-02-02,9.09375,9.09375,8.9375,9.0625,3.740530252456665,1618000
1989-02-03,9.03125,9.1875,9.03125,9.1875,3.7921249866485596,2660800
1989-02-06,9.15625,9.21875,9.0625,9.15625,3.779229164123535,2341200
1989-02-07,9.09375,9.15625,8.9375,8.9375,3.6889395713806152,2946000
1989-02-08,8.9375,9.21875,8.9375,9.03125,3.7276363372802734,2350000
1989-02-09,8.9375,9.0625,8.90625,9.0,3.7147369384765625,2544800
1989-02-10,9.0,9.09375,8.9375,9.0,3.7147369384765625,1996000
1989-02-13,9.0,9.03125,8.90625,8.90625,3.676038980484009,1366000
1989-02-14,8.90625,8.96875,8.78125,8.78125,3.62444806098938,1630000
1989-02-15,8.75,9.09375,8.75,9.03125,3.7276363372802734,1600000
1989-02-16,8.96875,8.96875,8.875,8.9375,3.6889395713806152,1452000
1989-02-17,8.9375,9.09375,8.875,8.96875,3.7018377780914307,1621200
1989-02-21,8.96875,9.0625,8.9375,9.03125,3.7276363372802734,1336400
1989-02-22,8.96875,8.96875,8.8125,8.8125,3.637343645095825,1963200
1989-02-23,8.78125,8.875,8.75,8.84375,3.65024471282959,900000
1989-02-24,8.84375,8.84375,8.6875,8.75,3.6115498542785645,1251200
1989-02-27,8.6875,8.84375,8.6875,8.8125,3.637343645095825,2704400
1989-02-28,8.78125,8.84375,8.78125,8.84375,3.681579113006592,849200
1989-03-01,8.8125,8.875,8.71875,8.71875,3.629539966583252,1341600
1989-03-02,8.71875,8.90625,8.71875,8.90625,3.707594871520996,1850800
1989-03-03,8.90625,9.125,8.90625,9.125,3.798657178878784,2211600
1989-03-06,9.1875,9.5625,9.1875,9.46875,3.9417600631713867,4556000
1989-03-07,9.5,9.78125,9.4375,9.65625,4.01981258392334,6880800
1989-03-08,9.625,9.625,9.46875,9.5625,3.980783462524414,3052000
1989-03-09,9.5625,9.625,9.5625,9.625,4.006801128387451,1141600
1989-03-10,9.5625,9.5625,9.4375,9.53125,3.967778205871582,2378000
1989-03-13,9.5,9.5625,9.4375,9.5625,3.980783462524414,2586800
1989-03-14,9.53125,9.53125,9.40625,9.40625,3.9157395362854004,1568800
1989-03-15,9.4375,9.59375,9.4375,9.59375,3.99379563331604,2608800
1989-03-16,9.625,9.625,9.5,9.5625,3.980783462524414,2459200
1989-03-17,9.375,9.5,9.28125,9.5,3.954767942428589,3178800
1989-03-20,9.40625,9.40625,9.125,9.1875,3.8246755599975586,2360800
1989-03-21,9.28125,9.3125,9.15625,9.28125,3.863703966140747,3228400
1989-03-22,9.3125,9.3125,9.21875,9.28125,3.863703966140747,2829200
1989-03-23,9.3125,9.375,9.21875,9.25,3.850694417953491,2604400
1989-03-27,9.25,9.4375,9.1875,9.40625,3.9157395362854004,826000
1989-03-28,9.46875,9.5625,9.4375,9.5,3.954767942428589,2410400
1989-03-29,9.53125,9.59375,9.4375,9.5,3.954767942428589,1413600
1989-03-30,9.5,9.5,9.4375,9.46875,3.9417600631713867,1872800
1989-03-31,9.53125,9.53125,9.375,9.5,3.954767942428589,1061200
1989-04-03,9.53125,9.53125,9.375,9.375,3.9027316570281982,1695600
1989-04-04,9.4375,9.4375,9.3125,9.375,3.9027316570281982,928000
1989-04-05,9.375,9.40625,9.25,9.28125,3.863703966140747,1429600
1989-04-06,9.28125,9.375,9.1875,9.3125,3.876713514328003,1862800
1989-04-07,9.28125,9.40625,9.25,9.375,3.9027316570281982,1117200
1989-04-10,9.34375,9.40625,9.3125,9.34375,3.889723300933838,930000
1989-04-11,9.34375,9.4375,9.34375,9.4375,3.9287514686584473,1056800
1989-04-12,9.40625,9.53125,9.40625,9.5,3.954767942428589,1264000
1989-04-13,9.4375,9.5,9.375,9.40625,3.9157395362854004,867600
1989-04-14,9.4375,9.625,9.4375,9.625,4.006801128387451,1654400
1989-04-17,9.5625,9.875,9.5625,9.59375,3.99379563331604,1041600
1989-04-18,9.71875,9.9375,9.6875,9.9375,4.136897087097168,3462800
1989-04-19,9.875,9.96875,9.78125,9.78125,4.071847438812256,1656800
1989-04-20,9.875,9.875,9.75,9.84375,4.097869396209717,1441200
1989-04-21,9.90625,10.09375,9.84375,10.09375,4.201939582824707,3674000
1989-04-24,10.0625,10.1875,10.03125,10.15625,4.227959156036377,2370800
1989-04-25,10.125,10.15625,10.0,10.03125,4.175921440124512,2556400
1989-04-26,10.0625,10.0625,9.96875,10.03125,4.175921440124512,1330400
1989-04-27,9.96875,10.0625,9.96875,10.0,4.1629133224487305,1592800
1989-04-28,10.03125,10.03125,9.78125,9.84375,4.097869396209717,1742800
1989-05-01,9.71875,9.8125,9.71875,9.75,4.058838844299316,608800
1989-05-02,9.8125,9.9375,9.78125,9.8125,4.084859371185303,1757200
1989-05-03,9.84375,9.875,9.625,9.65625,4.01981258392334,1538000
1989-05-04,9.625,9.78125,9.59375,9.75,4.058838844299316,1702800
1989-05-05,9.8125,9.84375,9.71875,9.71875,4.045831680297852,2195200
1989-05-08,9.71875,9.71875,9.59375,9.59375,3.99379563331604,836400
1989-05-09,9.65625,9.71875,9.53125,9.53125,3.967778205871582,784000
1989-05-10,9.59375,9.59375,9.46875,9.53125,3.967778205871582,1150800
1989-05-11,9.5625,9.5625,9.46875,9.46875,3.9417600631713867,745600
1989-05-12,9.625,9.90625,9.59375,9.90625,4.123887062072754,2572000
1989-05-15,9.90625,10.0,9.875,9.9375,4.136897087097168,1834800
1989-05-16,9.8125,9.96875,9.8125,9.90625,4.123887062072754,1385600
1989-05-17,9.90625,9.90625,9.78125,9.78125,4.071847438812256,1432800
1989-05-18,9.6875,9.8125,9.59375,9.6875,4.032822132110596,1749600
1989-05-19,9.71875,9.875,9.6875,9.84375,4.097869396209717,2090000
1989-05-22,9.8125,9.90625,9.625,9.78125,4.071847438812256,1977200
1989-05-23,9.6875,9.75,9.625,9.625,4.006801128387451,1342800
1989-05-24,9.59375,9.6875,9.5625,9.6875,4.032822132110596,2485200
1989-05-25,9.625,9.78125,9.625,9.71875,4.045831680297852,1273600
1989-05-26,9.6875,10.0,9.6875,10.0,4.1629133224487305,2450800
1989-05-30,9.90625,9.96875,9.8125,9.84375,4.128835678100586,1202000
1989-05-31,9.84375,9.9375,9.8125,9.84375,4.128835678100586,964000
1989-06-01,9.78125,9.96875,9.78125,9.9375,4.168158531188965,870800
1989-06-02,9.96875,10.03125,9.875,9.9375,4.168158531188965,1555600
1989-06-05,9.9375,10.15625,9.90625,9.96875,4.181262969970703,2798800
1989-06-06,10.0,10.0625,9.90625,10.0625,4.220584869384766,1647200
1989-06-07,10.0625,10.21875,10.0,10.21875,4.286121845245361,1906000
1989-06-08,10.15625,10.1875,10.0625,10.09375,4.233692646026611,1926000
1989-06-09,9.9375,10.0625,9.9375,9.96875,4.181262969970703,1599600
1989-06-12,9.875,9.90625,9.8125,9.84375,4.128835678100586,1722800
1989-06-13,9.78125,9.84375,9.6875,9.71875,4.0764055252075195,1314000
1989-06-14,9.75,9.78125,9.625,9.78125,4.102616786956787,1273600
1989-06-15,9.71875,9.84375,9.6875,9.78125,4.102616786956787,1179200
1989-06-16,9.71875,9.84375,9.71875,9.84375,4.128835678100586,2718800
1989-06-19,9.75,9.8125,9.6875,9.78125,4.102616786956787,741600
1989-06-20,9.78125,9.84375,9.75,9.75,4.089509010314941,974800
1989-06-21,9.78125,9.78125,9.625,9.65625,4.050189971923828,1052800
1989-06-22,9.625,9.71875,9.625,9.6875,4.063297271728516,856800
1989-06-23,9.71875,9.96875,9.65625,9.6875,4.063297271728516,1088000
1989-06-26,9.6875,9.78125,9.65625,9.75,4.089509010314941,848000
1989-06-27,9.75,10.0,9.75,9.96875,4.181262969970703,2131600
1989-06-28,10.0,10.21875,10.0,10.15625,4.259908199310303,3929600
1989-06-29,10.21875,10.3125,9.875,9.90625,4.155049800872803,3076400
1989-06-30,9.96875,9.96875,9.75,9.9375,4.168158531188965,2366400
1989-07-03,9.875,9.96875,9.875,9.96875,4.181262969970703,432000
1989-07-05,9.9375,10.1875,9.8125,10.1875,4.273014068603516,1504400
1989-07-06,10.21875,10.25,10.0625,10.15625,4.259908199310303,1774000
1989-07-07,10.0625,10.1875,10.03125,10.09375,4.233692646026611,1230400
1989-07-10,10.1875,10.25,10.09375,10.25,4.299230575561523,1335600
1989-07-11,10.25,10.4375,10.21875,10.40625,4.364767074584961,3168400
1989-07-12,10.375,10.375,10.28125,10.375,4.35166072845459,1064400
1989-07-13,10.375,10.5,10.34375,10.375,4.35166072845459,1910000
1989-07-14,10.3125,10.46875,10.09375,10.4375,4.377878665924072,2808400
1989-07-17,10.46875,10.65625,10.4375,10.625,4.456521987915039,1998000
1989-07-18,10.625,10.6875,10.5625,10.6875,4.482734203338623,1542000
1989-07-19,10.65625,10.6875,10.53125,10.5625,4.430305004119873,2103200
1989-07-20,10.5625,10.625,10.53125,10.5625,4.430305004119873,2035600
1989-07-21,10.46875,10.59375,10.46875,10.59375,4.4434123039245605,2332400
1989-07-24,10.5625,10.59375,10.46875,10.5,4.404090881347656,762400
1989-07-25,10.40625,10.53125,10.3125,10.3125,4.325445175170898,1126400
1989-07-26,10.3125,10.375,10.25,10.375,4.35166072845459,932000
1989-07-27,10.4375,10.46875,10.3125,10.40625,4.364767074584961,1112000
1989-07-28,10.40625,10.5625,10.40625,10.5,4.404090881347656,862800
1989-07-31,10.5,10.59375,10.40625,10.59375,4.4434123039245605,1250800
1989-08-01,10.5625,10.78125,10.53125,10.75,4.508953094482422,3151200
1989-08-02,10.65625,10.9375,10.65625,10.9375,4.587593078613281,2670000
1989-08-03,10.90625,10.9375,10.84375,10.90625,4.574485778808594,1790800
1989-08-04,10.75,10.90625,10.6875,10.875,4.56137752532959,1832000
1989-08-07,10.875,11.0,10.78125,11.0,4.613809585571289,1192000
1989-08-08,10.9375,11.1875,10.90625,10.9375,4.587593078613281,1408800
1989-08-09,10.875,10.9375,10.71875,10.75,4.508953094482422,1516400
1989-08-10,10.5,10.625,10.46875,10.625,4.456521987915039,1377200
1989-08-11,10.6875,10.78125,10.34375,10.53125,4.417196273803711,2421200
1989-08-14,10.4375,10.5,10.375,10.375,4.35166072845459,954000
1989-08-15,10.4375,10.5625,10.4375,10.5,4.404090881347656,1040000
1989-08-16,10.65625,10.6875,10.59375,10.6875,4.482734203338623,1230800
1989-08-17,10.65625,10.6875,10.46875,10.5,4.404090881347656,1053600
1989-08-18,10.5,10.71875,10.46875,10.71875,4.4958415031433105,1539600
1989-08-21,10.5,10.59375,10.5,10.5,4.404090881347656,1166800
1989-08-22,10.375,10.46875,10.34375,10.40625,4.364767074584961,1395600
1989-08-23,10.40625,11.03125,10.40625,11.0,4.613809585571289,3106000
1989-08-24,11.0625,11.25,11.0,11.25,4.718667984008789,4707200
1989-08-25,11.1875,11.21875,11.0625,11.09375,4.653128623962402,1432400
1989-08-28,11.0,11.09375,10.9375,11.09375,4.684803009033203,1354000
1989-08-29,11.0,11.0625,10.90625,10.90625,4.605624198913574,1050000
1989-08-30,11.0,11.0625,10.875,11.0,4.645211219787598,1017600
1989-08-31,10.9375,11.09375,10.9375,11.09375,4.684803009033203,681200
1989-09-01,11.03125,11.21875,11.03125,11.125,4.697999000549316,1326800
1989-09-05,11.0625,11.34375,11.0625,11.3125,4.7771782875061035,1860800
1989-09-06,11.34375,11.34375,11.125,11.125,4.697999000549316,2036000
1989-09-07,11.15625,11.25,11.125,11.125,4.697999000549316,1494800
1989-09-08,11.125,11.15625,10.84375,11.03125,4.658409595489502,1468400
1989-09-11,11.03125,11.03125,10.9375,11.03125,4.658409595489502,766800
1989-09-12,11.0,11.09375,10.96875,11.0,4.645211219787598,812800
1989-09-13,10.96875,11.0625,10.75,10.75,4.539640426635742,1703600
1989-09-14,10.78125,10.78125,10.53125,10.625,4.486855506896973,1638400
1989-09-15,10.625,10.90625,10.5625,10.75,4.539640426635742,2866800
1989-09-18,10.8125,10.875,10.71875,10.75,4.539640426635742,819200
1989-09-19,10.75,10.875,10.75,10.875,4.5924248695373535,894400
1989-09-20,10.78125,10.96875,10.78125,10.84375,4.57922887802124,1013200
1989-09-21,10.9375,11.0625,10.875,10.90625,4.605624198913574,1243200
1989-09-22,10.9375,10.96875,10.84375,10.875,4.5924248695373535,766000
1989-09-25,10.78125,10.8125,10.6875,10.71875,4.52644157409668,710800
1989-09-26,10.78125,10.84375,10.625,10.65625,4.500048637390137,1144800
1989-09-27,10.625,10.71875,10.625,10.71875,4.52644157409668,822400
1989-09-28,10.71875,11.0625,10.6875,11.0625,4.671603202819824,1296400
1989-09-29,11.0,11.0625,10.5625,10.6875,4.513245582580566,1259200
1989-10-02,10.6875,10.8125,10.65625,10.8125,4.5660319328308105,907600
1989-10-03,10.84375,10.96875,10.78125,10.96875,4.632014274597168,2743600
1989-10-04,10.96875,11.09375,10.9375,11.0625,4.671603202819824,1118000
1989-10-05,11.0,11.125,10.9375,11.09375,4.684803009033203,2459200
1989-10-06,11.125,11.21875,11.0625,11.1875,4.724392414093018,1951600
1989-10-09,11.25,11.375,11.25,11.375,4.803572654724121,1718000
1989-10-10,11.3125,11.375,11.125,11.34375,4.790377616882324,1110400
1989-10-11,11.1875,11.21875,11.03125,11.09375,4.684803009033203,1347200
1989-10-12,10.875,11.15625,10.875,11.15625,4.7111945152282715,1149600
1989-10-13,11.125,11.1875,10.0,10.1875,4.302098274230957,2457600
1989-10-16,10.0625,11.5,10.03125,10.8125,4.5660319328308105,4215600
1989-10-17,10.6875,10.8125,10.5625,10.8125,4.5660319328308105,2076000
1989-10-18,10.625,10.78125,10.53125,10.6875,4.513245582580566,1469600
1989-10-19,10.6875,10.96875,10.625,10.96875,4.632014274597168,1342400
1989-10-20,10.9375,11.125,10.9375,11.125,4.697999000549316,2053200
1989-10-23,11.0625,11.125,10.9375,11.0,4.645211219787598,1281200
1989-10-24,10.96875,11.21875,10.625,11.21875,4.7375898361206055,3971200
1989-10-25,11.0625,11.09375,10.84375,10.84375,4.57922887802124,1478400
1989-10-26,10.75,10.75,10.1875,10.28125,4.341689586639404,2591600
1989-10-27,10.28125,10.40625,10.1875,10.40625,4.394476413726807,2785600
1989-10-30,10.53125,10.5625,10.40625,10.4375,4.407675266265869,1025600
1989-10-31,10.46875,10.6875,10.4375,10.65625,4.500048637390137,1282400
1989-11-01,10.5625,10.6875,10.5625,10.625,4.486855506896973,808000
1989-11-02,10.5625,10.59375,10.34375,10.5,4.4340667724609375,863200
1989-11-03,10.5,10.65625,10.40625,10.4375,4.407675266265869,765600
1989-11-06,10.375,10.375,10.21875,10.25,4.328493595123291,1192000
1989-11-07,10.1875,10.34375,10.15625,10.34375,4.368082046508789,1017600
1989-11-08,10.375,10.53125,10.28125,10.3125,4.35488748550415,3282800
1989-11-09,10.34375,10.4375,10.25,10.25,4.328493595123291,883600
1989-11-10,10.21875,10.28125,10.21875,10.28125,4.341689586639404,728400
1989-11-13,10.28125,10.4375,10.1875,10.34375,4.368082046508789,1607200
1989-11-14,10.34375,10.625,10.3125,10.5,4.4340667724609375,2326800
1989-11-15,10.46875,10.78125,10.46875,10.78125,4.5528364181518555,2194800
1989-11-16,10.625,10.78125,10.625,10.75,4.539640426635742,1281600
1989-11-17,10.6875,10.875,10.59375,10.875,4.5924248695373535,1311600
1989-11-20,10.84375,10.875,10.75,10.8125,4.5660319328308105,1311600
1989-11-21,10.84375,10.9375,10.75,10.90625,4.605624198913574,910400
1989-11-22,10.90625,10.96875,10.84375,10.9375,4.61881685256958,970000
1989-11-24,11.0,11.125,10.9375,11.0625,4.671603202819824,1055600
1989-11-27,11.125,11.46875,11.0625,11.4375,4.829965591430664,2943600
1989-11-28,11.4375,11.78125,11.25,11.59375,4.895946979522705,3817200
1989-11-29,11.53125,11.59375,11.46875,11.5625,4.882749557495117,1294400
1989-11-30,11.5625,11.6875,11.53125,11.65625,4.922342777252197,1246000
1989-12-01,11.71875,11.84375,11.59375,11.8125,4.988325595855713,3844400
1989-12-04,11.875,12.0,11.8125,11.875,5.0147175788879395,1769200
1989-12-05,11.8125,11.90625,11.6875,11.75,4.9619317054748535,1611600
1989-12-06,11.6875,11.875,11.6875,11.84375,5.001521587371826,1316000
1989-12-07,11.90625,12.0,11.6875,11.84375,5.001521587371826,2092800
1989-12-08,11.96875,11.96875,11.875,11.90625,5.02791690826416,1070400
1989-12-11,11.84375,11.96875,11.8125,11.96875,5.054307460784912,2170000
1989-12-12,11.8125,12.53125,11.78125,12.40625,5.272096157073975,3606400
1989-12-13,12.4375,12.625,12.34375,12.5625,5.338495254516602,4795200
1989-12-14,12.4375,12.5,12.28125,12.375,5.258816719055176,2417600
1989-12-15,12.375,12.375,11.8125,12.125,5.152576923370361,3998800
1989-12-18,12.0,12.0625,11.65625,11.71875,4.979938983917236,2252800
1989-12-19,11.625,11.84375,11.59375,11.78125,5.006499767303467,1958400
1989-12-20,11.84375,12.09375,11.8125,12.09375,5.1392998695373535,3140400
1989-12-21,12.09375,12.15625,12.03125,12.15625,5.165857791900635,1750400
1989-12-22,12.09375,12.1875,12.09375,12.125,5.152576923370361,791600
1989-12-26,12.09375,12.21875,12.0625,12.1875,5.179136276245117,882400
1989-12-27,12.125,12.25,12.09375,12.15625,5.165857791900635,2059600
1989-12-28,12.21875,12.28125,12.1875,12.25,5.205699443817139,1429200
1989-12-29,12.21875,12.28125,12.1875,12.28125,5.218978404998779,649600
1990-01-02,12.21875,12.3125,12.09375,12.3125,5.232258319854736,1270800
1990-01-03,12.3125,12.4375,12.25,12.34375,5.245537281036377,2768800
1990-01-04,12.34375,12.375,11.75,12.0,5.099460124969482,1940800
1990-01-05,11.9375,12.0,11.8125,11.9375,5.072901725769043,2252800
1990-01-08,11.875,12.0,11.78125,11.96875,5.086181640625,1550000
1990-01-09,11.9375,12.03125,11.71875,11.78125,5.006499767303467,1054400
1990-01-10,11.6875,11.875,11.625,11.875,5.04633903503418,1570400
1990-01-11,11.90625,12.03125,11.875,11.9375,5.072901725769043,1256000
1990-01-12,11.65625,11.84375,11.625,11.65625,4.9533796310424805,1736000
1990-01-15,11.625,11.65625,11.53125,11.59375,4.926824569702148,812800
1990-01-16,11.40625,11.75,11.40625,11.65625,4.9533796310424805,1498800
1990-01-17,11.65625,11.78125,11.5625,11.65625,4.9533796310424805,1479600
1990-01-18,11.5,11.875,11.5,11.84375,5.033060073852539,2308800
1990-01-19,11.84375,12.125,11.84375,12.09375,5.1392998695373535,1858400
1990-01-22,12.0,12.0625,11.6875,11.6875,4.966662883758545,1418000
1990-01-23,11.75,11.78125,11.34375,11.40625,4.847140312194824,1968800
1990-01-24,11.0,11.4375,10.875,11.34375,4.820580959320068,3626000
1990-01-25,11.375,11.4375,11.21875,11.3125,4.8073015213012695,1343600
1990-01-26,11.21875,11.40625,11.125,11.375,4.833861827850342,2506400
1990-01-29,11.375,11.375,11.125,11.28125,4.794024467468262,2147200
1990-01-30,11.3125,11.5625,11.1875,11.5625,4.913541316986084,2534800
1990-01-31,11.625,11.875,11.625,11.8125,5.019780158996582,2231200
1990-02-01,11.75,11.78125,11.625,11.71875,4.979938983917236,979200
1990-02-02,11.71875,11.875,11.71875,11.78125,5.006499767303467,2199600
1990-02-05,11.71875,11.78125,11.59375,11.75,4.993220329284668,2610400
1990-02-06,11.6875,11.75,11.59375,11.75,4.993220329284668,2115200
1990-02-07,11.6875,12.4375,11.59375,12.34375,5.245537281036377,4554000
1990-02-08,12.25,12.34375,12.125,12.1875,5.179136276245117,3884800
1990-02-09,12.125,12.15625,12.0,12.0625,5.1260175704956055,2159600
1990-02-12,12.0,12.21875,11.875,12.1875,5.179136276245117,2170000
1990-02-13,12.15625,12.375,12.0625,12.34375,5.245537281036377,6024000
1990-02-14,12.3125,12.34375,12.15625,12.21875,5.19242000579834,1854400
1990-02-15,12.1875,12.5,12.15625,12.46875,5.298656940460205,3981200
1990-02-16,12.5,12.5,12.28125,12.3125,5.232258319854736,2925600
1990-02-20,12.25,12.4375,12.0625,12.4375,5.285375595092773,2277600
1990-02-21,12.3125,12.65625,12.28125,12.59375,5.351775646209717,5889200
1990-02-22,12.6875,12.78125,12.125,12.125,5.152576923370361,5323200
1990-02-23,12.03125,12.125,11.875,11.90625,5.0596208572387695,2650000
1990-02-26,11.875,12.125,11.84375,12.09375,5.1392998695373535,2398800
1990-02-27,11.90625,12.03125,11.71875,11.75,5.024379730224609,2060000
1990-02-28,11.8125,12.09375,11.75,11.84375,5.064467430114746,3784800
1990-03-01,11.875,12.25,11.84375,12.15625,5.198097229003906,3189600
1990-03-02,12.25,12.25,12.03125,12.125,5.184732437133789,2568400
1990-03-05,12.125,12.15625,12.0,12.03125,5.144644737243652,1842400
1990-03-06,12.03125,12.28125,12.03125,12.28125,5.251544952392578,2672000
1990-03-07,12.34375,12.375,12.21875,12.28125,5.251544952392578,2357200
1990-03-08,12.25,12.4375,12.25,12.4375,5.318355560302734,2654400
1990-03-09,12.4375,12.46875,12.21875,12.28125,5.251544952392578,1874400
1990-03-12,12.25,12.3125,12.21875,12.28125,5.251544952392578,1316000
1990-03-13,12.25,12.34375,12.0625,12.09375,5.171368598937988,1540400
1990-03-14,12.1875,12.375,12.09375,12.3125,5.264909744262695,2039200
1990-03-15,12.375,12.40625,12.25,12.34375,5.278270244598389,1537600
1990-03-16,12.46875,12.59375,12.40625,12.5625,5.371812343597412,4205600
1990-03-19,12.5,12.75,12.4375,12.75,5.4519853591918945,2491200
1990-03-20,12.71875,12.8125,12.625,12.71875,5.438624858856201,3143200
1990-03-21,12.6875,12.75,12.625,12.65625,5.4118971824646,1303200
1990-03-22,12.59375,12.625,12.3125,12.3125,5.264909744262695,2368800
1990-03-23,12.40625,12.4375,12.34375,12.34375,5.278270244598389,928400
1990-03-26,12.3125,12.4375,12.25,12.4375,5.318355560302734,2211200
1990-03-27,12.375,12.65625,12.375,12.59375,5.385170936584473,1316400
1990-03-28,12.75,13.125,12.71875,13.09375,5.598971843719482,10184400
1990-03-29,13.03125,13.25,13.03125,13.21875,5.652425765991211,4630400
1990-03-30,13.25,13.25,13.0625,13.125,5.612336158752441,2169200
1990-04-02,13.0,13.09375,12.96875,13.0625,5.585614204406738,2071200
1990-04-03,13.0625,13.3125,13.03125,13.3125,5.692513465881348,4588400
1990-04-04,13.25,13.28125,13.03125,13.0625,5.585614204406738,1918000
1990-04-05,13.125,13.1875,12.9375,12.96875,5.545527458190918,3107200
1990-04-06,12.96875,13.0,12.875,12.96875,5.545527458190918,1792800
1990-04-09,12.96875,13.0,12.875,12.96875,5.545527458190918,1127600
1990-04-10,12.875,12.90625,12.71875,12.75,5.4519853591918945,2245600
1990-04-11,12.65625,12.6875,12.4375,12.5,5.345083713531494,5607200
1990-04-12,12.5,12.59375,12.4375,12.46875,5.331723213195801,3298000
1990-04-16,12.5,12.65625,12.46875,12.53125,5.358447551727295,2539200
1990-04-17,12.5625,12.75,12.53125,12.71875,5.438624858856201,2613200
1990-04-18,12.71875,12.75,12.5625,12.625,5.398535251617432,1750800
1990-04-19,12.625,12.8125,12.59375,12.6875,5.425258159637451,3492000
1990-04-20,12.75,12.8125,12.625,12.75,5.4519853591918945,2509600
1990-04-23,12.6875,12.6875,12.5,12.5625,5.371812343597412,1738800
1990-04-24,12.5,12.59375,12.40625,12.4375,5.318355560302734,1981200
1990-04-25,12.5,12.5625,12.46875,12.5,5.345083713531494,2796400
1990-04-26,12.5,12.625,12.46875,12.5625,5.371812343597412,2588000
1990-04-27,12.5625,12.59375,12.46875,12.46875,5.331723213195801,1858400
1990-04-30,12.46875,12.53125,12.4375,12.53125,5.358447551727295,1306000
1990-05-01,12.5625,12.6875,12.53125,12.6875,5.425258159637451,2880000
1990-05-02,12.71875,12.96875,12.71875,12.875,5.505434989929199,5039600
1990-05-03,13.0,13.125,12.9375,13.09375,5.598971843719482,6109200
1990-05-04,13.125,13.5625,13.0625,13.5625,5.799418926239014,2524800
1990-05-07,13.4375,13.625,13.375,13.625,5.8261399269104,3498400
1990-05-08,13.5625,13.625,13.46875,13.625,5.8261399269104,2338800
1990-05-09,13.5625,13.625,13.46875,13.53125,5.786055088043213,2309200
1990-05-10,13.59375,13.78125,13.5,13.75,5.879591941833496,2267600
1990-05-11,13.875,14.1875,13.75,14.1875,6.066671371459961,3954400
1990-05-14,14.125,14.5,14.0625,14.21875,6.080035209655762,3749600
1990-05-15,14.125,14.1875,13.90625,13.90625,5.946404933929443,2614800
1990-05-16,13.8125,14.0,13.71875,13.84375,5.919681072235107,2641600
1990-05-17,13.96875,14.25,13.9375,14.21875,6.080035209655762,3327200
1990-05-18,14.125,14.25,14.09375,14.21875,6.080035209655762,2023600
1990-05-21,14.15625,14.5,14.125,14.5,6.200301170349121,3168400
1990-05-22,14.5,14.625,14.40625,14.4375,6.1735734939575195,2399200
1990-05-23,14.375,14.40625,14.1875,14.25,6.093396186828613,1828800
1990-05-24,14.3125,14.3125,14.0,14.0625,6.013218879699707,1415600
1990-05-25,13.96875,14.0,13.75,13.78125,5.892958164215088,1658800
1990-05-29,13.6875,14.40625,13.6875,14.40625,6.193916320800781,2050000
1990-05-30,14.375,14.53125,14.375,14.4375,6.207353115081787,2816800
1990-05-31,14.3125,14.59375,14.25,14.59375,6.274534702301025,2634800
1990-06-01,14.625,14.625,14.40625,14.5,6.234224796295166,2322400
1990-06-04,14.4375,14.65625,14.28125,14.625,6.287968158721924,1939200
1990-06-05,14.5625,14.59375,13.875,13.9375,5.992380142211914,7260800
1990-06-06,13.875,14.21875,13.84375,14.0625,6.046125411987305,4098400
1990-06-07,14.125,14.15625,13.9375,13.9375,5.992380142211914,1820000
1990-06-08,13.90625,14.0625,13.875,14.0625,6.046125411987305,1364400
1990-06-11,14.03125,14.21875,14.03125,14.15625,6.086431503295898,1503200
1990-06-12,14.1875,14.40625,14.1875,14.25,6.126739978790283,2144800
1990-06-13,14.3125,14.46875,14.25,14.40625,6.193916320800781,2354800
1990-06-14,14.375,14.40625,14.25,14.3125,6.1536078453063965,1851600
1990-06-15,14.25,14.75,14.21875,14.71875,6.328275680541992,3819200
1990-06-18,14.6875,14.75,14.5,14.5,6.234224796295166,2824000
1990-06-19,14.4375,14.625,14.375,14.625,6.287968158721924,2478800
1990-06-20,14.65625,14.84375,14.53125,14.84375,6.382020950317383,3132000
1990-06-21,14.6875,14.78125,14.625,14.625,6.287968158721924,2852800
1990-06-22,14.6875,14.71875,14.375,14.4375,6.207353115081787,1986000
1990-06-25,14.5,14.5,14.3125,14.34375,6.167048454284668,1087200
1990-06-26,14.5,14.5625,14.28125,14.34375,6.167048454284668,1637200
1990-06-27,14.3125,14.5,14.3125,14.4375,6.207353115081787,1411200
1990-06-28,14.4375,14.5625,14.40625,14.4375,6.207353115081787,2056000
1990-06-29,14.4375,14.5,14.375,14.375,6.180482864379883,1503600
1990-07-02,14.4375,14.4375,14.25,14.28125,6.140176296234131,2014400
1990-07-03,14.28125,14.34375,14.09375,14.09375,6.059564113616943,1558400
1990-07-05,14.03125,14.09375,13.9375,14.09375,6.059564113616943,1867200
1990-07-06,14.09375,14.15625,14.0625,14.09375,6.059564113616943,926400
1990-07-09,14.0625,14.25,14.0625,14.1875,6.099865436553955,1525200
1990-07-10,14.1875,14.1875,14.0625,14.0625,6.046125411987305,861200
1990-07-11,14.125,14.53125,14.125,14.40625,6.193916320800781,2490000
1990-07-12,14.53125,15.0625,14.53125,15.0625,6.476070880889893,3767200
1990-07-13,15.1875,15.34375,15.15625,15.25,6.556684970855713,3034400
1990-07-16,15.25,15.3125,15.1875,15.28125,6.570123195648193,1510800
1990-07-17,15.28125,15.46875,15.21875,15.375,6.6104278564453125,1902800
1990-07-18,15.34375,15.78125,15.28125,15.78125,6.785094261169434,2182800
1990-07-19,15.5625,16.15625,15.5,16.0625,6.9060187339782715,3306400
1990-07-20,16.0,16.28125,15.875,16.125,6.932889938354492,4746800
1990-07-23,16.0,16.0,15.4375,15.875,6.8254008293151855,3787600
1990-07-24,16.0625,16.5625,16.0,16.21875,6.973195552825928,4303600
1990-07-25,16.125,16.25,16.0,16.25,6.98663330078125,2276400
1990-07-26,16.15625,16.1875,15.9375,16.03125,6.892577648162842,1823600
1990-07-27,15.9375,16.1875,15.625,15.6875,6.744788646697998,2236400
1990-07-30,15.625,15.96875,15.4375,15.78125,6.785094261169434,1732800
1990-07-31,16.0,16.4375,15.875,16.34375,7.026939392089844,2224400
1990-08-01,16.375,16.78125,16.28125,16.625,7.147863864898682,3528800
1990-08-02,17.21875,17.25,16.84375,17.1875,7.38970947265625,7340000
1990-08-03,17.125,17.46875,16.625,16.875,7.255351543426514,6868800
1990-08-06,17.125,17.21875,16.71875,16.75,7.201606273651123,4319200
1990-08-07,16.71875,16.75,16.28125,16.59375,7.134426593780518,5122800
1990-08-08,16.5625,16.65625,16.3125,16.5,7.094120502471924,3835600
1990-08-09,16.5,16.5625,16.4375,16.5,7.094120502471924,2791600
1990-08-10,16.46875,16.8125,16.4375,16.53125,7.107553005218506,1830000
1990-08-13,16.4375,16.53125,16.28125,16.53125,7.107553005218506,1564400
1990-08-14,16.375,16.71875,16.375,16.6875,7.17473840713501,1191200
1990-08-15,16.5,16.59375,16.375,16.4375,7.06724739074707,1676800
1990-08-16,16.40625,16.625,16.0625,16.09375,6.919453144073486,1646400
1990-08-17,16.125,16.21875,16.0625,16.21875,6.973195552825928,2490800
1990-08-20,16.3125,16.46875,16.25,16.46875,7.080684185028076,1926400
1990-08-21,16.375,16.40625,16.03125,16.15625,6.946322917938232,1813600
1990-08-22,15.75,16.0625,15.5625,15.8125,6.7985334396362305,3815200
1990-08-23,15.5,15.5625,15.1875,15.28125,6.570123195648193,3677200
1990-08-24,15.375,15.5625,15.1875,15.5,6.664172172546387,2991600
1990-08-27,15.5625,15.71875,15.4375,15.5,6.664172172546387,1496400
1990-08-28,15.375,15.8125,15.375,15.8125,6.7985334396362305,2783600
1990-08-29,15.8125,16.125,15.6875,16.09375,6.919453144073486,1852400
1990-08-30,16.0,16.03125,15.65625,16.0,6.87914514541626,1793200
1990-08-31,16.0,16.03125,15.84375,16.0,6.911542892456055,841600
1990-09-04,15.96875,16.15625,15.90625,16.0,6.911542892456055,1252000
1990-09-05,15.96875,16.3125,15.90625,16.28125,7.033038139343262,3507600
1990-09-06,16.40625,16.46875,16.0,16.125,6.965541362762451,2002400
1990-09-07,16.21875,16.40625,16.1875,16.34375,7.060033321380615,2020800
1990-09-10,16.4375,16.4375,16.0625,16.34375,7.060033321380615,2398800
1990-09-11,16.15625,16.5,16.15625,16.40625,7.087033271789551,1822400
1990-09-12,16.625,16.75,16.40625,16.71875,7.222021579742432,2160400
1990-09-13,16.625,16.71875,16.4375,16.53125,7.141025543212891,1970400
1990-09-14,16.5,16.625,16.4375,16.5625,7.154528617858887,1072400
1990-09-17,16.4375,16.78125,16.375,16.625,7.18152379989624,2181600
1990-09-18,16.75,16.75,16.5625,16.6875,7.208527565002441,1958000
1990-09-19,16.75,16.75,16.5,16.6875,7.208527565002441,1457600
1990-09-20,16.6875,16.71875,16.4375,16.5625,7.154528617858887,1295600
1990-09-21,16.5,16.625,16.15625,16.4375,7.100532054901123,2928000
1990-09-24,16.4375,16.4375,16.0,16.0,6.911542892456055,1252800
1990-09-25,16.09375,16.15625,15.9375,15.96875,6.898046016693115,1761200
1990-09-26,15.8125,15.84375,15.4375,15.5,6.695554256439209,3225200
1990-09-27,15.46875,15.53125,14.96875,15.09375,6.520068645477295,3268400
1990-09-28,15.03125,15.25,14.75,15.21875,6.574065685272217,2822400
1990-10-01,14.875,14.9375,14.375,14.75,6.371580123901367,5390000
1990-10-02,14.875,15.3125,14.84375,15.09375,6.520068645477295,2245200
1990-10-03,15.0625,15.46875,15.0625,15.375,6.641561508178711,1881200
1990-10-04,15.25,15.375,15.125,15.1875,6.560564994812012,1651200
1990-10-05,15.0625,15.5,14.875,15.3125,6.614561557769775,1061600
1990-10-08,15.375,15.65625,15.25,15.5625,6.722556114196777,934800
1990-10-09,15.65625,15.78125,15.15625,15.15625,6.5470685958862305,1416800
1990-10-10,15.0,15.0625,14.75,14.78125,6.3850789070129395,2045600
1990-10-11,14.71875,14.78125,13.90625,14.125,6.101595401763916,3938400
1990-10-12,14.25,14.375,13.90625,13.90625,6.007104396820068,2846000
1990-10-15,14.09375,14.25,13.375,14.03125,6.061100006103516,3366400
1990-10-16,13.875,13.90625,13.5,13.5625,5.858613967895508,2797600
1990-10-17,13.5625,13.9375,13.5625,13.8125,5.966607570648193,2203200
1990-10-18,14.0,14.03125,13.6875,13.875,5.993603706359863,2117600
1990-10-19,14.3125,14.3125,14.03125,14.28125,6.169093608856201,2353600
1990-10-22,14.125,14.625,14.0625,14.625,6.3175811767578125,1307200
1990-10-23,14.5,14.65625,14.4375,14.4375,6.236587047576904,1326800
1990-10-24,14.40625,14.6875,14.375,14.6875,6.3445820808410645,1219200
1990-10-25,14.75,14.84375,14.65625,14.75,6.371580123901367,1361200
1990-10-26,14.71875,14.875,14.625,14.625,6.3175811767578125,894000
1990-10-29,14.625,14.6875,14.0625,14.25,6.155592441558838,1394800
1990-10-30,14.0625,14.1875,13.65625,13.9375,6.020602703094482,1845600
1990-10-31,13.875,14.0625,13.75,13.9375,6.020602703094482,1684400
1990-11-01,14.0,14.375,13.90625,14.34375,6.196088790893555,1564800
1990-11-02,14.5625,14.8125,14.4375,14.8125,6.398575782775879,1592800
1990-11-05,14.78125,14.9375,14.65625,14.8125,6.398575782775879,1186000
1990-11-06,14.75,14.78125,14.5625,14.5625,6.290585517883301,915600
1990-11-07,14.5,14.5,14.1875,14.25,6.155592441558838,2799600
1990-11-08,14.25,14.5625,14.25,14.4375,6.236587047576904,690000
1990-11-09,14.5625,14.71875,14.46875,14.6875,6.3445820808410645,1198000
1990-11-12,14.625,14.75,14.1875,14.1875,6.128593921661377,2005200
1990-11-13,14.1875,14.1875,13.875,13.875,5.993603706359863,3728000
1990-11-14,13.9375,14.1875,13.875,13.9375,6.020602703094482,3687600
1990-11-15,13.9375,14.21875,13.75,13.75,5.9396071434021,1822400
1990-11-16,13.9375,13.96875,13.375,13.5625,5.858613967895508,3350000
1990-11-19,13.5625,13.625,13.1875,13.3125,5.750621795654297,3502000
1990-11-20,13.375,13.375,12.90625,12.96875,5.602128982543945,3337200
1990-11-21,13.125,13.46875,13.03125,13.46875,5.818115234375,2586000
1990-11-23,13.4375,13.6875,13.4375,13.625,5.885610103607178,580000
1990-11-26,13.5625,13.875,13.5,13.78125,5.953106880187988,2046800
1990-11-27,14.25,14.4375,14.0,14.4375,6.236587047576904,2623200
1990-11-28,14.3125,14.34375,14.09375,14.21875,6.142093181610107,1568800
1990-11-29,14.25,14.40625,13.9375,13.9375,6.020602703094482,1248000
1990-11-30,13.875,14.3125,13.84375,14.1875,6.128593921661377,1683600
1990-12-03,14.1875,14.1875,13.78125,13.84375,5.980106353759766,1652400
1990-12-04,13.9375,14.1875,13.78125,14.03125,6.061100006103516,2037200
1990-12-05,14.0,14.0,13.625,13.75,5.9396071434021,2750800
1990-12-06,13.625,13.90625,13.4375,13.6875,5.912607669830322,4416400
1990-12-07,13.5625,13.75,13.53125,13.625,5.885610103607178,2788000
1990-12-10,13.53125,13.8125,13.53125,13.75,5.9396071434021,3067200
1990-12-11,13.59375,13.65625,13.28125,13.34375,5.795731067657471,1717600
1990-12-12,13.25,13.46875,13.125,13.46875,5.8500237464904785,2361600
1990-12-13,13.4375,13.9375,13.40625,13.9375,6.053623676300049,1754800
1990-12-14,13.90625,14.21875,13.875,14.0625,6.10791540145874,3107600
1990-12-17,14.03125,14.09375,13.9375,13.96875,6.067194938659668,1249200
1990-12-18,13.9375,14.09375,13.875,13.90625,6.040050506591797,1580400
1990-12-19,13.9375,13.9375,13.78125,13.78125,5.985756874084473,1323200
1990-12-20,13.625,13.96875,13.59375,13.71875,5.958608150482178,3327600
1990-12-21,13.78125,13.8125,13.5,13.8125,5.999330520629883,4398400
1990-12-24,13.75,13.84375,13.71875,13.78125,5.985756874084473,418800
1990-12-26,13.75,13.9375,13.6875,13.875,6.02647590637207,796400
1990-12-27,13.90625,13.90625,13.65625,13.78125,5.985756874084473,786400
1990-12-28,13.71875,13.96875,13.65625,13.96875,6.067194938659668,1066400
1990-12-31,14.0,14.46875,14.0,14.46875,6.284365653991699,1184800
1991-01-02,14.21875,14.40625,14.1875,14.25,6.189352989196777,1045200
1991-01-03,14.25,14.25,13.84375,13.875,6.02647590637207,1532800
1991-01-04,13.875,13.90625,13.40625,13.40625,5.822876453399658,1424800
1991-01-07,13.4375,13.6875,13.375,13.375,5.809301376342773,1653200
1991-01-08,13.375,13.40625,13.0625,13.25,5.7550129890441895,2391200
1991-01-09,13.25,13.4375,12.96875,12.96875,5.632853984832764,2606400
1991-01-10,13.0625,13.125,12.8125,13.0,5.646428108215332,1908400
1991-01-11,12.90625,12.96875,12.625,12.875,5.59213399887085,2355200
1991-01-14,12.96875,13.1875,12.90625,13.0,5.646428108215332,2472800
1991-01-15,12.9375,13.0625,12.9375,13.0,5.646428108215332,1440800
1991-01-16,12.8125,13.0625,12.78125,13.03125,5.6600022315979,1374000
1991-01-17,12.75,13.5,12.75,13.34375,5.795731067657471,5986400
1991-01-18,13.28125,13.5,13.28125,13.375,5.809301376342773,2453200
1991-01-21,13.34375,13.46875,13.03125,13.125,5.70072078704834,1342400
1991-01-22,13.09375,13.375,13.09375,13.375,5.809301376342773,3130000
1991-01-23,13.4375,14.09375,13.40625,13.9375,6.053623676300049,3430400
1991-01-24,14.0,14.375,14.0,14.21875,6.175779819488525,2569600
1991-01-25,14.25,14.5,14.1875,14.375,6.2436442375183105,2233600
1991-01-28,14.46875,14.5625,14.34375,14.34375,6.230072021484375,982400
1991-01-29,14.375,14.375,14.0625,14.15625,6.1486358642578125,1642000
1991-01-30,14.125,14.46875,14.125,14.46875,6.284365653991699,2437600
1991-01-31,14.4375,14.4375,14.21875,14.4375,6.270791053771973,3921200
1991-02-01,14.4375,14.59375,14.1875,14.59375,6.338658809661865,2430000
1991-02-04,14.59375,14.78125,14.53125,14.71875,6.392950534820557,2206800
1991-02-05,14.0625,14.0625,14.0,14.0625,6.10791540145874,9128800
1991-02-06,14.09375,14.8125,14.0625,14.8125,6.43366813659668,9539600
1991-02-07,14.75,15.21875,14.53125,14.9375,6.4879608154296875,4590800
1991-02-08,15.0625,15.15625,14.875,15.09375,6.555828094482422,1615200
1991-02-11,15.125,15.59375,15.09375,15.5,6.732275485992432,3982800
1991-02-12,15.375,15.46875,15.21875,15.21875,6.610121250152588,2312000
1991-02-13,15.21875,15.4375,15.1875,15.40625,6.691561698913574,1828400
1991-02-14,15.25,15.40625,15.1875,15.28125,6.637270450592041,1508400
1991-02-15,15.125,15.21875,14.875,14.96875,6.501537322998047,2478000
1991-02-19,14.96875,15.03125,14.84375,14.875,6.460815906524658,1623600
1991-02-20,14.65625,14.71875,14.4375,14.5625,6.325085639953613,2541200
1991-02-21,14.65625,14.71875,14.4375,14.625,6.352229118347168,1646400
1991-02-22,14.625,15.15625,14.625,14.8125,6.43366813659668,3227600
1991-02-25,15.21875,15.6875,15.09375,15.6875,6.813716411590576,4914800
1991-02-26,15.46875,15.5625,15.25,15.34375,6.696429252624512,3192800
1991-02-27,15.4375,16.125,15.3125,16.0,6.982834339141846,6542800
1991-02-28,16.0625,16.09375,15.78125,15.875,6.928277492523193,6172400
1991-03-01,15.6875,15.8125,15.625,15.78125,6.887365818023682,2079200
1991-03-04,15.78125,15.78125,15.5,15.5,6.764616966247559,2454800
1991-03-05,15.65625,15.9375,15.625,15.8125,6.901004791259766,2865200
1991-03-06,15.9375,16.09375,15.75,15.8125,6.901004791259766,3430800
1991-03-07,15.9375,16.125,15.78125,16.0625,7.010111331939697,3303200
1991-03-08,16.125,16.1875,15.875,16.0625,7.010111331939697,1949200
1991-03-11,16.0,16.03125,15.5,15.5,6.764616966247559,1542400
1991-03-12,15.5,15.5625,15.28125,15.3125,6.682788848876953,1613200
1991-03-13,15.28125,15.625,15.21875,15.59375,6.805534362792969,1984400
1991-03-14,15.65625,15.71875,15.375,15.5625,6.791895389556885,2075200
1991-03-15,15.625,15.65625,15.25,15.375,6.710065841674805,2575200
1991-03-18,15.3125,15.375,15.1875,15.21875,6.641875267028809,1060800
1991-03-19,15.15625,15.4375,15.0,15.1875,6.62823486328125,2849600
1991-03-20,15.0625,15.375,15.0625,15.34375,6.696429252624512,1849200
1991-03-21,15.46875,15.53125,14.25,14.3125,6.246361255645752,4395200
1991-03-22,14.5625,14.8125,14.5625,14.6875,6.4100236892700195,6675600
1991-03-25,14.625,15.0625,14.625,15.0625,6.573681831359863,2499600
1991-03-26,15.0,15.0,14.65625,14.875,6.491851806640625,4904400
1991-03-27,14.90625,14.90625,14.625,14.6875,6.4100236892700195,3602000
1991-03-28,14.75,14.78125,14.5625,14.5625,6.355470657348633,2378800
1991-04-01,14.625,14.65625,14.375,14.375,6.273638725280762,2106800
1991-04-02,14.40625,14.5625,14.34375,14.40625,6.287278175354004,2487600
1991-04-03,14.5,14.5625,14.125,14.3125,6.246361255645752,3635600
1991-04-04,14.28125,14.46875,14.0,14.25,6.219085216522217,4852800
1991-04-05,14.375,14.625,14.375,14.59375,6.369109630584717,2880400
1991-04-08,14.5625,14.78125,14.4375,14.71875,6.423663139343262,1673600
1991-04-09,14.6875,14.75,14.21875,14.34375,6.260000705718994,2570000
1991-04-10,14.40625,14.40625,14.09375,14.3125,6.246361255645752,2537600
1991-04-11,14.375,14.46875,14.15625,14.15625,6.178171634674072,1944800
1991-04-12,14.3125,14.75,14.21875,14.75,6.437300682067871,1231200
1991-04-15,14.6875,14.8125,14.625,14.71875,6.423663139343262,1108400
1991-04-16,14.71875,15.125,14.71875,15.09375,6.587321758270264,2088400
1991-04-17,15.09375,15.125,14.9375,14.9375,6.519128799438477,2436800
1991-04-18,14.8125,15.15625,14.6875,15.125,6.600960731506348,2530800
1991-04-19,15.1875,15.875,15.1875,15.6875,6.846447944641113,5034400
1991-04-22,15.59375,15.59375,15.34375,15.5,6.764616966247559,2586800
1991-04-23,15.59375,15.625,15.46875,15.59375,6.805534362792969,2226800
1991-04-24,15.53125,15.8125,15.5,15.75,6.873732089996338,2311200
1991-04-25,15.6875,15.84375,15.5,15.625,6.819174766540527,2152800
1991-04-26,15.59375,15.59375,15.375,15.375,6.710065841674805,1562800
1991-04-29,15.375,15.46875,15.1875,15.1875,6.62823486328125,1139600
1991-04-30,15.1875,15.5,15.1875,15.3125,6.682788848876953,1527600
1991-05-01,15.375,15.75,15.25,15.71875,6.860089302062988,1036800
1991-05-02,15.8125,16.21875,15.71875,16.1875,7.0646653175354,2727200
1991-05-03,16.125,16.15625,15.90625,16.03125,6.99647331237793,1955600
1991-05-06,16.0,16.03125,15.78125,15.875,6.928277492523193,1418800
1991-05-07,15.78125,15.84375,15.625,15.625,6.819174766540527,1081200
1991-05-08,15.625,15.875,15.375,15.78125,6.887365818023682,1415600
1991-05-09,15.90625,16.09375,15.90625,15.96875,6.969196796417236,1947600
1991-05-10,15.96875,16.25,15.84375,16.0,6.982834339141846,2499200
1991-05-13,16.0,16.0,15.78125,15.875,6.928277492523193,1348000
1991-05-14,15.78125,15.84375,15.5,15.625,6.819174766540527,1472400
1991-05-15,15.625,15.625,15.3125,15.59375,6.805534362792969,1436800
1991-05-16,15.59375,15.59375,15.3125,15.5625,6.791895389556885,1332400
1991-05-17,15.5625,15.59375,15.375,15.5625,6.791895389556885,1877200
1991-05-20,15.5625,15.6875,15.5625,15.65625,6.8328094482421875,840000
1991-05-21,15.65625,15.75,15.53125,15.625,6.819174766540527,1611200
1991-05-22,15.625,15.65625,15.40625,15.46875,6.750980854034424,843200
1991-05-23,15.375,15.4375,14.96875,15.0,6.546408653259277,3563200
1991-05-24,15.03125,15.1875,14.96875,15.1875,6.62823486328125,1906800
1991-05-28,15.1875,15.4375,15.09375,15.40625,6.757073402404785,1499200
1991-05-29,15.34375,15.34375,15.21875,15.25,6.6885457038879395,2122000
1991-05-30,15.25,15.65625,15.25,15.59375,6.839313507080078,1508000
1991-05-31,15.75,16.03125,15.59375,16.03125,7.031198501586914,2493200
1991-06-03,15.96875,16.09375,15.875,16.03125,7.031198501586914,2097200
1991-06-04,15.875,15.9375,15.8125,15.90625,6.976366996765137,1401200
1991-06-05,15.875,15.90625,15.4375,15.4375,6.770778656005859,1339200
1991-06-06,15.40625,15.5,15.34375,15.375,6.743370532989502,1579200
1991-06-07,15.3125,15.5,15.125,15.1875,6.661128997802734,1281200
1991-06-10,15.21875,15.375,15.15625,15.34375,6.72966194152832,972000
1991-06-11,15.375,15.625,15.34375,15.46875,6.78448486328125,1563600
1991-06-12,15.34375,15.625,15.28125,15.34375,6.72966194152832,1328800
1991-06-13,15.21875,15.375,15.15625,15.25,6.6885457038879395,1312000
1991-06-14,15.4375,15.46875,15.28125,15.4375,6.770778656005859,1109600
1991-06-17,15.40625,15.4375,15.1875,15.28125,6.702248573303223,1464000
1991-06-18,15.21875,15.34375,15.03125,15.1875,6.661128997802734,1152000
1991-06-19,15.0625,15.125,14.8125,14.8125,6.496654987335205,2298800
1991-06-20,14.6875,14.71875,14.1875,14.5625,6.387014389038086,4261600
1991-06-21,14.6875,14.875,14.4375,14.625,6.414422035217285,3779200
1991-06-24,14.5625,14.71875,14.46875,14.53125,6.373306751251221,2009200
1991-06-25,14.59375,14.78125,14.5625,14.75,6.469249248504639,1898000
1991-06-26,14.75,14.96875,14.59375,14.96875,6.565189361572266,1598000
1991-06-27,15.0625,15.0625,14.9375,14.96875,6.565189361572266,1589600
1991-06-28,14.90625,14.96875,14.5625,14.71875,6.455543041229248,1312800
1991-07-01,14.78125,14.90625,14.53125,14.65625,6.428127765655518,2854400
1991-07-02,14.5,14.65625,14.4375,14.5,6.3595967292785645,1476800
1991-07-03,14.25,14.3125,14.125,14.21875,6.236241817474365,2198400
1991-07-05,14.0625,14.1875,14.03125,14.0625,6.167715072631836,1552000
1991-07-08,13.9375,14.5,13.9375,14.4375,6.332189559936523,2532800
1991-07-09,14.59375,14.71875,14.4375,14.6875,6.441831111907959,2510400
1991-07-10,14.75,15.09375,14.71875,14.71875,6.455543041229248,3148800
1991-07-11,14.71875,14.90625,14.71875,14.90625,6.537775039672852,1995600
1991-07-12,14.9375,15.4375,14.78125,15.34375,6.72966194152832,2381200
1991-07-15,15.3125,15.65625,15.1875,15.65625,6.866720676422119,2054800
1991-07-16,15.6875,15.8125,15.59375,15.75,6.907841205596924,1690800
1991-07-17,15.8125,16.15625,15.75,16.0625,7.044902801513672,2688400
1991-07-18,16.3125,16.75,16.25,16.75,7.346428871154785,4889600
1991-07-19,16.875,17.25,16.6875,17.15625,7.52461051940918,4348800
1991-07-22,16.75,17.09375,16.75,16.9375,7.4286675453186035,2418000
1991-07-23,16.875,16.875,16.625,16.65625,7.305315971374512,2569600
1991-07-24,16.5625,16.65625,16.53125,16.65625,7.305315971374512,1730000
1991-07-25,16.75,16.78125,16.625,16.71875,7.332726955413818,1003200
1991-07-26,16.75,16.78125,16.625,16.65625,7.305315971374512,1338400
1991-07-29,16.65625,16.875,16.59375,16.8125,7.373844623565674,1502400
1991-07-30,16.8125,17.34375,16.78125,17.34375,7.606847763061523,2496800
1991-07-31,17.25,17.625,17.21875,17.5,7.6753764152526855,3679200
1991-08-01,17.5625,17.5625,17.28125,17.375,7.620552062988281,1536000
1991-08-02,17.25,17.34375,16.9375,17.0,7.456079483032227,1540400
1991-08-05,17.09375,17.375,17.03125,17.375,7.620552062988281,1957200
1991-08-06,17.3125,17.59375,17.28125,17.5,7.6753764152526855,3065200
1991-08-07,17.5,17.5,17.28125,17.34375,7.606847763061523,2106000
1991-08-08,17.34375,17.34375,17.1875,17.25,7.565728187561035,1164800
1991-08-09,17.1875,17.25,17.03125,17.21875,7.552022933959961,1517600
1991-08-12,17.1875,17.3125,17.03125,17.03125,7.469789028167725,1360800
1991-08-13,17.03125,17.125,16.9375,17.03125,7.469789028167725,2370000
1991-08-14,17.0625,17.09375,16.84375,16.84375,7.387550354003906,2249600
1991-08-15,16.875,17.0,16.875,16.9375,7.4286675453186035,892000
1991-08-16,16.90625,17.0,16.8125,16.875,7.401259899139404,1480400
1991-08-19,16.53125,16.65625,16.46875,16.53125,7.250488758087158,2631600
1991-08-20,16.59375,16.65625,16.4375,16.53125,7.250488758087158,1804800
1991-08-21,17.0,17.46875,16.8125,17.46875,7.661673069000244,4692000
1991-08-22,17.3125,17.9375,17.1875,17.5625,7.702788352966309,4072000
1991-08-23,17.4375,17.8125,17.40625,17.65625,7.7439093589782715,2662000
1991-08-26,17.65625,18.1875,17.5625,18.15625,7.9632039070129395,2547600
1991-08-27,18.09375,18.375,18.09375,18.34375,8.045439720153809,3822400
1991-08-28,18.28125,18.40625,18.21875,18.28125,8.018028259277344,2301600
1991-08-29,18.34375,18.5,18.25,18.34375,8.045439720153809,2500000
1991-08-30,18.25,18.28125,18.125,18.1875,8.00965690612793,951200
1991-09-03,18.09375,18.3125,17.96875,18.03125,7.940845966339111,1751200
1991-09-04,18.03125,18.1875,17.9375,18.1875,8.00965690612793,2683200
1991-09-05,18.09375,18.21875,17.9375,17.9375,7.899563312530518,2372000
1991-09-06,17.96875,18.25,17.8125,18.15625,7.995894908905029,2072400
1991-09-09,18.09375,18.15625,17.875,17.96875,7.913323879241943,1486800
1991-09-10,17.90625,17.90625,17.40625,17.4375,7.679362773895264,1952400
1991-09-11,17.53125,17.6875,17.375,17.6875,7.789461135864258,1753200
1991-09-12,17.875,18.125,17.8125,18.125,7.982131004333496,1854400
1991-09-13,18.0,18.03125,17.46875,17.5625,7.73441219329834,2036000
1991-09-16,17.53125,17.71875,17.03125,17.375,7.651838302612305,4268000
1991-09-17,17.25,17.40625,17.125,17.21875,7.5830278396606445,2794800
1991-09-18,17.125,17.125,16.1875,16.625,7.321544647216797,9135600
1991-09-19,16.65625,16.6875,16.25,16.375,7.211444854736328,5398000
1991-09-20,16.5,16.53125,16.125,16.15625,7.115109920501709,5493600
1991-09-23,16.21875,16.3125,16.1875,16.28125,7.1701579093933105,2164400
1991-09-24,16.34375,16.8125,16.3125,16.8125,7.404117107391357,2679200
1991-09-25,16.84375,16.875,16.59375,16.6875,7.3490729331970215,2149600
1991-09-26,16.65625,16.875,16.53125,16.78125,7.390354156494141,1184800
1991-09-27,16.71875,17.0,16.71875,17.0,7.486688613891602,2536800
1991-09-30,16.78125,16.96875,16.78125,16.875,7.431643486022949,1190400
1991-10-01,16.9375,16.96875,16.375,16.5,7.266496181488037,1656400
1991-10-02,16.5625,16.71875,16.53125,16.71875,7.362831115722656,963200
1991-10-03,16.6875,16.6875,16.375,16.5,7.266496181488037,1812000
1991-10-04,16.5,16.5,16.1875,16.25,7.156394958496094,1482000
1991-10-07,16.3125,16.5625,16.25,16.5625,7.29401969909668,1832800
1991-10-08,16.46875,16.625,16.28125,16.3125,7.183919906616211,2830800
1991-10-09,16.28125,16.40625,16.1875,16.21875,7.142631530761719,1713200
1991-10-10,16.28125,16.28125,15.96875,16.21875,7.142631530761719,1917200
1991-10-11,16.375,16.90625,16.34375,16.90625,7.445407867431641,2411200
1991-10-14,16.96875,17.5,16.9375,17.40625,7.665599346160889,1835600
1991-10-15,17.40625,17.53125,17.125,17.15625,7.555507183074951,1404000
1991-10-16,17.15625,17.375,17.0,17.375,7.651838302612305,1360800
1991-10-17,17.34375,17.625,17.25,17.59375,7.748174667358398,2252000
1991-10-18,17.5625,17.65625,17.1875,17.25,7.596789836883545,3362800
1991-10-21,17.21875,17.25,17.03125,17.25,7.596789836883545,1532800
1991-10-22,17.25,17.625,17.25,17.53125,7.720649242401123,1765600
1991-10-23,17.53125,17.5625,17.3125,17.375,7.651838302612305,806000
1991-10-24,17.28125,17.375,16.96875,17.09375,7.527982711791992,1194000
1991-10-25,17.21875,17.28125,17.0625,17.1875,7.569267272949219,1096800
1991-10-28,17.34375,17.40625,17.25,17.375,7.651838302612305,1174800
1991-10-29,17.46875,17.53125,17.3125,17.53125,7.720649242401123,1673200
1991-10-30,17.53125,17.625,17.5,17.53125,7.720649242401123,1204400
1991-10-31,17.5,17.5625,17.3125,17.375,7.651838302612305,1190800
1991-11-01,17.3125,17.34375,17.0625,17.15625,7.555507183074951,2144000
1991-11-04,17.09375,17.375,17.0625,17.3125,7.6243133544921875,1187200
1991-11-05,17.34375,17.5625,17.1875,17.46875,7.693121910095215,2148400
1991-11-06,17.4375,17.5,17.34375,17.4375,7.679362773895264,1290000
1991-11-07,17.46875,17.59375,17.4375,17.46875,7.693121910095215,1530400
1991-11-08,17.5625,17.6875,17.3125,17.3125,7.6243133544921875,2028400
1991-11-11,17.3125,17.375,16.96875,17.0,7.486688613891602,1649200
1991-11-12,17.09375,17.125,16.8125,16.84375,7.4178786277771,1948400
1991-11-13,16.75,16.75,16.625,16.6875,7.3490729331970215,1321600
1991-11-14,16.6875,16.6875,16.34375,16.34375,7.197685241699219,1531200
1991-11-15,16.5,16.625,15.96875,16.0,7.046297073364258,3982000
1991-11-18,16.09375,16.59375,15.96875,16.46875,7.252734661102295,2620800
1991-11-19,16.4375,16.4375,16.0625,16.1875,7.128871440887451,2089200
1991-11-20,16.25,16.28125,15.8125,15.96875,7.032535552978516,1464000
1991-11-21,15.84375,16.125,15.6875,15.9375,7.018777370452881,1784800
1991-11-22,15.9375,16.15625,15.65625,15.65625,6.894909381866455,2064800
1991-11-25,15.65625,15.71875,15.15625,15.28125,6.729763507843018,2040400
1991-11-26,15.25,15.4375,14.75,15.125,6.660953044891357,2938400
1991-11-27,15.03125,15.1875,15.03125,15.15625,6.674716472625732,1264800
1991-11-29,15.0625,15.34375,15.03125,15.25,6.716005325317383,778800
1991-12-02,15.03125,15.6875,15.03125,15.625,6.881147861480713,2486800
1991-12-03,15.625,15.9375,15.53125,15.8125,6.96372127532959,1432400
1991-12-04,15.75,15.8125,15.5,15.71875,6.922435283660889,1659200
1991-12-05,15.59375,15.625,15.4375,15.5625,6.853625297546387,1482000
1991-12-06,15.53125,15.75,15.3125,15.3125,6.743528842926025,3083600
1991-12-09,15.28125,15.625,15.28125,15.46875,6.812337875366211,1687200
1991-12-10,15.40625,15.625,15.34375,15.34375,6.757288455963135,1642800
1991-12-11,15.34375,15.375,14.875,15.0625,6.633427619934082,3548400
1991-12-12,15.125,15.3125,14.90625,15.3125,6.743528842926025,1862000
1991-12-13,15.375,15.875,15.34375,15.78125,6.949963092803955,2180400
1991-12-16,15.71875,16.0,15.375,15.375,6.771054744720459,1529600
1991-12-17,15.375,15.40625,14.9375,15.0,6.638288497924805,2542800
1991-12-18,15.03125,15.0625,14.78125,14.84375,6.569137096405029,3316800
1991-12-19,14.78125,14.90625,14.65625,14.71875,6.513819217681885,3203200
1991-12-20,14.96875,14.96875,14.5625,14.6875,6.499985218048096,3683200
1991-12-23,14.71875,14.90625,14.53125,14.6875,6.499985218048096,2728400
1991-12-24,14.6875,15.5,14.59375,15.46875,6.845734119415283,2616800
1991-12-26,15.46875,15.71875,15.3125,15.4375,6.831899166107178,1375600
1991-12-27,15.46875,15.5,15.28125,15.4375,6.831899166107178,1042000
1991-12-30,15.3125,16.25,15.25,16.25,7.191476345062256,2446000
1991-12-31,16.15625,16.1875,15.5,15.59375,6.901055812835693,2532000
1992-01-02,15.59375,16.1875,15.5,16.0625,7.108499526977539,2492000
1992-01-03,15.875,16.0,15.6875,15.84375,7.011689186096191,2172400
1992-01-06,15.625,15.6875,15.15625,15.1875,6.7212653160095215,2637200
1992-01-07,14.625,14.84375,14.625,14.6875,6.499985218048096,5613600
1992-01-08,14.3125,14.875,14.3125,14.6875,6.499985218048096,6560000
1992-01-09,14.78125,15.09375,14.78125,14.90625,6.596796035766602,3911200
1992-01-10,14.875,15.0625,14.8125,14.96875,6.624454498291016,3554000
1992-01-13,15.0,15.15625,15.0,15.125,6.693604946136475,2735600
1992-01-14,15.25,15.5625,15.1875,15.5625,6.887218952178955,2669200
1992-01-15,15.75,15.78125,15.3125,15.3125,6.776584148406982,3032800
1992-01-16,15.625,15.625,15.34375,15.4375,6.831899166107178,2693600
1992-01-17,15.5625,15.75,15.5625,15.6875,6.942538261413574,3349200
1992-01-20,15.8125,15.96875,15.625,15.6875,6.942538261413574,3861600
1992-01-21,15.71875,15.875,15.3125,15.84375,7.011689186096191,2986000
1992-01-22,15.9375,16.09375,15.84375,15.875,7.025518417358398,2814400
1992-01-23,15.9375,16.0625,15.625,15.65625,6.928707599639893,1856800
1992-01-24,15.71875,15.84375,15.375,15.40625,6.8180718421936035,2760000
1992-01-27,15.46875,15.5625,15.40625,15.4375,6.831899166107178,1685200
1992-01-28,15.5,15.53125,15.375,15.46875,6.845734119415283,1808000
1992-01-29,15.3125,15.375,14.875,15.0,6.638288497924805,3688000
1992-01-30,15.0625,15.125,14.9375,14.9375,6.610628128051758,2336000
1992-01-31,15.0,15.09375,14.84375,14.875,6.582963943481445,1725600
1992-02-03,14.9375,14.9375,14.6875,14.71875,6.513819217681885,1542400
1992-02-04,14.71875,15.0625,14.5,15.0625,6.665944576263428,2964000
1992-02-05,15.0625,15.0625,14.46875,14.5,6.417009353637695,3499600
1992-02-06,14.59375,14.59375,14.34375,14.46875,6.403177261352539,5557600
1992-02-07,14.46875,14.71875,14.40625,14.625,6.472330093383789,3090000
1992-02-10,14.78125,15.0,14.71875,15.0,6.638288497924805,4166400
1992-02-11,15.0625,15.40625,15.0,15.34375,6.790412902832031,2446400
1992-02-12,15.46875,15.6875,15.4375,15.6875,6.942538261413574,2408800
1992-02-13,15.6875,15.6875,15.25,15.25,6.7489213943481445,3220400
1992-02-14,15.3125,15.375,15.15625,15.25,6.7489213943481445,1350400
1992-02-18,15.25,15.25,14.90625,14.96875,6.624454498291016,3772400
1992-02-19,15.0,15.1875,14.9375,15.0625,6.665944576263428,1716800
1992-02-20,15.125,15.3125,15.03125,15.28125,6.762754440307617,1369600
1992-02-21,15.28125,15.28125,14.9375,15.0,6.638288497924805,2306400
1992-02-24,14.96875,15.125,14.96875,15.03125,6.652116298675537,1410000
1992-02-25,15.0,15.09375,14.96875,15.0,6.6715779304504395,1107200
1992-02-26,15.09375,15.15625,15.0,15.03125,6.6854729652404785,831200
1992-02-27,15.0625,15.09375,14.90625,14.9375,6.643777370452881,1456400
1992-02-28,15.0,15.125,14.90625,15.0,6.6715779304504395,1347200
1992-03-02,14.9375,15.03125,14.875,14.96875,6.657674312591553,1200000
1992-03-03,15.0625,15.21875,14.9375,15.1875,6.754970550537109,1836800
1992-03-04,15.1875,15.21875,14.9375,14.9375,6.643777370452881,1494800
1992-03-05,14.875,15.09375,14.875,14.90625,6.629878044128418,2026000
1992-03-06,14.96875,14.96875,14.8125,14.90625,6.629878044128418,1686400
1992-03-09,14.84375,14.875,14.5,14.5,6.449187755584717,2222000
1992-03-10,14.5,14.5625,14.0625,14.09375,6.268500328063965,3908400
1992-03-11,14.1875,14.21875,13.65625,13.71875,6.101711273193359,5246800
1992-03-12,13.6875,14.25,13.625,14.25,6.337994575500488,3420400
1992-03-13,14.3125,14.4375,14.03125,14.3125,6.365793228149414,3196000
1992-03-16,14.3125,14.46875,14.25,14.4375,6.421391010284424,1775200
1992-03-17,14.46875,14.625,14.40625,14.40625,6.407494068145752,1837600
1992-03-18,14.46875,14.59375,14.375,14.5,6.449187755584717,1378400
1992-03-19,14.5,14.5,14.15625,14.28125,6.351894855499268,2971200
1992-03-20,14.21875,14.25,14.03125,14.09375,6.268500328063965,3269600
1992-03-23,14.0625,14.25,14.0,14.21875,6.324093341827393,2707200
1992-03-24,14.21875,14.28125,14.0,14.03125,6.240702152252197,2184000
1992-03-25,14.0,14.09375,13.8125,13.84375,6.157305717468262,1628800
1992-03-26,13.9375,14.03125,13.90625,14.0,6.226803779602051,1784400
1992-03-27,14.0,14.0,13.75,13.84375,6.157305717468262,1975600
1992-03-30,13.8125,13.8125,13.5625,13.625,6.060013294219971,2026800
1992-03-31,13.625,14.0,13.625,13.96875,6.212902069091797,2672000
1992-04-01,13.8125,13.96875,13.6875,13.8125,6.143408298492432,1942800
1992-04-02,13.8125,13.8125,13.53125,13.53125,6.01831579208374,2454000
1992-04-03,13.5,13.6875,13.15625,13.625,6.060013294219971,5060800
1992-04-06,13.78125,14.59375,13.5625,14.5,6.449187755584717,7013200
1992-04-07,14.53125,14.625,14.03125,14.09375,6.268500328063965,3742400
1992-04-08,14.0,14.21875,13.90625,14.15625,6.296297073364258,2596400
1992-04-09,14.15625,14.375,14.0,14.25,6.337994575500488,2906400
1992-04-10,14.4375,14.4375,14.125,14.3125,6.365793228149414,2293200
1992-04-13,14.34375,14.6875,14.28125,14.625,6.504785537719727,2276800
1992-04-14,14.59375,15.0,14.59375,14.65625,6.518683433532715,2929200
1992-04-15,14.9375,14.9375,14.4375,14.8125,6.588177680969238,2541600
1992-04-16,14.8125,14.9375,14.6875,14.875,6.615973949432373,2218400
1992-04-20,14.8125,14.875,14.5625,14.8125,6.588177680969238,1712400
1992-04-21,14.78125,14.90625,14.75,14.78125,6.574280738830566,2409600
1992-04-22,14.84375,15.03125,14.78125,14.78125,6.574280738830566,3007600
1992-04-23,14.5625,14.84375,14.5625,14.84375,6.602078914642334,2932000
1992-04-24,14.75,15.5625,14.625,15.4375,6.8661603927612305,3346800
1992-04-27,15.4375,15.65625,15.4375,15.5,6.893959045410156,2554400
1992-04-28,15.5625,15.84375,15.53125,15.65625,6.963451862335205,3745200
1992-04-29,15.6875,15.71875,15.375,15.375,6.838364601135254,2336800
1992-04-30,15.5,15.6875,15.4375,15.53125,6.907858371734619,2220400
1992-05-01,15.6875,16.125,15.65625,16.0625,7.144145965576172,2177200
1992-05-04,16.0625,16.125,15.8125,16.0,7.1163482666015625,3623600
1992-05-05,15.9375,16.1875,15.8125,16.125,7.171943187713623,2280800
1992-05-06,16.125,16.21875,16.09375,16.125,7.171943187713623,3448800
1992-05-07,16.125,16.3125,16.125,16.28125,7.241443634033203,3087600
1992-05-08,16.34375,16.59375,16.3125,16.46875,7.324836730957031,3156400
1992-05-11,16.4375,16.4375,16.21875,16.375,7.283135414123535,1561600
1992-05-12,16.3125,16.375,16.0625,16.375,7.283135414123535,2352800
1992-05-13,16.3125,16.3125,16.0625,16.09375,7.158046245574951,1069200
1992-05-14,16.09375,16.09375,15.71875,15.8125,7.032949924468994,2133200
1992-05-15,15.75,15.90625,15.53125,15.59375,6.935661792755127,2015200
1992-05-18,15.625,15.875,15.625,15.84375,7.046849727630615,952800
1992-05-19,15.8125,16.0,15.6875,15.8125,7.032949924468994,1236000
1992-05-20,15.71875,15.78125,15.5,15.5,6.893959045410156,1857200
1992-05-21,15.5625,15.75,15.53125,15.59375,6.935661792755127,2794400
1992-05-22,15.6875,16.375,15.65625,16.21875,7.2136406898498535,1838400
1992-05-26,16.75,17.21875,16.6875,17.125,7.652097702026367,7334400
1992-05-27,16.96875,17.09375,16.8125,16.8125,7.512462139129639,6747200
1992-05-28,16.78125,16.875,16.625,16.84375,7.526427745819092,3275600
1992-05-29,16.78125,16.8125,16.375,16.4375,7.344900131225586,1918000
1992-06-01,16.4375,16.4375,16.0,16.34375,7.303008079528809,3226800
1992-06-02,16.34375,16.375,16.15625,16.28125,7.275084018707275,1554400
1992-06-03,16.25,17.0,16.25,16.875,7.540390968322754,2824400
1992-06-04,17.0,17.15625,16.84375,17.0625,7.624170303344727,3081600
1992-06-05,17.0,17.03125,16.8125,16.90625,7.554356575012207,1561200
1992-06-08,16.875,16.90625,16.71875,16.84375,7.526427745819092,723600
1992-06-09,16.78125,16.8125,16.5625,16.71875,7.4705681800842285,1380000
1992-06-10,16.71875,16.84375,16.59375,16.625,7.428678512573242,1994800
1992-06-11,16.625,16.6875,16.46875,16.625,7.428678512573242,898000
1992-06-12,16.6875,16.75,16.59375,16.625,7.428678512573242,1199600
1992-06-15,16.5,16.8125,16.5,16.6875,7.45660924911499,1113200
1992-06-16,16.71875,16.96875,16.71875,16.8125,7.512462139129639,1308000
1992-06-17,16.75,16.78125,16.625,16.65625,7.4426445960998535,1380800
1992-06-18,16.59375,16.71875,16.375,16.40625,7.3309326171875,1446000
1992-06-19,16.40625,16.59375,16.34375,16.5,7.372828006744385,2048400
1992-06-22,16.4375,16.46875,16.0,16.1875,7.233190536499023,1538000
1992-06-23,16.1875,16.1875,16.0625,16.15625,7.2192230224609375,978800
1992-06-24,16.09375,16.09375,15.9375,15.96875,7.135445594787598,698400
1992-06-25,15.96875,16.0,15.375,15.40625,6.88409948348999,2872000
1992-06-26,15.3125,15.65625,15.21875,15.65625,6.995802402496338,1541200
1992-06-29,15.78125,15.9375,15.78125,15.9375,7.1214799880981445,997200
1992-06-30,16.09375,16.09375,15.71875,15.71875,7.023735046386719,1428800
1992-07-01,15.75,15.9375,15.6875,15.875,7.093550205230713,1132000
1992-07-02,15.875,16.03125,15.6875,16.0,7.149407863616943,2175600
1992-07-06,16.0,16.0,15.84375,15.90625,7.107513427734375,1398800
1992-07-07,15.875,15.90625,15.40625,15.46875,6.912024974822998,1524000
1992-07-08,15.25,15.25,14.875,15.0,6.702568054199219,4338000
1992-07-09,15.125,15.59375,15.125,15.5625,6.953909873962402,2156000
1992-07-10,15.59375,15.59375,15.34375,15.5,6.925988674163818,925600
1992-07-13,15.5,15.5,15.1875,15.25,6.814276218414307,949600
1992-07-14,15.34375,16.0,15.28125,16.0,7.149407863616943,1974800
1992-07-15,16.0,16.03125,15.8125,15.84375,7.079586982727051,1592400
1992-07-16,15.75,15.90625,15.59375,15.84375,7.079586982727051,1376800
1992-07-17,15.8125,15.8125,15.5,15.65625,6.995802402496338,1730800
1992-07-20,15.5,15.5625,15.4375,15.5625,6.953909873962402,984400
1992-07-21,15.625,15.84375,15.625,15.65625,6.995802402496338,1129200
1992-07-22,15.71875,15.75,15.4375,15.53125,6.939949989318848,1854800
1992-07-23,15.4375,15.53125,15.21875,15.53125,6.939949989318848,1896000
1992-07-24,15.4375,16.0,15.4375,15.96875,7.135445594787598,2511200
1992-07-27,15.9375,16.09375,15.59375,15.6875,7.009769439697266,1490800
1992-07-28,15.71875,16.375,15.71875,16.3125,7.28904390335083,2294400
1992-07-29,16.4375,16.5,16.34375,16.5,7.372828006744385,2341600
1992-07-30,16.46875,16.75,16.4375,16.75,7.484532833099365,1825600
1992-07-31,16.6875,16.6875,16.53125,16.65625,7.4426445960998535,1549600
1992-08-03,16.625,16.8125,16.5625,16.71875,7.4705681800842285,1092000
1992-08-04,16.59375,16.625,16.4375,16.5,7.372828006744385,1125600
1992-08-05,16.5,16.71875,16.46875,16.59375,7.414718151092529,1148800
1992-08-06,16.4375,16.5,16.375,16.40625,7.3309326171875,1599200
1992-08-07,16.375,16.71875,16.1875,16.1875,7.233190536499023,1486400
1992-08-10,16.1875,16.53125,16.1875,16.53125,7.386787414550781,729200
1992-08-11,16.5625,16.59375,16.3125,16.5,7.372828006744385,948800
1992-08-12,16.625,16.71875,16.4375,16.53125,7.386787414550781,1230800
1992-08-13,16.6875,16.9375,16.59375,16.90625,7.554356575012207,1424800
1992-08-14,16.875,16.90625,16.625,16.71875,7.4705681800842285,1253200
1992-08-17,16.625,16.90625,16.625,16.875,7.540390968322754,1018800
1992-08-18,16.8125,17.0,16.6875,16.96875,7.582281589508057,1044400
1992-08-19,16.875,17.1875,16.875,17.125,7.652097702026367,1769600
1992-08-20,17.09375,17.125,16.875,17.0625,7.624170303344727,1382400
1992-08-21,17.25,17.25,16.8125,16.8125,7.512462139129639,2981200
1992-08-24,16.59375,16.96875,16.59375,16.9375,7.568313121795654,1629200
1992-08-25,16.90625,17.15625,16.90625,17.125,7.652097702026367,2107200
1992-08-26,17.0625,17.125,16.8125,17.125,7.652097702026367,1498000
1992-08-27,17.125,17.125,16.90625,16.90625,7.554356575012207,2130000
1992-08-28,16.9375,17.25,16.90625,17.125,7.652097702026367,3162400
1992-08-31,17.125,17.21875,17.0625,17.21875,7.727831840515137,3909600
1992-09-01,17.1875,17.1875,16.90625,16.9375,7.601609230041504,2444000
1992-09-02,16.75,16.875,16.59375,16.75,7.5174560546875,3396800
1992-09-03,16.75,16.90625,16.71875,16.78125,7.5314812660217285,2325600
1992-09-04,16.5625,16.65625,16.4375,16.625,7.46135950088501,2477600
1992-09-08,16.5625,16.8125,16.5,16.65625,7.47538423538208,2550000
1992-09-09,16.6875,16.90625,16.625,16.8125,7.545508861541748,2121600
1992-09-10,16.8125,17.46875,16.8125,17.4375,7.826009750366211,4287600
1992-09-11,17.4375,17.4375,17.21875,17.21875,7.727831840515137,2282000
1992-09-14,17.40625,17.40625,17.1875,17.25,7.741858005523682,1484800
1992-09-15,17.21875,17.3125,17.0,17.125,7.685760498046875,1528400
1992-09-16,17.0,17.4375,16.96875,17.1875,7.713809967041016,2402000
1992-09-17,17.21875,17.25,17.125,17.25,7.741858005523682,728800
1992-09-18,17.21875,17.25,16.8125,17.1875,7.713809967041016,1784000
1992-09-21,17.09375,17.09375,16.875,16.9375,7.601609230041504,970400
1992-09-22,16.90625,16.9375,16.6875,16.8125,7.545508861541748,1312400
1992-09-23,16.78125,16.96875,16.71875,16.8125,7.545508861541748,1524800
1992-09-24,16.875,16.875,16.5625,16.71875,7.503432273864746,1488000
1992-09-25,16.6875,16.6875,16.28125,16.28125,7.307082176208496,1212400
1992-09-28,16.28125,16.78125,16.28125,16.78125,7.5314812660217285,1063200
1992-09-29,16.75,16.84375,16.65625,16.84375,7.559538841247559,1592000
1992-09-30,16.875,17.09375,16.875,16.90625,7.587585926055908,1579600
1992-10-01,17.0625,17.15625,16.90625,17.125,7.685760498046875,1268400
1992-10-02,17.0625,17.21875,17.03125,17.03125,7.6436848640441895,1132800
1992-10-05,17.0,17.03125,16.25,16.84375,7.559538841247559,2353200
1992-10-06,16.75,16.875,16.71875,16.84375,7.559538841247559,1503200
1992-10-07,16.84375,17.03125,16.65625,16.6875,7.489407539367676,1194800
1992-10-08,16.78125,17.0625,16.75,16.875,7.5735626220703125,1187600
1992-10-09,16.78125,16.90625,16.6875,16.875,7.5735626220703125,1106800
1992-10-12,16.8125,17.09375,16.8125,17.0625,7.657710075378418,832400
1992-10-13,16.96875,17.125,16.78125,16.78125,7.5314812660217285,2505600
1992-10-14,16.8125,16.96875,16.8125,16.875,7.5735626220703125,922400
1992-10-15,16.875,17.0625,16.84375,17.0,7.629661560058594,998000
1992-10-16,17.03125,17.0625,16.75,17.0625,7.657710075378418,1418800
1992-10-19,17.0,17.46875,16.96875,17.46875,7.840036392211914,2043200
1992-10-20,17.46875,17.65625,17.3125,17.5,7.854063987731934,2414400
1992-10-21,16.96875,17.21875,16.9375,17.03125,7.6436848640441895,3924000
1992-10-22,16.96875,17.0,16.75,16.78125,7.5314812660217285,2012000
1992-10-23,16.75,16.75,16.5625,16.625,7.46135950088501,1914000
1992-10-26,16.5625,16.625,16.4375,16.59375,7.447331428527832,1303600
1992-10-27,16.59375,16.75,16.53125,16.75,7.5174560546875,1997600
1992-10-28,16.65625,16.65625,16.375,16.375,7.349157333374023,2135200
1992-10-29,16.5,16.5,16.1875,16.21875,7.279030799865723,2424000
1992-10-30,16.09375,16.09375,15.875,15.875,7.124756813049316,2578800
1992-11-02,15.96875,16.21875,15.875,16.0625,7.208907127380371,1709200
1992-11-03,16.0,16.0,15.65625,15.65625,7.026577949523926,2171200
1992-11-04,15.625,15.625,15.125,15.125,6.788152694702148,5098400
1992-11-05,15.21875,15.5,15.1875,15.5,6.956453800201416,4460800
1992-11-06,15.375,15.6875,15.375,15.5,6.956453800201416,2622000
1992-11-09,15.625,15.8125,15.59375,15.71875,7.054633617401123,2318000
1992-11-10,15.875,15.9375,15.78125,15.875,7.124756813049316,2006400
1992-11-11,15.875,15.875,15.625,15.65625,7.026577949523926,1055200
1992-11-12,15.6875,15.71875,15.40625,15.65625,7.026577949523926,1935200
1992-11-13,15.625,15.65625,15.125,15.125,6.788152694702148,4082800
1992-11-16,15.125,15.28125,15.03125,15.03125,6.746076583862305,2844800
1992-11-17,15.03125,15.0625,14.75,14.875,6.675949573516846,3997600
1992-11-18,14.875,15.3125,14.875,15.3125,6.8723039627075195,1973200
1992-11-19,15.375,15.5,15.1875,15.5,6.956453800201416,1545200
1992-11-20,15.75,15.875,15.65625,15.75,7.068654537200928,2291200
1992-11-23,15.6875,15.6875,15.375,15.375,6.900352954864502,1449200
1992-11-24,15.40625,15.5,15.125,15.3125,6.8723039627075195,2041200
1992-11-25,15.28125,15.3125,15.09375,15.09375,6.774129390716553,1271200
1992-11-27,15.125,15.21875,15.0625,15.15625,6.802178382873535,1248000
1992-11-30,15.25,15.40625,15.1875,15.25,6.844253063201904,2072000
1992-12-01,15.25,15.25,15.09375,15.125,6.788152694702148,2317200
1992-12-02,15.09375,15.15625,14.84375,14.84375,6.66192626953125,3209600
1992-12-03,14.8125,14.96875,14.71875,14.9375,6.70400333404541,2871600
1992-12-04,15.0,15.125,14.75,15.0625,6.760102272033691,2747600
1992-12-07,14.90625,15.03125,14.90625,14.96875,6.718029022216797,2807600
1992-12-08,14.8125,14.84375,14.3125,14.8125,6.647900581359863,11589600
1992-12-09,14.5625,14.65625,14.25,14.4375,6.479601860046387,6521200
1992-12-10,14.4375,14.84375,14.375,14.84375,6.66192626953125,3308000
1992-12-11,14.84375,14.84375,14.59375,14.625,6.563753128051758,1744400
1992-12-14,14.6875,14.78125,14.5,14.53125,6.521676063537598,2448000
1992-12-15,14.46875,14.53125,14.375,14.375,6.485022068023682,2808400
1992-12-16,14.40625,14.4375,14.28125,14.4375,6.513219833374023,3339200
1992-12-17,14.46875,14.59375,14.21875,14.59375,6.583705425262451,3753600
1992-12-18,14.59375,14.625,14.4375,14.5625,6.569607734680176,4526000
1992-12-21,14.40625,14.53125,14.34375,14.53125,6.555511474609375,4212800
1992-12-22,14.5,14.5625,14.25,14.3125,6.456822395324707,2650400
1992-12-23,14.3125,14.34375,14.03125,14.0625,6.344038963317871,4205200
1992-12-24,14.125,14.3125,14.0625,14.0625,6.344038963317871,1303200
1992-12-28,14.09375,14.125,13.90625,13.90625,6.273552894592285,1906400
1992-12-29,13.96875,14.25,13.96875,14.125,6.372237682342529,2604400
1992-12-30,14.1875,14.375,14.15625,14.34375,6.470922470092773,2187600
1992-12-31,14.46875,14.5625,14.25,14.3125,6.456822395324707,1865600
1993-01-04,14.28125,14.40625,14.09375,14.1875,6.4004340171813965,2379600
1993-01-05,14.15625,14.15625,13.9375,14.03125,6.329944610595703,2370000
1993-01-06,14.0,14.125,13.90625,14.09375,6.358143329620361,1996400
1993-01-07,14.03125,14.125,13.90625,13.96875,6.301750183105469,2392400
1993-01-08,13.96875,14.09375,13.875,13.96875,6.301750183105469,2232800
1993-01-11,14.0625,14.09375,13.96875,13.96875,6.301750183105469,1712400
1993-01-12,14.0625,14.125,13.84375,13.96875,6.301750183105469,2768000
1993-01-13,14.0,14.3125,13.96875,14.1875,6.4004340171813965,3243200
1993-01-14,14.125,14.1875,14.0,14.15625,6.3863325119018555,1997200
1993-01-15,14.1875,14.34375,14.15625,14.21875,6.414529800415039,3439600
1993-01-18,14.1875,14.25,13.96875,13.96875,6.301750183105469,1664800
1993-01-19,13.96875,14.0625,13.90625,14.0,6.315847396850586,3710400
1993-01-20,14.03125,14.125,13.96875,14.03125,6.329944610595703,1908000
1993-01-21,14.0,14.15625,13.96875,14.09375,6.358143329620361,2706400
1993-01-22,14.09375,14.25,14.03125,14.15625,6.3863325119018555,2198000
1993-01-25,14.40625,14.9375,14.34375,14.8125,6.682389259338379,3826000
1993-01-26,15.03125,15.09375,14.8125,15.03125,6.7810797691345215,4032800
1993-01-27,14.9375,14.9375,14.3125,14.34375,6.470922470092773,6302800
1993-01-28,14.1875,14.59375,14.15625,14.53125,6.555511474609375,4054400
1993-01-29,14.53125,14.625,14.40625,14.46875,6.527316093444824,2098800
1993-02-01,14.46875,14.75,14.40625,14.71875,6.640096664428711,2021200
1993-02-02,14.6875,14.96875,14.65625,14.75,6.654193878173828,3056800
1993-02-03,14.6875,14.71875,14.5625,14.6875,6.626001358032227,2550800
1993-02-04,14.84375,14.96875,14.75,14.9375,6.738785266876221,3919600
1993-02-05,15.0,15.625,15.0,15.625,7.048933029174805,5296000
1993-02-08,15.375,15.4375,15.1875,15.40625,6.950250625610352,3997200
1993-02-09,15.3125,15.3125,14.875,14.90625,6.72468376159668,2424400
1993-02-10,15.0,15.03125,14.625,14.75,6.654193878173828,2666000
1993-02-11,14.75,14.875,14.3125,14.375,6.485022068023682,4238800
1993-02-12,14.4375,14.5,14.25,14.28125,6.442729949951172,2509600
1993-02-16,14.34375,14.4375,14.15625,14.1875,6.4004340171813965,3583200
1993-02-17,14.25,14.40625,14.15625,14.25,6.428626537322998,1694400
1993-02-18,14.5,14.5,14.125,14.15625,6.3863325119018555,2239600
1993-02-19,14.25,14.71875,14.25,14.65625,6.611903667449951,2710400
1993-02-22,14.65625,15.09375,14.625,15.09375,6.809270858764648,3857600
1993-02-23,15.0,15.03125,14.6875,14.71875,6.673255443572998,2045200
1993-02-24,14.5625,14.9375,14.5625,14.875,6.744096755981445,1292000
1993-02-25,14.9375,15.03125,14.53125,14.6875,6.659090518951416,1482400
1993-02-26,14.6875,14.9375,14.5625,14.90625,6.758265972137451,1168800
1993-03-01,15.0625,15.0625,14.84375,14.96875,6.786605358123779,2447600
1993-03-02,14.96875,15.1875,14.875,15.15625,6.871613025665283,3883600
1993-03-03,15.25,15.40625,14.875,14.875,6.744096755981445,6025200
1993-03-04,15.0,15.0625,14.875,15.0,6.800775527954102,2338000
1993-03-05,14.9375,14.96875,14.65625,14.75,6.6874237060546875,2368800
1993-03-08,14.75,14.75,14.53125,14.59375,6.616582870483398,3495200
1993-03-09,14.625,14.78125,14.5625,14.71875,6.673255443572998,3646800
1993-03-10,14.71875,14.8125,14.6875,14.71875,6.673255443572998,3265600
1993-03-11,14.71875,14.75,14.375,14.46875,6.559910297393799,1998800
1993-03-12,14.375,14.4375,14.1875,14.1875,6.432395935058594,2666800
1993-03-15,14.21875,14.375,14.15625,14.28125,6.4749016761779785,2548400
1993-03-16,14.34375,14.6875,14.3125,14.6875,6.659090518951416,3892000
1993-03-17,14.75,15.0,14.75,14.90625,6.758265972137451,5766800
1993-03-18,14.9375,14.96875,14.71875,14.75,6.6874237060546875,3369600
1993-03-19,14.75,14.75,14.59375,14.625,6.630749702453613,3460400
1993-03-22,14.53125,14.5625,14.34375,14.46875,6.559910297393799,2742000
1993-03-23,14.46875,14.5,14.15625,14.15625,6.418225288391113,2726000
1993-03-24,14.1875,14.46875,14.1875,14.34375,6.503235816955566,2012800
1993-03-25,14.3125,14.625,14.3125,14.5,6.574076175689697,2852000
1993-03-26,14.6875,14.75,14.46875,14.625,6.630749702453613,2797200
1993-03-29,14.6875,14.9375,14.65625,14.78125,6.701595306396484,2318000
1993-03-30,14.96875,15.25,14.9375,14.96875,6.786605358123779,3271200
1993-03-31,15.03125,15.0625,14.84375,14.875,6.744096755981445,2832800
1993-04-01,14.9375,15.0625,14.84375,15.0,6.800775527954102,2590800
1993-04-02,14.9375,14.9375,14.75,14.84375,6.729929447174072,2418800
1993-04-05,14.875,15.03125,14.8125,14.96875,6.786605358123779,2178400
1993-04-06,15.0,15.46875,14.9375,15.375,6.970791339874268,4406800
1993-04-07,15.5,16.25,15.46875,16.1875,7.339165687561035,5941200
1993-04-08,16.0625,16.09375,15.75,16.0625,7.28249454498291,2634800
1993-04-12,16.0,16.09375,15.65625,15.71875,7.126644611358643,2181600
1993-04-13,15.71875,16.09375,15.71875,16.0625,7.28249454498291,2432800
1993-04-14,16.0,16.1875,15.96875,16.1875,7.339165687561035,1757600
1993-04-15,16.09375,16.09375,15.84375,15.90625,7.211653232574463,2100800
1993-04-16,16.0625,16.5,15.90625,16.5,7.480851650238037,4390400
1993-04-19,16.25,16.375,15.96875,16.28125,7.381670951843262,2150400
1993-04-20,16.34375,16.40625,15.84375,16.15625,7.324998378753662,2046800
1993-04-21,16.21875,16.21875,15.8125,15.84375,7.183314323425293,1600800
1993-04-22,15.8125,15.96875,15.625,15.8125,7.1691460609436035,1625600
1993-04-23,15.625,15.84375,15.53125,15.8125,7.1691460609436035,1185600
1993-04-26,15.6875,15.875,15.59375,15.78125,7.154979705810547,1589600
1993-04-27,15.65625,15.6875,15.40625,15.625,7.084134578704834,2013200
1993-04-28,15.625,16.3125,15.59375,16.03125,7.268326759338379,3008800
1993-04-29,15.875,16.0,15.65625,15.96875,7.239991188049316,1708000
1993-04-30,15.96875,16.125,15.90625,16.0,7.254158020019531,1390000
1993-05-03,16.0625,16.25,15.8125,16.21875,7.353332996368408,1732000
1993-05-04,16.125,16.3125,15.9375,16.03125,7.268326759338379,1504800
1993-05-05,16.03125,16.15625,15.90625,16.03125,7.268326759338379,1345200
1993-05-06,16.03125,16.0625,15.8125,15.9375,7.225820541381836,1204400
1993-05-07,16.0,16.125,15.84375,15.9375,7.225820541381836,1314400
1993-05-10,15.96875,15.96875,15.78125,15.8125,7.1691460609436035,1213600
1993-05-11,15.75,16.03125,15.71875,15.90625,7.211653232574463,1642400
1993-05-12,15.96875,16.3125,15.90625,16.25,7.367502689361572,2615600
1993-05-13,16.1875,16.5,16.0625,16.25,7.367502689361572,2423200
1993-05-14,16.21875,16.46875,16.125,16.46875,7.466684341430664,2640400
1993-05-17,16.46875,16.71875,16.4375,16.5625,7.509180545806885,3256000
1993-05-18,16.375,16.5,16.0625,16.21875,7.353332996368408,2101600
1993-05-19,16.1875,16.21875,15.75,16.125,7.3108296394348145,1801600
1993-05-20,16.15625,16.1875,16.0,16.0625,7.28249454498291,1716800
1993-05-21,16.0,16.15625,15.96875,16.0,7.254158020019531,2933200
1993-05-24,16.0,16.25,15.9375,16.21875,7.353332996368408,2240000
1993-05-25,16.21875,16.40625,16.125,16.40625,7.472901821136475,2531600
1993-05-26,16.375,16.6875,16.25,16.625,7.572543144226074,2752400
1993-05-27,16.53125,16.625,16.375,16.59375,7.558305740356445,1874000
1993-05-28,16.5,16.53125,16.3125,16.3125,7.430195331573486,1136800
1993-06-01,16.6875,16.8125,16.5,16.5,7.515606880187988,2726800
1993-06-02,16.65625,16.84375,16.5625,16.625,7.572543144226074,2088800
1993-06-03,16.5,16.6875,16.46875,16.59375,7.558305740356445,1159600
1993-06-04,16.4375,16.8125,16.375,16.75,7.6294732093811035,2778000
1993-06-07,16.65625,16.75,16.5625,16.59375,7.558305740356445,1752800
1993-06-08,16.53125,16.78125,16.375,16.75,7.6294732093811035,2327200
1993-06-09,17.03125,17.21875,16.8125,16.8125,7.6579461097717285,4066000
1993-06-10,16.71875,16.96875,16.65625,16.8125,7.6579461097717285,1791200
1993-06-11,16.78125,16.8125,16.15625,16.1875,7.373263359069824,4206000
1993-06-14,16.28125,16.3125,16.03125,16.125,7.344791889190674,1784400
1993-06-15,16.1875,16.375,15.96875,16.375,7.458667278289795,1902000
1993-06-16,16.40625,16.4375,16.3125,16.40625,7.472901821136475,1646800
1993-06-17,16.375,16.5,16.3125,16.34375,7.444433689117432,1248400
1993-06-18,16.40625,16.5,16.25,16.25,7.401732444763184,2338000
1993-06-21,16.3125,16.5,16.28125,16.4375,7.487135410308838,1125600
1993-06-22,16.5,16.84375,16.46875,16.75,7.6294732093811035,1825200
1993-06-23,16.65625,16.6875,16.28125,16.28125,7.415966033935547,1846400
1993-06-24,16.21875,16.375,16.1875,16.34375,7.444433689117432,978800
1993-06-25,16.375,16.375,16.125,16.125,7.344791889190674,975600
1993-06-28,16.15625,16.28125,16.09375,16.1875,7.373263359069824,1164800
1993-06-29,16.28125,16.28125,15.9375,15.9375,7.2593889236450195,1684400
1993-06-30,15.9375,16.03125,15.8125,15.84375,7.21668815612793,2070400
1993-07-01,16.0,16.0,15.71875,15.71875,7.159749984741211,2209600
1993-07-02,15.71875,15.75,15.5625,15.625,7.117045879364014,1336800
1993-07-06,15.6875,15.75,15.46875,15.5625,7.088578701019287,1420000
1993-07-07,15.59375,15.625,15.5,15.5625,7.088578701019287,1213200
1993-07-08,15.625,15.6875,15.5,15.5,7.060107231140137,2171600
1993-07-09,15.5,15.6875,15.46875,15.6875,7.145517349243164,1267200
1993-07-12,15.75,15.9375,15.75,15.875,7.230924606323242,1018400
1993-07-13,15.875,16.0625,15.875,16.0625,7.316329002380371,1620000
1993-07-14,16.0625,16.125,15.78125,15.78125,7.1882195472717285,1522800
1993-07-15,15.75,15.75,15.3125,15.5625,7.088578701019287,2962400
1993-07-16,15.5625,15.65625,15.34375,15.34375,6.988941192626953,1621200
1993-07-19,15.375,15.625,15.3125,15.625,7.117045879364014,1999600
1993-07-20,15.65625,15.65625,15.46875,15.5625,7.088578701019287,1047600
1993-07-21,15.65625,16.25,15.625,16.25,7.401732444763184,2317200
1993-07-22,16.25,16.25,16.0,16.0625,7.316329002380371,1509200
1993-07-23,16.125,16.21875,16.09375,16.21875,7.387495040893555,1395200
1993-07-26,16.1875,16.21875,16.03125,16.03125,7.302093982696533,1378400
1993-07-27,16.09375,16.21875,16.0625,16.1875,7.373263359069824,1845200
1993-07-28,16.125,16.1875,16.0625,16.09375,7.330560207366943,1534000
1993-07-29,16.03125,16.09375,15.9375,15.9375,7.2593889236450195,1661200
1993-07-30,16.0,16.03125,15.875,15.90625,7.245157241821289,1335200
1993-08-02,15.9375,15.96875,15.65625,15.96875,7.273622512817383,1568400
1993-08-03,15.90625,16.0,15.84375,15.84375,7.21668815612793,1218000
1993-08-04,15.78125,15.875,15.75,15.78125,7.1882195472717285,1208400
1993-08-05,15.78125,15.78125,15.5625,15.5625,7.088578701019287,1608000
1993-08-06,15.5625,15.5625,15.375,15.4375,7.031639099121094,955600
1993-08-09,15.40625,15.53125,15.28125,15.34375,6.988941192626953,2432400
1993-08-10,15.4375,15.53125,15.3125,15.46875,7.045877933502197,1810800
1993-08-11,15.46875,15.46875,15.34375,15.46875,7.045877933502197,1576800
1993-08-12,15.5,15.75,15.46875,15.6875,7.145517349243164,3332800
1993-08-13,15.6875,15.78125,15.53125,15.53125,7.074349403381348,1552000
1993-08-16,15.625,15.90625,15.625,15.8125,7.202450752258301,1801200
1993-08-17,15.75,15.84375,15.75,15.8125,7.202450752258301,1396000
1993-08-18,15.8125,16.0625,15.8125,15.90625,7.245157241821289,1614000
1993-08-19,15.9375,16.5625,15.9375,16.5625,7.544070243835449,5096000
1993-08-20,16.5,16.5,16.21875,16.34375,7.444433689117432,2059200
1993-08-23,16.28125,16.53125,16.28125,16.34375,7.444433689117432,2159200
1993-08-24,16.375,16.65625,16.3125,16.625,7.572543144226074,1874000
1993-08-25,16.625,16.75,16.5625,16.59375,7.558305740356445,2283200
1993-08-26,16.625,16.625,16.4375,16.5,7.515606880187988,1510000
1993-08-27,16.5,16.65625,16.46875,16.46875,7.501373291015625,1241600
1993-08-30,16.4375,16.5625,16.4375,16.5,7.549983978271484,1018800
1993-08-31,16.625,16.90625,16.46875,16.84375,7.707277297973633,4458800
1993-09-01,16.625,16.84375,16.625,16.65625,7.621481895446777,1847200
1993-09-02,16.65625,16.8125,16.5625,16.75,7.664379119873047,1604800
1993-09-03,16.6875,17.0,16.65625,16.875,7.72157621383667,2080000
1993-09-07,16.90625,16.9375,16.625,16.71875,7.650079727172852,3196400
1993-09-08,16.65625,16.65625,16.3125,16.34375,7.478488445281982,3768800
1993-09-09,16.34375,16.34375,16.0625,16.09375,7.364097595214844,1619600
1993-09-10,16.0625,16.09375,15.75,15.9375,7.292600154876709,3517200
1993-09-13,15.875,15.90625,15.6875,15.84375,7.249702453613281,1842800
1993-09-14,15.71875,16.09375,15.71875,16.0,7.321201801300049,1819600
1993-09-15,16.03125,16.34375,15.96875,16.28125,7.44989538192749,2096800
1993-09-16,16.1875,16.25,15.875,15.90625,7.278304576873779,1796400
1993-09-17,15.6875,15.75,15.5,15.5,7.092408657073975,4282400
1993-09-20,15.5,15.5,15.21875,15.40625,7.0495123863220215,2882000
1993-09-21,15.46875,15.59375,15.40625,15.5,7.092408657073975,3220000
1993-09-22,15.59375,15.65625,15.5,15.5625,7.121009349822998,2212400
1993-09-23,15.53125,15.5625,15.46875,15.46875,7.078113079071045,1324800
1993-09-24,15.40625,15.625,15.25,15.59375,7.135309219360352,2550000
1993-09-27,15.75,16.09375,15.71875,16.09375,7.364097595214844,2694800
1993-09-28,16.09375,16.25,16.0,16.0,7.321201801300049,1430400
1993-09-29,16.03125,16.625,16.03125,16.59375,7.592884063720703,2857200
1993-09-30,16.625,16.71875,16.53125,16.65625,7.621481895446777,2268000
1993-10-01,16.59375,17.03125,16.59375,16.90625,7.735872745513916,3896400
1993-10-04,16.96875,17.09375,16.65625,16.6875,7.63578462600708,2484800
1993-10-05,16.8125,16.90625,16.65625,16.75,7.664379119873047,2120000
1993-10-06,16.5,16.59375,16.3125,16.375,7.492785930633545,2475200
1993-10-07,16.375,16.5,16.34375,16.4375,7.521387577056885,1302800
1993-10-08,16.53125,16.53125,16.375,16.375,7.492785930633545,1411600
1993-10-11,16.4375,16.5625,16.40625,16.46875,7.535691261291504,542400
1993-10-12,16.4375,16.46875,16.15625,16.21875,7.421293258666992,1509200
1993-10-13,16.125,16.125,15.96875,16.03125,7.335498332977295,2116000
1993-10-14,16.03125,16.03125,15.78125,15.90625,7.278304576873779,2014400
1993-10-15,15.9375,15.96875,15.75,15.84375,7.249702453613281,2242400
1993-10-18,15.84375,16.75,15.8125,16.75,7.664379119873047,3251600
1993-10-19,16.375,16.5,16.21875,16.28125,7.44989538192749,2099600
1993-10-20,16.25,16.28125,16.125,16.125,7.3783955574035645,1199200
1993-10-21,16.125,16.125,15.8125,15.96875,7.306901454925537,1624800
1993-10-22,15.90625,15.90625,15.40625,15.5,7.092408657073975,3028400
1993-10-25,15.5625,15.65625,15.40625,15.46875,7.078113079071045,3622800
1993-10-26,15.5,15.71875,15.46875,15.6875,7.1782050132751465,2106800
1993-10-27,15.71875,15.75,15.5,15.625,7.149604797363281,1382800
1993-10-28,15.6875,15.78125,15.59375,15.65625,7.163904190063477,1693200
1993-10-29,15.75,15.84375,15.59375,15.78125,7.221103191375732,3487200
1993-11-01,15.6875,15.90625,15.6875,15.78125,7.221103191375732,1889200
1993-11-02,15.78125,15.9375,15.75,15.75,7.2068047523498535,2826400
1993-11-03,15.75,15.75,15.53125,15.5625,7.121009349822998,2455200
1993-11-04,15.59375,15.6875,15.53125,15.5625,7.121009349822998,1161600
1993-11-05,15.53125,15.59375,15.125,15.21875,6.963716983795166,2626400
1993-11-08,15.1875,15.34375,15.125,15.28125,6.992318153381348,2303600
1993-11-09,15.34375,15.4375,15.28125,15.375,7.035212993621826,1447200
1993-11-10,15.3125,15.53125,15.28125,15.53125,7.106711387634277,2078000
1993-11-11,15.4375,15.4375,15.15625,15.25,6.978014945983887,2356000
1993-11-12,15.21875,15.59375,15.125,15.53125,7.106711387634277,2152800
1993-11-15,15.4375,15.46875,15.0,15.0,6.863624572753906,2270000
1993-11-16,15.09375,15.25,14.875,15.25,6.978014945983887,3032800
1993-11-17,15.1875,15.625,15.0,15.46875,7.078113079071045,3668000
1993-11-18,15.46875,15.59375,15.28125,15.59375,7.135309219360352,1450000
1993-11-19,15.59375,15.59375,15.40625,15.46875,7.078113079071045,1928000
1993-11-22,15.28125,15.3125,15.09375,15.3125,7.006617069244385,1734800
1993-11-23,15.25,15.28125,15.09375,15.25,6.978014945983887,1118400
1993-11-24,15.3125,15.40625,15.03125,15.21875,6.963716983795166,1688000
1993-11-26,15.03125,15.0625,14.4375,14.625,6.6920342445373535,2884000
1993-11-29,14.625,14.65625,14.15625,14.25,6.52044153213501,7827600
1993-11-30,14.375,14.5,14.15625,14.375,6.577641010284424,5704400
1993-12-01,14.46875,14.59375,14.3125,14.375,6.577641010284424,2890800
1993-12-02,14.375,14.375,14.21875,14.21875,6.506141662597656,3474800
1993-12-03,14.25,14.46875,14.21875,14.28125,6.534740447998047,2529200
1993-12-06,14.46875,14.53125,14.375,14.4375,6.606243133544922,2248400
1993-12-07,14.5,14.875,14.4375,14.6875,6.720631122589111,2718000
1993-12-08,14.625,14.71875,14.46875,14.59375,6.677733898162842,2279200
1993-12-09,14.59375,14.8125,14.5625,14.59375,6.677733898162842,2326800
1993-12-10,14.625,14.9375,14.625,14.9375,6.835023880004883,1747600
1993-12-13,14.9375,15.09375,14.53125,14.71875,6.734930992126465,1951200
1993-12-14,14.625,14.84375,14.5,14.5,6.668818950653076,2037600
1993-12-15,14.40625,14.5625,14.28125,14.40625,6.625700950622559,2776400
1993-12-16,14.46875,14.65625,14.46875,14.53125,6.683187484741211,2057200
1993-12-17,14.46875,14.5,14.34375,14.375,6.611329078674316,3366400
1993-12-20,14.375,14.5,14.3125,14.4375,6.640071868896484,2115600
1993-12-21,14.375,14.53125,14.375,14.46875,6.654447078704834,2036400
1993-12-22,14.46875,14.6875,14.40625,14.6875,6.755051136016846,3548800
1993-12-23,14.6875,14.71875,14.5,14.5,6.668818950653076,3033200
1993-12-27,14.5,14.59375,14.4375,14.5,6.668818950653076,1670800
1993-12-28,14.53125,14.5625,14.46875,14.53125,6.683187484741211,1654000
1993-12-29,14.59375,14.75,14.5,14.65625,6.740678787231445,2410000
1993-12-30,14.71875,14.90625,14.6875,14.8125,6.812539577484131,1849200
1993-12-31,14.75,14.90625,14.71875,14.78125,6.798169136047363,1411200
1994-01-03,14.9375,14.96875,14.65625,14.71875,6.7694244384765625,1566000
1994-01-04,14.71875,14.90625,14.625,14.75,6.7837982177734375,1980000
1994-01-05,14.8125,15.09375,14.78125,15.0625,6.927522659301758,5528400
1994-01-06,15.03125,15.09375,14.9375,14.96875,6.884406566619873,2093600
1994-01-07,15.09375,15.28125,15.03125,15.25,7.013755798339844,2284000
1994-01-10,15.28125,15.375,15.1875,15.21875,6.999383926391602,2096400
1994-01-11,15.0625,15.0625,14.71875,14.875,6.841285228729248,5323600
1994-01-12,14.875,15.0,14.84375,14.96875,6.884406566619873,2649600
1994-01-13,14.9375,14.9375,14.75,14.8125,6.812539577484131,1992800
1994-01-14,14.78125,14.9375,14.78125,14.90625,6.855659484863281,1819600
1994-01-17,14.84375,15.21875,14.84375,15.0625,6.927522659301758,1661600
1994-01-18,15.09375,15.15625,15.03125,15.0625,6.927522659301758,1142800
1994-01-19,15.21875,15.21875,14.96875,15.0625,6.927522659301758,2340800
1994-01-20,15.09375,15.09375,14.875,14.9375,6.870031356811523,2675600
1994-01-21,14.96875,15.0,14.84375,14.90625,6.855659484863281,2481200
1994-01-24,14.875,14.90625,14.59375,14.65625,6.740678787231445,3574400
1994-01-25,14.65625,14.71875,14.25,14.3125,6.582581996917725,4005600
1994-01-26,14.0625,14.40625,13.65625,14.34375,6.5969557762146,8908000
1994-01-27,14.40625,14.65625,14.34375,14.4375,6.640071868896484,2466400
1994-01-28,14.59375,14.65625,14.46875,14.53125,6.683187484741211,1851600
1994-01-31,14.625,14.875,14.5625,14.84375,6.826911926269531,1638400
1994-02-01,14.90625,15.0,14.65625,14.75,6.7837982177734375,2220800
1994-02-02,14.875,15.1875,14.875,15.0625,6.927522659301758,2831600
1994-02-03,15.09375,15.09375,14.875,15.0,6.898777961730957,1946000
1994-02-04,14.9375,14.96875,14.625,14.65625,6.740678787231445,1984800
1994-02-07,14.59375,14.78125,14.53125,14.625,6.726310729980469,1581200
1994-02-08,14.65625,14.84375,14.59375,14.71875,6.7694244384765625,1698000
1994-02-09,14.71875,14.75,14.40625,14.40625,6.625700950622559,2274800
1994-02-10,14.375,14.4375,14.25,14.25,6.553836345672607,2004400
1994-02-11,14.21875,14.5625,14.1875,14.5,6.668818950653076,1609200
1994-02-14,14.5,14.78125,14.375,14.40625,6.625700950622559,2558000
1994-02-15,14.4375,14.4375,14.34375,14.34375,6.5969557762146,1680000
1994-02-16,14.3125,14.3125,14.1875,14.25,6.553836345672607,1914400
1994-02-17,14.3125,14.46875,14.3125,14.40625,6.625700950622559,2224800
1994-02-18,14.40625,14.625,14.375,14.5,6.668818950653076,1930000
1994-02-22,14.40625,14.53125,14.34375,14.375,6.645700454711914,992000
1994-02-23,14.5,14.59375,14.40625,14.5625,6.732387065887451,1532400
1994-02-24,14.5,14.53125,14.1875,14.1875,6.559020519256592,2054800
1994-02-25,14.1875,14.21875,14.0625,14.09375,6.5156779289245605,1601200
1994-02-28,14.0625,14.34375,14.0625,14.21875,6.573467254638672,1278800
1994-03-01,14.21875,14.34375,14.21875,14.21875,6.573467254638672,2084000
1994-03-02,14.0625,14.34375,14.0625,14.34375,6.63125467300415,2048000
1994-03-03,14.34375,14.34375,14.1875,14.1875,6.559020519256592,1747600
1994-03-04,14.25,14.4375,14.21875,14.34375,6.63125467300415,1964400
1994-03-07,14.375,14.40625,14.09375,14.125,6.53012752532959,2741600
1994-03-08,14.09375,14.125,14.0,14.03125,6.48677921295166,2562400
1994-03-09,14.09375,14.1875,14.03125,14.125,6.53012752532959,1816400
1994-03-10,14.125,14.21875,14.0625,14.21875,6.573467254638672,1983200
1994-03-11,14.1875,14.34375,14.09375,14.1875,6.559020519256592,4002800
1994-03-14,14.21875,14.21875,14.0,14.1875,6.559020519256592,2163600
1994-03-15,14.09375,14.15625,14.03125,14.125,6.53012752532959,3336400
1994-03-16,14.125,14.53125,14.0625,14.46875,6.6890459060668945,5297600
1994-03-17,14.53125,14.6875,14.46875,14.625,6.761280536651611,3316400
1994-03-18,14.5625,14.59375,14.375,14.53125,6.71793794631958,3320400
1994-03-21,14.53125,14.53125,14.28125,14.5,6.703488349914551,1364400
1994-03-22,14.46875,14.625,14.4375,14.53125,6.71793794631958,1437200
1994-03-23,14.5,14.59375,14.375,14.375,6.645700454711914,1604800
1994-03-24,14.375,14.46875,14.15625,14.28125,6.602362155914307,1751600
1994-03-25,14.28125,14.5625,14.21875,14.28125,6.602362155914307,892400
1994-03-28,14.15625,14.15625,13.6875,13.75,6.356760025024414,2942800
1994-03-29,13.71875,13.8125,13.25,13.25,6.125604152679443,5237600
1994-03-30,13.3125,13.40625,13.0625,13.09375,6.053368091583252,3100800
1994-03-31,13.09375,13.21875,12.6875,13.21875,6.111160755157471,4519600
1994-04-04,12.84375,13.3125,12.84375,13.3125,6.154497146606445,3760000
1994-04-05,13.3125,13.4375,13.21875,13.34375,6.168946743011475,4134800
1994-04-06,13.375,13.375,13.09375,13.125,6.067816257476807,2250400
1994-04-07,13.28125,13.3125,13.125,13.21875,6.111160755157471,1760800
1994-04-08,13.25,13.3125,13.15625,13.28125,6.140051364898682,1498800
1994-04-11,13.25,13.28125,12.90625,13.0,6.010026931762695,1998000
1994-04-12,13.0,13.0,12.8125,12.96875,5.995581150054932,2134400
1994-04-13,13.0,13.09375,12.75,12.96875,5.995581150054932,1182000
1994-04-14,13.0,13.1875,12.90625,12.90625,5.966687202453613,3053200
1994-04-15,12.90625,13.5625,12.875,13.375,6.1833930015563965,5354800
1994-04-18,13.34375,13.59375,13.15625,13.5,6.241180419921875,2722400
1994-04-19,13.4375,13.46875,13.15625,13.28125,6.140051364898682,2448800
1994-04-20,13.28125,13.46875,13.25,13.34375,6.168946743011475,2724000
1994-04-21,13.25,13.59375,13.1875,13.59375,6.284525394439697,2753200
1994-04-22,13.59375,13.84375,13.46875,13.75,6.356760025024414,3836800
1994-04-25,13.8125,13.9375,13.6875,13.90625,6.428994655609131,2115600
1994-04-26,13.96875,14.03125,13.75,13.9375,6.443443775177002,1679200
1994-04-28,13.96875,13.96875,13.625,13.6875,6.3278656005859375,1791200
1994-04-29,13.65625,13.78125,13.5625,13.75,6.356760025024414,1746800
1994-05-02,13.6875,13.84375,13.65625,13.65625,6.313416957855225,1623200
1994-05-03,13.71875,13.8125,13.65625,13.8125,6.385655403137207,1411600
1994-05-04,13.75,13.8125,13.71875,13.75,6.356760025024414,1373200
1994-05-05,13.6875,13.84375,13.6875,13.75,6.356760025024414,824400
1994-05-06,13.6875,14.46875,13.65625,14.40625,6.660147666931152,2961200
1994-05-09,14.3125,14.34375,14.09375,14.125,6.53012752532959,1684800
1994-05-10,14.1875,14.1875,14.03125,14.0625,6.501229763031006,1554000
1994-05-11,14.0625,14.15625,13.9375,14.03125,6.48677921295166,1526000
1994-05-12,14.09375,14.4375,14.0625,14.3125,6.616808891296387,1568400
1994-05-13,14.25,14.328125,14.125,14.125,6.53012752532959,1235600
1994-05-16,14.15625,14.21875,14.09375,14.1875,6.559020519256592,1242000
1994-05-17,14.1875,14.34375,14.15625,14.25,6.587913513183594,1173600
1994-05-18,14.53125,14.53125,14.375,14.40625,6.660147666931152,2475600
1994-05-19,14.25,14.5,14.21875,14.40625,6.660147666931152,1261200
1994-05-20,14.40625,14.40625,14.15625,14.34375,6.63125467300415,2360400
1994-05-23,14.28125,14.34375,14.1875,14.34375,6.63125467300415,885600
1994-05-24,14.28125,14.28125,14.0625,14.125,6.53012752532959,1022000
1994-05-25,14.0625,14.15625,13.96875,14.15625,6.579507827758789,1304000
1994-05-26,14.15625,14.1875,13.96875,13.96875,6.492363929748535,1397600
1994-05-27,14.0,14.28125,13.96875,14.15625,6.579507827758789,1442000
1994-05-31,14.0,14.34375,13.9375,14.3125,6.652129173278809,1860800
1994-06-01,14.3125,14.40625,14.125,14.1875,6.594030380249023,1511200
1994-06-02,14.21875,14.34375,14.21875,14.3125,6.652129173278809,1900400
1994-06-03,14.34375,14.5,14.1875,14.34375,6.666652679443359,1613200
1994-06-06,14.3125,14.375,14.125,14.125,6.564981460571289,1016800
1994-06-07,14.125,14.1875,13.8125,14.0,6.506887435913086,1186800
1994-06-08,14.09375,14.09375,13.84375,14.0,6.506887435913086,858400
1994-06-09,14.0,14.21875,13.96875,14.03125,6.5214104652404785,1087200
1994-06-10,14.03125,14.25,14.0,14.1875,6.594030380249023,1098400
1994-06-13,14.1875,14.21875,14.125,14.21875,6.608554363250732,1480000
1994-06-14,14.1875,14.40625,14.1875,14.28125,6.637604713439941,1374400
1994-06-15,14.28125,14.40625,14.1875,14.34375,6.666652679443359,1619200
1994-06-16,14.3125,14.5,14.25,14.5,6.739273548126221,1792800
1994-06-17,14.5,14.71875,14.46875,14.59375,6.7828474044799805,3371600
1994-06-20,14.5,15.0,14.5,14.90625,6.9280877113342285,3993600
1994-06-21,14.90625,15.09375,14.84375,15.0,6.971662998199463,4897200
1994-06-22,15.125,15.34375,15.125,15.25,7.087855815887451,4573200
1994-06-23,15.15625,15.21875,15.0,15.03125,6.986190319061279,2572000
1994-06-24,15.0,15.0625,14.84375,14.96875,6.95713996887207,2236000
1994-06-27,14.8125,15.09375,14.8125,14.9375,6.942619800567627,1912800
1994-06-28,14.84375,14.90625,14.5,14.6875,6.826422691345215,1808400
1994-06-29,14.65625,15.03125,14.65625,14.84375,6.899043560028076,2304800
1994-06-30,14.8125,15.0,14.75,14.78125,6.869993209838867,2230400
1994-07-01,14.8125,15.0625,14.78125,15.0625,7.0007123947143555,1518800
1994-07-05,15.03125,15.5,15.03125,15.46875,7.189528942108154,3878800
1994-07-06,15.21875,15.3125,15.09375,15.21875,7.073334693908691,4371600
1994-07-07,15.375,15.59375,15.3125,15.5,7.204054832458496,3674800
1994-07-08,15.3125,15.5,15.3125,15.46875,7.189528942108154,1482400
1994-07-11,15.5,15.59375,15.40625,15.46875,7.189528942108154,1718400
1994-07-12,15.46875,15.5625,15.40625,15.5625,7.233101844787598,1736000
1994-07-13,15.5625,15.65625,15.21875,15.28125,7.102381706237793,2146000
1994-07-14,15.3125,15.5,15.1875,15.5,7.204054832458496,1299200
1994-07-15,15.625,15.75,15.4375,15.46875,7.189528942108154,2950400
1994-07-18,15.4375,15.53125,15.40625,15.46875,7.189528942108154,1386000
1994-07-19,15.40625,15.53125,15.28125,15.3125,7.116905689239502,1284000
1994-07-20,15.3125,15.34375,15.1875,15.34375,7.131432056427002,1055200
1994-07-21,15.15625,15.15625,14.875,15.03125,6.986190319061279,2069200
1994-07-22,15.0625,15.15625,14.9375,15.125,7.029759407043457,1265600
1994-07-25,15.125,15.15625,14.8125,14.875,6.913567066192627,1600400
1994-07-26,14.84375,14.9375,14.71875,14.875,6.913567066192627,1353600
1994-07-27,14.875,14.9375,14.71875,14.75,6.855467796325684,2492800
1994-07-28,14.8125,14.9375,14.59375,14.65625,6.81189489364624,2127600
1994-07-29,14.75,15.0,14.75,14.75,6.855467796325684,1776800
1994-08-01,14.875,15.09375,14.84375,15.0625,7.0007123947143555,1396400
1994-08-02,15.0625,15.15625,14.9375,14.9375,6.942619800567627,1793600
1994-08-03,15.0,15.1875,14.96875,15.03125,6.986190319061279,1922800
1994-08-04,15.0625,15.09375,14.6875,14.6875,6.826422691345215,1905600
1994-08-05,14.625,14.75,14.5625,14.75,6.855467796325684,1613200
1994-08-08,14.78125,14.78125,14.625,14.6875,6.826422691345215,1486400
1994-08-09,14.625,14.71875,14.625,14.625,6.797370433807373,685200
1994-08-10,14.625,14.8125,14.625,14.8125,6.884519100189209,2142000
1994-08-11,14.78125,14.84375,14.53125,14.625,6.797370433807373,1382800
1994-08-12,14.625,14.71875,14.5625,14.625,6.797370433807373,1294400
1994-08-15,14.6875,14.71875,14.5,14.5625,6.768319129943848,1176800
1994-08-16,14.5625,14.59375,14.34375,14.4375,6.710225582122803,761200
1994-08-17,14.375,14.375,14.1875,14.21875,6.608554363250732,2600000
1994-08-18,14.25,14.34375,14.1875,14.28125,6.637604713439941,1904000
1994-08-19,14.28125,14.3125,14.15625,14.1875,6.594030380249023,1751600
1994-08-22,14.15625,14.1875,13.96875,14.0625,6.535934925079346,1663200
1994-08-23,14.0625,14.25,14.0625,14.15625,6.579507827758789,2792400
1994-08-24,14.1875,14.34375,14.1875,14.28125,6.637604713439941,1803600
1994-08-25,14.28125,14.375,14.125,14.15625,6.579507827758789,1561200
1994-08-26,14.25,14.28125,14.0,14.15625,6.579507827758789,2383200
1994-08-29,14.125,14.15625,14.0625,14.0625,6.570743560791016,1802000
1994-08-30,14.0625,14.28125,14.0625,14.25,6.658356666564941,2604000
1994-08-31,14.25,14.3125,14.25,14.25,6.658356666564941,1820000
1994-09-01,14.1875,14.34375,14.15625,14.3125,6.687562465667725,1351600
1994-09-02,14.28125,14.3125,14.1875,14.25,6.658356666564941,1096800
1994-09-06,14.25,14.28125,14.125,14.15625,6.6145524978637695,1053200
1994-09-07,14.15625,14.3125,14.15625,14.1875,6.629153251647949,2469600
1994-09-08,14.1875,14.375,14.15625,14.3125,6.687562465667725,3019200
1994-09-09,14.25,14.34375,14.15625,14.1875,6.629153251647949,1602400
1994-09-12,14.1875,14.28125,14.15625,14.15625,6.6145524978637695,723200
1994-09-13,14.15625,14.21875,13.96875,14.0,6.5415449142456055,1958800
1994-09-14,14.0,14.03125,13.875,13.9375,6.512337684631348,2971200
1994-09-15,13.9375,14.0625,13.84375,14.0625,6.570743560791016,1880800
1994-09-16,13.84375,14.0,13.78125,13.8125,6.4539337158203125,3591200
1994-09-19,13.8125,13.96875,13.78125,13.84375,6.468535423278809,1649200
1994-09-20,13.8125,13.9375,13.625,13.625,6.366320610046387,2209200
1994-09-21,13.65625,13.65625,13.375,13.46875,6.293318271636963,2462000
1994-09-22,13.53125,13.53125,13.34375,13.34375,6.234910488128662,1731600
1994-09-23,13.375,13.5625,13.34375,13.5,6.30791711807251,2188000
1994-09-26,13.53125,13.75,13.53125,13.65625,6.380925178527832,1745600
1994-09-27,13.65625,13.84375,13.65625,13.84375,6.468535423278809,1140800
1994-09-28,13.78125,13.9375,13.78125,13.90625,6.497738838195801,984800
1994-09-29,13.90625,13.90625,13.65625,13.71875,6.410126686096191,1151600
1994-09-30,13.8125,13.8125,13.59375,13.59375,6.35172176361084,1338800
1994-10-03,13.65625,13.84375,13.65625,13.84375,6.468535423278809,2423200
1994-10-04,13.875,13.96875,13.53125,13.59375,6.35172176361084,2110000
1994-10-05,13.5625,13.6875,13.4375,13.59375,6.35172176361084,2660000
1994-10-06,13.5625,13.71875,13.53125,13.6875,6.395527362823486,1480400
1994-10-07,13.625,14.25,13.625,14.0625,6.570743560791016,4918000
1994-10-10,14.09375,14.15625,14.03125,14.0625,6.570743560791016,1206400
1994-10-11,14.09375,14.1875,14.03125,14.0625,6.570743560791016,1602800
1994-10-12,14.125,14.1875,14.0,14.09375,6.585347652435303,1118000
1994-10-13,14.125,14.15625,14.0625,14.09375,6.585347652435303,1421200
1994-10-14,14.03125,14.15625,13.9375,14.0625,6.570743560791016,1494400
1994-10-17,14.0625,14.1875,14.03125,14.09375,6.585347652435303,1056000
1994-10-18,14.0625,14.15625,13.78125,13.875,6.483138084411621,1478000
1994-10-19,13.8125,13.8125,13.625,13.6875,6.395527362823486,2569200
1994-10-20,13.75,13.8125,13.5625,13.59375,6.35172176361084,1803200
1994-10-21,13.625,13.75,13.53125,13.75,6.424732208251953,2482400
1994-10-24,13.71875,13.71875,13.4375,13.53125,6.322516918182373,1490000
1994-10-25,13.46875,13.6875,13.4375,13.46875,6.293318271636963,2192000
1994-10-26,13.5,13.9375,13.5,13.875,6.483138084411621,2497600
1994-10-27,13.90625,14.0625,13.8125,14.0,6.5415449142456055,1540400
1994-10-28,14.5,14.6875,14.46875,14.65625,6.848177909851074,4504800
1994-10-31,14.6875,14.75,14.5625,14.71875,6.877378940582275,3084400
1994-11-01,14.53125,14.59375,14.5,14.5,6.775168418884277,1994400
1994-11-02,14.5,14.53125,14.28125,14.28125,6.6729583740234375,1461600
1994-11-03,14.34375,14.375,14.1875,14.1875,6.629153251647949,1314000
1994-11-04,14.28125,14.4375,14.25,14.25,6.658356666564941,986800
1994-11-07,14.28125,14.28125,14.0625,14.09375,6.585347652435303,1610800
1994-11-08,14.125,14.1875,14.03125,14.09375,6.585347652435303,2000400
1994-11-09,14.15625,14.1875,14.0,14.03125,6.55614709854126,1220000
1994-11-10,14.0,14.1875,14.0,14.03125,6.55614709854126,1532000
1994-11-11,14.03125,14.0625,13.9375,13.9375,6.512337684631348,1159200
1994-11-14,13.90625,14.03125,13.90625,14.03125,6.55614709854126,1517600
1994-11-15,14.03125,14.15625,13.96875,14.0,6.5415449142456055,1625200
1994-11-16,13.96875,14.0,13.875,13.875,6.483138084411621,695600
1994-11-17,13.84375,13.9375,13.78125,13.875,6.483138084411621,1305600
1994-11-18,13.8125,13.875,13.71875,13.71875,6.410126686096191,2120800
1994-11-21,13.8125,13.96875,13.71875,13.71875,6.410126686096191,1857600
1994-11-22,13.75,13.96875,13.75,13.8125,6.4539337158203125,1810800
1994-11-23,13.8125,13.8125,13.5,13.5625,6.337120056152344,2790800
1994-11-25,13.59375,13.59375,13.34375,13.40625,6.2641119956970215,886400
1994-11-28,13.46875,13.6875,13.46875,13.65625,6.380925178527832,2748800
1994-11-29,13.71875,13.875,13.625,13.625,6.366320610046387,1756000
1994-11-30,13.6875,13.78125,13.28125,13.28125,6.2057037353515625,1854800
1994-12-01,13.34375,13.40625,13.15625,13.15625,6.147299766540527,2316400
1994-12-02,13.1875,13.34375,13.15625,13.21875,6.176502227783203,2613600
1994-12-05,13.15625,13.21875,13.0,13.15625,6.147299766540527,1661200
1994-12-06,13.125,13.25,13.09375,13.15625,6.147299766540527,2371600
1994-12-07,13.125,13.1875,12.6875,12.71875,5.942873954772949,3784000
1994-12-08,12.75,12.90625,12.5,12.5625,5.869866847991943,4470400
1994-12-09,12.53125,12.8125,12.53125,12.71875,5.942873954772949,1860400
1994-12-12,12.65625,12.84375,12.65625,12.8125,5.986682891845703,2102000
1994-12-13,12.75,12.84375,12.71875,12.75,5.992555141448975,3270400
1994-12-14,12.75,12.8125,12.625,12.6875,5.963181495666504,3751600
1994-12-15,12.6875,12.84375,12.6875,12.71875,5.977866172790527,2902400
1994-12-16,12.78125,12.875,12.71875,12.8125,6.0219292640686035,3524400
1994-12-19,12.9375,13.09375,12.90625,13.0625,6.139434814453125,1825600
1994-12-20,13.15625,13.15625,12.78125,12.90625,6.065993785858154,1895600
1994-12-21,12.84375,12.96875,12.6875,12.71875,5.977866172790527,3486400
1994-12-22,12.625,12.8125,12.5625,12.71875,5.977866172790527,2527600
1994-12-23,12.65625,12.8125,12.53125,12.53125,5.889741897583008,1349200
1994-12-27,12.53125,12.71875,12.5,12.625,5.933803081512451,2036800
1994-12-28,12.65625,12.8125,12.5,12.6875,5.963181495666504,3449600
1994-12-29,12.6875,12.8125,12.5625,12.59375,5.919114112854004,2116400
1994-12-30,12.59375,12.71875,12.5625,12.59375,5.919114112854004,2030400
1995-01-03,12.6875,12.8125,12.65625,12.78125,6.00724458694458,2851600
1995-01-04,12.78125,12.9375,12.75,12.84375,6.036618232727051,1824000
1995-01-05,12.875,12.90625,12.6875,12.78125,6.00724458694458,1222400
1995-01-06,12.8125,12.90625,12.78125,12.875,6.051305770874023,1411200
1995-01-09,12.875,13.125,12.875,13.09375,6.154120445251465,4362400
1995-01-10,13.15625,13.15625,12.6875,12.71875,5.977866172790527,4611600
1995-01-11,12.71875,12.78125,12.53125,12.78125,6.00724458694458,2719600
1995-01-12,12.75,12.75,12.625,12.6875,5.963181495666504,1889600
1995-01-13,12.6875,12.75,12.625,12.65625,5.948493480682373,1987200
1995-01-16,12.71875,12.78125,12.625,12.71875,5.977866172790527,1120800
1995-01-17,12.75,12.96875,12.75,12.96875,6.095369338989258,1638400
1995-01-18,13.0,13.09375,12.9375,13.0,6.110058784484863,2253600
1995-01-19,13.03125,13.21875,13.0,13.15625,6.1834940910339355,3107600
1995-01-20,13.1875,13.3125,13.15625,13.28125,6.242247104644775,4588000
1995-01-23,13.125,13.3125,13.125,13.25,6.227559566497803,2612400
1995-01-24,13.375,13.375,13.15625,13.15625,6.1834940910339355,1499200
1995-01-25,13.34375,13.6875,13.25,13.5,6.345058917999268,7383600
1995-01-26,13.5625,13.5625,13.40625,13.5,6.345058917999268,1104800
1995-01-27,13.53125,13.59375,13.46875,13.53125,6.359745979309082,1575200
1995-01-30,13.53125,13.53125,13.40625,13.40625,6.300996780395508,1118800
1995-01-31,13.4375,13.4375,13.15625,13.1875,6.198184967041016,1938800
1995-02-01,13.25,13.3125,13.125,13.125,6.168807506561279,1742800
1995-02-02,13.21875,13.3125,13.125,13.25,6.227559566497803,2274000
1995-02-03,13.25,13.5625,13.25,13.46875,6.33036994934082,2632000
1995-02-06,13.5,13.8125,13.46875,13.71875,6.447875022888184,3085200
1995-02-07,13.71875,13.71875,13.59375,13.65625,6.4184956550598145,1811200
1995-02-08,13.65625,13.8125,13.65625,13.71875,6.447875022888184,1546000
1995-02-09,13.75,13.75,13.5625,13.5625,6.374434947967529,1228000
1995-02-10,13.625,13.65625,13.4375,13.53125,6.359745979309082,1284400
1995-02-13,13.71875,13.75,13.6875,13.71875,6.447875022888184,2143200
1995-02-14,13.71875,13.75,13.65625,13.75,6.462560653686523,1463600
1995-02-15,13.75,13.9375,13.75,13.8125,6.491932392120361,2438400
1995-02-16,13.84375,13.875,13.75,13.75,6.462560653686523,1126800
1995-02-17,13.8125,14.125,13.8125,14.03125,6.5947489738464355,3650000
1995-02-21,14.09375,14.34375,14.0625,14.1875,6.704020977020264,2990800
1995-02-22,14.25,14.34375,14.1875,14.3125,6.763087749481201,2660400
1995-02-23,14.375,14.375,14.15625,14.21875,6.718787670135498,2018400
1995-02-24,14.21875,14.375,14.21875,14.34375,6.777852535247803,2122800
1995-02-27,14.28125,14.375,14.125,14.15625,6.689254283905029,2399600
1995-02-28,14.15625,14.4375,14.15625,14.21875,6.718787670135498,2330400
1995-03-01,14.3125,14.3125,14.125,14.15625,6.689254283905029,2624400
1995-03-02,14.15625,14.4375,14.125,14.4375,6.8221540451049805,2086800
1995-03-03,14.375,14.375,14.125,14.25,6.733551502227783,2071200
1995-03-06,14.21875,14.34375,14.15625,14.3125,6.763087749481201,1764400
1995-03-07,14.34375,14.46875,14.15625,14.21875,6.718787670135498,1639200
1995-03-08,14.25,14.53125,14.25,14.40625,6.807385444641113,2361200
1995-03-09,14.34375,14.40625,14.1875,14.28125,6.7483229637146,1558400
1995-03-10,14.21875,14.4375,14.125,14.40625,6.807385444641113,2298400
1995-03-13,14.40625,14.59375,14.34375,14.5625,6.881219387054443,1689200
1995-03-14,14.6875,14.8125,14.4375,14.4375,6.9656524658203125,1784800
1995-03-15,14.25,14.40625,14.25,14.34375,6.9204182624816895,1481600
1995-03-16,14.34375,14.59375,14.3125,14.5625,7.025959491729736,2404400
1995-03-17,14.59375,14.65625,14.5625,14.65625,7.071191310882568,2273200
1995-03-20,14.65625,14.6875,14.46875,14.53125,7.010881423950195,1622800
1995-03-21,14.5,14.53125,14.3125,14.4375,6.9656524658203125,1590000
1995-03-22,14.46875,14.65625,14.375,14.59375,7.041035175323486,2189200
1995-03-23,14.5625,14.6875,14.5,14.65625,7.071191310882568,2388800
1995-03-24,14.59375,14.6875,14.53125,14.625,7.056116580963135,1106000
1995-03-27,14.6875,14.71875,14.5,14.71875,7.101347923278809,1146800
1995-03-28,14.75,14.8125,14.59375,14.8125,7.146579265594482,2034400
1995-03-29,14.6875,14.875,14.625,14.75,7.116425037384033,3263600
1995-03-30,14.6875,14.90625,14.59375,14.8125,7.146579265594482,2387600
1995-03-31,14.5625,15.03125,14.5625,14.90625,7.191808223724365,3363600
1995-04-03,14.90625,14.96875,14.65625,14.6875,7.086265563964844,2084800
1995-04-04,14.6875,14.78125,14.59375,14.71875,7.101347923278809,2306800
1995-04-05,14.75,14.90625,14.71875,14.90625,7.191808223724365,2889200
1995-04-06,14.9375,14.96875,14.75,14.875,7.176733016967773,1572000
1995-04-07,14.9375,15.0,14.78125,15.0,7.23704195022583,1284000
1995-04-10,14.84375,14.9375,14.78125,14.8125,7.146579265594482,1462000
1995-04-11,14.8125,14.8125,14.65625,14.78125,7.1315016746521,1522000
1995-04-12,14.8125,14.84375,14.6875,14.75,7.116425037384033,1038400
1995-04-13,14.6875,14.78125,14.6875,14.71875,7.101347923278809,1046000
1995-04-17,14.78125,14.84375,14.59375,14.59375,7.041035175323486,2337200
1995-04-18,14.625,14.78125,14.53125,14.65625,7.071191310882568,1921200
1995-04-19,14.6875,15.03125,14.6875,14.96875,7.2219624519348145,3125600
1995-04-20,15.40625,15.90625,15.34375,15.875,7.659202575683594,9348800
1995-04-21,15.875,16.0,15.625,15.875,7.659202575683594,6975600
1995-04-24,15.75,16.0,15.75,16.0,7.719510555267334,2712800
1995-04-25,15.75,15.9375,15.65625,15.90625,7.67427921295166,2966800
1995-04-26,15.75,15.90625,15.75,15.84375,7.644123554229736,1652400
1995-04-27,15.71875,15.90625,15.71875,15.84375,7.644123554229736,1714400
1995-04-28,15.84375,15.875,15.71875,15.71875,7.583819389343262,1523200
1995-05-01,15.875,16.21875,15.875,16.15625,7.794895648956299,4546800
1995-05-02,16.09375,16.09375,15.90625,16.0,7.719510555267334,2996000
1995-05-03,16.0,16.21875,16.0,16.09375,7.764741897583008,3720400
1995-05-04,16.0625,16.21875,16.0625,16.21875,7.8250508308410645,2228800
1995-05-05,16.21875,16.25,16.03125,16.125,7.77982234954834,1556400
1995-05-08,16.0625,16.1875,16.03125,16.09375,7.764741897583008,1632400
1995-05-09,16.09375,16.15625,15.875,15.90625,7.67427921295166,1891200
1995-05-10,15.90625,16.03125,15.71875,15.875,7.659202575683594,2025200
1995-05-11,15.8125,15.84375,15.65625,15.78125,7.613973140716553,3313600
1995-05-12,15.71875,15.78125,15.6875,15.78125,7.613973140716553,2180000
1995-05-15,15.6875,15.90625,15.6875,15.71875,7.583819389343262,1970800
1995-05-16,15.75,16.46875,15.75,16.40625,7.91551399230957,4412000
1995-05-17,16.34375,16.59375,16.3125,16.5,7.960748195648193,4984000
1995-05-18,16.4375,16.5,16.15625,16.1875,7.8099751472473145,1812800
1995-05-19,16.09375,16.1875,16.03125,16.09375,7.764741897583008,2867200
1995-05-22,16.09375,16.125,15.71875,15.71875,7.583819389343262,2113600
1995-05-23,15.8125,15.96875,15.78125,15.90625,7.823596954345703,2429200
1995-05-24,16.0625,16.125,16.03125,16.125,7.931187152862549,3826000
1995-05-25,16.25,16.4375,16.1875,16.34375,8.038786888122559,3556000
1995-05-26,16.21875,16.28125,15.875,15.90625,7.868729591369629,3256000
1995-05-30,15.9375,16.09375,15.875,15.9375,7.88419246673584,1143600
1995-05-31,16.0,16.25,15.96875,16.25,8.03878402709961,1858400
1995-06-01,16.25,16.3125,16.09375,16.21875,8.02332592010498,1907600
1995-06-02,16.15625,16.28125,16.03125,16.15625,7.992403030395508,1497600
1995-06-05,16.15625,16.4375,16.15625,16.28125,8.054241180419922,1957600
1995-06-06,16.3125,16.4375,16.25,16.3125,8.069700241088867,1926800
1995-06-07,16.28125,16.28125,16.15625,16.1875,8.007864952087402,1100400
1995-06-08,16.15625,16.1875,16.125,16.15625,7.992403030395508,1169200
1995-06-09,16.125,16.15625,15.90625,15.9375,7.88419246673584,907200
1995-06-12,16.0,16.03125,15.8125,15.8125,7.822357654571533,1317600
1995-06-13,15.78125,16.15625,15.78125,15.90625,7.868729591369629,1465600
1995-06-14,15.9375,16.15625,15.875,16.09375,7.961488246917725,1921200
1995-06-15,16.09375,16.4375,16.0625,16.34375,8.085162162780762,2270800
1995-06-16,16.46875,16.59375,16.40625,16.53125,8.177918434143066,3610000
1995-06-19,16.53125,16.65625,16.4375,16.46875,8.146993637084961,2190800
1995-06-20,16.375,16.46875,16.25,16.25,8.03878402709961,2044800
1995-06-21,16.125,16.21875,15.375,15.40625,7.6213860511779785,5314000
1995-06-22,15.46875,15.59375,15.4375,15.53125,7.683222770690918,4797600
1995-06-23,15.5625,15.90625,15.5625,15.78125,7.806897163391113,4431200
1995-06-26,15.71875,15.71875,15.5625,15.65625,7.745053768157959,2028000
1995-06-27,15.625,15.9375,15.625,15.90625,7.868729591369629,2405600
1995-06-28,15.875,16.0,15.71875,15.9375,7.88419246673584,2220800
1995-06-29,15.9375,16.03125,15.78125,15.8125,7.822357654571533,2255600
1995-06-30,15.75,15.796875,15.4375,15.53125,7.683222770690918,2012000
1995-07-03,15.53125,15.71875,15.53125,15.65625,7.745053768157959,450000
1995-07-05,15.625,15.65625,15.4375,15.46875,7.652299404144287,2411200
1995-07-06,15.5,15.75,15.5,15.65625,7.745053768157959,1950400
1995-07-07,15.71875,16.0,15.5,16.0,7.915107727050781,3487200
1995-07-10,15.9375,16.03125,15.59375,15.625,7.7295966148376465,1908800
1995-07-11,15.59375,15.78125,15.59375,15.71875,7.775981903076172,1975600
1995-07-12,15.71875,15.84375,15.53125,15.75,7.791436195373535,1726000
1995-07-13,15.78125,15.84375,15.6875,15.8125,7.822357654571533,769200
1995-07-14,15.96875,16.03125,15.71875,16.0,7.915107727050781,1305600
1995-07-17,16.03125,16.15625,16.0,16.125,7.9769439697265625,1774000
1995-07-18,16.0625,16.09375,15.8125,15.9375,7.88419246673584,1836800
1995-07-19,15.90625,16.03125,15.65625,15.75,7.791436195373535,3106000
1995-07-20,16.0625,16.375,16.0,16.375,8.10062026977539,3811600
1995-07-21,16.375,16.84375,16.375,16.78125,8.301589012145996,7560800
1995-07-24,16.78125,16.875,16.625,16.6875,8.255213737487793,2082800
1995-07-25,16.65625,16.65625,16.34375,16.46875,8.146993637084961,2160000
1995-07-26,16.6875,16.9375,16.6875,16.90625,8.363423347473145,4335200
1995-07-27,16.875,16.90625,16.78125,16.84375,8.33250904083252,2680800
1995-07-28,16.875,16.96875,16.75,16.875,8.3479642868042,1888800
1995-07-31,16.875,16.875,16.5,16.75,8.28612995147705,2622400
1995-08-01,16.6875,16.6875,16.46875,16.625,8.224292755126953,2156400
1995-08-02,16.6875,16.71875,16.5625,16.65625,8.239755630493164,1305200
1995-08-03,16.625,16.625,16.375,16.53125,8.177918434143066,2230800
1995-08-04,16.5625,16.71875,16.53125,16.6875,8.255213737487793,1322400
1995-08-07,16.59375,16.59375,16.375,16.40625,8.116081237792969,1757600
1995-08-08,16.40625,16.59375,16.34375,16.46875,8.146993637084961,1073600
1995-08-09,16.46875,16.46875,16.25,16.3125,8.069700241088867,1138400
1995-08-10,16.3125,16.40625,16.125,16.25,8.03878402709961,1573600
1995-08-11,16.40625,16.40625,16.21875,16.3125,8.069700241088867,1299200
1995-08-14,16.25,16.28125,16.15625,16.21875,8.02332592010498,2318800
1995-08-15,16.15625,16.21875,15.875,16.09375,7.961488246917725,2684400
1995-08-16,16.0625,16.0625,15.71875,15.8125,7.822357654571533,2495600
1995-08-17,15.625,15.78125,15.625,15.71875,7.775981903076172,2343600
1995-08-18,15.75,15.875,15.65625,15.78125,7.806897163391113,3437600
1995-08-21,15.78125,15.9375,15.75,15.78125,7.806897163391113,2354000
1995-08-22,15.75,15.875,15.65625,15.84375,7.837812423706055,2866400
1995-08-23,15.875,15.9375,15.75,15.78125,7.806897163391113,2234400
1995-08-24,15.71875,15.75,15.65625,15.71875,7.775981903076172,1386400
1995-08-25,15.65625,15.6875,15.5,15.5,7.855264663696289,2817600
1995-08-28,15.53125,15.59375,15.3125,15.375,7.791914463043213,3264400
1995-08-29,15.34375,15.65625,15.34375,15.625,7.918606758117676,1833200
1995-08-30,15.53125,15.875,15.46875,15.875,8.0938720703125,4228800
1995-08-31,15.84375,16.1875,15.8125,16.125,8.22134017944336,2784800
1995-09-01,16.375,16.90625,16.25,16.84375,8.587793350219727,4389600
1995-09-05,16.96875,17.3125,16.9375,17.28125,8.810851097106934,6961200
1995-09-06,17.1875,17.1875,17.03125,17.0625,8.699322700500488,6144800
1995-09-07,17.03125,17.09375,16.9375,17.09375,8.715253829956055,3610800
1995-09-08,17.09375,17.125,16.90625,16.9375,8.635591506958008,3182800
1995-09-11,17.0,17.09375,16.96875,17.09375,8.715253829956055,2240800
1995-09-12,17.125,17.375,17.0,17.375,8.858649253845215,4162800
1995-09-13,17.34375,17.375,17.1875,17.34375,8.842720031738281,2406800
1995-09-14,17.375,17.40625,17.21875,17.3125,8.826784133911133,1398000
1995-09-15,17.375,17.375,17.15625,17.1875,8.763053894042969,2566400
1995-09-18,17.0625,17.125,16.875,16.90625,8.619658470153809,1767200
1995-09-19,16.78125,17.125,16.71875,17.09375,8.715253829956055,3216400
1995-09-20,17.03125,17.09375,16.96875,17.09375,8.715253829956055,2110000
1995-09-21,17.0625,17.0625,16.75,16.875,8.603720664978027,2141200
1995-09-22,16.71875,16.78125,16.625,16.625,8.476261138916016,2489200
1995-09-25,16.375,16.46875,16.1875,16.1875,8.25320053100586,1902400
1995-09-26,16.25,16.34375,15.96875,16.0625,8.189471244812012,2656000
1995-09-27,15.96875,16.03125,15.8125,15.875,8.0938720703125,1827600
1995-09-28,16.03125,16.40625,16.03125,16.3125,8.316934585571289,2085200
1995-09-29,16.375,16.4375,16.28125,16.34375,8.332865715026855,1228400
1995-10-02,16.34375,16.4375,16.3125,16.34375,8.332865715026855,707200
1995-10-03,16.40625,16.625,16.34375,16.375,8.348799705505371,1636800
1995-10-04,16.40625,16.65625,16.28125,16.625,8.476261138916016,1393200
1995-10-05,16.6875,16.84375,16.59375,16.625,8.476261138916016,2995600
1995-10-06,16.65625,16.6875,16.59375,16.625,8.476261138916016,1658800
1995-10-09,16.59375,16.59375,16.40625,16.53125,8.428462028503418,829600
1995-10-10,16.28125,16.46875,16.25,16.46875,8.396597862243652,1437600
1995-10-11,16.40625,16.59375,16.28125,16.4375,8.38066577911377,1234800
1995-10-12,16.4375,16.46875,16.3125,16.375,8.348799705505371,1260000
1995-10-13,16.40625,16.53125,16.40625,16.40625,8.364734649658203,1494000
1995-10-16,16.46875,16.5,16.34375,16.46875,8.396597862243652,673200
1995-10-17,16.375,16.5625,16.34375,16.53125,8.428462028503418,1090400
1995-10-18,16.875,17.0625,16.78125,16.8125,8.571856498718262,2862400
1995-10-19,16.6875,16.6875,16.0,16.125,8.22134017944336,4383200
1995-10-20,15.9375,16.0,15.71875,15.71875,8.014213562011719,5421200
1995-10-23,15.71875,15.84375,15.65625,15.75,8.03014087677002,4938400
1995-10-24,15.78125,15.8125,15.625,15.625,7.96640682220459,2981600
1995-10-25,15.65625,15.875,15.375,15.65625,7.982341766357422,3709600
1995-10-26,15.65625,15.75,14.90625,15.09375,7.695553779602051,4122800
1995-10-27,15.09375,15.09375,14.71875,14.875,7.584023475646973,4635600
1995-10-30,15.0,15.375,15.0,15.28125,7.7911481857299805,3520000
1995-10-31,15.6875,15.9375,15.5625,15.5625,7.934544086456299,3792000
1995-11-01,15.625,15.78125,15.53125,15.59375,7.950479507446289,1770400
1995-11-02,15.625,15.65625,15.53125,15.65625,7.982341766357422,1492800
1995-11-03,15.65625,15.6875,15.46875,15.5,7.902678489685059,1742800
1995-11-06,15.5625,15.59375,15.4375,15.46875,7.886745929718018,1730800
1995-11-07,15.40625,15.4375,15.25,15.40625,7.854883193969727,2610400
1995-11-08,15.46875,15.5,15.3125,15.34375,7.823018550872803,2625600
1995-11-09,15.375,15.40625,15.15625,15.375,7.838950157165527,4387600
1995-11-10,15.1875,15.3125,15.09375,15.1875,7.743352890014648,1822800
1995-11-13,15.15625,15.625,15.125,15.59375,7.950479507446289,1907600
1995-11-14,15.59375,15.84375,15.59375,15.65625,7.982341766357422,2526000
1995-11-15,15.6875,15.8125,15.625,15.8125,8.06200885772705,1096400
1995-11-16,15.8125,16.0625,15.78125,15.96875,8.14167308807373,1994800
1995-11-17,16.0625,16.75,16.03125,16.6875,8.50812816619873,4720800
1995-11-20,16.71875,16.71875,16.5,16.53125,8.428462028503418,2023600
1995-11-21,16.5,16.71875,16.5,16.71875,8.524060249328613,1848800
1995-11-22,16.71875,16.71875,16.375,16.375,8.348799705505371,2258800
1995-11-24,16.40625,16.5625,16.375,16.5625,8.444397926330566,864400
1995-11-27,16.5,16.8125,16.4375,16.59375,8.4603271484375,2544800
1995-11-28,16.65625,16.65625,16.21875,16.25,8.285065650939941,3537600
1995-11-29,16.1875,16.21875,16.03125,16.03125,8.17353630065918,2268000
1995-11-30,15.8125,16.125,15.78125,15.875,8.0938720703125,2919600
1995-12-01,15.96875,16.21875,15.90625,16.21875,8.269129753112793,6225600
1995-12-04,16.3125,16.875,16.28125,16.71875,8.524060249328613,4298400
1995-12-05,16.75,16.90625,16.75,16.8125,8.571856498718262,3316800
1995-12-06,16.875,16.96875,16.8125,16.96875,8.65152645111084,2336000
1995-12-07,16.84375,17.15625,16.84375,17.09375,8.715253829956055,2795200
1995-12-08,17.125,17.125,16.875,17.0,8.667450904846191,2218000
1995-12-11,17.0,17.46875,17.0,17.34375,8.842720031738281,4848000
1995-12-12,17.25,17.4375,17.125,17.34375,9.038244247436523,2756400
1995-12-13,17.4375,17.46875,17.3125,17.40625,9.070808410644531,2840400
1995-12-14,17.4375,17.4375,17.0,17.15625,8.988945960998535,2511600
1995-12-15,17.1875,17.1875,17.09375,17.15625,8.988945960998535,3392400
1995-12-18,17.09375,17.15625,16.96875,16.96875,8.890707969665527,3304000
1995-12-19,16.875,17.09375,16.78125,17.0625,8.939824104309082,1870800
1995-12-20,17.0,17.5625,17.0,17.4375,9.13630485534668,5098000
1995-12-21,17.40625,17.4375,17.0625,17.09375,8.956199645996094,2542000
1995-12-22,17.125,17.3125,17.09375,17.21875,9.021692276000977,1580800
1995-12-26,17.25,17.34375,17.15625,17.21875,9.021692276000977,556800
1995-12-27,17.28125,17.40625,17.25,17.34375,9.087188720703125,1250800
1995-12-28,17.34375,17.625,17.21875,17.5625,9.201799392700195,1390000
1995-12-29,17.46875,17.53125,17.3125,17.3125,9.070812225341797,1613200
1996-01-02,17.21875,17.3125,17.1875,17.3125,9.070812225341797,1564400
1996-01-03,16.90625,17.28125,16.78125,16.9375,8.874338150024414,4122800
1996-01-04,17.21875,17.21875,16.84375,16.96875,8.890707969665527,2749600
1996-01-05,16.78125,17.0,16.5625,16.75,8.776093482971191,3759600
1996-01-08,16.875,16.9375,16.875,16.9375,8.874338150024414,637200
1996-01-09,17.0,17.09375,16.875,16.9375,8.874338150024414,3060400
1996-01-10,16.84375,16.90625,16.59375,16.625,8.71059799194336,2340000
1996-01-11,16.6875,16.84375,16.625,16.75,8.776093482971191,1795200
1996-01-12,16.75,16.75,16.34375,16.5625,8.67785358428955,2261600
1996-01-15,16.5625,16.625,16.4375,16.5625,8.67785358428955,1621600
1996-01-16,16.875,16.875,16.5625,16.71875,8.759719848632812,3178400
1996-01-17,16.71875,16.84375,16.59375,16.75,8.776093482971191,3409600
1996-01-18,16.84375,16.96875,16.75,16.9375,8.874338150024414,2368800
1996-01-19,16.9375,16.9375,16.78125,16.875,8.841584205627441,2201600
1996-01-22,16.84375,16.90625,16.59375,16.90625,8.857961654663086,1980800
1996-01-23,16.84375,16.90625,16.6875,16.6875,8.743348121643066,2169600
1996-01-24,16.75,17.0625,16.6875,17.03125,8.923453330993652,2040400
1996-01-25,16.75,16.90625,16.4375,16.6875,8.743348121643066,5454800
1996-01-26,16.65625,16.84375,16.5625,16.78125,8.792469024658203,3003200
1996-01-29,16.65625,17.15625,16.65625,17.09375,8.956199645996094,2652000
1996-01-30,17.15625,17.6875,17.15625,17.65625,9.250920295715332,4146400
1996-01-31,17.5,17.625,17.34375,17.53125,9.18542766571045,3542000
1996-02-01,17.4375,18.0,17.4375,17.9375,9.398275375366211,4771200
1996-02-02,17.875,17.96875,17.75,17.75,9.30003833770752,2631200
1996-02-05,17.6875,17.6875,17.375,17.4375,9.13630485534668,1684400
1996-02-06,17.34375,17.5,17.28125,17.5,9.169051170349121,1831200
1996-02-07,17.5625,17.6875,17.40625,17.53125,9.18542766571045,1923200
1996-02-08,17.59375,17.71875,17.4375,17.5625,9.201799392700195,3091600
1996-02-09,17.59375,17.90625,17.59375,17.90625,9.381902694702148,4520400
1996-02-12,17.90625,18.21875,17.84375,18.1875,9.529267311096191,2632000
1996-02-13,18.0,18.1875,17.71875,18.15625,9.512887954711914,4329200
1996-02-14,18.15625,18.28125,18.0,18.125,9.4965181350708,4359200
1996-02-15,18.0625,18.96875,18.0625,18.78125,9.84035873413086,5640800
1996-02-16,18.65625,19.0,18.5,18.875,9.889474868774414,6132400
1996-02-20,18.5625,18.71875,18.4375,18.5,9.692997932434082,3000400
1996-02-21,18.53125,18.8125,18.5,18.78125,9.890475273132324,2730800
1996-02-22,18.8125,18.84375,18.6875,18.84375,9.923388481140137,2465200
1996-02-23,18.90625,18.90625,18.5,18.625,9.808192253112793,3921600
1996-02-26,18.625,18.875,18.5,18.53125,9.758824348449707,2970800
1996-02-27,18.46875,18.5,18.03125,18.4375,9.709453582763672,2946000
1996-02-28,18.4375,18.6875,18.3125,18.3125,9.643625259399414,3245600
1996-02-29,18.15625,18.40625,18.15625,18.21875,9.594252586364746,2093600
1996-03-01,18.25,18.28125,18.0625,18.25,9.610715866088867,2193200
1996-03-04,18.34375,18.4375,18.1875,18.28125,9.627167701721191,1782000
1996-03-05,18.21875,18.3125,18.21875,18.28125,9.627167701721191,1844000
1996-03-06,18.28125,18.96875,18.25,18.8125,9.906935691833496,4302000
1996-03-07,18.78125,18.8125,18.71875,18.75,9.87402057647705,2194000
1996-03-08,18.71875,18.71875,18.125,18.1875,9.577802658081055,3811600
1996-03-11,18.125,18.625,18.125,18.625,9.808192253112793,3998800
1996-03-12,18.5,18.6875,18.46875,18.625,9.808192253112793,2620000
1996-03-13,18.84375,19.75,18.78125,19.5,10.2689790725708,4684800
1996-03-14,19.5625,20.15625,19.5625,20.09375,10.789255142211914,4771200
1996-03-15,20.0,20.0,19.40625,19.4375,10.436880111694336,4754000
1996-03-18,19.46875,19.46875,19.1875,19.375,10.403325080871582,3986400
1996-03-19,19.40625,19.78125,19.40625,19.5625,10.504005432128906,4519200
1996-03-20,19.53125,19.625,19.3125,19.46875,10.453656196594238,2142800
1996-03-21,19.5,19.53125,19.1875,19.34375,10.38654613494873,1708400
1996-03-22,19.40625,19.46875,19.3125,19.375,10.403325080871582,1376400
1996-03-25,19.4375,19.71875,19.4375,19.5625,10.504005432128906,3251600
1996-03-26,19.4375,20.125,19.4375,20.0,10.738924980163574,4893200
1996-03-27,20.0,20.09375,19.75,19.8125,10.638240814208984,3482000
1996-03-28,19.6875,20.0625,19.65625,19.96875,10.722136497497559,2234400
1996-03-29,20.125,20.125,19.75,19.78125,10.621465682983398,3005600
1996-04-01,20.1875,20.6875,20.1875,20.46875,10.99061107635498,4218800
1996-04-02,20.46875,20.5,20.375,20.5,11.007390022277832,2824400
1996-04-03,20.4375,20.78125,20.34375,20.6875,11.108070373535156,3373600
1996-04-04,20.53125,21.375,20.53125,21.1875,11.376537322998047,5486800
1996-04-08,20.96875,21.28125,20.53125,21.0625,11.309419631958008,3490800
1996-04-09,21.21875,21.71875,21.15625,21.5,11.544337272644043,4362800
1996-04-10,21.46875,21.8125,21.28125,21.40625,11.493999481201172,5609200
1996-04-11,21.46875,21.5,21.15625,21.40625,11.493999481201172,3717200
1996-04-12,21.40625,21.40625,20.53125,21.0,11.275867462158203,4919600
1996-04-15,21.0,21.0,20.5625,20.6875,11.108070373535156,3612400
1996-04-16,20.9375,21.4375,20.84375,21.1875,11.376537322998047,4353200
1996-04-17,20.9375,21.0,20.375,20.46875,10.99061107635498,2934800
1996-04-18,20.8125,20.9375,20.25,20.4375,10.973830223083496,3711600
1996-04-19,20.78125,21.03125,20.6875,20.6875,11.108070373535156,5145600
1996-04-22,21.0,21.5625,20.96875,21.15625,11.359763145446777,3074000
1996-04-23,21.1875,21.25,20.875,21.0,11.275867462158203,3608800
1996-04-24,21.09375,21.8125,21.09375,21.65625,11.6282320022583,4045600
1996-04-25,21.65625,21.84375,21.53125,21.84375,11.728914260864258,2695600
1996-04-26,21.84375,22.84375,21.8125,22.375,12.014163970947266,6591200
1996-04-29,22.28125,22.4375,22.0625,22.125,11.879925727844238,4353200
1996-04-30,21.96875,22.0625,21.9375,22.0625,11.846367835998535,3684800
1996-05-01,22.09375,22.1875,21.875,21.875,11.745694160461426,5514000
1996-05-02,21.78125,21.9375,21.46875,21.53125,11.561118125915527,5416400
1996-05-03,21.59375,21.75,21.25,21.3125,11.443655967712402,4325600
1996-05-06,21.28125,21.5625,20.875,21.09375,11.326200485229492,3457200
1996-05-07,20.875,21.21875,20.875,21.125,11.34298324584961,3652000
1996-05-08,21.0625,21.15625,20.71875,21.0625,11.309419631958008,3650800
1996-05-09,21.125,22.0,21.125,21.875,11.745694160461426,4545200
1996-05-10,22.0625,22.125,21.75,21.75,11.678572654724121,3439200
1996-05-13,21.8125,21.875,21.71875,21.84375,11.728914260864258,2822400
1996-05-14,21.90625,22.28125,21.90625,22.125,11.879925727844238,3301200
1996-05-15,22.03125,22.03125,21.53125,21.65625,11.6282320022583,3046000
1996-05-16,21.53125,21.59375,21.125,21.40625,11.493999481201172,2541200
1996-05-17,21.40625,21.40625,21.0,21.03125,11.292647361755371,3586400
1996-05-20,21.03125,21.84375,20.90625,21.84375,11.728914260864258,5820800
1996-05-21,21.78125,22.03125,21.625,21.96875,11.796030044555664,3222800
1996-05-22,21.96875,22.1875,21.84375,22.0,12.018072128295898,3162800
1996-05-23,22.0,22.5,21.9375,22.21875,12.137555122375488,3328400
1996-05-24,22.0625,22.46875,22.03125,22.125,12.086343765258789,1981200
1996-05-28,21.9375,22.125,21.59375,21.59375,11.796141624450684,2514000
1996-05-29,21.5,21.5,21.09375,21.21875,11.591291427612305,4036400
1996-05-30,21.0625,21.46875,20.96875,21.125,11.591287612915039,3961200
1996-05-31,21.15625,21.21875,20.8125,20.84375,11.436962127685547,2764000
1996-06-03,20.78125,21.0,20.46875,20.5625,11.282645225524902,3135200
1996-06-04,20.71875,21.09375,20.65625,20.90625,11.471258163452148,4143600
1996-06-05,20.96875,21.125,20.59375,20.78125,11.40267562866211,2988000
1996-06-06,20.75,20.75,20.28125,20.375,11.179764747619629,1576000
1996-06-07,20.03125,20.6875,20.03125,20.6875,11.35123348236084,4215600
1996-06-10,20.71875,20.96875,20.625,20.65625,11.334080696105957,1742000
1996-06-11,20.65625,20.9375,20.65625,20.71875,11.368375778198242,2375600
1996-06-12,20.78125,20.9375,20.53125,20.84375,11.436962127685547,2743600
1996-06-13,20.90625,21.0625,20.8125,21.03125,11.539849281311035,2528800
1996-06-14,21.0625,21.0625,20.71875,20.8125,11.41981315612793,3018800
1996-06-17,20.78125,20.78125,20.3125,20.3125,11.145466804504395,2343600
1996-06-18,20.375,20.5625,20.28125,20.28125,11.128316879272461,3878800
1996-06-19,20.28125,20.28125,20.125,20.1875,11.076881408691406,2397200
1996-06-20,20.3125,20.40625,20.0625,20.09375,11.025444984436035,2434800
1996-06-21,20.125,20.65625,20.125,20.65625,11.334080696105957,4845200
1996-06-24,21.0,21.0,20.78125,20.78125,11.40267562866211,2080000
1996-06-25,20.875,21.21875,20.78125,21.21875,11.642735481262207,2046400
1996-06-26,21.03125,21.59375,21.0,21.21875,11.642735481262207,4019600
1996-06-27,21.1875,21.1875,20.84375,20.875,11.454113006591797,2004800
1996-06-28,21.0,21.34375,20.96875,21.0625,11.556986808776855,2126400
1996-07-01,21.1875,21.1875,20.875,21.1875,11.62557601928711,1927200
1996-07-02,21.1875,21.625,21.0625,21.46875,11.77990436553955,2496800
1996-07-03,21.46875,21.84375,21.34375,21.8125,11.968514442443848,4147200
1996-07-05,21.4375,21.4375,21.03125,21.09375,11.574137687683105,1708800
1996-07-08,21.15625,21.375,21.125,21.21875,11.642735481262207,2793200
1996-07-09,21.34375,21.6875,21.3125,21.53125,11.81419563293457,2660400
1996-07-10,21.65625,21.96875,21.625,21.78125,11.951374053955078,2834000
1996-07-11,21.875,22.125,21.625,22.03125,12.088546752929688,4929200
1996-07-12,21.96875,22.28125,21.96875,22.21875,12.191424369812012,3303600
1996-07-15,22.125,22.15625,21.6875,21.71875,11.917075157165527,2672800
1996-07-16,21.5,21.5625,20.71875,21.0,11.522697448730469,4744400
1996-07-17,21.03125,21.03125,20.46875,20.71875,11.368375778198242,3686800
1996-07-18,20.875,20.96875,20.65625,20.75,11.385526657104492,2277600
1996-07-19,20.78125,20.78125,20.4375,20.5625,11.282645225524902,2413600
1996-07-22,20.5,20.65625,20.3125,20.4375,11.214055061340332,2451200
1996-07-23,20.625,20.65625,20.4375,20.46875,11.231204986572266,4665600
1996-07-24,20.375,20.71875,20.28125,20.5,11.248347282409668,3106400
1996-07-25,20.6875,20.6875,20.40625,20.46875,11.231204986572266,3403600
1996-07-26,20.5625,20.71875,20.5625,20.65625,11.334080696105957,1234800
1996-07-29,20.59375,21.03125,20.59375,20.6875,11.35123348236084,1819200
1996-07-30,20.71875,20.71875,19.875,20.1875,11.076881408691406,4706400
1996-07-31,20.1875,20.1875,19.84375,20.0,10.97400188446045,3404000
1996-08-01,20.0,20.75,20.0,20.625,11.316934585571289,3765200
1996-08-02,20.65625,20.75,20.40625,20.625,11.316934585571289,2079200
1996-08-05,20.625,20.96875,20.625,20.71875,11.368375778198242,1657600
1996-08-06,20.8125,21.25,20.78125,21.09375,11.574137687683105,1937600
1996-08-07,21.125,21.3125,21.09375,21.15625,11.608429908752441,2122400
1996-08-08,21.15625,21.34375,21.125,21.34375,11.711313247680664,2180400
1996-08-09,21.28125,21.28125,21.15625,21.25,11.659873008728027,1240800
1996-08-12,21.21875,21.28125,20.90625,21.25,11.659873008728027,2174000
1996-08-13,21.1875,21.1875,20.8125,20.84375,11.436962127685547,2224000
1996-08-14,20.78125,21.09375,20.78125,20.96875,11.50555419921875,1927600
1996-08-15,20.9375,21.125,20.90625,20.96875,11.50555419921875,1034000
1996-08-16,21.03125,21.21875,20.875,21.125,11.591287612915039,2607600
1996-08-19,21.25,21.5,21.1875,21.375,11.728463172912598,2128400
1996-08-20,21.40625,21.875,21.375,21.8125,11.968514442443848,2687200
1996-08-21,21.75,21.90625,21.71875,21.8125,11.968514442443848,2653200
1996-08-22,21.8125,21.96875,21.78125,21.8125,11.968514442443848,1760000
1996-08-23,21.6875,21.71875,21.5625,21.65625,11.882783889770508,1396000
1996-08-26,21.71875,21.71875,21.25,21.25,11.659873008728027,1215200
1996-08-27,21.34375,21.625,21.21875,21.5,11.797050476074219,1490000
1996-08-28,21.625,21.84375,21.5625,21.71875,11.917075157165527,1696400
1996-08-29,21.5625,21.59375,21.28125,21.40625,11.745610237121582,1916800
1996-08-30,21.46875,21.46875,21.0625,21.09375,11.574137687683105,1177600
1996-09-03,21.46875,21.6875,21.34375,21.5,11.797050476074219,2741200
1996-09-04,21.40625,21.5,21.1875,21.375,11.779828071594238,1859600
1996-09-05,21.3125,21.53125,21.3125,21.40625,11.797050476074219,1706400
1996-09-06,21.3125,21.4375,21.125,21.34375,11.762608528137207,2335600
1996-09-09,21.375,21.46875,21.1875,21.375,11.779828071594238,1311600
1996-09-10,21.5,21.5625,21.40625,21.5,11.848714828491211,1889200
1996-09-11,21.53125,22.0625,21.53125,21.96875,12.107039451599121,4111600
1996-09-12,22.09375,22.09375,21.46875,21.46875,11.83149528503418,4136400
1996-09-13,21.625,21.71875,21.34375,21.34375,11.762608528137207,2748400
1996-09-16,21.40625,21.4375,21.21875,21.21875,11.693721771240234,2379200
1996-09-17,21.28125,21.28125,20.84375,20.875,11.504271507263184,3362400
1996-09-18,20.875,20.9375,20.5,20.5,11.297612190246582,2546000
1996-09-19,20.75,21.0625,20.65625,21.0,11.573161125183105,2514400
1996-09-20,21.125,21.25,21.03125,21.25,11.71094036102295,3871600
1996-09-23,21.1875,21.21875,20.78125,21.21875,11.693721771240234,1534000
1996-09-24,21.0625,21.15625,20.71875,20.8125,11.469832420349121,1940400
1996-09-25,20.78125,21.21875,20.78125,20.90625,11.521496772766113,4078800
1996-09-26,20.875,21.3125,20.84375,21.25,11.71094036102295,3185200
1996-09-27,21.28125,21.28125,20.84375,20.96875,11.555940628051758,1539600
1996-09-30,21.0625,21.25,21.03125,21.125,11.64205551147461,1216000
1996-10-01,21.15625,21.5,21.0625,21.5,11.848714828491211,2505200
1996-10-02,21.53125,21.78125,21.53125,21.75,11.986492156982422,1762800
1996-10-03,21.75,22.1875,21.75,21.96875,12.107039451599121,2777600
1996-10-04,21.875,22.21875,21.875,22.1875,12.227601051330566,2401200
1996-10-07,22.25,22.78125,22.25,22.65625,12.485926628112793,3488000
1996-10-08,22.65625,22.65625,22.28125,22.34375,12.313708305358887,2697200
1996-10-09,22.4375,22.5625,22.09375,22.1875,12.227601051330566,2522400
1996-10-10,22.28125,22.4375,22.0625,22.0625,12.158703804016113,1762000
1996-10-11,22.125,22.3125,22.03125,22.15625,12.21037769317627,1386400
1996-10-14,22.21875,22.34375,22.1875,22.3125,12.29648494720459,3330000
1996-10-15,22.375,22.875,22.34375,22.84375,12.589261054992676,3660800
1996-10-16,23.125,23.71875,23.09375,23.5625,12.985367774963379,5740400
1996-10-17,24.0,24.75,23.96875,24.0625,13.26091194152832,8115200
1996-10-18,24.15625,24.625,24.15625,24.375,13.433134078979492,3968800
1996-10-21,24.4375,25.0,24.375,24.5,13.502028465270996,7728000
1996-10-22,24.5625,24.5625,24.03125,24.0625,13.26091194152832,3168400
1996-10-23,23.8125,24.125,23.8125,23.96875,13.20925521850586,2867200
1996-10-24,23.9375,24.65625,23.9375,24.40625,13.450355529785156,4880800
1996-10-25,24.34375,24.65625,24.3125,24.53125,13.519247055053711,2996400
1996-10-28,24.53125,25.375,24.53125,24.875,13.708683967590332,5506400
1996-10-29,24.96875,25.0,24.53125,24.625,13.570910453796387,2484800
1996-10-30,24.90625,25.40625,24.71875,25.125,13.846468925476074,3233200
1996-10-31,25.15625,25.15625,24.75,24.78125,13.65701961517334,3254400
1996-11-01,24.6875,24.6875,24.1875,24.3125,13.398696899414062,3353600
1996-11-04,24.25,24.46875,24.1875,24.25,13.36424446105957,1869600
1996-11-05,24.28125,24.40625,23.84375,24.25,13.36424446105957,2376400
1996-11-06,24.25,24.6875,24.25,24.6875,13.605351448059082,4093200
1996-11-07,24.59375,25.0625,24.59375,24.9375,13.74312686920166,2629600
1996-11-08,24.90625,24.90625,24.65625,24.71875,13.622576713562012,1677600
1996-11-11,24.71875,24.875,24.6875,24.78125,13.65701961517334,1988800
1996-11-12,24.78125,24.8125,24.53125,24.59375,13.553688049316406,2644400
1996-11-13,24.59375,25.28125,24.5625,25.0625,13.812020301818848,3944800
1996-11-14,25.0,25.5,24.8125,25.5,14.053125381469727,3356800
1996-11-15,25.6875,25.84375,25.3125,25.6875,14.156461715698242,3402800
1996-11-18,25.65625,26.21875,25.40625,26.09375,14.380335807800293,3033200
1996-11-19,25.90625,26.03125,25.8125,25.875,14.259790420532227,1850800
1996-11-20,25.90625,26.0625,25.71875,25.75,14.190906524658203,1576000
1996-11-21,25.8125,25.8125,25.625,25.65625,14.13923454284668,944400
1996-11-22,25.5625,26.5625,25.5625,26.15625,14.414789199829102,2742000
1996-11-25,26.15625,27.0625,26.15625,27.03125,14.897000312805176,2525600
1996-11-26,26.96875,26.96875,25.875,25.9375,14.294229507446289,3636000
1996-11-27,26.125,26.3125,26.03125,26.0625,14.363128662109375,1742400
1996-11-29,25.96875,26.09375,25.96875,26.0625,14.363128662109375,532000
1996-12-02,26.0,26.0,25.59375,25.875,14.259790420532227,2785200
1996-12-03,25.6875,26.21875,25.6875,25.71875,14.173676490783691,2877200
1996-12-04,25.6875,26.03125,25.625,25.6875,14.156461715698242,3006000
1996-12-05,25.9375,26.40625,25.9375,26.21875,14.449227333068848,1991600
1996-12-06,26.0,26.125,25.5625,25.5625,14.087569236755371,2753200
1996-12-09,25.625,25.84375,25.53125,25.84375,14.242570877075195,1246000
1996-12-10,25.71875,25.8125,25.21875,25.21875,13.898124694824219,1540400
1996-12-11,24.75,24.875,24.625,24.71875,13.622576713562012,3408400
1996-12-12,24.875,25.03125,24.375,24.40625,13.501564979553223,3676000
1996-12-13,24.34375,24.78125,24.09375,24.75,13.69172477722168,3072000
1996-12-16,24.8125,25.25,24.8125,24.8125,13.726304054260254,4076800
1996-12-17,24.6875,25.1875,24.6875,24.96875,13.812739372253418,2474800
1996-12-18,25.03125,25.5,25.03125,25.3125,14.002900123596191,2256800
1996-12-19,25.625,26.21875,25.53125,26.15625,14.469666481018066,3364000
1996-12-20,26.625,26.65625,26.28125,26.34375,14.573386192321777,5120800
1996-12-23,26.34375,26.6875,26.1875,26.3125,14.556103706359863,1445200
1996-12-24,26.34375,26.34375,26.21875,26.34375,14.573386192321777,913600
1996-12-26,26.34375,26.59375,26.3125,26.46875,14.642546653747559,1010400
1996-12-27,26.46875,26.53125,26.09375,26.125,14.45237922668457,803600
1996-12-30,26.1875,26.25,25.59375,25.625,14.175772666931152,1177200
1996-12-31,25.59375,25.6875,24.8125,24.96875,13.812739372253418,2092000
1997-01-02,25.09375,25.1875,24.875,25.0,13.830029487609863,3512400
1997-01-03,25.1875,25.34375,25.09375,25.125,13.899182319641113,2509600
1997-01-06,25.25,26.5,25.25,26.40625,14.6079683303833,3946000
1997-01-07,26.28125,26.96875,26.0625,26.96875,14.919137001037598,3937600
1997-01-08,27.0625,27.125,26.78125,26.90625,14.884571075439453,2545200
1997-01-09,26.90625,27.8125,26.84375,27.625,15.282187461853027,4130000
1997-01-10,27.375,28.53125,27.28125,28.46875,15.748940467834473,6641200
1997-01-13,28.625,28.84375,28.25,28.40625,15.71436595916748,4232000
1997-01-14,28.34375,28.34375,27.90625,28.25,15.627923011779785,3454400
1997-01-15,28.125,29.0625,28.125,28.65625,15.852666854858398,4593200
1997-01-16,28.6875,28.96875,28.59375,28.78125,15.921821594238281,2293200
1997-01-17,28.78125,29.0,28.4375,28.875,15.973679542541504,3861600
1997-01-20,28.8125,28.84375,28.53125,28.625,15.835381507873535,1772800
1997-01-21,28.375,28.4375,27.5,27.8125,15.385909080505371,6651600
1997-01-22,28.0625,28.0625,27.40625,27.59375,15.26489543914795,4569600
1997-01-23,28.25,28.59375,27.53125,27.625,15.282187461853027,7173600
1997-01-24,27.6875,28.0,27.28125,27.53125,15.230326652526855,7534000
1997-01-27,27.4375,27.4375,27.09375,27.125,15.005578994750977,5313600
1997-01-28,27.3125,27.40625,26.6875,26.75,14.798123359680176,5820000
1997-01-29,26.75,27.21875,26.5625,27.09375,14.988296508789062,5913600
1997-01-30,27.09375,27.84375,26.9375,27.75,15.351325988769531,5714000
1997-01-31,28.0,28.5,27.71875,27.78125,15.368623733520508,3408400
1997-02-03,27.8125,27.875,27.15625,27.21875,15.057437896728516,1968400
1997-02-04,27.1875,27.8125,27.09375,27.8125,15.385909080505371,2298000
1997-02-05,27.84375,27.90625,26.75,26.90625,14.884571075439453,4810400
1997-02-06,27.03125,27.03125,26.4375,26.65625,14.746270179748535,4850800
1997-02-07,26.6875,26.75,25.84375,26.125,14.45237922668457,6299200
1997-02-10,26.21875,26.375,25.15625,25.21875,13.951040267944336,6441600
1997-02-11,25.28125,26.15625,25.21875,26.15625,14.469666481018066,7675200
1997-02-12,26.1875,26.90625,25.9375,26.5,14.659828186035156,5846400
1997-02-13,26.59375,26.84375,26.4375,26.75,14.798123359680176,5550400
1997-02-14,26.6875,26.9375,26.5625,26.71875,14.780842781066895,2520800
1997-02-18,26.75,26.875,26.1875,26.34375,14.573386192321777,3070000
1997-02-19,26.34375,26.53125,26.03125,26.03125,14.400508880615234,2933600
1997-02-20,26.0625,26.25,25.625,25.625,14.227014541625977,3368400
1997-02-21,25.6875,26.03125,25.53125,25.90625,14.38316535949707,3330800
1997-02-24,25.71875,26.0625,25.46875,25.46875,14.140268325805664,3565600
1997-02-25,25.5625,25.6875,25.28125,25.53125,14.174967765808105,3595600
1997-02-26,25.8125,26.0625,25.40625,25.46875,14.140268325805664,4483600
1997-02-27,25.46875,25.59375,24.84375,24.9375,13.84531307220459,5081600
1997-02-28,24.96875,25.375,24.84375,25.15625,13.966776847839355,4405200
1997-03-03,24.8125,25.09375,24.5,24.625,13.67181396484375,3620000
1997-03-04,25.03125,26.15625,25.0,25.71875,14.27906608581543,5736400
1997-03-05,25.875,26.5625,25.8125,26.53125,14.730156898498535,4146400
1997-03-06,27.0,27.03125,26.4375,26.46875,14.695466041564941,4233600
1997-03-07,26.40625,26.875,26.34375,26.78125,14.868971824645996,3591200
1997-03-10,26.875,27.28125,26.84375,26.96875,14.973064422607422,3575200
1997-03-11,27.0,27.125,26.84375,26.875,14.92101764678955,3023600
1997-03-12,26.8125,26.84375,26.0625,26.21875,14.556666374206543,3994000
1997-03-13,26.03125,26.96875,25.953125,26.6875,14.81691837310791,4090000
1997-03-14,26.8125,27.625,26.8125,27.5625,15.302722930908203,5791600
1997-03-17,27.5,27.8125,27.25,27.75,15.406817436218262,3621200
1997-03-18,27.6875,27.78125,27.53125,27.625,15.337418556213379,2575200
1997-03-19,27.5625,27.71875,27.4375,27.59375,15.320067405700684,2936000
1997-03-20,27.59375,27.8125,27.3125,27.625,15.337418556213379,2922400
1997-03-21,27.6875,27.6875,27.46875,27.5,15.268019676208496,2626800
1997-03-24,27.625,27.75,27.15625,27.5,15.268019676208496,2236800
1997-03-25,27.5625,28.3125,27.375,28.1875,15.649717330932617,3846000
1997-03-26,28.25,29.09375,28.15625,28.71875,15.944665908813477,4357600
1997-03-27,28.71875,29.0,27.4375,27.75,15.406817436218262,3270000
1997-03-31,27.71875,27.90625,26.8125,26.8125,14.88631820678711,5018400
1997-04-01,26.875,27.53125,26.875,27.5,15.268019676208496,4365200
1997-04-02,27.5,27.5,26.5,26.65625,14.79957103729248,3835600
1997-04-03,26.25,26.4375,25.84375,26.21875,14.556666374206543,5124400
1997-04-04,25.875,26.125,25.59375,25.90625,14.38316535949707,6062800
1997-04-07,25.875,26.4375,25.8125,26.21875,14.556666374206543,4522400
1997-04-08,26.6875,27.46875,26.625,27.15625,15.077162742614746,6361200
1997-04-09,27.375,27.4375,26.9375,26.9375,14.95571517944336,2912400
1997-04-10,26.84375,26.84375,26.375,26.46875,14.695466041564941,3264000
1997-04-11,25.9375,26.15625,25.625,25.625,14.227014541625977,3707200
1997-04-14,25.84375,26.375,25.78125,25.9375,14.400516510009766,3754000
1997-04-15,26.125,26.15625,25.5625,26.0625,14.469919204711914,4434400
1997-04-16,26.0625,26.625,26.0625,26.59375,14.764863014221191,2651600
1997-04-17,26.96875,27.28125,26.25,26.34375,14.62606430053711,4898800
1997-04-18,26.34375,26.9375,26.3125,26.9375,14.95571517944336,4172000
1997-04-21,27.125,27.375,26.78125,27.0,14.990419387817383,3119600
1997-04-22,27.1875,27.625,26.84375,27.625,15.337418556213379,3730400
1997-04-23,27.75,28.375,27.6875,28.25,15.684409141540527,4008000
1997-04-24,28.28125,28.3125,27.9375,27.9375,15.510915756225586,5684400
1997-04-25,27.9375,28.15625,27.5625,27.59375,15.320067405700684,2304800
1997-04-28,27.5625,27.59375,27.21875,27.40625,15.215971946716309,4538000
1997-04-29,27.40625,27.4375,26.9375,27.25,15.12922191619873,6126800
1997-04-30,27.3125,28.21875,27.3125,27.6875,15.372122764587402,4696400
1997-05-01,27.96875,27.96875,27.25,27.46875,15.250665664672852,2498400
1997-05-02,27.25,28.125,26.75,28.125,15.615019798278809,6796000
1997-05-05,28.0,28.3125,27.625,27.9375,15.510915756225586,3947200
1997-05-06,27.875,28.875,27.875,28.28125,15.701773643493652,5340800
1997-05-07,28.3125,28.53125,27.4375,27.46875,15.250665664672852,3192400
1997-05-08,27.46875,28.75,27.46875,28.25,15.684409141540527,2962800
1997-05-09,28.5625,29.40625,28.53125,29.28125,16.25696563720703,4359200
1997-05-12,29.28125,30.3125,29.09375,30.09375,16.708070755004883,6148800
1997-05-13,29.875,29.875,29.125,29.25,16.2396183013916,4412000
1997-05-14,29.59375,29.6875,29.28125,29.46875,16.361068725585938,4666400
1997-05-15,29.5625,29.5625,29.0,29.21875,16.22226905822754,2476400
1997-05-16,29.125,29.5625,29.0625,29.375,16.30901527404785,4200000
1997-05-19,29.375,29.9375,29.21875,29.5,16.3784236907959,3419600
1997-05-20,29.46875,29.8125,29.03125,29.71875,16.499866485595703,4160400
1997-05-21,29.875,30.25,29.40625,29.59375,16.430469512939453,3784000
1997-05-22,29.78125,29.96875,29.5625,29.75,16.5172176361084,1855200
1997-05-23,30.0625,30.1875,29.625,29.6875,16.482515335083008,2459200
1997-05-27,29.625,29.625,29.3125,29.46875,16.361068725585938,2473600
1997-05-28,29.375,29.84375,29.34375,29.8125,16.551912307739258,3024400
1997-05-29,29.8125,30.34375,29.65625,30.0625,16.743370056152344,3131600
1997-05-30,29.75,29.9375,29.625,29.78125,16.586727142333984,3202400
1997-06-02,29.9375,30.71875,29.78125,30.625,17.05665397644043,3815600
1997-06-03,30.40625,31.15625,30.1875,31.0625,17.300323486328125,4343600
1997-06-04,31.03125,31.03125,30.375,30.59375,17.03925132751465,3174400
1997-06-05,30.625,31.125,30.3125,31.03125,17.282915115356445,3630800
1997-06-06,30.96875,31.5625,30.75,30.75,17.126266479492188,4466800
1997-06-09,30.75,30.75,29.90625,30.15625,16.795589447021484,6499200
1997-06-10,29.8125,30.4375,29.8125,30.0,16.708560943603516,5550800
1997-06-11,30.0625,30.34375,29.1875,29.34375,16.34305763244629,4789600
1997-06-12,29.71875,29.875,28.90625,29.5,16.430089950561523,7886800
1997-06-13,29.84375,30.09375,29.625,29.75,16.56932830810547,4278800
1997-06-16,29.75,30.65625,29.75,30.5,16.987035751342773,4498800
1997-06-17,30.4375,30.96875,30.28125,30.78125,17.143680572509766,3686000
1997-06-18,30.78125,31.0625,30.5,30.5,16.987035751342773,4049600
1997-06-19,30.5625,30.5625,30.03125,30.1875,16.812990188598633,4456000
1997-06-20,30.1875,30.28125,29.40625,29.71875,16.551912307739258,6838400
1997-06-23,30.03125,30.1875,29.21875,29.21875,16.273447036743164,2810000
1997-06-24,29.875,30.03125,29.5625,29.953125,16.682445526123047,4101200
1997-06-25,29.984375,30.125,29.5625,29.828125,16.612836837768555,3770000
1997-06-26,29.765625,30.546875,29.765625,30.015625,16.717266082763672,3970800
1997-06-27,30.6875,31.25,30.65625,31.25,17.404756546020508,3586800
1997-06-30,31.5,31.625,31.09375,31.25,17.404756546020508,3489600
1997-07-01,31.375,33.5,31.1875,33.0,18.379413604736328,9160000
1997-07-02,33.5,34.8125,33.40625,34.1875,19.04079246520996,9122000
1997-07-03,34.34375,34.34375,33.25,33.578125,18.701404571533203,4862400
1997-07-07,34.03125,34.515625,33.484375,33.765625,18.80583381652832,4104400
1997-07-08,33.515625,33.875,33.484375,33.75,18.79712677001953,2944000
1997-07-09,33.8125,34.375,33.796875,34.0,18.936378479003906,4000800
1997-07-10,34.0,35.0,33.53125,34.765625,19.3627872467041,3955200
1997-07-11,34.890625,35.625,34.890625,35.375,19.70217514038086,3286000
1997-07-14,36.0,36.0,35.15625,35.75,19.911033630371094,2260800
1997-07-15,35.75,37.0,35.5625,36.84375,20.520206451416016,3959000
1997-07-16,36.5,37.5,36.5,37.5,20.885700225830078,3069400
1997-07-17,38.0,39.6875,37.75,38.625,21.512264251708984,5750000
1997-07-18,38.5,38.53125,36.8125,37.28125,20.763866424560547,4971200
1997-07-21,37.28125,37.28125,36.34375,36.46875,20.311344146728516,2411400
1997-07-22,37.40625,37.875,36.65625,37.875,21.094554901123047,3893200
1997-07-23,37.9375,38.28125,36.71875,36.71875,20.450578689575195,5408800
1997-07-24,37.5,37.625,36.28125,36.75,20.467987060546875,3598400
1997-07-25,37.21875,37.375,36.65625,37.03125,20.6246280670166,1899000
1997-07-28,36.90625,37.0625,36.34375,36.53125,20.346149444580078,2198600
1997-07-29,36.6875,37.75,36.25,37.0625,20.64202880859375,3541600
1997-07-30,37.1875,37.9375,37.1875,37.46875,20.868295669555664,2442000
1997-07-31,37.9375,38.59375,37.53125,38.1875,21.268600463867188,3689400
1997-08-01,38.28125,38.34375,37.5,38.125,21.233797073364258,2218200
1997-08-04,37.90625,38.125,37.625,37.625,20.955322265625,1660600
1997-08-05,37.75,38.65625,37.65625,38.53125,21.460060119628906,2596000
1997-08-06,38.5625,38.96875,38.375,38.84375,21.634105682373047,2793600
1997-08-07,38.8125,39.25,38.375,38.78125,21.599294662475586,2479800
1997-08-08,38.53125,38.5625,37.21875,37.65625,20.972726821899414,2556200
1997-08-11,37.375,37.625,37.15625,37.4375,20.85089111328125,2024800
1997-08-12,37.46875,37.875,36.71875,36.75,20.467987060546875,2091400
1997-08-13,37.125,37.3125,36.125,36.96875,20.58982276916504,2303800
1997-08-14,37.125,37.3125,35.0,36.125,20.11989974975586,5540000
1997-08-15,36.0625,36.46875,34.90625,34.90625,19.441104888916016,3296600
1997-08-18,34.90625,35.875,34.8125,35.8125,19.945844650268555,3231800
1997-08-19,36.3125,37.0,36.125,37.0,20.60723114013672,2896600
1997-08-20,36.875,37.96875,36.75,37.8125,21.059743881225586,2636000
1997-08-21,37.8125,37.84375,37.0625,37.1875,20.711650848388672,2247600
1997-08-22,36.53125,36.875,36.15625,36.875,20.5376033782959,2339400
1997-08-25,36.75,37.625,36.71875,36.9375,20.572420120239258,2644800
1997-08-26,36.625,37.78125,36.5,37.78125,21.042343139648438,2816800
1997-08-27,38.4375,38.75,37.8125,38.75,21.581892013549805,4795600
1997-08-28,38.75,39.625,38.125,39.125,21.790740966796875,4684400
1997-08-29,39.15625,39.15625,38.09375,38.09375,21.216384887695312,1774400
1997-09-02,38.1875,39.25,38.1875,39.09375,21.773347854614258,2394600
1997-09-03,38.96875,39.09375,38.53125,38.65625,21.581565856933594,2302600
1997-09-04,38.0,39.15625,38.0,38.6875,21.599010467529297,2808800
1997-09-05,39.0,39.03125,38.15625,38.6875,21.599010467529297,1913000
1997-09-08,39.0,39.1875,38.21875,38.21875,21.337322235107422,1490000
1997-09-09,38.03125,38.875,37.96875,38.53125,21.511783599853516,1736000
1997-09-10,38.5,40.0625,38.21875,39.125,21.843259811401367,5092600
1997-09-11,38.8125,38.90625,38.25,38.625,21.56411361694336,2491200
1997-09-12,38.9375,40.25,38.71875,40.25,22.471349716186523,3279000
1997-09-15,39.9375,41.34375,39.875,40.71875,22.733043670654297,3562400
1997-09-16,40.71875,41.21875,40.0625,40.875,22.82028579711914,2862600
1997-09-17,41.1875,42.15625,41.125,41.25,23.029644012451172,3614400
1997-09-18,41.4375,42.1875,41.3125,41.3125,23.06453514099121,2162000
1997-09-19,41.3125,42.0,40.9375,41.875,23.378564834594727,3216400
1997-09-22,42.03125,42.25,41.78125,42.0,23.448360443115234,2004800
1997-09-23,42.0,42.0,40.75,41.46875,23.15176773071289,2529600
1997-09-24,40.78125,41.1875,40.34375,40.375,22.54113006591797,2807400
1997-09-25,40.5,41.4375,40.4375,40.71875,22.733043670654297,2282200
1997-09-26,41.125,41.25,40.4375,41.15625,22.977304458618164,1875000
1997-09-29,41.15625,41.8125,40.875,41.5,23.16922378540039,1982200
1997-09-30,41.5,42.3125,41.15625,42.09375,23.500709533691406,2396600
1997-10-01,42.25,43.125,42.25,43.09375,24.058998107910156,4113000
1997-10-02,43.0,43.21875,42.875,43.125,24.076452255249023,1860400
1997-10-03,43.25,43.625,42.875,43.59375,24.338159561157227,3098200
1997-10-06,43.625,43.71875,42.9375,43.5,24.285808563232422,2507400
1997-10-07,43.4375,43.90625,43.3125,43.84375,24.47771644592285,3235600
1997-10-08,43.625,43.875,43.25,43.3125,24.181142807006836,3358000
1997-10-09,43.34375,44.6875,43.3125,44.59375,24.896434783935547,4581800
1997-10-10,44.125,44.6875,44.125,44.59375,24.896434783935547,3461000
1997-10-13,44.6875,44.78125,43.375,43.46875,24.268375396728516,2189400
1997-10-14,43.875,43.875,42.3125,42.9375,23.971771240234375,4144400
1997-10-15,42.5,43.1875,42.34375,42.5,23.727516174316406,2523200
1997-10-16,43.0,43.1875,41.5625,41.875,23.378564834594727,2657800
1997-10-17,42.25,42.96875,41.15625,42.6875,23.832197189331055,5699000
1997-10-20,42.6875,44.875,42.65625,44.75,24.983671188354492,3556200
1997-10-21,44.625,46.125,44.375,46.125,25.7513370513916,6290200
1997-10-22,46.0625,46.25,45.15625,45.5625,25.43729591369629,2582800
1997-10-23,44.5,46.21875,44.5,45.90625,25.629215240478516,3503600
1997-10-24,46.25,46.34375,44.90625,44.90625,25.07089614868164,2489000
1997-10-27,44.9375,44.9375,39.6875,39.875,22.26198387145996,3660800
1997-10-28,39.0,43.875,38.875,43.46875,24.268375396728516,10725000
1997-10-29,43.6875,44.75,42.65625,42.96875,23.989208221435547,4113600
1997-10-30,42.15625,45.0,42.15625,43.90625,24.51262092590332,4483400
1997-10-31,44.5,44.90625,43.75,43.75,24.425378799438477,3210800
1997-11-03,44.6875,45.21875,44.34375,45.21875,25.245376586914062,3386600
1997-11-04,45.125,46.4375,44.875,46.375,25.890907287597656,4015000
1997-11-05,46.5625,47.21875,46.3125,47.09375,26.29216957092285,4177000
1997-11-06,47.09375,47.09375,46.34375,46.5,25.96068572998047,2999200
1997-11-07,45.59375,46.25,44.75,45.125,25.193038940429688,3345000
1997-11-10,45.625,46.28125,44.625,44.625,24.913888931274414,2813600
1997-11-11,44.96875,45.15625,44.1875,44.34375,24.756872177124023,2223400
1997-11-12,43.90625,45.375,43.5,43.59375,24.338159561157227,2786200
1997-11-13,44.25,44.5,41.5,43.0,24.006671905517578,5317200
1997-11-14,43.46875,43.9375,42.78125,43.125,24.076452255249023,3562000
1997-11-17,43.75,44.59375,42.875,44.09375,24.617305755615234,3859200
1997-11-18,44.53125,44.53125,41.625,41.8125,23.34368896484375,5380200
1997-11-19,41.875,42.125,40.6875,41.125,22.959857940673828,7091200
1997-11-20,41.9375,43.0625,41.53125,41.90625,23.396032333374023,5969800
1997-11-21,42.0625,43.1875,41.8125,42.4375,23.6926212310791,5002400
1997-11-24,42.375,42.6875,40.59375,40.8125,22.785388946533203,3554000
1997-11-25,41.0,41.59375,40.0,40.875,22.82028579711914,6629600
1997-11-26,40.875,41.3125,40.625,40.78125,22.767942428588867,3791200
1997-11-28,41.25,41.5625,41.03125,41.15625,22.977304458618164,871800
1997-12-01,41.15625,41.15625,38.9375,39.03125,21.790935516357422,11421600
1997-12-02,39.5,40.5625,39.25,40.4375,22.576026916503906,7908400
1997-12-03,41.21875,41.8125,40.65625,41.03125,22.90752410888672,5419400
1997-12-04,41.1875,43.0,40.9375,41.25,23.029644012451172,6613400
1997-12-05,41.4375,43.46875,41.4375,43.25,24.146223068237305,4853200
1997-12-08,44.25,44.25,43.3125,43.75,24.425378799438477,3186400
1997-12-09,43.78125,44.21875,42.6875,42.75,23.86709213256836,4474600
1997-12-10,42.75,43.03125,41.9375,42.21875,23.570493698120117,3811400
1997-12-11,41.96875,41.96875,40.3125,40.40625,22.55859375,4559800
1997-12-12,40.75,41.3125,39.78125,39.84375,22.244537353515625,5728400
1997-12-15,39.875,40.125,38.0,39.28125,21.930490493774414,5754400
1997-12-16,40.125,40.46875,38.6875,39.5,22.052623748779297,5136600
1997-12-17,39.625,40.25,38.84375,39.0,21.773483276367188,5784000
1997-12-18,39.0,39.6875,38.3125,38.5625,21.529237747192383,4456600
1997-12-19,38.46875,38.46875,36.90625,37.40625,20.883710861206055,7421800
1997-12-22,37.84375,37.84375,36.5625,36.875,20.58710479736328,4898200
1997-12-23,37.5625,37.5625,36.3125,36.46875,20.36029815673828,4464800
1997-12-24,36.875,37.0625,36.1875,36.78125,20.587833404541016,2803400
1997-12-26,36.875,37.09375,36.3125,36.46875,20.41290855407715,1060800
1997-12-29,36.75,37.90625,36.75,37.5625,21.02512550354004,4069600
1997-12-30,38.09375,39.625,37.84375,39.625,22.17958641052246,5688600
1997-12-31,39.75,40.9375,39.75,40.25,22.5294246673584,3860800
1998-01-02,40.375,40.375,39.875,40.34375,22.581892013549805,2626800
1998-01-05,40.34375,40.5625,38.5625,38.8125,21.724803924560547,6709400
1998-01-06,38.1875,38.3125,36.625,37.40625,20.93767547607422,8116600
1998-01-07,37.5,38.1875,36.5625,38.09375,21.32248306274414,10080400
1998-01-08,37.53125,37.9375,36.5625,36.8125,20.605327606201172,7413800
1998-01-09,36.5,36.5,34.8125,34.875,19.520837783813477,9044400
1998-01-12,34.0625,35.875,34.0,34.78125,19.468364715576172,8921600
1998-01-13,35.75,36.21875,35.40625,35.9375,20.115554809570312,6331800
1998-01-14,36.875,37.09375,36.125,36.8125,20.605327606201172,5357200
1998-01-15,38.0,38.28125,36.625,37.28125,20.867706298828125,5587600
1998-01-16,37.46875,39.09375,37.46875,38.96875,21.81226348876953,5701800
1998-01-20,39.6875,40.0625,39.28125,40.0625,22.424467086791992,4665200
1998-01-21,39.8125,40.75,39.0625,40.75,22.809289932250977,5629000
1998-01-22,38.625,38.625,35.5,35.78125,20.02809715270996,21124800
1998-01-23,36.25,36.4375,34.6875,35.125,19.660757064819336,11963600
1998-01-26,36.0,36.25,34.6875,36.125,20.22051239013672,8698800
1998-01-27,36.1875,36.5625,35.5625,35.9375,20.115554809570312,6324000
1998-01-28,36.46875,37.1875,36.0,37.1875,20.815223693847656,5567400
1998-01-29,37.625,39.09375,37.4375,38.03125,21.28750228881836,7222400
1998-01-30,38.0625,38.125,36.5625,36.84375,20.622821807861328,4571600
1998-02-02,37.59375,37.59375,36.28125,36.65625,20.517860412597656,9307600
1998-02-03,36.65625,37.28125,36.25,36.96875,20.692785263061523,5456200
1998-02-04,36.96875,38.75,36.9375,38.375,21.479907989501953,7244200
1998-02-05,38.59375,39.4375,38.40625,38.5,21.549882888793945,7948000
1998-02-06,38.46875,38.875,38.15625,38.4375,21.514904022216797,4022200
1998-02-09,38.5625,38.75,37.40625,37.6875,21.0950927734375,3857800
1998-02-10,38.125,38.53125,37.71875,38.03125,21.28750228881836,4826000
1998-02-11,38.03125,38.46875,37.78125,37.875,21.200040817260742,4612600
1998-02-12,37.5,37.59375,36.78125,37.59375,21.04261589050293,7461200
1998-02-13,37.5,38.3125,37.5,38.125,21.339977264404297,5350800
1998-02-17,38.34375,38.34375,36.5625,36.84375,20.622821807861328,6401400
1998-02-18,37.0,37.5,36.6875,37.4375,20.955158233642578,9281200
1998-02-19,37.4375,37.96875,37.09375,37.6875,21.148191452026367,6940400
1998-02-20,37.625,37.625,37.125,37.25,20.90268325805664,5229400
1998-02-23,37.1875,37.40625,35.75,36.03125,20.21879768371582,9252800
1998-02-24,36.125,36.375,35.1875,35.40625,19.868085861206055,7982800
1998-02-25,35.9375,36.96875,35.5625,36.8125,20.657194137573242,5338200
1998-02-26,37.6875,38.5,37.375,37.9375,21.28848648071289,7276800
1998-02-27,37.84375,38.15625,37.5,37.8125,21.218339920043945,4481200
1998-03-02,37.28125,39.25,37.28125,38.90625,21.83209228515625,5164400
1998-03-03,38.53125,39.5625,38.0,39.46875,22.147737503051758,7549200
1998-03-04,39.5,40.25,38.375,38.5625,21.639190673828125,6274400
1998-03-05,37.8125,39.3125,37.8125,38.0,21.32355499267578,6481400
1998-03-06,38.25,38.28125,36.21875,36.9375,20.72734832763672,8658800
1998-03-09,36.875,36.875,35.46875,35.53125,19.938232421875,8401000
1998-03-10,35.53125,36.34375,35.125,36.25,20.341541290283203,13160400
1998-03-11,36.46875,36.75,35.25,35.75,20.06097984313965,10922200
1998-03-12,35.71875,35.71875,34.84375,35.4375,19.88561248779297,13071600
1998-03-13,35.46875,36.0,35.03125,35.8125,20.096040725708008,8668200
1998-03-16,35.6875,35.75,34.84375,34.90625,19.587507247924805,8446000
1998-03-17,35.0,35.03125,32.9375,33.5625,18.833471298217773,20208600
1998-03-18,33.75,35.25,33.71875,35.21875,19.762855529785156,15292200
1998-03-19,35.75,35.9375,34.71875,35.8125,20.096040725708008,12115600
1998-03-20,36.0625,36.9375,35.8125,36.78125,20.639667510986328,9140000
1998-03-23,39.75,40.0625,38.5,39.0625,21.919761657714844,15685400
1998-03-24,38.75,38.9375,38.53125,38.6875,21.709339141845703,6043600
1998-03-25,38.96875,39.71875,38.5625,39.25,22.024986267089844,6010600
1998-03-26,39.1875,39.8125,39.125,39.4375,22.130197525024414,6789200
1998-03-27,39.75,39.78125,38.90625,39.0,21.88470458984375,6439800
1998-03-30,39.0625,39.375,38.1875,38.5,21.6041259765625,3631800
1998-03-31,38.375,38.375,37.53125,37.875,21.253400802612305,4284600
1998-04-01,38.15625,39.3125,38.0625,38.9375,21.84963035583496,6576000
1998-04-02,39.09375,39.25,37.96875,38.625,21.674270629882812,4472000
1998-04-03,38.96875,39.09375,37.71875,37.84375,21.235876083374023,3788200
1998-04-06,37.875,38.09375,37.34375,37.375,20.97283363342285,3644000
1998-04-07,37.375,37.46875,36.65625,36.8125,20.657194137573242,3877400
1998-04-08,36.875,37.5625,36.65625,37.0625,20.797473907470703,3766400
1998-04-09,37.0625,37.46875,36.8125,37.1875,20.86762237548828,3311000
1998-04-13,37.15625,37.625,36.375,36.5,20.481836318969727,3267800
1998-04-14,36.5,37.4375,36.3125,37.28125,20.920230865478516,3884600
1998-04-15,37.34375,39.25,37.25,39.25,22.024986267089844,5541800
1998-04-16,39.25,39.59375,38.40625,39.25,22.024986267089844,5239800
1998-04-17,38.875,39.21875,38.53125,38.78125,21.761940002441406,4506800
1998-04-20,39.0,39.625,38.3125,38.46875,21.58659553527832,6437600
1998-04-21,38.8125,40.3125,38.6875,40.3125,22.621213912963867,6316200
1998-04-22,40.5,40.75,39.65625,39.6875,22.270483016967773,5676200
1998-04-23,39.5625,40.21875,39.375,39.5,22.165267944335938,3758600
1998-04-24,39.375,39.5,38.8125,38.875,21.814552307128906,3406200
1998-04-27,38.5,38.78125,37.75,38.46875,21.58659553527832,4143600
1998-04-28,38.84375,39.21875,38.5625,39.21875,22.007444381713867,3057800
1998-04-29,39.5,41.875,39.4375,41.71875,23.41031837463379,8013200
1998-04-30,41.25,42.09375,40.84375,41.5,23.287561416625977,6265000
1998-05-01,41.8125,43.375,41.125,42.78125,24.00652503967285,6164000
1998-05-04,42.5625,42.75,41.9375,42.0,23.56813621520996,4102800
1998-05-05,41.875,42.6875,41.5625,42.25,23.708431243896484,5877800
1998-05-06,41.90625,42.25,41.28125,41.75,23.427854537963867,4026800
1998-05-07,41.625,41.71875,40.625,40.75,22.866701126098633,3376000
1998-05-08,40.75,41.75,40.59375,41.21875,23.12973403930664,4440200
1998-05-11,41.625,42.125,40.90625,41.0,23.007003784179688,4499600
1998-05-12,41.125,41.59375,40.96875,41.21875,23.12973403930664,2345600
1998-05-13,41.21875,41.75,40.84375,41.21875,23.12973403930664,3426800
1998-05-14,41.0,41.3125,40.875,41.0625,23.04206085205078,2813200
1998-05-15,41.25,41.5,40.625,40.84375,22.9193115234375,3982200
1998-05-18,40.65625,40.75,39.53125,39.9375,22.410783767700195,3027200
1998-05-19,40.5625,40.625,39.65625,40.0,22.44584846496582,4439400
1998-05-20,40.25,40.3125,39.125,39.875,22.37570571899414,4182400
1998-05-21,39.96875,40.34375,39.28125,39.59375,22.217884063720703,3760800
1998-05-22,39.375,39.71875,39.3125,39.65625,22.252962112426758,2135800
1998-05-26,39.75,39.875,38.59375,38.78125,21.761940002441406,3662400
1998-05-27,38.5,38.65625,37.5625,38.3125,21.498905181884766,5150800
1998-05-28,38.25,39.0,37.40625,38.75,21.74441146850586,4155000
1998-05-29,38.78125,39.21875,38.40625,39.03125,21.955509185791016,4622800
1998-06-01,38.75,38.84375,37.3125,37.4375,21.058998107910156,3806600
1998-06-02,37.625,38.46875,37.28125,38.03125,21.392982482910156,3838600
1998-06-03,38.15625,38.15625,37.03125,37.03125,20.830482482910156,3961600
1998-06-04,37.625,38.59375,37.5625,38.4375,21.621498107910156,5180200
1998-06-05,38.875,39.59375,38.8125,39.5625,22.254335403442383,4102600
1998-06-08,39.5625,39.5625,38.3125,38.4375,21.621498107910156,3349800
1998-06-09,38.09375,38.25,37.28125,37.40625,21.041419982910156,4470200
1998-06-10,37.4375,37.4375,36.59375,36.84375,20.725013732910156,4722400
1998-06-11,36.875,36.90625,35.25,35.40625,19.91639518737793,7660800
1998-06-12,35.40625,36.375,34.90625,36.375,20.46132469177246,8261600
1998-06-15,35.625,35.75,34.375,34.40625,19.353883743286133,5715800
1998-06-16,34.90625,36.0,34.75,35.375,19.89881134033203,6601400
1998-06-17,36.5,37.0,36.1875,36.34375,20.443748474121094,4580200
1998-06-18,36.1875,36.1875,34.875,34.96875,19.6702938079834,5139600
1998-06-19,34.625,34.96875,33.015625,33.125,18.633159637451172,30639600
1998-06-22,33.125,33.71875,33.0,33.6875,18.949573516845703,11559200
1998-06-23,33.96875,34.5625,33.90625,34.0,19.1253662109375,9715600
1998-06-24,34.875,34.875,34.125,34.375,19.336299896240234,9715200
1998-06-25,34.6875,34.6875,33.53125,33.78125,19.0023136138916,7944400
1998-06-26,34.15625,34.15625,33.15625,33.375,18.7737979888916,4996200
1998-06-29,33.4375,34.15625,33.1875,33.96875,19.107784271240234,6250000
1998-06-30,34.46875,34.53125,34.09375,34.15625,19.2132625579834,5912800
1998-07-01,34.4375,34.4375,33.375,33.53125,18.861690521240234,4822600
1998-07-02,33.53125,34.25,33.40625,34.09375,19.178096771240234,5163000
1998-07-06,34.34375,34.34375,33.75,33.90625,19.0726318359375,5064000
1998-07-07,33.875,33.96875,33.375,33.375,18.7737979888916,5299600
1998-07-08,33.59375,34.5625,33.59375,33.78125,19.0023136138916,6487400
1998-07-09,33.78125,34.03125,33.25,33.6875,18.949573516845703,4671200
1998-07-10,33.6875,34.125,33.15625,33.65625,18.932004928588867,6840800
1998-07-13,33.75,34.0,32.5625,32.8125,18.457382202148438,7738800
1998-07-14,33.0625,34.0625,32.8125,33.84375,19.037466049194336,7753800
1998-07-15,34.5,34.96875,34.28125,34.78125,19.56483268737793,7075000
1998-07-16,34.84375,34.875,34.3125,34.34375,19.3187313079834,5400800
1998-07-17,34.5625,34.71875,33.53125,33.59375,18.896841049194336,4298200
1998-07-20,33.625,33.75,32.40625,32.4375,18.246442794799805,9527800
1998-07-21,32.71875,32.875,32.0,32.375,18.211280822753906,7040800
1998-07-22,32.21875,33.09375,31.53125,32.84375,18.474958419799805,6975000
1998-07-23,32.75,32.84375,31.0625,31.0625,17.472986221313477,7496600
1998-07-24,31.09375,31.09375,29.9375,30.4375,17.121416091918945,7249800
1998-07-27,30.15625,31.1875,30.15625,31.1875,17.543298721313477,7005200
1998-07-28,31.0625,31.375,30.0625,30.4375,17.121416091918945,5809800
1998-07-29,30.53125,30.90625,30.0625,30.21875,16.99837303161621,4845400
1998-07-30,30.375,31.34375,30.3125,31.34375,17.631195068359375,7114200
1998-07-31,31.34375,31.34375,30.0625,30.28125,17.033523559570312,3717000
1998-08-03,30.3125,30.5625,29.625,29.75,16.73468780517578,4857800
1998-08-04,30.09375,30.15625,28.5625,28.59375,16.08428955078125,8048800
1998-08-05,29.125,29.15625,27.1875,28.125,15.82061767578125,9459400
1998-08-06,28.0,29.09375,27.84375,28.71875,16.15461540222168,7921800
1998-08-07,29.09375,30.1875,29.03125,29.15625,16.40070343017578,9245400
1998-08-10,28.8125,29.125,28.03125,28.125,15.82061767578125,6454400
1998-08-11,28.0,28.0625,27.1875,27.5,15.469043731689453,7088200
1998-08-12,28.0,28.21875,27.5,28.0,15.750290870666504,5907000
1998-08-13,28.125,28.46875,27.40625,27.40625,15.416311264038086,6684400
1998-08-14,27.6875,27.84375,26.15625,26.1875,14.730751037597656,7767800
1998-08-17,26.25,26.25,25.5,25.875,14.554964065551758,6387800
1998-08-18,25.875,26.96875,25.65625,26.9375,15.152630805969238,7684200
1998-08-19,27.8125,28.34375,27.5625,27.71875,15.592094421386719,8989200
1998-08-20,27.65625,27.9375,27.0625,27.5625,15.504205703735352,6917800
1998-08-21,27.375,27.65625,26.375,27.5625,15.504205703735352,5902400
1998-08-24,27.53125,27.8125,27.0,27.625,15.539351463317871,5379000
1998-08-25,27.40625,27.71875,26.8125,27.125,15.258105278015137,5865600
1998-08-26,26.4375,26.625,25.53125,25.90625,14.572542190551758,8146200
1998-08-27,25.375,25.875,23.71875,24.0,13.500259399414062,10785000
1998-08-28,24.25,24.625,23.84375,24.4375,13.746354103088379,7086600
1998-08-31,24.5625,24.78125,21.71875,21.90625,12.370079040527344,9416400
1998-09-01,22.03125,23.3125,21.8125,23.3125,13.164162635803223,13241400
1998-09-02,23.5,24.15625,22.8125,22.9375,12.952413558959961,10254400
1998-09-03,22.375,23.625,22.125,23.625,13.340625762939453,13082600
1998-09-04,23.875,25.0625,23.15625,25.0,14.1170654296875,12651600
1998-09-08,25.875,25.90625,24.125,24.75,13.97590160369873,9217600
1998-09-09,24.625,24.71875,23.84375,24.03125,13.57003402709961,7474800
1998-09-10,24.21875,25.65625,24.09375,24.5,13.834735870361328,13835400
1998-09-11,24.8125,26.0625,24.71875,25.5625,14.434704780578613,14034600
1998-09-14,26.4375,26.71875,26.15625,26.28125,14.840571403503418,9994800
1998-09-15,26.25,26.25,25.5625,25.96875,14.664101600646973,6162400
1998-09-16,26.21875,26.8125,26.03125,26.4375,14.928802490234375,7952400
1998-09-17,25.3125,25.96875,25.3125,25.5,14.399413108825684,9110200
1998-09-18,25.28125,25.34375,24.4375,24.9375,14.081770896911621,8800200
1998-09-21,24.125,25.625,24.03125,24.96875,14.099420547485352,5661400
1998-09-22,24.90625,24.9375,24.15625,24.6875,13.94059944152832,6121200
1998-09-23,25.25,26.625,25.0625,26.4375,14.928802490234375,9008600
1998-09-24,25.9375,26.0,25.0625,25.1875,14.222943305969238,5776000
1998-09-25,24.8125,25.59375,24.71875,25.40625,14.346471786499023,7416000
1998-09-28,25.5,26.125,25.125,25.15625,14.205297470092773,5881600
1998-09-29,25.34375,26.375,25.34375,26.25,14.822927474975586,5760800
1998-09-30,25.6875,25.875,25.15625,25.4375,14.364121437072754,5324200
1998-10-01,25.25,25.96875,24.125,24.46875,13.817079544067383,6635800
1998-10-02,24.40625,24.6875,23.6875,24.28125,13.711210250854492,7056200
1998-10-05,24.46875,24.71875,23.53125,23.75,13.411215782165527,4507800
1998-10-06,23.9375,24.3125,23.4375,23.875,13.481799125671387,4757600
1998-10-07,23.9375,24.125,22.5625,22.84375,12.899471282958984,5266600
1998-10-08,22.375,22.5625,21.25,21.9375,12.387724876403809,7124600
1998-10-09,22.125,22.46875,21.6875,22.0,12.423023223876953,5917600
1998-10-12,22.28125,23.21875,22.28125,23.09375,13.040639877319336,5079400
1998-10-13,23.09375,23.375,21.8125,22.25,12.564192771911621,6458400
1998-10-14,22.34375,22.59375,21.84375,22.53125,12.72300910949707,5190800
1998-10-15,22.5,23.625,22.46875,23.5625,13.305333137512207,6803600
1998-10-16,24.34375,26.125,24.25,26.0,14.68174934387207,13068000
1998-10-19,25.875,26.625,25.3125,25.9375,14.64645767211914,8846200
1998-10-20,25.5,26.21875,25.3125,25.4375,14.364121437072754,7579400
1998-10-21,25.5625,26.375,25.4375,26.25,14.822927474975586,8944000
1998-10-22,26.375,27.0,25.78125,26.75,15.105263710021973,7959800
1998-10-23,26.125,26.28125,25.5,25.625,14.46999740600586,4648000
1998-10-26,25.75,26.71875,25.1875,26.1875,14.78763198852539,8044000
1998-10-27,26.65625,27.375,25.875,25.875,14.611166000366211,8816400
1998-10-28,25.5,26.46875,25.3125,26.03125,14.699398040771484,4990200
1998-10-29,26.1875,26.59375,25.46875,25.625,14.46999740600586,4121400
1998-10-30,25.875,26.59375,25.4375,26.25,14.822927474975586,5347200
1998-11-02,27.1875,27.875,27.125,27.625,15.599357604980469,9841800
1998-11-03,27.75,27.9375,26.9375,27.4375,15.493481636047363,6713400
1998-11-04,27.5,27.59375,26.90625,27.21875,15.369956016540527,8385000
1998-11-05,27.125,28.15625,26.90625,28.03125,15.828761100769043,6733400
1998-11-06,28.09375,28.90625,27.5,28.46875,16.07581329345703,6854600
1998-11-09,28.46875,29.125,27.78125,27.90625,15.758173942565918,4812000
1998-11-10,27.59375,27.625,26.5,26.59375,15.0170259475708,7599200
1998-11-11,26.875,27.0625,25.65625,25.96875,14.664101600646973,6104600
1998-11-12,26.4375,26.65625,25.5625,25.875,14.611166000366211,6321000
1998-11-13,26.3125,26.46875,25.625,25.90625,14.62880802154541,4395200
1998-11-16,25.59375,25.625,25.0,25.25,14.258233070373535,5965400
1998-11-17,25.40625,25.6875,25.25,25.375,14.328817367553711,3853800
1998-11-18,25.25,25.46875,24.375,24.84375,14.028837203979492,7294600
1998-11-19,25.0,25.125,24.3125,24.875,14.046478271484375,5852800
1998-11-20,25.34375,26.0625,25.21875,25.71875,14.522933959960938,7822400
1998-11-23,25.6875,25.6875,24.78125,24.9375,14.081770896911621,7803200
1998-11-24,24.84375,25.65625,24.71875,24.75,13.97590160369873,7187400
1998-11-25,24.9375,25.34375,24.65625,24.75,13.97590160369873,5319000
1998-11-27,24.75,24.75,23.9375,24.0,13.552390098571777,5826400
1998-11-30,23.65625,23.71875,22.1875,22.34375,12.617130279541016,14679600
1998-12-01,22.28125,22.5625,21.25,21.53125,12.158329963684082,18276400
1998-12-02,21.5625,21.5625,20.34375,20.8125,11.752453804016113,18986800
1998-12-03,20.8125,21.40625,20.375,20.65625,11.664230346679688,17993600
1998-12-04,20.59375,20.8125,20.03125,20.625,11.64658260345459,15774600
1998-12-07,20.84375,22.125,20.84375,22.03125,12.440666198730469,16991400
1998-12-08,22.125,22.3125,21.25,21.25,11.999507904052734,15755000
1998-12-09,21.5,21.8125,21.0,21.75,12.281850814819336,10526200
1998-12-10,21.71875,22.28125,21.25,21.84375,12.33479118347168,9845000
1998-12-11,21.59375,22.1875,21.53125,21.84375,12.33479118347168,6172400
1998-12-14,21.9375,22.90625,21.875,22.46875,12.687719345092773,9555600
1998-12-15,22.75,22.78125,21.78125,21.9375,12.387724876403809,7866200
1998-12-16,22.875,23.9375,22.65625,23.34375,13.181812286376953,11405800
1998-12-17,23.125,23.125,22.03125,22.46875,12.687719345092773,7922000
1998-12-18,22.25,22.75,22.1875,22.3125,12.599483489990234,7384400
1998-12-21,22.15625,22.46875,21.78125,22.0390625,12.44508171081543,10221200
1998-12-22,22.0625,22.78125,22.0625,22.21875,12.546544075012207,7492000
1998-12-23,22.28125,24.0,22.28125,23.9375,13.517095565795898,6906400
1998-12-24,23.78125,24.0,23.625,24.0,13.605818748474121,2847600
1998-12-28,23.875,23.90625,23.125,23.6875,13.428656578063965,4842800
1998-12-29,23.25,23.5,22.625,23.4375,13.286924362182617,7927800
1998-12-30,23.40625,23.40625,22.625,22.8125,12.932608604431152,5067200
1998-12-31,22.5625,23.6875,22.5625,23.1875,13.145200729370117,8038200
1999-01-04,23.3125,24.15625,23.3125,23.90625,13.552661895751953,6812400
1999-01-05,24.03125,24.3125,23.625,23.875,13.53494930267334,5456400
1999-01-06,24.5,25.75,24.34375,25.65625,14.544756889343262,9907200
1999-01-07,25.15625,26.75,24.96875,26.6875,15.12938117980957,12249600
1999-01-08,26.65625,26.96875,26.0,26.03125,14.75734806060791,8321600
1999-01-11,26.125,26.65625,26.0,26.4375,14.987653732299805,8098600
1999-01-12,26.5625,26.78125,25.5,25.5,14.456181526184082,6900200
1999-01-13,24.6875,24.8125,24.1875,24.5,13.889277458190918,8112800
1999-01-14,24.4375,24.90625,23.9375,24.0625,13.641242027282715,5536000
1999-01-15,24.25,24.75,24.0,24.6875,13.995558738708496,4657800
1999-01-19,24.65625,24.9375,24.34375,24.875,14.101851463317871,5761400
1999-01-20,25.0625,25.0625,23.75,24.125,13.676678657531738,6593000
1999-01-21,24.25,25.28125,24.25,24.9375,14.137285232543945,10441200
1999-01-22,25.5625,25.75,25.34375,25.75,14.597909927368164,7725000
1999-01-25,25.75,25.75,24.96875,25.0,14.172721862792969,4101800
1999-01-26,24.78125,24.84375,23.5,24.0,13.605818748474121,6266400
1999-01-27,24.125,24.40625,23.5625,23.5625,13.357789039611816,5149200
1999-01-28,23.59375,23.96875,23.0,23.21875,13.162915229797363,5703000
1999-01-29,23.09375,23.90625,22.71875,23.8125,13.499517440795898,6253400
1999-02-01,23.75,24.25,23.59375,23.875,13.53494930267334,5360600
1999-02-02,23.875,24.96875,23.75,24.8125,14.066426277160645,8198200
1999-02-03,24.96875,26.375,24.90625,26.21875,14.86363697052002,9922200
1999-02-04,26.25,26.25,25.6875,25.71875,14.580184936523438,6216600
1999-02-05,25.59375,26.5,25.59375,26.5,15.023094177246094,6898600
1999-02-08,26.15625,26.40625,25.8125,26.0625,14.775064468383789,4516200
1999-02-09,26.1875,26.1875,25.125,25.1875,14.279014587402344,4036600
1999-02-10,25.40625,25.75,25.3125,25.40625,14.403029441833496,3092400
1999-02-11,25.375,25.96875,25.15625,25.96875,14.721912384033203,3698600
1999-02-12,25.9375,26.28125,25.15625,25.15625,14.261299133300781,2961000
1999-02-16,25.15625,25.34375,24.78125,24.84375,14.084145545959473,4986400
1999-02-17,24.53125,24.75,24.3125,24.3125,13.782968521118164,3296800
1999-02-18,24.46875,25.375,24.09375,25.125,14.243582725524902,4477800
1999-02-19,24.90625,24.90625,24.5625,24.59375,13.942416191101074,3190000
1999-02-22,24.5625,24.84375,24.125,24.25,13.800287246704102,5007000
1999-02-23,24.25,24.625,23.9375,24.0625,13.800278663635254,7351600
1999-02-24,23.8125,24.59375,23.8125,24.03125,13.782363891601562,7286000
1999-02-25,23.875,24.9375,23.84375,24.4375,14.015361785888672,6808200
1999-02-26,24.6875,24.8125,24.125,24.28125,13.925738334655762,4180400
1999-03-01,24.28125,24.6875,24.0,24.34375,13.961587905883789,3037000
1999-03-02,24.28125,24.75,24.28125,24.75,14.194587707519531,3142000
1999-03-03,25.0,25.9375,24.96875,25.875,14.839788436889648,8033000
1999-03-04,25.96875,28.25,25.75,28.1875,16.166057586669922,14836800
1999-03-05,28.59375,28.59375,27.25,27.5,15.77175521850586,10448200
1999-03-08,27.96875,28.5625,27.875,27.875,15.986823081970215,8938200
1999-03-09,27.75,28.1875,27.25,27.65625,15.861369132995605,7305000
1999-03-10,28.21875,29.3125,28.03125,29.25,16.77541732788086,18893400
1999-03-11,29.5,29.625,28.34375,28.5,16.34527587890625,14213000
1999-03-12,29.0,29.15625,28.0625,28.21875,16.183977127075195,10827200
1999-03-15,27.78125,28.4375,27.25,28.4375,16.309429168701172,5915600
1999-03-16,28.375,28.625,27.53125,27.9375,16.022676467895508,5775000
1999-03-17,28.3125,29.90625,28.28125,29.875,17.133865356445312,9778000
1999-03-18,30.0625,30.3125,29.375,29.5625,16.954639434814453,9898200
1999-03-19,29.625,29.6875,28.5,28.53125,16.363197326660156,9161600
1999-03-22,28.875,29.46875,28.65625,29.40625,16.865028381347656,5174000
1999-03-23,29.0,29.15625,28.34375,28.4375,16.309429168701172,4675400
1999-03-24,29.0,29.125,27.9375,28.0,16.058513641357422,5282800
1999-03-25,28.09375,29.125,27.65625,29.125,16.703725814819336,5567200
1999-03-26,29.3125,30.0,29.03125,29.75,17.06217384338379,5717800
1999-03-29,30.25,31.15625,30.25,30.96875,17.761150360107422,9302400
1999-03-30,30.96875,31.0625,30.59375,30.96875,17.761150360107422,6785600
1999-03-31,30.96875,30.96875,29.8125,30.09375,17.259323120117188,5788200
1999-04-01,29.5,29.5,29.0,29.0,16.632041931152344,4967000
1999-04-05,29.25,29.6875,29.1875,29.1875,16.739564895629883,4991800
1999-04-06,29.625,29.6875,28.84375,28.9375,16.59619140625,3603600
1999-04-07,28.9375,28.9375,27.75,27.75,15.915133476257324,4943400
1999-04-08,27.78125,28.3125,27.78125,28.15625,16.14812469482422,6345600
1999-04-09,28.40625,29.4375,28.0,29.15625,16.721651077270508,5003000
1999-04-12,29.5,29.8125,28.90625,28.90625,16.578266143798828,4757600
1999-04-13,28.90625,29.46875,28.78125,29.0625,16.667882919311523,4349200
1999-04-14,28.75,28.78125,28.25,28.28125,16.219812393188477,4045000
1999-04-15,28.5,30.75,28.3125,30.5,17.4923095703125,9299600
1999-04-16,30.625,32.0625,30.0,30.59375,17.546079635620117,15373800
1999-04-19,32.25,32.9375,31.1875,31.21875,17.904529571533203,10395600
1999-04-20,30.96875,31.0,30.0,30.3125,17.384780883789062,6278000
1999-04-21,30.4375,31.125,30.0,30.1875,17.313087463378906,5984400
1999-04-22,30.53125,31.84375,30.0,31.8125,18.245046615600586,6450600
1999-04-23,31.375,31.59375,30.375,30.4375,17.456462860107422,4742800
1999-04-26,30.15625,30.1875,29.53125,29.96875,17.18763542175293,3719000
1999-04-27,29.96875,30.6875,29.71875,29.9375,17.16970443725586,7286800
1999-04-28,30.875,32.09375,30.78125,31.75,18.20921516418457,7689000
1999-04-29,31.96875,32.75,31.09375,32.5,18.63934898376465,10686800
1999-04-30,32.5,32.5,31.625,31.9375,18.316741943359375,4896200
1999-05-03,31.5,32.8125,31.0625,32.6875,18.74688148498535,7197800
1999-05-04,32.5,32.9375,31.90625,32.1875,18.460126876831055,5359400
1999-05-05,31.75,32.25,30.8125,32.1875,18.460126876831055,6380200
1999-05-06,32.0625,32.09375,31.25,31.59375,18.11958885192871,3262000
1999-05-07,31.5,31.71875,30.59375,31.25,17.92245864868164,5244000
1999-05-10,31.3125,31.96875,30.9375,31.21875,17.904529571533203,4673200
1999-05-11,31.125,31.125,30.625,30.90625,17.72530174255371,3447200
1999-05-12,30.5,31.46875,30.0625,31.0,17.779069900512695,4801200
1999-05-13,31.40625,32.1875,31.1875,31.53125,18.083755493164062,4143200
1999-05-14,31.65625,32.21875,30.625,30.9375,17.74322509765625,4421200
1999-05-17,30.625,31.0,30.34375,30.625,17.56400489807129,2801200
1999-05-18,30.5,30.53125,29.84375,30.09375,17.259323120117188,5537000
1999-05-19,29.75,30.46875,29.25,29.5,16.918792724609375,8396400
1999-05-20,29.53125,30.0625,29.125,29.75,17.06217384338379,5590400
1999-05-21,30.09375,30.5625,29.9375,30.53125,17.51023292541504,5128200
1999-05-24,30.96875,31.125,29.0,29.03125,16.649959564208984,4239400
1999-05-25,29.0,29.9375,28.625,28.84375,16.542423248291016,4440800
1999-05-26,29.375,31.0,29.3125,30.59375,17.546079635620117,5006600
1999-05-27,30.3125,31.03125,29.5625,30.0,17.2055606842041,4122200
1999-05-28,30.0,30.5,29.78125,30.09375,17.259323120117188,3484000
1999-06-01,29.75,29.75,29.3125,29.625,16.9904842376709,4843200
1999-06-02,29.875,30.46875,29.84375,30.0,17.2055606842041,5923800
1999-06-03,30.84375,31.09375,30.21875,30.21875,17.331008911132812,8082400
1999-06-04,30.5625,30.6875,29.875,30.46875,17.52891731262207,4488400
1999-06-07,30.40625,31.59375,30.25,31.0625,17.870506286621094,4636400
1999-06-08,30.9375,31.3125,30.03125,30.34375,17.457008361816406,4212400
1999-06-09,29.90625,30.09375,29.625,29.90625,17.205299377441406,5478000
1999-06-10,29.875,30.59375,29.875,30.03125,17.27721405029297,5038000
1999-06-11,29.9375,30.84375,29.9375,30.65625,17.636781692504883,4850400
1999-06-14,30.90625,31.4375,30.125,31.1875,17.942420959472656,4224800
1999-06-15,31.0,32.1875,30.6875,32.125,18.481767654418945,5199200
1999-06-16,32.25,32.25,31.0625,31.125,17.906463623046875,5886000
1999-06-17,31.03125,32.03125,31.03125,31.75,18.266035079956055,4511800
1999-06-18,31.90625,32.46875,31.625,32.25,18.553678512573242,7553800
1999-06-21,32.15625,32.15625,30.8125,31.5,18.122211456298828,4672800
1999-06-22,31.125,31.75,30.25,30.40625,17.492961883544922,4697200
1999-06-23,30.71875,31.15625,30.28125,30.4375,17.51093864440918,5534000
1999-06-24,30.3125,30.625,29.53125,29.625,17.04349708557129,6966800
1999-06-25,29.75,29.90625,29.46875,29.59375,17.025522232055664,3648800
1999-06-28,29.5,30.34375,29.40625,29.5625,17.00754737854004,4102400
1999-06-29,29.78125,30.65625,29.625,30.65625,17.636781692504883,4119200
1999-06-30,31.0,31.9375,30.90625,31.84375,18.31995964050293,9510200
1999-07-01,31.5,31.59375,30.8125,30.9375,17.798593521118164,6747000
1999-07-02,30.6875,31.34375,30.5,31.0625,17.870506286621094,4414400
1999-07-06,31.46875,31.84375,30.6875,30.8125,17.72667121887207,10026800
1999-07-07,30.8125,31.25,29.75,30.15625,17.349130630493164,9045400
1999-07-08,31.0,31.4375,30.75,31.375,18.050291061401367,9759200
1999-07-09,31.25,32.4375,31.03125,32.15625,18.499744415283203,6564000
1999-07-12,32.1875,32.5,31.375,32.40625,18.643569946289062,6552600
1999-07-13,32.25,32.3125,31.53125,31.84375,18.31995964050293,8030400
1999-07-14,32.0625,32.625,32.0,32.25,18.553678512573242,5770600
1999-07-15,32.28125,32.34375,31.875,32.28125,18.5716609954834,3326400
1999-07-16,32.1875,32.34375,31.78125,31.8125,18.30198097229004,4029800
1999-07-19,31.8125,31.8125,31.5625,31.625,18.194120407104492,2918200
1999-07-20,31.625,31.65625,30.625,30.625,17.618810653686523,4986400
1999-07-21,30.15625,31.53125,30.15625,31.21875,17.96039581298828,4757200
1999-07-22,30.8125,31.0,30.25,30.5,17.546890258789062,5717400
1999-07-23,30.71875,31.1875,30.375,30.4375,17.51093864440918,2934000
1999-07-26,30.40625,30.875,30.25,30.25,17.40306854248047,2587400
1999-07-27,30.5,30.71875,29.4375,29.5625,17.00754737854004,7204200
1999-07-28,29.5,30.125,29.4375,30.03125,17.27721405029297,7032400
1999-07-29,29.9375,30.65625,29.78125,30.1875,17.367115020751953,5157200
1999-07-30,30.34375,31.15625,30.25,30.28125,17.421051025390625,5181600
1999-08-02,29.9375,30.1875,29.5625,29.84375,17.169349670410156,3659400
1999-08-03,29.8125,30.375,29.8125,30.25,17.40306854248047,2909600
1999-08-04,30.5,31.09375,30.3125,30.78125,17.708696365356445,4413800
1999-08-05,30.75,31.96875,30.5625,31.9375,18.373897552490234,5523800
1999-08-06,31.875,31.9375,31.375,31.65625,18.21209144592285,4603000
1999-08-09,31.59375,33.8125,31.59375,33.71875,19.398670196533203,10542200
1999-08-10,33.71875,33.84375,32.6875,33.1875,19.09303855895996,6129600
1999-08-11,33.3125,33.84375,32.75,33.78125,19.434627532958984,4903800
1999-08-12,33.65625,34.25,33.25,33.25,19.128995895385742,5259000
1999-08-13,33.53125,33.59375,32.5,32.625,18.769420623779297,3892000
1999-08-16,32.59375,32.84375,31.90625,32.375,18.625595092773438,3502800
1999-08-17,32.59375,33.5625,32.46875,33.3125,19.164945602416992,3875600
1999-08-18,33.5,33.65625,32.90625,32.90625,18.93122673034668,3128600
1999-08-19,32.78125,34.0,32.71875,33.625,19.34473419189453,4663600
1999-08-20,33.9375,34.4375,33.6875,33.71875,19.398670196533203,4663200
1999-08-23,33.53125,34.25,33.25,34.21875,19.686315536499023,4249000
1999-08-24,33.875,34.15625,33.5625,33.75,19.416645050048828,3641000
1999-08-25,34.21875,34.34375,32.75,32.875,18.91324806213379,5464600
1999-08-26,33.03125,33.03125,31.9375,32.40625,18.643569946289062,7354400
1999-08-27,32.5,33.3125,32.21875,32.75,18.841331481933594,3314000
1999-08-30,32.75,32.9375,32.09375,32.09375,18.46379280090332,3863600
1999-08-31,32.21875,33.75,32.03125,33.34375,19.18292808532715,6608600
1999-09-01,33.375,33.65625,32.65625,32.90625,18.93122673034668,4282400
1999-09-02,32.125,32.34375,32.0,32.0625,18.44581413269043,3702000
1999-09-03,32.40625,32.59375,32.21875,32.375,18.680356979370117,2659000
1999-09-07,32.4375,34.09375,32.4375,33.75,19.473743438720703,5264200
1999-09-08,33.78125,34.21875,33.40625,33.46875,19.31145668029785,3594600
1999-09-09,33.96875,35.3125,33.96875,35.15625,20.285144805908203,7936800
1999-09-10,35.21875,35.34375,34.875,35.0,20.194988250732422,6859200
1999-09-13,34.75,34.84375,34.15625,34.375,19.83437156677246,5161600
1999-09-14,34.34375,34.6875,32.8125,33.0625,19.07705307006836,5181000
1999-09-15,33.0,33.625,32.25,32.3125,18.644296646118164,6459600
1999-09-16,32.625,32.84375,32.46875,32.5625,18.788549423217773,3299200
1999-09-17,32.625,33.125,32.34375,32.96875,19.022951126098633,3913400
1999-09-20,32.96875,33.1875,31.1875,31.5,18.17549705505371,6632400
1999-09-21,31.5,31.65625,30.34375,30.5,17.598491668701172,10519200
1999-09-22,30.96875,31.28125,30.0625,30.0625,17.346044540405273,5773400
1999-09-23,30.84375,30.96875,29.875,29.90625,17.255891799926758,6140600
1999-09-24,29.9375,29.96875,28.84375,29.65625,17.11163902282715,6394600
1999-09-27,30.0,30.71875,29.71875,30.15625,17.400146484375,5723400
1999-09-28,30.0,30.03125,29.0625,29.3125,16.91330337524414,5692400
1999-09-29,29.96875,30.96875,29.875,30.375,17.526363372802734,7731800
1999-09-30,30.5625,31.21875,30.34375,31.15625,17.977142333984375,6341600
1999-10-01,31.21875,31.65625,31.1875,31.25,18.031238555908203,3572000
1999-10-04,31.40625,31.40625,30.5625,30.875,17.814863204956055,4271800
1999-10-05,30.125,30.34375,28.125,29.15625,16.823148727416992,12830200
1999-10-06,29.28125,29.59375,28.75,28.75,16.588741302490234,6676000
1999-10-07,28.75,28.75,28.15625,28.25,16.300241470336914,6107000
1999-10-08,27.5625,28.0625,26.84375,27.53125,15.885526657104492,9793000
1999-10-11,28.125,28.8125,28.0,28.4375,16.408432006835938,7759400
1999-10-12,28.75,29.0,28.03125,28.03125,16.174022674560547,6906800
1999-10-13,28.5,29.1875,28.15625,28.34375,16.354337692260742,5752600
1999-10-14,28.15625,28.3125,27.5625,27.625,15.939620018005371,4029400
1999-10-15,27.125,27.53125,26.8125,27.1875,15.687177658081055,3815000
1999-10-18,27.5625,27.96875,27.21875,27.375,15.795367240905762,4110800
1999-10-19,27.875,28.78125,27.8125,28.53125,16.462522506713867,5213400
1999-10-20,28.53125,29.5,28.1875,29.28125,16.89527702331543,3678000
1999-10-21,29.71875,29.90625,29.3125,29.5625,17.05755615234375,3093200
1999-10-22,29.90625,30.375,29.84375,30.15625,17.400146484375,4380600
1999-10-25,30.375,30.71875,29.84375,29.9375,17.273921966552734,3784800
1999-10-26,29.96875,30.09375,29.125,29.28125,16.89527702331543,2463800
1999-10-27,30.0,30.21875,29.0625,29.0625,16.769054412841797,5046400
1999-10-28,29.1875,29.6875,28.71875,29.1875,16.841171264648438,5625000
1999-10-29,29.59375,30.53125,29.5,30.28125,17.47227668762207,4412000
1999-11-01,30.625,31.28125,29.875,31.25,18.031238555908203,5709600
1999-11-02,31.03125,31.03125,29.84375,29.9375,17.273921966552734,4911600
1999-11-03,29.9375,30.71875,29.59375,30.3125,17.490306854248047,3700400
1999-11-04,30.5,30.59375,29.6875,30.0625,17.346044540405273,4736200
1999-11-05,30.46875,30.46875,28.375,28.625,16.516613006591797,5960600
1999-11-08,29.09375,30.21875,28.875,30.09375,17.36408805847168,4716800
1999-11-09,30.25,31.28125,30.21875,31.15625,17.977142333984375,4442800
1999-11-10,31.375,32.0,31.09375,31.5,18.17549705505371,6033000
1999-11-11,31.4375,31.71875,30.71875,30.90625,17.832887649536133,3302600
1999-11-12,30.9375,32.25,30.59375,32.25,18.608230590820312,3993800
1999-11-15,32.40625,32.59375,32.0625,32.5,18.75248908996582,6446200
1999-11-16,32.84375,33.65625,32.65625,33.25,19.18523406982422,7792400
1999-11-17,33.125,34.46875,33.125,34.25,19.76223373413086,7369600
1999-11-18,33.875,34.0,33.25,33.34375,19.239336013793945,5449400
1999-11-19,33.53125,33.75,32.875,33.0,19.040987014770508,4753200
1999-11-22,33.9375,34.34375,32.59375,32.625,18.824607849121094,6130600
1999-11-23,32.625,32.625,31.90625,32.1875,18.572179794311523,5425000
1999-11-24,32.375,32.46875,31.40625,31.78125,18.3377685546875,5111000
1999-11-26,31.75,31.75,30.875,31.21875,18.013212203979492,2099200
1999-11-29,30.75,30.78125,29.75,30.25,17.454240798950195,5637000
1999-11-30,30.0,30.90625,29.65625,30.3515625,17.512834548950195,6777200
1999-12-01,30.28125,31.25,29.875,30.5234375,17.61201286315918,6458000
1999-12-02,30.75,31.25,30.4375,30.75,17.742740631103516,6238000
1999-12-03,30.75,30.78125,29.75,29.875,17.237863540649414,4208200
1999-12-06,30.03125,30.34375,29.03125,29.65625,17.11163902282715,5121800
1999-12-07,29.09375,29.90625,28.625,28.6875,16.55267906188965,4803000
1999-12-08,28.375,29.84375,27.6875,29.6875,17.12967300415039,8825600
1999-12-09,29.5,29.625,28.53125,29.0625,16.769054412841797,6255600
1999-12-10,28.3125,28.46875,27.625,28.0625,16.192045211791992,8409800
1999-12-13,28.53125,28.5625,26.96875,27.0,15.57898998260498,8935600
1999-12-14,26.5,27.6875,26.34375,27.46875,15.849459648132324,8541000
1999-12-15,28.09375,29.34375,27.90625,28.734375,16.579723358154297,8918000
1999-12-16,28.5625,29.03125,28.3125,28.59375,16.49857521057129,6250800
1999-12-17,28.34375,28.625,27.5625,27.78125,16.029773712158203,6524800
1999-12-20,27.53125,27.96875,27.5,27.671875,15.96666145324707,4547800
1999-12-21,27.75,28.40625,27.75,27.96875,16.137954711914062,4822000
1999-12-22,28.21875,28.375,27.65625,28.375,16.372364044189453,3459000
1999-12-23,28.15625,29.875,27.90625,29.65625,17.16851234436035,6952600
1999-12-27,29.375,29.78125,29.125,29.125,16.860971450805664,2512800
1999-12-28,29.125,29.71875,28.9375,29.0625,16.824790954589844,2996600
1999-12-29,29.1875,29.875,29.0625,29.84375,17.277069091796875,2988000
1999-12-30,29.75,29.75,29.09375,29.125,16.860971450805664,2339600
1999-12-31,26.5,28.21875,26.5,28.0625,18.316499710083008,3818200
2000-01-03,27.8125,27.84375,26.8125,27.46875,17.928958892822266,7239800
2000-01-04,26.96875,27.78125,26.875,27.09375,17.684194564819336,7963000
2000-01-05,27.03125,27.5,26.75,27.03125,17.643402099609375,4826200
2000-01-06,27.1875,29.03125,27.03125,28.875,18.846820831298828,8005000
2000-01-07,29.21875,30.03125,29.0625,29.40625,19.19357681274414,7368600
2000-01-10,29.375,29.78125,28.9375,29.6875,19.377140045166016,5301600
2000-01-11,29.78125,30.4375,29.21875,30.28125,19.764686584472656,5525600
2000-01-12,30.03125,30.53125,29.53125,29.59375,19.315954208374023,4767600
2000-01-13,29.6875,30.75,29.6875,30.4375,19.866674423217773,4431000
2000-01-14,30.59375,31.1875,30.125,30.75,20.07064437866211,4340400
2000-01-18,31.0,33.375,30.875,33.0625,21.580018997192383,10215200
2000-01-19,33.0,33.25,32.53125,32.9375,21.498424530029297,6894200
2000-01-20,32.40625,32.625,31.625,32.28125,21.070093154907227,5076800
2000-01-21,32.46875,33.8125,32.4375,33.0,21.53921890258789,8978600
2000-01-24,33.125,33.46875,32.0,32.15625,20.98851203918457,5464400
2000-01-25,31.65625,32.375,31.25,31.75,20.723350524902344,6135600
2000-01-26,32.125,32.5,30.78125,31.4375,20.519378662109375,6799600
2000-01-27,31.3125,32.25,30.65625,31.25,20.39699935913086,8198000
2000-01-28,31.0625,31.625,29.875,30.0,19.581117630004883,6604200
2000-01-31,30.1875,30.78125,29.875,30.53125,19.92786407470703,4803200
2000-02-01,30.96875,32.03125,30.875,31.96875,20.866130828857422,3888400
2000-02-02,32.25,32.5625,30.625,30.75,20.07064437866211,6333000
2000-02-03,31.0,31.125,30.375,30.65625,20.00944709777832,4744400
2000-02-04,30.375,30.65625,29.375,29.75,19.41793441772461,6238600
2000-02-07,29.5625,30.75,29.5625,30.34375,19.805479049682617,4456000
2000-02-08,30.5625,30.84375,29.375,29.75,19.41793441772461,3218600
2000-02-09,29.75,30.15625,28.46875,28.53125,18.62245750427246,5931400
2000-02-10,29.0,29.8125,28.75,29.53125,19.275165557861328,7112800
2000-02-11,29.75,30.09375,29.15625,29.21875,19.071195602416992,5045000
2000-02-14,29.21875,30.25,28.75,30.25,19.744291305541992,4750600
2000-02-15,30.75,32.625,30.65625,32.5,21.212871551513672,10922200
2000-02-16,32.90625,33.1875,32.53125,33.0,21.53921890258789,11507000
2000-02-17,32.75,33.84375,32.375,33.4375,21.82478904724121,10306800
2000-02-18,33.59375,33.875,32.9375,33.25,21.70240592956543,5774400
2000-02-22,32.9375,33.375,32.125,32.65625,21.375286102294922,5059000
2000-02-23,32.25,32.5625,31.875,32.25,21.109373092651367,4034800
2000-02-24,32.25,34.34375,32.1875,34.21875,22.39801788330078,12022800
2000-02-25,34.125,34.625,33.4375,33.5,21.927568435668945,7579800
2000-02-28,33.3125,35.09375,33.28125,34.625,22.663942337036133,7540600
2000-02-29,35.25,36.9375,35.15625,36.9296875,24.172481536865234,9574600
2000-03-01,37.90625,41.0625,37.5,38.53125,25.220796585083008,15547800
2000-03-02,40.5,42.1875,40.3125,40.8125,26.714000701904297,19973800
2000-03-03,40.4375,40.46875,38.25,39.3125,25.7321720123291,12784000
2000-03-06,38.875,39.59375,38.59375,38.6875,25.323068618774414,7330800
2000-03-07,39.0,42.1875,39.0,41.09375,26.898088455200195,10148000
2000-03-08,38.5,39.4375,38.03125,38.53125,25.220796585083008,9460400
2000-03-09,38.0,38.65625,37.15625,38.3125,25.07761001586914,7907000
2000-03-10,38.125,40.375,38.0625,38.34375,25.098064422607422,6666000
2000-03-13,38.0,40.21875,37.78125,38.90625,25.466251373291016,6680200
2000-03-14,38.4375,38.84375,37.28125,38.125,24.954879760742188,6117400
2000-03-15,37.6875,38.09375,36.6875,36.9375,24.1776065826416,5643800
2000-03-16,36.8125,37.96875,36.09375,37.75,24.709423065185547,8374600
2000-03-17,37.375,38.25,37.09375,37.15625,24.320777893066406,6825400
2000-03-20,37.1875,37.1875,34.71875,35.125,22.991209030151367,7996400
2000-03-21,35.28125,37.09375,35.28125,36.0,23.5639591217041,6822000
2000-03-22,36.625,39.3125,36.5,38.3125,25.07761001586914,8403800
2000-03-23,38.75,39.6875,37.90625,38.65625,25.302616119384766,6109800
2000-03-24,39.75,40.40625,38.71875,39.09375,25.588987350463867,6014600
2000-03-27,38.625,40.65625,37.90625,39.8125,26.059446334838867,7670200
2000-03-28,39.125,40.21875,38.15625,38.4375,25.159435272216797,6372400
2000-03-29,37.84375,40.96875,37.78125,40.5625,26.550352096557617,8049400
2000-03-30,41.375,41.9375,38.875,38.875,25.445802688598633,6718600
2000-03-31,39.5,40.15625,38.25,38.25,25.036697387695312,4591600
2000-04-03,39.0,40.9375,39.0,40.59375,26.570823669433594,5759000
2000-04-04,40.5,41.375,38.375,39.59375,25.916248321533203,10392000
2000-04-05,39.5,39.96875,36.5,36.875,24.136695861816406,8733600
2000-04-06,37.46875,38.09375,36.25,37.5,24.545795440673828,7037800
2000-04-07,37.53125,39.0,36.71875,36.8125,24.095775604248047,6043000
2000-04-10,36.0625,36.1875,35.15625,35.15625,23.011672973632812,6623200
2000-04-11,35.53125,36.625,35.25,36.46875,23.870786666870117,6611200
2000-04-12,36.75,37.46875,36.15625,36.625,23.973051071166992,6125800
2000-04-13,36.5,37.21875,35.875,35.875,23.48213005065918,4631400
2000-04-14,35.6875,37.3125,34.59375,35.09375,22.97075843811035,5751000
2000-04-17,35.09375,35.1875,33.40625,34.15625,22.35712242126465,5328400
2000-04-18,34.8125,36.9375,34.75,36.9375,24.1776065826416,6359200
2000-04-19,36.84375,37.21875,35.8125,36.875,24.136695861816406,4802800
2000-04-20,37.0,37.3125,36.65625,36.78125,24.07533836364746,5146600
2000-04-24,37.25,37.5625,36.625,37.15625,24.320777893066406,5022400
2000-04-25,37.46875,37.875,36.84375,37.46875,24.525333404541016,5275800
2000-04-26,37.40625,38.8125,36.71875,38.65625,25.302616119384766,6795800
2000-04-27,38.78125,39.9375,38.0,39.3125,25.7321720123291,7609800
2000-04-28,38.8125,39.375,38.125,38.28125,25.05715560913086,3429000
2000-05-01,38.15625,38.3125,36.9375,37.5,24.545795440673828,9229000
2000-05-02,37.6875,38.875,37.625,38.78125,25.38442611694336,7892200
2000-05-03,38.28125,38.6875,37.03125,37.6875,24.668516159057617,6925800
2000-05-04,37.5,38.625,37.5,38.0,24.87306785583496,5382200
2000-05-05,37.875,38.96875,37.53125,38.8125,25.404891967773438,3227200
2000-05-08,38.6875,39.6875,37.875,38.28125,25.05715560913086,4600400
2000-05-09,38.3125,39.21875,37.9375,38.84375,25.42535400390625,4070200
2000-05-10,38.8125,38.9375,37.5,38.4375,25.159435272216797,4237400
2000-05-11,38.25,39.3125,38.25,39.0625,25.568532943725586,3292800
2000-05-12,39.46875,40.46875,38.75,40.28125,26.366262435913086,5167200
2000-05-15,40.0,41.78125,39.90625,41.59375,27.225357055664062,5640200
2000-05-16,41.46875,41.65625,40.53125,41.40625,27.10263442993164,5723200
2000-05-17,41.03125,42.125,40.8125,41.5,27.164016723632812,5177200
2000-05-18,40.375,40.65625,39.53125,40.375,26.42763900756836,8317400
2000-05-19,40.28125,40.75,39.40625,39.59375,25.916248321533203,6987600
2000-05-22,39.09375,39.25,36.625,36.78125,24.07533836364746,6371800
2000-05-23,36.96875,38.21875,36.5625,37.59375,24.60714340209961,6294200
2000-05-24,37.6875,37.9375,36.4375,37.125,24.300338745117188,4444000
2000-05-25,37.125,37.125,34.625,37.03125,24.238964080810547,11573000
2000-05-26,37.25,37.59375,35.28125,35.53125,23.25713348388672,3754200
2000-05-30,35.78125,36.625,35.28125,35.5,23.236677169799805,6325600
2000-05-31,36.4375,37.40625,36.0625,36.78125,24.07533836364746,7982400
2000-06-01,36.78125,37.15625,35.625,36.5625,23.93213653564453,6380800
2000-06-02,36.46875,36.6875,34.75,34.875,22.82758331298828,7873400
2000-06-05,36.25,36.25,34.53125,34.53125,22.663660049438477,6763200
2000-06-06,35.3125,36.40625,35.125,35.8125,23.50457763671875,7713000
2000-06-07,36.03125,36.375,35.1875,35.9375,23.586612701416016,5683000
2000-06-08,35.90625,36.6875,35.65625,36.375,23.873760223388672,4516200
2000-06-09,36.5,36.5,35.4375,35.75,23.463558197021484,4499400
2000-06-12,36.25,37.25,36.25,36.515625,23.96605110168457,3897400
2000-06-13,36.9375,37.59375,36.78125,37.25,24.44803810119629,4607000
2000-06-14,37.25,38.15625,36.875,37.125,24.366008758544922,5216000
2000-06-15,37.125,37.3125,36.09375,36.75,24.11985969543457,7113400
2000-06-16,37.28125,37.96875,37.25,37.90625,24.87874984741211,5728800
2000-06-19,37.59375,37.71875,36.3125,36.90625,24.222436904907227,5023800
2000-06-20,37.03125,37.125,35.6875,37.03125,24.304475784301758,5971600
2000-06-21,37.96875,39.75,37.21875,38.8125,25.473548889160156,7738600
2000-06-22,39.0,39.0625,36.875,37.59375,24.673656463623047,5384400
2000-06-23,37.5625,38.125,36.78125,37.25,24.44803810119629,4079600
2000-06-26,37.28125,37.78125,36.59375,37.09375,24.34549903869629,3770000
2000-06-27,37.125,37.65625,36.5625,37.625,24.694162368774414,4911600
2000-06-28,37.5625,37.59375,36.40625,36.53125,23.976316452026367,3963200
2000-06-29,36.8125,37.4375,36.375,37.03125,24.304475784301758,3488600
2000-06-30,37.03125,37.5625,36.09375,37.3125,24.489063262939453,3640000
2000-07-03,37.1875,37.25,36.71875,37.15625,24.386518478393555,1451400
2000-07-05,36.5,36.5,34.9375,35.0,22.9713191986084,5633800
2000-07-06,35.8125,36.34375,35.53125,35.875,23.545591354370117,6730600
2000-07-07,35.9375,36.09375,35.3125,35.65625,23.402021408081055,4153000
2000-07-10,35.5,36.0,34.3125,34.4375,22.602130889892578,8763200
2000-07-11,35.5,37.59375,35.5,37.4765625,24.596744537353516,8150600
2000-07-12,37.46875,38.0,36.78125,36.84375,24.18140983581543,5816400
2000-07-13,37.0,37.3125,36.34375,37.09375,24.34549903869629,3248400
2000-07-14,36.75,37.5,36.34375,37.40625,24.55059242248535,2902600
2000-07-17,37.0,37.0,36.15625,36.171875,23.74044418334961,3060000
2000-07-18,37.125,37.875,36.90625,37.84375,24.837736129760742,5144600
2000-07-19,38.125,38.59375,37.3125,38.03125,24.96078872680664,3421000
2000-07-20,38.15625,38.46875,37.53125,37.625,24.694162368774414,4868800
2000-07-21,37.5,37.5,36.3125,36.65625,24.058359146118164,3390400
2000-07-24,36.59375,36.9375,35.0625,35.5,23.299480438232422,5082600
2000-07-25,36.375,36.46875,35.03125,35.28125,23.15591812133789,3843200
2000-07-26,35.5,36.28125,35.1875,35.65625,23.402021408081055,5616600
2000-07-27,36.1875,36.71875,35.96875,36.6875,24.0788631439209,4049600
2000-07-28,36.75,37.0625,35.78125,36.9140625,24.22756576538086,3910000
2000-07-31,36.9375,37.21875,36.34375,36.9609375,24.258325576782227,5163400
2000-08-01,37.1875,37.84375,37.0625,37.75,24.77620506286621,5692000
2000-08-02,38.71875,39.3125,38.5625,39.0,25.59661102294922,7042000
2000-08-03,39.25,39.34375,38.03125,38.15625,25.042837142944336,4270000
2000-08-04,38.3125,39.21875,37.71875,38.9140625,25.54021453857422,4168400
2000-08-07,38.5,39.53125,38.40625,39.0703125,25.642757415771484,4018000
2000-08-08,39.09375,39.75,39.03125,39.7109375,26.0632266998291,4126600
2000-08-09,40.25,41.125,40.0,41.125,26.991300582885742,10249000
2000-08-10,40.6875,41.0,40.25,40.4765625,26.56571388244629,4784400
2000-08-11,40.46875,40.46875,39.5,39.8125,26.1298770904541,4015000
2000-08-14,40.0,41.0,39.875,41.0,26.90925407409668,5805600
2000-08-15,41.25,41.34375,40.28125,41.0625,26.95028305053711,6431200
2000-08-16,41.0,43.1328125,40.75,43.1328125,28.309066772460938,10025400
2000-08-17,43.0,43.375,42.625,43.28125,28.4064998626709,6963800
2000-08-18,43.3125,43.3125,42.40625,42.625,27.975778579711914,5890600
2000-08-21,42.78125,43.28125,42.21875,42.96875,28.201391220092773,6026600
2000-08-22,43.25,43.46875,42.8125,43.125,28.30394172668457,5946600
2000-08-23,43.6875,44.25,43.40625,43.65625,28.652612686157227,5019600
2000-08-24,43.4375,43.4375,42.8125,43.03125,28.242414474487305,4283200
2000-08-25,43.0,43.0,41.71875,42.875,28.139856338500977,5113000
2000-08-28,42.75,44.4375,42.34375,43.9375,28.837207794189453,4515600
2000-08-29,43.4375,44.25,42.84375,43.1015625,28.28856086730957,4295800
2000-08-30,43.03125,43.34375,41.84375,42.4609375,27.86810302734375,4236400
2000-08-31,42.71875,42.96875,42.03125,42.6640625,28.00140953063965,3911800
2000-09-01,42.5625,43.34375,42.53125,43.1640625,28.39214324951172,2273600
2000-09-05,42.8125,43.09375,41.8125,42.84375,28.18144416809082,4661600
2000-09-06,43.25,43.84375,42.46875,43.25,28.44866180419922,6145200
2000-09-07,42.5625,42.6875,41.53125,41.84375,27.52366065979004,5047600
2000-09-08,41.03125,41.375,40.25,41.25,27.133113861083984,5201800
2000-09-11,41.96875,42.96875,41.625,42.625,28.03754997253418,5363200
2000-09-12,42.96875,42.96875,41.4375,42.34375,27.85256004333496,7890200
2000-09-13,41.84375,41.84375,41.34375,41.46875,27.277002334594727,5625000
2000-09-14,41.5625,42.28125,41.03125,41.8828125,27.549373626708984,5095000
2000-09-15,42.0,42.65625,42.0,42.34375,27.85256004333496,6191600
2000-09-18,42.375,42.625,41.3125,41.5078125,27.302692413330078,4971800
2000-09-19,41.625,41.9375,40.4375,40.4375,26.59868812561035,5181200
2000-09-20,41.0,42.0,39.375,39.8125,26.187576293945312,9586000
2000-09-21,39.25,40.53125,38.90625,40.28125,26.495901107788086,8329000
2000-09-22,40.3125,40.96875,39.5,39.5859375,26.038541793823242,5719200
2000-09-25,39.34375,39.625,38.09375,39.4921875,25.976884841918945,12461800
2000-09-26,39.6875,39.90625,38.96875,39.5,25.982013702392578,6619400
2000-09-27,39.875,40.96875,39.125,40.78125,26.824787139892578,5964400
2000-09-28,40.75,41.15625,40.25,40.6953125,26.768251419067383,6761000
2000-09-29,41.5,41.8125,41.09375,41.15625,27.071449279785156,4716000
2000-10-02,41.5625,42.46875,40.875,42.46875,27.934778213500977,4958400
2000-10-03,42.5,43.125,42.125,42.3125,27.83201026916504,5240000
2000-10-04,41.5,41.6875,40.46875,40.84375,26.865886688232422,4915200
2000-10-05,40.4375,41.125,39.875,41.0625,27.00979232788086,4756200
2000-10-06,41.0625,41.65625,40.125,40.125,26.39311981201172,3292000
2000-10-09,40.71875,41.25,40.5625,40.84375,26.865886688232422,2921800
2000-10-10,41.5,42.5,41.4375,41.90625,27.564790725708008,6658800
2000-10-11,42.21875,43.0,41.1875,41.6875,27.4208984375,4805600
2000-10-12,41.90625,43.1875,41.90625,42.5,27.9553279876709,5212400
2000-10-13,42.1875,42.1875,40.53125,40.71875,26.783676147460938,4443800
2000-10-16,40.71875,40.71875,39.78125,39.9375,26.269792556762695,3931600
2000-10-17,40.5625,41.4375,40.375,40.9375,26.92755699157715,5374800
2000-10-18,41.5625,41.75,40.3125,40.71875,26.783676147460938,4715600
2000-10-19,40.71875,41.9375,40.34375,40.78125,26.824787139892578,4036600
2000-10-20,40.6875,42.21875,40.625,42.0625,27.667560577392578,3895600
2000-10-23,41.96875,41.96875,40.0,40.25,26.475343704223633,7477800
2000-10-24,40.46875,40.71875,39.34375,39.40625,25.920347213745117,5115400
2000-10-25,38.5,39.5,37.625,37.65625,24.769241333007812,7717200
2000-10-26,38.3125,38.6875,37.0,38.09375,25.05702018737793,6468600
2000-10-27,38.28125,38.28125,36.28125,37.5625,24.707582473754883,5877000
2000-10-30,37.53125,38.09375,36.5,37.9375,24.954246520996094,7002600
2000-10-31,38.1875,38.375,37.28125,38.0625,25.036468505859375,5921800
2000-11-01,38.46875,40.15625,38.46875,40.0625,26.352012634277344,6985400
2000-11-02,39.9375,39.96875,39.09375,39.34375,25.879243850708008,6221200
2000-11-03,39.25,40.375,39.15625,39.46875,25.961463928222656,3713600
2000-11-06,39.71875,39.71875,38.0625,38.78125,25.50923728942871,6350200
2000-11-07,39.125,39.71875,39.03125,39.5625,26.023134231567383,5338400
2000-11-08,39.65625,40.28125,39.46875,40.0,26.310903549194336,4664600
2000-11-09,40.1875,40.4375,38.625,39.4375,25.940900802612305,5405200
2000-11-10,39.65625,39.90625,38.5625,38.65625,25.42701530456543,3832600
2000-11-13,39.0625,39.375,37.1875,37.1875,24.460926055908203,6970200
2000-11-14,37.125,38.4375,36.875,37.96875,24.97479248046875,5647600
2000-11-15,38.6875,39.96875,38.46875,39.84375,26.2081298828125,4967400
2000-11-16,39.75,40.15625,39.03125,39.5625,26.023134231567383,4200000
2000-11-17,39.0,39.1875,37.6875,38.1875,25.118690490722656,6403600
2000-11-20,38.5,38.71875,37.125,37.375,24.584245681762695,5656600
2000-11-21,37.40625,37.9375,37.15625,37.4375,24.6253604888916,5145800
2000-11-22,36.75,37.09375,35.5625,35.84375,23.5770320892334,5369000
2000-11-24,36.15625,36.96875,35.875,36.71875,24.152578353881836,2009800
2000-11-27,36.5,36.65625,35.40625,35.6875,23.474246978759766,6554600
2000-11-28,35.65625,36.15625,34.625,34.65625,22.79593276977539,8257000
2000-11-29,34.6875,34.78125,32.375,33.03125,21.72704315185547,13534400
2000-11-30,33.15625,33.40625,30.59375,31.0,20.390945434570312,15274400
2000-12-01,31.46875,33.90625,30.5625,33.375,21.953161239624023,15577400
2000-12-04,33.40625,34.3125,33.3125,34.15625,22.46704864501953,8304400
2000-12-05,34.65625,34.84375,33.8125,34.125,22.446489334106445,7855800
2000-12-06,34.71875,35.15625,33.625,34.21875,22.508148193359375,11115600
2000-12-07,34.5625,35.1875,34.34375,34.90625,22.960372924804688,7360000
2000-12-08,34.90625,35.125,34.125,34.6875,22.81648826599121,10317600
2000-12-11,34.9375,36.28125,34.84375,36.15625,23.782583236694336,5058000
2000-12-12,36.875,37.1875,36.1875,36.6875,24.132030487060547,6886000
2000-12-13,36.78125,37.40625,35.875,36.0,23.679811477661133,9114200
2000-12-14,36.15625,36.90625,35.21875,35.25,23.186487197875977,5136000
2000-12-15,35.15625,36.4375,35.03125,35.96875,23.659263610839844,6299400
2000-12-18,36.46875,38.59375,36.4375,38.5,25.324235916137695,8165200
2000-12-19,38.25,40.46875,38.25,39.875,26.22868537902832,10096600
2000-12-20,39.65625,39.8125,37.59375,37.6875,24.789798736572266,9137200
2000-12-21,37.6875,37.84375,37.09375,37.5,24.7281494140625,8684200
2000-12-22,37.75,38.34375,37.5625,38.25,25.222705841064453,6404400
2000-12-26,38.40625,40.875,38.40625,40.46875,26.685779571533203,5614200
2000-12-27,40.46875,40.96875,39.34375,40.125,26.4591064453125,5103200
2000-12-28,39.90625,40.9375,39.65625,40.71875,26.85065269470215,4469200
2000-12-29,40.75,41.21875,39.96875,39.96875,26.356082916259766,3986600
2001-01-02,40.09375,41.40625,40.09375,40.875,26.953691482543945,6675800
2001-01-03,40.71875,40.75,39.375,39.875,26.294267654418945,12393800
2001-01-04,39.5,39.53125,37.5,38.84375,25.614242553710938,11791400
2001-01-05,38.84375,39.625,38.09375,38.375,25.30513572692871,6584200
2001-01-08,38.71875,39.21875,38.25,38.5,25.38755226135254,4615000
2001-01-09,39.28125,39.4375,38.1875,38.59375,25.44938850402832,7282400
2001-01-10,38.5,39.4375,38.4375,39.125,25.799701690673828,7696000
2001-01-11,39.59375,40.3125,39.1875,40.21875,26.52093505859375,9695000
2001-01-12,40.0,40.625,39.8125,40.53125,26.727018356323242,5219600
2001-01-16,40.53125,40.875,39.4375,40.28125,26.562152862548828,7114000
2001-01-17,39.25,39.25,37.8125,38.25,25.222705841064453,9685600
2001-01-18,38.28125,38.6875,36.1875,36.40625,24.006906509399414,10294000
2001-01-19,36.4375,37.03125,35.8125,36.84375,24.29540252685547,8969400
2001-01-22,37.0,37.5625,36.46875,36.8125,24.27480697631836,6045400
2001-01-23,37.28125,37.53125,36.53125,36.9375,24.357234954833984,6757200
2001-01-24,37.5,38.3125,36.78125,37.75,24.893009185791016,5649800
2001-01-25,37.78125,39.5,37.34375,39.46875,26.026384353637695,9040200
2001-01-26,39.4375,39.46875,38.28125,38.65625,25.490602493286133,7697000
2001-01-29,38.25,38.45000076293945,37.58000183105469,37.814998626708984,24.935867309570312,5055800
2001-01-30,38.150001525878906,38.375,37.349998474121094,37.75,24.893009185791016,5095000
2001-01-31,37.875,38.42499923706055,37.54999923706055,38.400001525878906,25.321630477905273,4706600
2001-02-01,37.900001525878906,37.904998779296875,37.31999969482422,37.755001068115234,24.896303176879883,3812400
2001-02-02,38.255001068115234,38.724998474121094,38.0,38.5,25.38755226135254,4939600
2001-02-05,38.5,39.32500076293945,38.5,39.005001068115234,25.72057342529297,6697800
2001-02-06,39.18000030517578,39.775001525878906,38.474998474121094,39.64500045776367,26.14259910583496,6371800
2001-02-07,39.474998474121094,39.95500183105469,39.0,39.58000183105469,26.0997371673584,8329200
2001-02-08,39.58000183105469,39.939998626708984,39.11000061035156,39.19499969482422,25.845855712890625,5878200
2001-02-09,39.5,39.92499923706055,38.880001068115234,39.099998474121094,25.7832088470459,4858200
2001-02-12,37.25,37.54999923706055,34.25,34.5,22.74989128112793,30477000
2001-02-13,34.0,34.20000076293945,31.899999618530273,32.0099983215332,21.10794448852539,37295200
2001-02-14,32.369998931884766,32.91999816894531,31.75,32.720001220703125,21.57613182067871,27961000
2001-02-15,32.75,32.75,31.690000534057617,32.125,21.18378257751465,15092400
2001-02-16,32.5,32.69499969482422,31.774999618530273,32.25,21.26620864868164,17278800
2001-02-20,32.474998474121094,32.849998474121094,32.25,32.4900016784668,21.487102508544922,11110000
2001-02-21,31.75,32.369998931884766,31.600000381469727,31.649999618530273,20.931562423706055,11131800
2001-02-22,32.400001525878906,32.650001525878906,31.0,31.219999313354492,20.64718246459961,11803000
2001-02-23,31.299999237060547,31.625,29.854999542236328,30.0049991607666,19.84365463256836,12068000
2001-02-26,30.950000762939453,32.5,30.764999389648438,32.32500076293945,21.377973556518555,15737800
2001-02-27,32.349998474121094,32.47999954223633,32.0,32.20000076293945,21.295310974121094,8766200
2001-02-28,32.29999923706055,32.369998931884766,31.450000762939453,31.875,21.080373764038086,7727000
2001-03-01,31.899999618530273,32.27000045776367,31.5,31.65999984741211,20.938182830810547,8348400
2001-03-02,31.799999237060547,33.0,31.584999084472656,32.70000076293945,21.625980377197266,8198600
2001-03-05,32.7400016784668,33.599998474121094,32.525001525878906,33.1150016784668,21.900434494018555,5393600
2001-03-06,33.0,33.779998779296875,32.75,33.54499816894531,22.184823989868164,5632000
2001-03-07,33.54999923706055,34.60499954223633,33.54999923706055,34.599998474121094,22.882526397705078,8284600
2001-03-08,34.375,34.779998779296875,33.75,34.47999954223633,22.803176879882812,7693200
2001-03-09,34.29999923706055,34.79999923706055,33.91999816894531,34.35499954223633,22.72051429748535,7160800
2001-03-12,34.36000061035156,34.67499923706055,33.21500015258789,33.994998931884766,22.482419967651367,6853600
2001-03-13,33.79999923706055,33.79999923706055,32.92499923706055,33.07500076293945,21.873973846435547,6283200
2001-03-14,33.0,33.724998474121094,32.33000183105469,32.54999923706055,21.526782989501953,6947200
2001-03-15,32.54999923706055,32.79999923706055,31.5,31.81999969482422,21.044002532958984,7691400
2001-03-16,31.049999237060547,31.899999618530273,30.5,30.600000381469727,20.237154006958008,12111800
2001-03-19,30.924999237060547,32.0,30.924999237060547,31.729999542236328,20.984474182128906,6448000
2001-03-20,32.07500076293945,33.150001525878906,31.864999771118164,32.529998779296875,21.5135498046875,7572400
2001-03-21,31.825000762939453,32.529998779296875,31.399999618530273,31.5,20.83237075805664,6491400
2001-03-22,31.260000228881836,31.334999084472656,29.899999618530273,30.479999542236328,20.157791137695312,10645400
2001-03-23,30.924999237060547,31.950000762939453,30.385000228881836,31.405000686645508,20.769535064697266,7771000
2001-03-26,31.700000762939453,32.375,31.700000762939453,31.899999618530273,21.096900939941406,6153000
2001-03-27,32.150001525878906,32.3650016784668,31.024999618530273,31.399999618530273,20.7662296295166,6205400
2001-03-28,31.299999237060547,31.344999313354492,30.149999618530273,30.270000457763672,20.01890754699707,6342600
2001-03-29,29.799999237060547,29.90999984741211,28.649999618530273,28.895000457763672,19.109561920166016,10501200
2001-03-30,29.0,29.7450008392334,28.760000228881836,28.80500030517578,19.050037384033203,14008800
2001-04-02,28.875,28.924999237060547,27.309999465942383,27.6299991607666,18.272958755493164,10109000
2001-04-03,27.950000762939453,28.049999237060547,26.420000076293945,26.520000457763672,17.53887176513672,12499200
2001-04-04,26.75,27.7549991607666,26.674999237060547,27.014999389648438,17.866233825683594,12803400
2001-04-05,27.684999465942383,28.674999237060547,27.40999984741211,28.4950008392334,18.845022201538086,10900200
2001-04-06,28.03499984741211,29.479999542236328,27.704999923706055,28.975000381469727,19.16246795654297,12761800
2001-04-09,29.950000762939453,30.200000762939453,29.5,30.149999618530273,19.93955421447754,9108600
2001-04-10,30.5,30.895000457763672,29.78499984741211,30.850000381469727,20.402484893798828,11152000
2001-04-11,30.75,30.844999313354492,30.09000015258789,30.09000015258789,19.89986228942871,6420800
2001-04-12,30.225000381469727,30.950000762939453,30.225000381469727,30.604999542236328,20.240459442138672,10133400
2001-04-16,30.604999542236328,31.280000686645508,30.424999237060547,31.075000762939453,20.551288604736328,4219600
2001-04-17,30.875,31.635000228881836,30.719999313354492,31.31999969482422,20.713319778442383,6406600
2001-04-18,31.424999237060547,31.9950008392334,30.3799991607666,30.559999465942383,20.210704803466797,12383600
2001-04-19,30.700000762939453,30.875,29.399999618530273,29.600000381469727,19.575809478759766,10390800
2001-04-20,30.0049991607666,30.6200008392334,29.649999618530273,30.385000228881836,20.09496307373047,8965800
2001-04-23,30.885000228881836,31.219999313354492,30.799999237060547,31.1200008392334,20.581056594848633,6096600
2001-04-24,31.100000381469727,31.350000381469727,30.5049991607666,30.815000534057617,20.37934684753418,5730600
2001-04-25,30.81999969482422,31.600000381469727,30.350000381469727,31.5049991607666,20.83566665649414,5394400
2001-04-26,32.0,33.69499969482422,32.0,33.68000030517578,22.274099349975586,10673600
2001-04-27,33.75,33.75,32.71500015258789,33.0,21.824377059936523,8228800
2001-04-30,33.099998474121094,33.70000076293945,32.70000076293945,33.150001525878906,21.9235897064209,5836600
2001-05-01,33.150001525878906,33.224998474121094,32.10499954223633,32.44499969482422,21.457340240478516,6225800
2001-05-02,31.0,31.075000762939453,30.549999237060547,30.780000686645508,20.356197357177734,10264600
2001-05-03,31.0,31.350000381469727,30.375,30.860000610351562,20.409103393554688,7375400
2001-05-04,31.30500030517578,31.700000762939453,31.040000915527344,31.475000381469727,20.815828323364258,4643600
2001-05-07,31.934999465942383,32.04999923706055,30.75,31.184999465942383,20.624038696289062,4284600
2001-05-08,30.774999618530273,31.114999771118164,30.450000762939453,30.905000686645508,20.438859939575195,5327200
2001-05-09,31.2450008392334,31.545000076293945,31.174999237060547,31.475000381469727,20.815828323364258,6782600
2001-05-10,31.475000381469727,31.75,31.0,31.30500030517578,20.703399658203125,4658200
2001-05-11,31.200000762939453,31.21500015258789,30.774999618530273,30.969999313354492,20.481855392456055,3062400
2001-05-14,31.325000762939453,31.875,31.145000457763672,31.875,21.080373764038086,4443400
2001-05-15,32.42499923706055,33.05500030517578,32.2400016784668,32.8650016784668,21.735103607177734,6769800
2001-05-16,32.79999923706055,33.25,32.57500076293945,33.10499954223633,21.893823623657227,5467200
2001-05-17,33.275001525878906,34.119998931884766,32.709999084472656,33.994998931884766,22.482419967651367,8565000
2001-05-18,34.2400016784668,34.625,33.834999084472656,34.26499938964844,22.660980224609375,7151800
2001-05-21,34.349998474121094,34.525001525878906,33.92499923706055,34.224998474121094,22.6345272064209,5602000
2001-05-22,34.22999954223633,34.2400016784668,33.45000076293945,33.625,22.237728118896484,6720200
2001-05-23,33.349998474121094,33.35499954223633,32.45000076293945,32.5,21.49370765686035,5735800
2001-05-24,32.5,32.5,31.65999984741211,31.924999237060547,21.113431930541992,5385200
2001-05-25,32.25,32.435001373291016,31.950000762939453,32.029998779296875,21.182880401611328,4415800
2001-05-29,32.349998474121094,32.564998626708984,31.565000534057617,31.674999237060547,20.948104858398438,6082400
2001-05-30,31.774999618530273,31.850000381469727,30.799999237060547,31.165000915527344,20.61081314086914,5217400
2001-05-31,30.924999237060547,31.75,30.604999542236328,31.514999389648438,20.842287063598633,6643200
2001-06-01,31.514999389648438,31.700000762939453,30.96500015258789,31.415000915527344,20.77615737915039,4085600
2001-06-04,31.649999618530273,32.474998474121094,31.635000228881836,32.459999084472656,21.531675338745117,5687200
2001-06-05,32.459999084472656,32.93000030517578,32.0099983215332,32.7400016784668,21.7174129486084,4721200
2001-06-06,32.04999923706055,32.04999923706055,30.950000762939453,30.950000762939453,20.530057907104492,8314600
2001-06-07,30.950000762939453,31.549999237060547,30.44499969482422,30.575000762939453,20.28131103515625,7744200
2001-06-08,30.975000381469727,30.989999771118164,30.059999465942383,30.149999618530273,19.9993953704834,6429600
2001-06-11,30.479999542236328,30.549999237060547,29.774999618530273,29.899999618530273,19.833560943603516,6405800
2001-06-12,30.25,30.43000030517578,29.975000381469727,30.299999237060547,20.09889030456543,5616000
2001-06-13,30.924999237060547,31.229999542236328,30.079999923706055,30.110000610351562,19.972867965698242,5439200
2001-06-14,29.625,29.670000076293945,28.0,28.450000762939453,18.871734619140625,15453200
2001-06-15,28.825000762939453,29.0,28.375,28.649999618530273,19.004396438598633,8602200
2001-06-18,28.524999618530273,28.899999618530273,28.174999237060547,28.309999465942383,18.778865814208984,4120200
2001-06-19,28.674999237060547,28.674999237060547,27.834999084472656,28.174999237060547,18.68931770324707,4826400
2001-06-20,28.450000762939453,28.59000015258789,27.434999465942383,27.450000762939453,18.208404541015625,5981600
2001-06-21,27.700000762939453,27.75,26.059999465942383,26.790000915527344,17.77060317993164,12288400
2001-06-22,26.799999237060547,27.399999618530273,26.299999237060547,27.049999237060547,17.943071365356445,10020200
2001-06-25,27.225000381469727,27.28499984741211,26.68000030517578,26.93000030517578,17.86347198486328,8094200
2001-06-26,26.950000762939453,27.344999313354492,26.799999237060547,27.260000228881836,18.082366943359375,8447800
2001-06-27,27.125,27.125,26.524999618530273,26.524999618530273,17.594818115234375,7142000
2001-06-28,26.40999984741211,26.575000762939453,25.575000762939453,26.309999465942383,17.452207565307617,12943000
2001-06-29,26.524999618530273,27.020000457763672,25.975000381469727,26.325000762939453,17.462158203125,8217400
2001-07-02,26.649999618530273,26.684999465942383,25.725000381469727,26.049999237060547,17.279741287231445,6965400
2001-07-03,26.475000381469727,26.969999313354492,26.375,26.700000762939453,17.710906982421875,5731800
2001-07-05,26.7549991607666,27.290000915527344,26.7549991607666,26.899999618530273,17.843564987182617,7359000
2001-07-06,27.25,27.325000762939453,26.225000381469727,26.635000228881836,17.667795181274414,7747000
2001-07-09,26.674999237060547,26.700000762939453,25.594999313354492,25.899999618530273,17.180240631103516,8547600
2001-07-10,25.975000381469727,26.299999237060547,25.299999237060547,25.450000762939453,16.881746292114258,10049600
2001-07-11,25.30500030517578,25.649999618530273,24.350000381469727,25.625,16.997819900512695,10841000
2001-07-12,25.350000381469727,26.125,24.625,24.8700008392334,16.49701690673828,10839400
2001-07-13,24.549999237060547,25.940000534057617,24.524999618530273,25.225000381469727,16.73249053955078,7428000
2001-07-16,25.225000381469727,25.450000762939453,24.024999618530273,24.450000762939453,16.218412399291992,10356000
2001-07-17,24.674999237060547,24.950000762939453,24.1299991607666,24.475000381469727,16.234996795654297,9072200
2001-07-18,24.149999618530273,25.149999618530273,23.450000762939453,24.825000762939453,16.467166900634766,13194400
2001-07-19,25.0,25.579999923706055,25.0,25.489999771118164,16.908275604248047,9390800
2001-07-20,25.75,26.725000381469727,25.709999084472656,26.725000381469727,17.727487564086914,12876200
2001-07-23,26.825000762939453,27.174999237060547,26.5049991607666,26.989999771118164,17.90327262878418,7212800
2001-07-24,27.0,27.049999237060547,26.549999237060547,26.850000381469727,17.81039810180664,6975400
2001-07-25,27.0,28.239999771118164,26.700000762939453,28.239999771118164,18.732431411743164,10307000
2001-07-26,28.139999389648438,28.450000762939453,26.875,27.385000228881836,18.165283203125,11183600
2001-07-27,27.399999618530273,28.094999313354492,26.690000534057617,28.014999389648438,18.583179473876953,5333200
2001-07-30,28.049999237060547,28.399999618530273,27.825000762939453,28.100000381469727,18.639562606811523,4395600
2001-07-31,28.0,28.399999618530273,26.875,26.875,17.826988220214844,6812000
2001-08-01,27.25,27.799999237060547,26.145000457763672,26.274999618530273,17.428987503051758,9626400
2001-08-02,26.350000381469727,26.6200008392334,26.045000076293945,26.559999465942383,17.6180419921875,8999400
2001-08-03,26.5,26.59000015258789,25.985000610351562,26.010000228881836,17.253202438354492,4603400
2001-08-06,26.174999237060547,26.290000915527344,25.899999618530273,26.15999984741211,17.352706909179688,4133000
2001-08-07,26.225000381469727,26.354999542236328,25.69499969482422,25.75,17.08074188232422,5691800
2001-08-08,25.950000762939453,26.065000534057617,24.25,24.31999969482422,16.13217544555664,9360000
2001-08-09,24.325000762939453,24.975000381469727,24.125,24.43000030517578,16.205156326293945,7828000
2001-08-10,24.649999618530273,25.049999237060547,24.350000381469727,24.770000457763672,16.430681228637695,5627200
2001-08-13,25.010000228881836,25.110000610351562,24.700000762939453,24.809999465942383,16.457210540771484,6336200
2001-08-14,24.799999237060547,25.149999618530273,24.649999618530273,25.125,16.666162490844727,5924800
2001-08-15,25.424999237060547,26.75,25.31999969482422,26.600000381469727,17.644561767578125,7343400
2001-08-16,26.649999618530273,26.729999542236328,25.78499984741211,26.299999237060547,17.44556999206543,7764400
2001-08-17,26.299999237060547,26.450000762939453,25.709999084472656,26.065000534057617,17.289695739746094,5438800
2001-08-20,26.065000534057617,26.350000381469727,25.719999313354492,25.739999771118164,17.07410430908203,2993600
2001-08-21,25.950000762939453,26.30500030517578,25.81999969482422,25.875,17.16366195678711,4015200
2001-08-22,26.424999237060547,27.075000762939453,25.799999237060547,25.950000762939453,17.21340560913086,9476800
2001-08-23,25.954999923706055,26.100000381469727,25.44499969482422,25.450000762939453,16.881746292114258,4094600
2001-08-24,25.325000762939453,25.625,25.229999542236328,25.524999618530273,16.93149185180664,4127200
2001-08-27,25.649999618530273,25.799999237060547,25.5049991607666,25.65999984741211,17.02103614807129,3270000
2001-08-28,25.600000381469727,25.875,25.25,25.5,16.91490364074707,5863600
2001-08-29,25.75,25.8700008392334,25.264999389648438,25.450000762939453,16.881746292114258,5400200
2001-08-30,25.25,25.485000610351562,24.40999984741211,24.420000076293945,16.198511123657227,7149400
2001-08-31,24.325000762939453,24.700000762939453,24.274999618530273,24.5,16.314382553100586,3838600
2001-09-04,24.575000762939453,25.450000762939453,24.56999969482422,25.184999465942383,16.770509719848633,4318400
2001-09-05,25.084999084472656,25.399999618530273,24.69499969482422,25.235000610351562,16.80380630493164,4590800
2001-09-06,25.125,25.524999618530273,24.90999984741211,25.2549991607666,16.817129135131836,5775400
2001-09-07,25.049999237060547,25.399999618530273,24.975000381469727,25.31999969482422,16.860408782958984,5798200
2001-09-10,25.225000381469727,25.399999618530273,24.799999237060547,25.18000030517578,16.76718521118164,4857600
2001-09-17,25.325000762939453,25.75,24.0,24.149999618530273,16.081315994262695,7971400
2001-09-18,24.225000381469727,24.424999237060547,23.30500030517578,23.799999237060547,15.84826374053955,9014200
2001-09-19,23.399999618530273,23.399999618530273,21.09000015258789,22.100000381469727,14.716229438781738,13543000
2001-09-20,21.399999618530273,23.030000686645508,21.364999771118164,22.5,14.982588768005371,13031200
2001-09-21,22.5049991607666,23.510000228881836,21.844999313354492,23.479999542236328,15.635165214538574,9567800
2001-09-24,23.424999237060547,23.43000030517578,21.75,22.34000015258789,14.876057624816895,12284200
2001-09-25,22.350000381469727,22.46500015258789,20.735000610351562,20.969999313354492,13.963772773742676,13175600
2001-09-26,21.0,21.71500015258789,20.524999618530273,21.0,13.983747482299805,9678200
2001-09-27,21.0,21.739999771118164,20.420000076293945,21.700000762939453,14.44987964630127,9541600
2001-09-28,21.989999771118164,22.969999313354492,21.950000762939453,22.850000381469727,15.215660095214844,7514600
2001-10-01,22.600000381469727,22.684999465942383,21.5,22.045000076293945,14.679605484008789,7176400
2001-10-02,22.0,22.399999618530273,21.610000610351562,22.399999618530273,14.915997505187988,5692200
2001-10-03,21.625,22.540000915527344,21.024999618530273,22.06999969482422,14.696250915527344,9827400
2001-10-04,22.225000381469727,23.2450008392334,22.100000381469727,22.725000381469727,15.132427215576172,10940600
2001-10-05,22.825000762939453,23.100000381469727,21.975000381469727,22.649999618530273,15.082473754882812,5526600
2001-10-08,22.655000686645508,23.450000762939453,21.950000762939453,22.549999237060547,15.015886306762695,6092200
2001-10-09,22.950000762939453,23.084999084472656,22.514999389648438,22.920000076293945,15.26226806640625,4298600
2001-10-10,23.024999618530273,23.905000686645508,22.875,23.78499984741211,15.83825969696045,5886800
2001-10-11,23.920000076293945,24.149999618530273,22.975000381469727,23.31999969482422,15.528617858886719,7839200
2001-10-12,23.225000381469727,23.739999771118164,22.924999237060547,23.645000457763672,15.745035171508789,5691800
2001-10-15,23.25,23.700000762939453,22.360000610351562,22.969999313354492,15.295560836791992,5118400
2001-10-16,22.969999313354492,23.78499984741211,22.725000381469727,23.770000457763672,15.828278541564941,6761200
2001-10-17,24.25,24.424999237060547,23.5,23.614999771118164,15.725057601928711,6689800
2001-10-18,23.2549991607666,23.46500015258789,22.78499984741211,23.084999084472656,15.372135162353516,4880000
2001-10-19,23.450000762939453,23.645000457763672,22.565000534057617,23.6200008392334,15.72839069366455,6247600
2001-10-22,23.764999389648438,24.100000381469727,23.024999618530273,24.100000381469727,16.04802131652832,4696000
2001-10-23,23.75,24.7450008392334,23.450000762939453,24.299999237060547,16.18120002746582,7848400
2001-10-24,24.0,24.219999313354492,23.100000381469727,23.795000076293945,15.844921112060547,7886000
2001-10-25,23.399999618530273,25.225000381469727,23.3799991607666,25.225000381469727,16.797149658203125,9816400
2001-10-26,25.25,26.614999771118164,25.084999084472656,26.549999237060547,17.679458618164062,9156000
2001-10-29,26.584999084472656,27.075000762939453,25.75,25.799999237060547,17.180034637451172,9082600
2001-10-30,25.375,25.799999237060547,24.399999618530273,24.895000457763672,16.577409744262695,7655600
2001-10-31,24.770000457763672,25.049999237060547,24.05500030517578,24.209999084472656,16.121274948120117,8171000
2001-11-01,23.924999237060547,24.325000762939453,23.25,24.25,16.147912979125977,8806600
2001-11-02,24.200000762939453,24.204999923706055,23.399999618530273,23.75,15.814955711364746,4556800
2001-11-05,24.0,24.09000015258789,23.405000686645508,23.670000076293945,15.761685371398926,4806200
2001-11-06,23.469999313354492,23.489999771118164,22.299999237060547,22.985000610351562,15.30555248260498,11683800
2001-11-07,22.649999618530273,23.950000762939453,22.510000228881836,23.729999542236328,15.80163860321045,8116400
2001-11-08,24.200000762939453,24.584999084472656,23.75,24.125,16.06467056274414,6331200
2001-11-09,24.524999618530273,24.924999237060547,24.375,24.8700008392334,16.56076431274414,6912400
2001-11-12,23.899999618530273,24.915000915527344,23.65999984741211,24.709999084472656,16.45421028137207,4719000
2001-11-13,24.809999465942383,25.1200008392334,24.05500030517578,24.649999618530273,16.414268493652344,7921800
2001-11-14,23.850000381469727,24.100000381469727,22.975000381469727,23.049999237060547,15.348836898803711,9838200
2001-11-15,22.075000762939453,22.18000030517578,21.049999237060547,21.59000015258789,14.376630783081055,21840400
2001-11-16,22.0,22.549999237060547,21.75,22.549999237060547,15.015886306762695,14014000
2001-11-19,22.100000381469727,22.975000381469727,21.850000381469727,22.46500015258789,14.959285736083984,11202200
2001-11-20,23.450000762939453,24.049999237060547,23.31999969482422,23.93000030517578,15.934816360473633,11195600
2001-11-21,23.93000030517578,24.174999237060547,23.25,23.604999542236328,15.718403816223145,8175800
2001-11-23,23.225000381469727,23.854999542236328,22.899999618530273,23.739999771118164,15.80829906463623,3684200
2001-11-26,23.405000686645508,23.469999313354492,22.975000381469727,23.149999618530273,15.415422439575195,7358800
2001-11-27,23.149999618530273,23.9950008392334,22.825000762939453,23.610000610351562,15.721732139587402,8964200
2001-11-28,23.25,23.985000610351562,22.975000381469727,23.399999618530273,15.581896781921387,6449400
2001-11-29,23.395000457763672,24.149999618530273,23.079999923706055,24.0,15.981432914733887,5320200
2001-11-30,23.899999618530273,24.290000915527344,23.540000915527344,24.0049991607666,15.98476791381836,5615800
2001-12-03,23.84000015258789,25.0,23.635000228881836,24.71500015258789,16.457548141479492,8260600
2001-12-04,24.75,25.469999313354492,24.5,25.325000762939453,16.86374282836914,9275800
2001-12-05,25.899999618530273,26.850000381469727,25.885000228881836,26.700000762939453,17.779348373413086,14684600
2001-12-06,26.399999618530273,26.549999237060547,25.975000381469727,26.1299991607666,17.399778366088867,10384800
2001-12-07,25.975000381469727,26.549999237060547,25.125,26.395000457763672,17.57625389099121,8752800
2001-12-10,26.03499984741211,26.375,25.610000610351562,25.71500015258789,17.123435974121094,7966600
2001-12-11,25.700000762939453,25.940000534057617,25.28499984741211,25.5049991607666,16.983613967895508,4724800
2001-12-12,25.5,25.625,24.899999618530273,25.625,17.06351089477539,5775200
2001-12-13,24.950000762939453,25.709999084472656,24.899999618530273,25.420000076293945,16.927005767822266,5088000
2001-12-14,25.540000915527344,26.174999237060547,25.100000381469727,26.0,17.313220977783203,4821200
2001-12-17,25.850000381469727,26.450000762939453,25.674999237060547,25.690000534057617,17.106788635253906,5694200
2001-12-18,25.690000534057617,26.34000015258789,25.475000381469727,25.899999618530273,17.246633529663086,6786400
2001-12-19,26.0,26.729999542236328,25.954999923706055,26.709999084472656,17.786001205444336,8081200
2001-12-20,26.975000381469727,26.9950008392334,25.975000381469727,25.985000610351562,17.303239822387695,6701600
2001-12-21,25.885000228881836,26.225000381469727,25.524999618530273,26.1299991607666,17.462953567504883,7371200
2001-12-24,26.399999618530273,26.850000381469727,26.2549991607666,26.549999237060547,17.74364471435547,1729000
2001-12-26,26.690000534057617,28.045000076293945,26.690000534057617,27.975000381469727,18.69598388671875,6259600
2001-12-27,27.799999237060547,27.8700008392334,27.155000686645508,27.7549991607666,18.54896354675293,5963000
2001-12-28,28.0,28.375,27.3700008392334,27.489999771118164,18.371858596801758,5731000
2001-12-31,27.540000915527344,27.69499969482422,27.049999237060547,27.475000381469727,18.36183738708496,5351600
2002-01-02,27.475000381469727,27.475000381469727,26.3799991607666,26.71500015258789,17.853919982910156,7632400
2002-01-03,26.59000015258789,26.885000228881836,26.375,26.739999771118164,17.870624542236328,6227200
2002-01-04,26.799999237060547,27.549999237060547,26.424999237060547,27.149999618530273,18.144630432128906,6032000
2002-01-07,26.905000686645508,27.545000076293945,26.81999969482422,27.19499969482422,18.174705505371094,4957000
2002-01-08,26.950000762939453,27.0,26.5,26.559999465942383,17.750333786010742,3998000
2002-01-09,26.200000762939453,26.559999465942383,25.924999237060547,26.475000381469727,17.693523406982422,7777000
2002-01-10,26.450000762939453,26.5049991607666,25.860000610351562,26.274999618530273,17.55986213684082,5048600
2002-01-11,25.875,26.125,25.524999618530273,25.709999084472656,17.182260513305664,6780800
2002-01-14,25.375,25.645000457763672,25.135000228881836,25.405000686645508,16.97842788696289,5029000
2002-01-15,25.405000686645508,26.06999969482422,25.405000686645508,25.8799991607666,17.295875549316406,4458000
2002-01-16,25.5,25.5049991607666,25.0,25.0,16.7077693939209,7262600
2002-01-17,25.209999084472656,25.299999237060547,24.575000762939453,25.0,16.7077693939209,4886800
2002-01-18,25.125,25.315000534057617,24.704999923706055,24.809999465942383,16.580778121948242,5076000
2002-01-22,24.825000762939453,25.3700008392334,24.625,24.75,16.540687561035156,4774000
2002-01-23,24.899999618530273,25.875,24.7549991607666,25.81999969482422,17.255783081054688,6295400
2002-01-24,25.825000762939453,26.649999618530273,25.575000762939453,26.614999771118164,17.787092208862305,6417400
2002-01-25,26.614999771118164,27.5,26.514999389648438,27.295000076293945,18.241535186767578,6945600
2002-01-28,27.149999618530273,27.19499969482422,26.649999618530273,26.844999313354492,17.940797805786133,6367200
2002-01-29,26.5,26.579999923706055,26.1299991607666,26.264999389648438,17.553173065185547,5291800
2002-01-30,26.100000381469727,27.31999969482422,26.0,27.165000915527344,18.154653549194336,5576000
2002-01-31,27.229999542236328,28.229999542236328,27.209999084472656,28.19499969482422,18.84300994873047,8533800
2002-02-01,28.190000534057617,28.309999465942383,27.399999618530273,27.600000381469727,18.44536590576172,7968600
2002-02-04,27.604999542236328,27.639999389648438,26.350000381469727,26.735000610351562,17.86728286743164,6868000
2002-02-05,26.934999465942383,27.170000076293945,26.299999237060547,26.795000076293945,17.907379150390625,4953000
2002-02-06,26.875,27.850000381469727,26.825000762939453,27.229999542236328,18.198091506958008,5708600
2002-02-07,26.799999237060547,27.045000076293945,26.530000686645508,26.53499984741211,17.73362159729004,4214400
2002-02-08,26.424999237060547,27.110000610351562,26.28499984741211,26.94499969482422,18.00762176513672,3958200
2002-02-11,26.850000381469727,28.024999618530273,26.674999237060547,27.93000030517578,18.665910720825195,6165600
2002-02-12,27.899999618530273,28.299999237060547,27.299999237060547,27.5,18.3785457611084,7092000
2002-02-13,27.454999923706055,28.0,27.059999465942383,27.71500015258789,18.522220611572266,6133400
2002-02-14,27.875,28.125,27.459999084472656,27.6299991607666,18.465412139892578,5633600
2002-02-15,27.774999618530273,28.28499984741211,27.649999618530273,27.950000762939453,18.679285049438477,5458400
2002-02-19,27.399999618530273,27.75,26.75,27.545000076293945,18.470739364624023,5462200
2002-02-20,27.350000381469727,27.5,26.940000534057617,27.200000762939453,18.239391326904297,5197200
2002-02-21,27.450000762939453,28.18000030517578,27.415000915527344,27.719999313354492,18.588085174560547,7767600
2002-02-22,27.875,28.950000762939453,27.600000381469727,28.674999237060547,19.228471755981445,7863000
2002-02-25,29.0,29.934999465942383,28.934999465942383,29.84000015258789,20.009681701660156,11991000
2002-02-26,29.799999237060547,29.799999237060547,29.094999313354492,29.174999237060547,19.563756942749023,9230000
2002-02-27,29.200000762939453,29.450000762939453,28.450000762939453,28.69499969482422,19.241884231567383,5777000
2002-02-28,28.739999771118164,29.5,28.739999771118164,29.104999542236328,19.516809463500977,5805600
2002-03-01,29.325000762939453,29.510000228881836,28.799999237060547,29.424999237060547,19.73139190673828,6080800
2002-03-04,29.700000762939453,30.225000381469727,29.530000686645508,30.094999313354492,20.180679321289062,9076000
2002-03-05,30.075000762939453,30.424999237060547,29.75,30.229999542236328,20.27120590209961,6822600
2002-03-06,29.950000762939453,30.75,29.459999084472656,30.75,20.61989974975586,8291000
2002-03-07,31.0049991607666,31.21500015258789,29.920000076293945,30.174999237060547,20.23432159423828,7266200
2002-03-08,29.75,29.899999618530273,28.7549991607666,29.06999969482422,19.49335479736328,9644400
2002-03-11,29.420000076293945,29.68000030517578,29.049999237060547,29.364999771118164,19.691158294677734,6643600
2002-03-12,29.0,29.875,28.885000228881836,29.875,20.03314971923828,6890600
2002-03-13,30.75,30.790000915527344,29.19499969482422,29.260000228881836,19.620756149291992,8660800
2002-03-14,29.299999237060547,29.579999923706055,28.774999618530273,29.524999618530273,19.79845428466797,5586800
2002-03-15,29.7450008392334,30.190000534057617,29.40999984741211,30.149999618530273,20.21755027770996,6806400
2002-03-18,29.799999237060547,30.59000015258789,29.600000381469727,30.200000762939453,20.251083374023438,8761400
2002-03-19,30.149999618530273,30.260000228881836,29.7549991607666,30.200000762939453,20.251083374023438,6275200
2002-03-20,29.84000015258789,30.489999771118164,29.540000915527344,29.600000381469727,19.84874725341797,5105600
2002-03-21,29.594999313354492,30.09000015258789,29.375,30.024999618530273,20.133739471435547,4203200
2002-03-22,29.325000762939453,29.329999923706055,28.450000762939453,28.575000762939453,19.16141700744629,8124800
2002-03-25,28.5,28.985000610351562,28.360000610351562,28.385000228881836,19.034008026123047,5163000
2002-03-26,28.645000457763672,28.864999771118164,28.045000076293945,28.690000534057617,19.2385311126709,4935600
2002-03-27,29.059999465942383,29.5,29.0049991607666,29.46500015258789,19.758222579956055,7113800
2002-03-28,29.375,29.6200008392334,29.200000762939453,29.40999984741211,19.721342086791992,4834600
2002-04-01,29.899999618530273,29.94499969482422,29.0,29.094999313354492,19.51010513305664,9892000
2002-04-02,29.100000381469727,29.424999237060547,28.899999618530273,29.075000762939453,19.496692657470703,6657000
2002-04-03,28.75,28.81999969482422,28.174999237060547,28.31999969482422,18.99042320251465,5914400
2002-04-04,28.674999237060547,28.674999237060547,27.665000915527344,28.020000457763672,18.789257049560547,6550400
2002-04-05,28.079999923706055,28.239999771118164,27.049999237060547,27.19499969482422,18.236034393310547,8293000
2002-04-08,27.924999237060547,27.9950008392334,27.200000762939453,27.34000015258789,18.333271026611328,5834800
2002-04-09,27.34000015258789,27.420000076293945,26.950000762939453,27.079999923706055,18.158926010131836,4629400
2002-04-10,26.75,27.600000381469727,26.75,27.3700008392334,18.3533935546875,6326800
2002-04-11,27.125,27.799999237060547,27.065000534057617,27.420000076293945,18.386919021606445,5752600
2002-04-12,26.975000381469727,27.024999618530273,25.934999465942383,26.385000228881836,17.692874908447266,11059200
2002-04-15,26.975000381469727,27.354999542236328,26.799999237060547,27.260000228881836,18.279630661010742,6630600
2002-04-16,27.309999465942383,27.975000381469727,27.049999237060547,27.450000762939453,18.407032012939453,6709400
2002-04-17,27.985000610351562,28.1200008392334,27.625,28.020000457763672,18.789257049560547,7117000
2002-04-18,27.950000762939453,28.364999771118164,27.55500030517578,28.0,18.775846481323242,6890200
2002-04-19,27.815000534057617,27.875,27.25,27.655000686645508,18.544496536254883,6382800
2002-04-22,27.510000228881836,27.780000686645508,26.885000228881836,27.15999984741211,18.212570190429688,6603200
2002-04-23,27.1200008392334,27.454999923706055,26.94499969482422,27.375,18.356740951538086,5926200
2002-04-24,26.950000762939453,27.600000381469727,26.649999618530273,27.350000381469727,18.33997344970703,5097400
2002-04-25,27.350000381469727,28.040000915527344,27.084999084472656,27.950000762939453,18.742321014404297,6864400
2002-04-26,28.0,28.524999618530273,27.719999313354492,28.405000686645508,19.047420501708984,6626200
2002-04-29,28.075000762939453,28.325000762939453,27.854999542236328,27.950000762939453,18.742321014404297,6282200
2002-04-30,28.024999618530273,28.200000762939453,27.375,27.375,18.356740951538086,4806000
2002-05-01,27.190000534057617,28.225000381469727,27.100000381469727,28.1200008392334,18.856306076049805,6723200
2002-05-02,27.80500030517578,28.524999618530273,27.78499984741211,28.475000381469727,19.094356536865234,5931000
2002-05-03,28.725000381469727,29.25,28.204999923706055,28.479999542236328,19.09771156311035,6277600
2002-05-06,28.024999618530273,28.079999923706055,27.024999618530273,27.100000381469727,18.172327041625977,5885000
2002-05-07,27.0,27.329999923706055,26.649999618530273,27.014999389648438,18.115339279174805,4977800
2002-05-08,27.674999237060547,28.389999389648438,27.649999618530273,28.174999237060547,18.893190383911133,5233800
2002-05-09,28.075000762939453,28.149999618530273,27.350000381469727,27.389999389648438,18.366798400878906,4537800
2002-05-10,27.424999237060547,28.075000762939453,27.424999237060547,27.75,18.608196258544922,5264600
2002-05-13,27.649999618530273,28.350000381469727,27.424999237060547,28.270000457763672,18.956897735595703,4307400
2002-05-14,28.270000457763672,28.299999237060547,27.415000915527344,27.69499969482422,18.571311950683594,8125800
2002-05-15,27.625,28.030000686645508,27.34000015258789,27.56999969482422,18.487499237060547,7110800
2002-05-16,27.56999969482422,27.905000686645508,27.5,27.774999618530273,18.624967575073242,4866200
2002-05-17,27.524999618530273,27.700000762939453,27.05500030517578,27.5,18.440555572509766,5773000
2002-05-20,27.399999618530273,27.600000381469727,27.145000457763672,27.459999084472656,18.413728713989258,4067600
2002-05-21,27.075000762939453,27.200000762939453,26.30500030517578,26.30500030517578,17.63923454284668,7217400
2002-05-22,25.885000228881836,26.774999618530273,25.885000228881836,26.5,17.76999855041504,9198800
2002-05-23,26.584999084472656,26.725000381469727,26.09000015258789,26.415000915527344,17.71299171447754,6296400
2002-05-24,26.200000762939453,26.295000076293945,25.655000686645508,25.924999237060547,17.384418487548828,6147400
2002-05-28,26.049999237060547,26.2450008392334,25.854999542236328,26.125,17.518537521362305,4736800
2002-05-29,25.799999237060547,26.329999923706055,25.674999237060547,26.225000381469727,17.585582733154297,4763600
2002-05-30,25.725000381469727,26.225000381469727,25.71500015258789,25.96500015258789,17.411239624023438,5971400
2002-05-31,25.989999771118164,26.25,25.774999618530273,25.81999969482422,17.314002990722656,5112200
2002-06-03,25.924999237060547,25.924999237060547,24.8700008392334,25.100000381469727,16.8927001953125,5741800
2002-06-04,25.174999237060547,25.350000381469727,24.329999923706055,25.024999618530273,16.842226028442383,7391000
2002-06-05,24.649999618530273,24.690000534057617,23.829999923706055,24.5,16.488893508911133,9169800
2002-06-06,24.850000381469727,25.0,23.7549991607666,24.434999465942383,16.445152282714844,9225800
2002-06-07,24.5,25.049999237060547,24.0049991607666,24.674999237060547,16.606660842895508,7295000
2002-06-10,24.399999618530273,24.969999313354492,24.065000534057617,24.125,16.23651885986328,3601600
2002-06-11,24.325000762939453,24.325000762939453,23.31999969482422,23.434999465942383,15.772127151489258,5714600
2002-06-12,23.700000762939453,24.1299991607666,23.424999237060547,24.100000381469727,16.21968650817871,7694200
2002-06-13,24.075000762939453,24.475000381469727,23.5049991607666,24.149999618530273,16.253337860107422,7014000
2002-06-14,23.899999618530273,24.399999618530273,23.649999618530273,24.2549991607666,16.324003219604492,5249400
2002-06-17,24.700000762939453,25.094999313354492,24.575000762939453,24.924999237060547,16.774925231933594,4210200
2002-06-18,24.725000381469727,24.905000686645508,24.280000686645508,24.424999237060547,16.438411712646484,3591600
2002-06-19,24.174999237060547,24.68000030517578,24.079999923706055,24.235000610351562,16.31053924560547,5639800
2002-06-20,24.600000381469727,25.125,24.385000228881836,24.829999923706055,16.71099281311035,7344600
2002-06-21,24.8700008392334,25.125,24.350000381469727,24.540000915527344,16.515806198120117,9150200
2002-06-24,24.354999542236328,24.8700008392334,24.315000534057617,24.700000762939453,16.623483657836914,4260400
2002-06-25,25.125,25.25,24.299999237060547,24.329999923706055,16.37447166442871,5226800
2002-06-26,24.25,24.399999618530273,23.764999389648438,24.344999313354492,16.38457679748535,5800000
2002-06-27,24.399999618530273,24.4950008392334,23.625,23.920000076293945,16.098539352416992,5431400
2002-06-28,23.875,24.209999084472656,23.149999618530273,23.25,15.64761734008789,8591800
2002-07-01,22.649999618530273,23.700000762939453,22.649999618530273,23.280000686645508,15.667811393737793,5982400
2002-07-02,23.399999618530273,23.559999465942383,22.385000228881836,22.799999237060547,15.344770431518555,5324000
2002-07-03,22.674999237060547,23.100000381469727,21.950000762939453,23.0,15.479372024536133,5061200
2002-07-05,23.364999771118164,23.450000762939453,23.049999237060547,23.360000610351562,15.721660614013672,2668200
2002-07-08,23.25,23.274999618530273,22.5,22.530000686645508,15.163043975830078,4435600
2002-07-09,22.5,22.799999237060547,22.274999618530273,22.385000228881836,15.065462112426758,5178400
2002-07-10,22.674999237060547,22.975000381469727,21.739999771118164,21.844999313354492,14.702033042907715,6409800
2002-07-11,21.524999618530273,21.799999237060547,21.084999084472656,21.610000610351562,14.543879508972168,7971400
2002-07-12,21.700000762939453,22.079999923706055,21.149999618530273,21.6200008392334,14.550606727600098,5837800
2002-07-15,21.2549991607666,21.700000762939453,19.915000915527344,21.225000381469727,14.284768104553223,8188600
2002-07-16,20.75,21.600000381469727,20.415000915527344,21.225000381469727,14.284768104553223,7497800
2002-07-17,21.625,21.915000915527344,20.924999237060547,21.25,14.301590919494629,7017200
2002-07-18,21.825000762939453,22.045000076293945,21.510000228881836,21.860000610351562,14.712130546569824,7606600
2002-07-19,21.875,21.875,20.5,21.149999618530273,14.234288215637207,8547600
2002-07-22,20.655000686645508,20.989999771118164,19.28499984741211,19.549999237060547,13.157462120056152,9449800
2002-07-23,19.5,19.895000457763672,18.725000381469727,18.799999237060547,12.652702331542969,7312200
2002-07-24,18.229999542236328,20.459999084472656,18.21500015258789,20.299999237060547,13.662224769592285,9072600
2002-07-25,20.225000381469727,21.075000762939453,19.915000915527344,20.375,13.712700843811035,8431600
2002-07-26,20.3799991607666,20.704999923706055,19.950000762939453,20.25,13.628573417663574,6502600
2002-07-29,20.375,21.450000762939453,20.334999084472656,21.405000686645508,14.40590763092041,6819000
2002-07-30,21.395000457763672,21.9950008392334,20.950000762939453,21.81999969482422,14.685209274291992,7211600
2002-07-31,21.969999313354492,21.975000381469727,21.030000686645508,21.459999084472656,14.44291877746582,5998000
2002-08-01,20.725000381469727,21.200000762939453,19.7450008392334,19.829999923706055,13.345906257629395,11340600
2002-08-02,19.799999237060547,20.020000457763672,18.735000610351562,19.0,12.787306785583496,7306000
2002-08-05,18.895000457763672,19.274999618530273,18.06999969482422,18.1200008392334,12.195048332214355,5630800
2002-08-06,18.399999618530273,19.375,18.399999618530273,18.829999923706055,12.672887802124023,5443200
2002-08-07,18.899999618530273,18.899999618530273,17.93000030517578,18.665000915527344,12.561841011047363,7826600
2002-08-08,18.665000915527344,19.799999237060547,18.65999984741211,19.729999542236328,13.278605461120605,6253800
2002-08-09,19.350000381469727,20.59000015258789,19.100000381469727,20.440000534057617,13.756444931030273,6304600
2002-08-12,19.975000381469727,20.899999618530273,19.600000381469727,20.649999618530273,13.897781372070312,4975400
2002-08-13,20.450000762939453,20.774999618530273,19.795000076293945,19.81999969482422,13.339178085327148,6161800
2002-08-14,20.125,20.875,19.674999237060547,20.875,14.049212455749512,5340000
2002-08-15,20.735000610351562,22.0,20.704999923706055,21.899999618530273,14.739046096801758,8718000
2002-08-16,21.700000762939453,21.700000762939453,21.1200008392334,21.5,14.469841957092285,5537200
2002-08-19,21.375,21.709999084472656,20.604999542236328,21.270000457763672,14.315055847167969,7266400
2002-08-20,21.270000457763672,21.270000457763672,20.5,20.7549991607666,13.968443870544434,7567200
2002-08-21,20.5,20.739999771118164,20.059999465942383,20.559999465942383,13.837203025817871,8360800
2002-08-22,20.520000457763672,22.170000076293945,20.43000030517578,22.0,14.806355476379395,8046600
2002-08-23,21.825000762939453,22.399999618530273,21.625,21.770000457763672,14.651557922363281,7310800
2002-08-26,21.875,22.704999923706055,21.600000381469727,22.594999313354492,15.206796646118164,5269600
2002-08-27,22.924999237060547,22.940000534057617,21.704999923706055,22.065000534057617,14.850096702575684,5319200
2002-08-28,21.78499984741211,22.100000381469727,21.375,21.649999618530273,14.570791244506836,5485400
2002-08-29,21.274999618530273,21.915000915527344,21.1200008392334,21.450000762939453,14.436193466186523,4794800
2002-08-30,21.385000228881836,22.0,21.315000534057617,21.604999542236328,14.604512214660645,3758200
2002-09-03,21.020000457763672,21.094999313354492,20.079999923706055,20.165000915527344,13.631104469299316,6355800
2002-09-04,20.290000915527344,20.700000762939453,19.65999984741211,20.604999542236328,13.928536415100098,5647600
2002-09-05,20.5,20.895000457763672,20.184999465942383,20.315000534057617,13.732501983642578,5445000
2002-09-06,20.799999237060547,21.225000381469727,20.75,21.1200008392334,14.276663780212402,4472200
2002-09-09,21.1200008392334,21.454999923706055,20.68000030517578,21.299999237060547,14.398332595825195,3948000
2002-09-10,21.299999237060547,22.0,21.299999237060547,21.81999969482422,14.749850273132324,4585800
2002-09-11,22.149999618530273,22.225000381469727,21.71500015258789,21.735000610351562,14.692387580871582,3094600
2002-09-12,21.649999618530273,21.799999237060547,20.799999237060547,20.950000762939453,14.161741256713867,3658600
2002-09-13,20.850000381469727,21.5,20.670000076293945,21.309999465942383,14.405098915100098,3711400
2002-09-16,21.309999465942383,21.684999465942383,21.049999237060547,21.299999237060547,14.398332595825195,4038800
2002-09-17,20.825000762939453,21.1299991607666,20.559999465942383,20.790000915527344,14.053596496582031,4455600
2002-09-18,20.860000610351562,21.354999542236328,20.489999771118164,20.655000686645508,13.96233081817627,4956800
2002-09-19,20.0,20.635000228881836,19.635000228881836,19.68000030517578,13.303253173828125,10651600
2002-09-20,19.920000076293945,20.049999237060547,19.405000686645508,19.625,13.266073226928711,6228800
2002-09-23,19.75,19.975000381469727,19.329999923706055,19.635000228881836,13.272830963134766,5051200
2002-09-24,19.639999389648438,19.735000610351562,18.899999618530273,19.049999237060547,12.877388954162598,6067400
2002-09-25,19.274999618530273,19.655000686645508,18.614999771118164,19.395000457763672,13.110604286193848,9782600
2002-09-26,19.635000228881836,20.700000762939453,19.5,20.5,13.857551574707031,9040200
2002-09-27,20.385000228881836,20.735000610351562,19.809999465942383,19.90999984741211,13.458724975585938,4775400
2002-09-30,19.524999618530273,19.625,18.975000381469727,19.229999542236328,12.999068260192871,7864800
2002-10-01,19.350000381469727,20.389999389648438,18.940000534057617,20.209999084472656,13.661521911621094,5946800
2002-10-02,19.450000762939453,20.475000381469727,19.375,19.604999542236328,13.252548217773438,8149800
2002-10-03,19.604999542236328,20.280000686645508,19.280000686645508,19.524999618530273,13.198482513427734,4935800
2002-10-04,19.299999237060547,19.549999237060547,18.31999969482422,18.584999084472656,12.5630521774292,7440800
2002-10-07,18.59000015258789,18.93000030517578,18.325000762939453,18.440000534057617,12.465036392211914,5430400
2002-10-08,18.225000381469727,18.625,17.649999618530273,18.104999542236328,12.238588333129883,6667800
2002-10-09,17.719999313354492,18.299999237060547,17.049999237060547,17.135000228881836,11.582887649536133,7974800
2002-10-10,17.075000762939453,17.55500030517578,16.700000762939453,17.53499984741211,11.85328197479248,8126400
2002-10-11,17.71500015258789,18.46500015258789,17.510000228881836,18.334999084472656,12.394061088562012,6245600
2002-10-14,18.34000015258789,18.850000381469727,18.06999969482422,18.790000915527344,12.701635360717773,4060400
2002-10-15,19.350000381469727,19.549999237060547,18.854999542236328,19.545000076293945,13.211999893188477,7555400
2002-10-16,19.545000076293945,19.645000457763672,18.815000534057617,18.889999389648438,12.769232749938965,6360200
2002-10-17,19.049999237060547,19.520000457763672,18.549999237060547,18.850000381469727,12.742193222045898,8122200
2002-10-18,19.5,20.5,19.5,20.344999313354492,13.752781867980957,13459800
2002-10-21,20.0,20.145000457763672,19.809999465942383,20.03499984741211,13.54322338104248,7922200
2002-10-22,20.0,20.454999923706055,19.905000686645508,20.200000762939453,13.65475845336914,9509200
2002-10-23,20.149999618530273,21.5,20.079999923706055,21.43000030517578,14.486207008361816,10175000
2002-10-24,21.725000381469727,21.725000381469727,20.3700008392334,20.584999084472656,13.915003776550293,8975400
2002-10-25,20.549999237060547,20.549999237060547,19.565000534057617,19.80500030517578,13.38775634765625,6860000
2002-10-28,19.899999618530273,20.34000015258789,19.375,19.774999618530273,13.367469787597656,8094600
2002-10-29,19.780000686645508,19.889999389648438,19.0049991607666,19.280000686645508,13.03286361694336,7939800
2002-10-30,19.5,20.549999237060547,19.469999313354492,20.354999542236328,13.759540557861328,6794400
2002-10-31,20.360000610351562,20.799999237060547,20.0049991607666,20.05500030517578,13.556747436523438,5115200
2002-11-01,19.954999923706055,21.174999237060547,19.854999542236328,20.979999542236328,14.182022094726562,6562000
2002-11-04,20.985000610351562,21.299999237060547,20.405000686645508,20.559999465942383,13.898107528686523,6700200
2002-11-05,20.325000762939453,21.024999618530273,20.209999084472656,21.024999618530273,14.21243667602539,6464800
2002-11-06,21.325000762939453,21.739999771118164,21.174999237060547,21.639999389648438,14.62816333770752,11726400
2002-11-07,21.559999465942383,21.850000381469727,21.030000686645508,21.104999542236328,14.266525268554688,6414800
2002-11-08,21.19499969482422,21.34000015258789,20.829999923706055,21.065000534057617,14.239486694335938,4652600
2002-11-11,20.875,21.184999465942383,20.30500030517578,20.459999084472656,13.830509185791016,4238400
2002-11-12,20.674999237060547,20.774999618530273,20.25,20.389999389648438,13.783193588256836,3741000
2002-11-13,20.450000762939453,20.94499969482422,19.440000534057617,19.795000076293945,13.380987167358398,9092800
2002-11-14,19.799999237060547,20.774999618530273,19.799999237060547,20.65999984741211,13.965709686279297,6386600
2002-11-15,20.524999618530273,21.0,20.299999237060547,20.93000030517578,14.148222923278809,4267200
2002-11-18,21.010000228881836,21.200000762939453,20.5,20.875,14.11104679107666,3333200
2002-11-19,20.75,21.15999984741211,20.65999984741211,20.78499984741211,14.050209999084473,3516400
2002-11-20,20.790000915527344,21.399999618530273,20.790000915527344,21.25,14.364538192749023,11423200
2002-11-21,21.2549991607666,22.1299991607666,21.2549991607666,21.940000534057617,14.830964088439941,7849200
2002-11-22,22.200000762939453,22.219999313354492,21.5,21.75,14.70252799987793,5711200
2002-11-25,21.709999084472656,21.719999313354492,21.2450008392334,21.559999465942383,14.574089050292969,4929800
2002-11-26,21.375,21.450000762939453,20.950000762939453,21.010000228881836,14.20230484008789,5534400
2002-11-27,21.274999618530273,21.780000686645508,21.094999313354492,21.725000381469727,14.685628890991211,3536200
2002-11-29,21.825000762939453,22.25,21.799999237060547,22.125,14.956016540527344,2426600
2002-12-02,22.375,23.225000381469727,22.165000915527344,23.05500030517578,15.584676742553711,6617000
2002-12-03,23.059999465942383,23.424999237060547,22.80500030517578,22.899999618530273,15.479904174804688,8262400
2002-12-04,22.905000686645508,22.905000686645508,22.264999389648438,22.584999084472656,15.266971588134766,6895800
2002-12-05,22.59000015258789,23.09000015258789,22.59000015258789,22.829999923706055,15.432583808898926,6136800
2002-12-06,22.43000030517578,23.399999618530273,22.43000030517578,23.09000015258789,15.608336448669434,4942600
2002-12-09,23.264999389648438,23.350000381469727,22.485000610351562,22.5049991607666,15.212892532348633,6388400
2002-12-10,22.510000228881836,22.905000686645508,22.30500030517578,22.600000381469727,15.277108192443848,6230400
2002-12-11,22.5049991607666,22.510000228881836,21.924999237060547,22.43000030517578,15.162188529968262,7763800
2002-12-12,22.424999237060547,22.649999618530273,22.2450008392334,22.565000534057617,15.253447532653809,7776000
2002-12-13,22.350000381469727,22.735000610351562,22.049999237060547,22.09000015258789,14.99482536315918,4599600
2002-12-16,22.139999389648438,22.649999618530273,22.024999618530273,22.649999618530273,15.374954223632812,4298200
2002-12-17,22.655000686645508,22.655000686645508,22.18000030517578,22.260000228881836,15.110221862792969,3435400
2002-12-18,22.100000381469727,22.264999389648438,21.530000686645508,21.75,14.764031410217285,5358200
2002-12-19,21.600000381469727,21.850000381469727,21.415000915527344,21.530000686645508,14.614693641662598,6094200
2002-12-20,21.725000381469727,21.90999984741211,21.55500030517578,21.90999984741211,14.872638702392578,8329800
2002-12-23,22.0,22.014999389648438,21.610000610351562,21.8799991607666,14.852270126342773,4152000
2002-12-24,21.719999313354492,21.864999771118164,21.475000381469727,21.514999389648438,14.604512214660645,1805600
2002-12-26,21.424999237060547,21.81999969482422,21.31999969482422,21.375,14.509482383728027,2135400
2002-12-27,21.28499984741211,21.520000457763672,20.860000610351562,20.959999084472656,14.227773666381836,3016400
2002-12-30,21.084999084472656,21.21500015258789,20.700000762939453,20.860000610351562,14.159900665283203,4568400
2002-12-31,20.860000610351562,21.045000076293945,20.6299991607666,21.045000076293945,14.28547477722168,3758200
2003-01-02,21.149999618530273,21.584999084472656,20.854999542236328,21.549999237060547,14.62826919555664,4436400
2003-01-03,21.424999237060547,21.665000915527344,21.295000076293945,21.399999618530273,14.526447296142578,3601400
2003-01-06,21.229999542236328,21.325000762939453,20.9950008392334,21.200000762939453,14.3906888961792,5618200
2003-01-07,21.204999923706055,21.204999923706055,20.280000686645508,20.350000381469727,13.813705444335938,6014200
2003-01-08,20.25,20.614999771118164,20.2450008392334,20.549999237060547,13.949462890625,7475000
2003-01-09,20.625,21.040000915527344,20.579999923706055,20.920000076293945,14.200629234313965,6149800
2003-01-10,20.924999237060547,21.149999618530273,20.649999618530273,20.885000228881836,14.176861763000488,4993200
2003-01-13,20.809999465942383,20.815000534057617,20.5049991607666,20.6200008392334,13.996980667114258,4892800
2003-01-14,20.600000381469727,20.825000762939453,20.2549991607666,20.434999465942383,13.87139892578125,6202000
2003-01-15,20.475000381469727,20.860000610351562,20.434999465942383,20.649999618530273,14.017351150512695,8168400
2003-01-16,20.799999237060547,21.0,20.770000457763672,20.934999465942383,14.210806846618652,6323400
2003-01-17,20.684999465942383,20.84000015258789,20.280000686645508,20.354999542236328,13.81710433959961,5805200
2003-01-21,20.360000610351562,20.360000610351562,19.25,19.375,13.15186595916748,8807600
2003-01-22,18.450000762939453,19.395000457763672,17.809999465942383,19.030000686645508,12.917675971984863,21398000
2003-01-23,19.03499984741211,19.46500015258789,18.639999389648438,19.225000381469727,13.050046920776367,10236000
2003-01-24,19.229999542236328,19.30500030517578,18.549999237060547,18.68000030517578,12.680095672607422,7255600
2003-01-27,18.674999237060547,18.674999237060547,17.860000610351562,18.03499984741211,12.242263793945312,11034800
2003-01-28,18.075000762939453,18.5,18.075000762939453,18.31999969482422,12.435723304748535,6152400
2003-01-29,18.325000762939453,19.065000534057617,18.0,18.829999923706055,12.781915664672852,7491600
2003-01-30,19.149999618530273,19.290000915527344,18.524999618530273,18.55500030517578,12.59524917602539,6786000
2003-01-31,18.450000762939453,19.010000228881836,18.360000610351562,18.850000381469727,12.79549503326416,6071600
2003-02-03,18.854999542236328,19.094999313354492,18.645000457763672,18.844999313354492,12.792097091674805,5149000
2003-02-04,18.850000381469727,19.19499969482422,18.5,19.155000686645508,13.002524375915527,6064800
2003-02-05,19.43000030517578,19.604999542236328,18.985000610351562,19.05500030517578,12.934652328491211,6395200
2003-02-06,19.024999618530273,19.2549991607666,18.795000076293945,19.110000610351562,12.971985816955566,5467800
2003-02-07,19.075000762939453,19.219999313354492,18.674999237060547,18.760000228881836,12.734402656555176,4623800
2003-02-10,18.924999237060547,19.53499984741211,18.81999969482422,19.530000686645508,13.257078170776367,6347200
2003-02-11,19.53499984741211,19.75,19.30500030517578,19.5,13.236717224121094,7993000
2003-02-12,19.375,19.540000915527344,19.125,19.184999465942383,13.022896766662598,5832400
2003-02-13,19.075000762939453,19.299999237060547,18.790000915527344,18.985000610351562,12.887129783630371,5408000
2003-02-14,19.5049991607666,19.5049991607666,19.0,19.440000534057617,13.195985794067383,4011600
2003-02-18,19.3700008392334,19.979999542236328,19.299999237060547,19.815000534057617,13.515898704528809,6291600
2003-02-19,19.825000762939453,20.030000686645508,19.68000030517578,19.920000076293945,13.587517738342285,5785400
2003-02-20,19.924999237060547,20.334999084472656,19.889999389648438,20.2549991607666,13.816022872924805,6795600
2003-02-21,20.549999237060547,21.09000015258789,20.434999465942383,20.975000381469727,14.307141304016113,10262800
2003-02-24,20.975000381469727,21.25,20.8799991607666,21.149999618530273,14.426512718200684,7777600
2003-02-25,21.200000762939453,21.489999771118164,20.19499969482422,20.399999618530273,13.914926528930664,16136800
2003-02-26,20.399999618530273,21.059999465942383,20.280000686645508,20.774999618530273,14.17071533203125,9077800
2003-02-27,20.774999618530273,20.924999237060547,20.28499984741211,20.43000030517578,13.93538761138916,7692800
2003-02-28,20.524999618530273,20.979999542236328,20.450000762939453,20.80500030517578,14.191183090209961,9681600
2003-03-03,20.729999542236328,20.924999237060547,20.524999618530273,20.674999237060547,14.102500915527344,7189600
2003-03-04,20.15999984741211,20.545000076293945,20.15999984741211,20.25,13.81261157989502,8881400
2003-03-05,20.209999084472656,20.375,19.875,20.084999084472656,13.700060844421387,5867800
2003-03-06,20.0,20.485000610351562,20.0,20.479999542236328,13.969493865966797,5567400
2003-03-07,20.125,20.479999542236328,19.774999618530273,20.06999969482422,13.689833641052246,6094000
2003-03-10,20.325000762939453,20.350000381469727,19.43000030517578,19.524999618530273,13.318085670471191,5321400
2003-03-11,19.5,19.7450008392334,18.979999542236328,19.010000228881836,12.96680736541748,6340000
2003-03-12,18.975000381469727,18.975000381469727,18.43000030517578,18.760000228881836,12.796278953552246,8187400
2003-03-13,19.049999237060547,19.079999923706055,18.625,18.985000610351562,12.949748992919922,7029800
2003-03-14,18.985000610351562,19.190000534057617,18.75,18.854999542236328,12.861075401306152,7670600
2003-03-17,18.854999542236328,19.174999237060547,18.649999618530273,19.040000915527344,12.987268447875977,7436800
2003-03-18,19.040000915527344,19.860000610351562,18.875,19.75,13.471558570861816,11386400
2003-03-19,19.75,20.06999969482422,19.450000762939453,19.645000457763672,13.399940490722656,6857600
2003-03-20,19.424999237060547,20.239999771118164,19.280000686645508,19.969999313354492,13.62161922454834,7948200
2003-03-21,19.975000381469727,20.024999618530273,19.40999984741211,19.459999084472656,13.273747444152832,7304600
2003-03-24,19.459999084472656,19.80500030517578,18.950000762939453,19.024999618530273,12.977030754089355,5414800
2003-03-25,19.075000762939453,19.44499969482422,18.969999313354492,19.100000381469727,13.028188705444336,6066000
2003-03-26,19.100000381469727,19.30500030517578,18.799999237060547,19.049999237060547,12.994089126586914,7695000
2003-03-27,19.049999237060547,19.4950008392334,19.014999389648438,19.204999923706055,13.099810600280762,7017400
2003-03-28,19.209999084472656,19.625,19.209999084472656,19.514999389648438,13.311263084411621,4419000
2003-03-31,18.829999923706055,19.475000381469727,18.829999923706055,19.0049991607666,12.963388442993164,5463200
2003-04-01,19.049999237060547,19.4950008392334,18.975000381469727,19.375,13.215768814086914,6824800
2003-04-02,19.375,19.375,18.950000762939453,19.170000076293945,13.075935363769531,6378400
2003-04-03,19.170000076293945,19.239999771118164,18.850000381469727,18.920000076293945,12.905415534973145,5236200
2003-04-04,18.93000030517578,19.06999969482422,18.735000610351562,18.860000610351562,12.86448860168457,5931200
2003-04-07,18.860000610351562,18.975000381469727,18.68000030517578,18.844999313354492,12.85425090789795,7077200
2003-04-08,18.844999313354492,18.899999618530273,18.65999984741211,18.770000457763672,12.8031005859375,4242800
2003-04-09,18.889999389648438,19.0,18.729999542236328,18.850000381469727,12.857660293579102,4392800
2003-04-10,19.174999237060547,19.459999084472656,19.0049991607666,19.3700008392334,13.212361335754395,7882200
2003-04-11,19.3700008392334,19.3700008392334,18.8700008392334,19.03499984741211,12.983845710754395,7291600
2003-04-14,18.040000915527344,19.190000534057617,18.040000915527344,19.174999237060547,13.079354286193848,4493400
2003-04-15,19.450000762939453,19.559999465942383,18.78499984741211,18.8799991607666,12.878129005432129,4323000
2003-04-16,18.93000030517578,19.200000762939453,18.639999389648438,18.704999923706055,12.75876235961914,6329600
2003-04-17,18.655000686645508,19.5,18.510000228881836,19.440000534057617,13.260107040405273,5424800
2003-04-21,19.44499969482422,19.809999465942383,19.350000381469727,19.635000228881836,13.393119812011719,4998800
2003-04-22,19.600000381469727,19.924999237060547,19.350000381469727,19.81999969482422,13.519306182861328,4808400
2003-04-23,20.31999969482422,20.924999237060547,19.834999084472656,20.829999923706055,14.208230972290039,13220400
2003-04-24,20.829999923706055,20.975000381469727,20.700000762939453,20.93000030517578,14.27643871307373,8470600
2003-04-25,20.93000030517578,21.0,20.53499984741211,20.7549991607666,14.157075881958008,5545400
2003-04-28,20.700000762939453,21.125,20.594999313354492,20.875,14.238929748535156,7436600
2003-04-29,20.875,21.014999389648438,20.44499969482422,20.649999618530273,14.08545970916748,4587600
2003-04-30,20.700000762939453,21.225000381469727,20.635000228881836,20.96500015258789,14.300318717956543,9270400
2003-05-01,21.149999618530273,21.239999771118164,20.895000457763672,21.065000534057617,14.368525505065918,4888000
2003-05-02,21.295000076293945,21.760000228881836,21.174999237060547,21.69499969482422,14.798250198364258,6193600
2003-05-05,21.645000457763672,21.985000610351562,21.604999542236328,21.829999923706055,14.890335083007812,5672000
2003-05-06,21.829999923706055,22.475000381469727,21.78499984741211,22.354999542236328,15.248438835144043,7565400
2003-05-07,22.354999542236328,22.729999542236328,22.114999771118164,22.540000915527344,15.374634742736816,8016800
2003-05-08,22.5,22.565000534057617,22.0,22.209999084472656,15.149531364440918,8039600
2003-05-09,22.350000381469727,22.639999389648438,22.0,22.489999771118164,15.340535163879395,4403000
2003-05-12,22.424999237060547,22.975000381469727,22.334999084472656,22.7549991607666,15.521286010742188,6070600
2003-05-13,22.7549991607666,23.0049991607666,22.5049991607666,22.975000381469727,15.671343803405762,6187000
2003-05-14,22.989999771118164,23.625,22.80500030517578,23.424999237060547,15.978288650512695,8420600
2003-05-15,23.43000030517578,23.55500030517578,23.18000030517578,23.440000534057617,15.988523483276367,5733800
2003-05-16,23.44499969482422,23.7549991607666,23.204999923706055,23.700000762939453,16.165868759155273,7041200
2003-05-19,23.575000762939453,23.69499969482422,23.424999237060547,23.475000381469727,16.012399673461914,7043200
2003-05-20,23.3799991607666,23.459999084472656,22.950000762939453,23.299999237060547,15.89302921295166,8050600
2003-05-21,23.024999618530273,24.0,23.010000228881836,23.75,16.199974060058594,7476800
2003-05-22,23.625,23.844999313354492,23.524999618530273,23.565000534057617,16.07378387451172,5627800
2003-05-23,23.565000534057617,23.690000534057617,23.125,23.59000015258789,16.090835571289062,4126400
2003-05-27,23.274999618530273,24.25,23.274999618530273,24.21500015258789,16.517152786254883,7082200
2003-05-28,24.21500015258789,24.299999237060547,23.780000686645508,23.889999389648438,16.29547691345215,5844800
2003-05-29,23.850000381469727,23.875,23.56999969482422,23.655000686645508,16.13517951965332,6005200
2003-05-30,23.655000686645508,24.5,23.440000534057617,24.309999465942383,16.581958770751953,6244800
2003-06-02,24.21500015258789,24.375,23.899999618530273,24.18000030517578,16.557302474975586,5618600
2003-06-03,24.18000030517578,24.18000030517578,23.7549991607666,23.950000762939453,16.399824142456055,5673800
2003-06-04,23.125,23.80500030517578,23.100000381469727,23.579999923706055,16.14645004272461,19449000
2003-06-05,23.299999237060547,23.725000381469727,23.295000076293945,23.674999237060547,16.211505889892578,7947600
2003-06-06,23.530000686645508,23.899999618530273,23.530000686645508,23.690000534057617,16.22178077697754,7264400
2003-06-09,23.600000381469727,23.920000076293945,23.469999313354492,23.81999969482422,16.310791015625,5626000
2003-06-10,23.924999237060547,24.229999542236328,23.850000381469727,24.049999237060547,16.468284606933594,6439000
2003-06-11,24.229999542236328,24.915000915527344,23.954999923706055,24.889999389648438,17.043476104736328,8213400
2003-06-12,24.889999389648438,25.075000762939453,24.360000610351562,24.674999237060547,16.896251678466797,7406200
2003-06-13,24.674999237060547,24.68000030517578,23.924999237060547,24.094999313354492,16.499099731445312,5308000
2003-06-16,24.094999313354492,24.549999237060547,23.684999465942383,24.024999618530273,16.4511775970459,7570000
2003-06-17,24.024999618530273,24.350000381469727,23.545000076293945,23.7549991607666,16.266284942626953,5998000
2003-06-18,23.7549991607666,23.96500015258789,23.434999465942383,23.6200008392334,16.173837661743164,7147600
2003-06-19,23.6200008392334,24.2450008392334,23.469999313354492,23.93000030517578,16.38612174987793,5145800
2003-06-20,23.93000030517578,24.200000762939453,23.625,23.635000228881836,16.184114456176758,7903400
2003-06-23,23.635000228881836,23.920000076293945,23.114999771118164,23.625,16.17726707458496,4052600
2003-06-24,23.5,23.895000457763672,23.450000762939453,23.75,16.26286506652832,6353800
2003-06-25,23.899999618530273,24.350000381469727,23.725000381469727,24.075000762939453,16.48540496826172,7909000
2003-06-26,23.975000381469727,24.315000534057617,23.71500015258789,23.8799991607666,16.35188102722168,9741200
2003-06-27,23.8799991607666,24.19499969482422,23.815000534057617,23.844999313354492,16.327911376953125,5317800
2003-06-30,24.0,24.100000381469727,23.739999771118164,23.78499984741211,16.286832809448242,4387800
2003-07-01,23.78499984741211,24.014999389648438,23.260000228881836,23.924999237060547,16.382686614990234,5406400
2003-07-02,23.924999237060547,24.135000228881836,23.4950008392334,24.010000228881836,16.44089698791504,5536000
2003-07-03,24.014999389648438,24.30500030517578,23.350000381469727,24.020000457763672,16.447744369506836,4239400
2003-07-07,24.0,24.0,23.56999969482422,23.75,16.26286506652832,7122400
2003-07-08,23.75,23.854999542236328,23.5,23.78499984741211,16.286832809448242,5681800
2003-07-09,23.850000381469727,24.225000381469727,23.850000381469727,24.030000686645508,16.4545955657959,6669600
2003-07-10,24.0,24.0,23.09000015258789,23.325000762939453,15.971846580505371,9149600
2003-07-11,23.325000762939453,23.770000457763672,23.174999237060547,23.645000457763672,16.190956115722656,4571000
2003-07-14,23.700000762939453,23.790000915527344,23.059999465942383,23.174999237060547,15.869120597839355,5847800
2003-07-15,23.18000030517578,23.43000030517578,22.850000381469727,23.075000762939453,15.800653457641602,5826400
2003-07-16,23.100000381469727,23.25,22.770000457763672,22.850000381469727,15.646594047546387,5225200
2003-07-17,22.850000381469727,23.229999542236328,22.2549991607666,22.96500015258789,15.72532844543457,6964600
2003-07-18,22.96500015258789,23.829999923706055,22.575000762939453,23.729999542236328,16.249164581298828,6755800
2003-07-21,24.0,24.125,23.405000686645508,23.565000534057617,16.136178970336914,8789000
2003-07-22,23.565000534057617,23.655000686645508,23.014999389648438,23.200000762939453,15.886246681213379,8141600
2003-07-23,23.475000381469727,23.549999237060547,22.399999618530273,22.7549991607666,15.581534385681152,11994800
2003-07-24,23.0,23.2450008392334,22.475000381469727,22.510000228881836,15.41377067565918,8236600
2003-07-25,22.549999237060547,22.8700008392334,22.395000457763672,22.864999771118164,15.656856536865234,5362400
2003-07-28,22.864999771118164,23.209999084472656,22.549999237060547,23.075000762939453,15.800653457641602,7481600
2003-07-29,23.075000762939453,23.075000762939453,22.274999618530273,22.415000915527344,15.348718643188477,7935600
2003-07-30,22.489999771118164,22.55500030517578,22.25,22.44499969482422,15.369256019592285,6572800
2003-07-31,22.600000381469727,22.975000381469727,22.25,22.53499984741211,15.430885314941406,5925200
2003-08-01,22.3799991607666,22.915000915527344,22.3799991607666,22.760000228881836,15.584961891174316,5116600
2003-08-04,22.760000228881836,22.764999389648438,22.25,22.55500030517578,15.444585800170898,5527800
2003-08-05,22.549999237060547,22.719999313354492,22.290000915527344,22.31999969482422,15.28366756439209,4400000
2003-08-06,22.325000762939453,22.809999465942383,22.264999389648438,22.75,15.578112602233887,5933400
2003-08-07,22.75,23.395000457763672,22.59000015258789,23.280000686645508,15.941023826599121,9357000
2003-08-08,23.280000686645508,23.354999542236328,22.975000381469727,23.264999389648438,15.930749893188477,7045400
2003-08-11,23.264999389648438,23.549999237060547,23.114999771118164,23.459999084472656,16.064281463623047,5256400
2003-08-12,23.459999084472656,23.6200008392334,23.059999465942383,23.559999465942383,16.132762908935547,5039400
2003-08-13,23.799999237060547,23.875,23.475000381469727,23.684999465942383,16.218353271484375,6364800
2003-08-14,23.725000381469727,23.860000610351562,23.395000457763672,23.760000228881836,16.269710540771484,7874000
2003-08-15,23.799999237060547,23.864999771118164,23.594999313354492,23.625,16.17726707458496,2458200
2003-08-18,23.75,24.010000228881836,23.700000762939453,23.975000381469727,16.416933059692383,3730600
2003-08-19,23.950000762939453,24.110000610351562,23.844999313354492,24.084999084472656,16.492250442504883,4218000
2003-08-20,24.084999084472656,24.65999984741211,23.55500030517578,24.44499969482422,16.738765716552734,7011800
2003-08-21,24.450000762939453,24.8799991607666,24.145000457763672,24.625,16.862022399902344,6548000
2003-08-22,24.850000381469727,24.850000381469727,24.190000534057617,24.219999313354492,16.584693908691406,4867400
2003-08-25,24.219999313354492,24.274999618530273,23.75,23.825000762939453,16.3142147064209,6164600
2003-08-26,23.829999923706055,23.989999771118164,23.55500030517578,23.954999923706055,16.40323829650879,4181000
2003-08-27,23.84000015258789,24.329999923706055,23.780000686645508,23.780000686645508,16.28339958190918,4755000
2003-08-28,23.799999237060547,24.7549991607666,23.6299991607666,24.739999771118164,16.940765380859375,7934800
2003-08-29,24.645000457763672,24.7549991607666,24.155000686645508,24.7549991607666,17.015687942504883,5309400
2003-09-02,24.7549991607666,24.7549991607666,24.1200008392334,24.655000686645508,16.946956634521484,7661200
2003-09-03,24.704999923706055,24.7450008392334,24.260000228881836,24.415000915527344,16.781986236572266,4756400
2003-09-04,24.415000915527344,24.415000915527344,23.799999237060547,23.885000228881836,16.417680740356445,7965200
2003-09-05,23.885000228881836,24.3700008392334,23.834999084472656,24.225000381469727,16.651382446289062,6419200
2003-09-08,24.274999618530273,24.895000457763672,24.25,24.7450008392334,17.00881576538086,5943400
2003-09-09,24.7450008392334,24.7450008392334,24.25,24.479999542236328,16.826662063598633,5313400
2003-09-10,24.479999542236328,24.53499984741211,23.93000030517578,24.065000534057617,16.54140853881836,5462000
2003-09-11,24.125,24.34000015258789,23.875,24.049999237060547,16.531091690063477,5428400
2003-09-12,24.049999237060547,24.170000076293945,23.895000457763672,24.165000915527344,16.61013412475586,3518000
2003-09-15,24.170000076293945,24.459999084472656,24.024999618530273,24.049999237060547,16.531091690063477,3485800
2003-09-16,24.104999542236328,24.25,23.8799991607666,24.200000762939453,16.63420295715332,4407400
2003-09-17,24.399999618530273,24.440000534057617,23.950000762939453,24.125,16.58264923095703,4854800
2003-09-18,24.1299991607666,24.655000686645508,23.924999237060547,24.625,16.92632293701172,6463200
2003-09-19,24.649999618530273,25.545000076293945,24.135000228881836,25.4950008392334,17.524333953857422,13572400
2003-09-22,25.75,26.049999237060547,25.334999084472656,25.53499984741211,17.55183219909668,12163800
2003-09-23,25.540000915527344,25.875,25.260000228881836,25.350000381469727,17.42466163635254,6837200
2003-09-24,25.5,25.875,25.315000534057617,25.46500015258789,17.503721237182617,11821000
2003-09-25,25.450000762939453,25.454999923706055,24.649999618530273,24.69499969482422,16.974443435668945,8039200
2003-09-26,24.53499984741211,24.53499984741211,24.149999618530273,24.360000610351562,16.744184494018555,5626000
2003-09-29,24.354999542236328,24.68000030517578,24.299999237060547,24.59000015258789,16.902271270751953,4456400
2003-09-30,24.510000228881836,24.725000381469727,24.045000076293945,24.200000762939453,16.63420295715332,7577200
2003-10-01,24.200000762939453,24.809999465942383,24.200000762939453,24.739999771118164,17.005374908447266,7491200
2003-10-02,24.665000915527344,24.905000686645508,24.540000915527344,24.834999084472656,17.0706787109375,4096400
2003-10-03,25.0,25.329999923706055,24.5,25.040000915527344,17.211585998535156,5094800
2003-10-06,25.049999237060547,25.344999313354492,24.895000457763672,25.18000030517578,17.307815551757812,3651200
2003-10-07,25.18000030517578,25.344999313354492,24.799999237060547,25.235000610351562,17.34562110900879,4064000
2003-10-08,25.25,25.4950008392334,24.770000457763672,25.25,17.355934143066406,4799200
2003-10-09,25.25,25.2549991607666,25.0,25.15999984741211,17.294069290161133,5824400
2003-10-10,25.100000381469727,25.575000762939453,25.100000381469727,25.395000457763672,17.455604553222656,6166600
2003-10-13,25.399999618530273,25.5049991607666,25.125,25.235000610351562,17.34562110900879,3397800
2003-10-14,25.274999618530273,25.274999618530273,24.915000915527344,25.079999923706055,17.239084243774414,3913000
2003-10-15,25.084999084472656,25.084999084472656,24.5,24.6299991607666,16.92976951599121,7325600
2003-10-16,24.5,25.184999465942383,24.4950008392334,25.020000457763672,17.197832107543945,5856200
2003-10-17,25.024999618530273,25.110000610351562,24.6299991607666,24.75,17.01225471496582,5106200
2003-10-20,24.774999618530273,24.9950008392334,24.549999237060547,24.920000076293945,17.129104614257812,4391200
2003-10-21,24.924999237060547,25.780000686645508,24.924999237060547,25.68000030517578,17.651508331298828,9978200
2003-10-22,24.485000610351562,24.649999618530273,23.8799991607666,23.975000381469727,16.47953987121582,19447400
2003-10-23,23.979999542236328,24.0049991607666,23.600000381469727,24.0,16.49673080444336,9829000
2003-10-24,23.725000381469727,23.860000610351562,23.44499969482422,23.55500030517578,16.190845489501953,6784200
2003-10-27,23.559999465942383,23.875,23.440000534057617,23.514999389648438,16.163352966308594,5822600
2003-10-28,23.514999389648438,23.65999984741211,23.315000534057617,23.625,16.238962173461914,7291200
2003-10-29,23.514999389648438,23.899999618530273,23.170000076293945,23.25,15.981203079223633,7919800
2003-10-30,23.274999618530273,23.295000076293945,22.739999771118164,23.125,15.895288467407227,9186200
2003-10-31,23.1299991607666,23.6200008392334,23.0,23.485000610351562,16.14273452758789,7511600
2003-11-03,23.485000610351562,23.559999465942383,23.0049991607666,23.075000762939453,15.860917091369629,7465600
2003-11-04,23.075000762939453,23.434999465942383,22.80500030517578,23.2549991607666,15.984634399414062,5206000
2003-11-05,23.2549991607666,23.469999313354492,23.125,23.350000381469727,16.049943923950195,5311600
2003-11-06,23.350000381469727,23.450000762939453,22.905000686645508,23.31999969482422,16.029321670532227,4098800
2003-11-07,23.31999969482422,23.479999542236328,23.225000381469727,23.309999465942383,16.022445678710938,4161600
2003-11-10,23.299999237060547,23.454999923706055,23.0,23.049999237060547,15.843740463256836,4558200
2003-11-11,23.05500030517578,23.209999084472656,23.030000686645508,23.145000457763672,15.909028053283691,3454800
2003-11-12,23.149999618530273,23.454999923706055,22.729999542236328,23.344999313354492,16.0465087890625,3076000
2003-11-13,23.344999313354492,23.875,23.344999313354492,23.809999465942383,16.36612892150879,6175200
2003-11-14,23.809999465942383,24.104999542236328,23.69499969482422,23.799999237060547,16.359254837036133,5968800
2003-11-17,23.799999237060547,23.799999237060547,23.170000076293945,23.485000610351562,16.14273452758789,3969200
2003-11-18,23.450000762939453,23.479999542236328,23.030000686645508,23.059999465942383,15.850606918334961,5061200
2003-11-19,23.024999618530273,23.309999465942383,23.024999618530273,23.264999389648438,15.991521835327148,4730400
2003-11-20,23.165000915527344,23.5,23.104999542236328,23.229999542236328,15.96745777130127,5186600
2003-11-21,23.209999084472656,23.235000610351562,23.0,23.1299991607666,15.898722648620605,3938600
2003-11-24,23.1299991607666,23.219999313354492,22.975000381469727,23.145000457763672,15.909028053283691,4435200
2003-11-25,23.170000076293945,23.649999618530273,23.155000686645508,23.315000534057617,16.025888442993164,5437600
2003-11-26,23.375,23.53499984741211,23.174999237060547,23.450000762939453,16.118669509887695,4863200
2003-11-28,23.450000762939453,23.520000457763672,23.295000076293945,23.459999084472656,16.12554168701172,1272200
2003-12-01,23.485000610351562,23.549999237060547,23.34000015258789,23.3700008392334,16.06368637084961,4563600
2003-12-02,23.434999465942383,24.0,23.325000762939453,23.924999237060547,16.445175170898438,7635200
2003-12-03,23.93000030517578,23.969999313354492,23.56999969482422,23.6200008392334,16.23552703857422,5457200
2003-12-04,23.549999237060547,24.3799991607666,23.524999618530273,24.084999084472656,16.555156707763672,8922800
2003-12-05,24.065000534057617,24.71500015258789,24.065000534057617,24.6200008392334,16.92289924621582,8401600
2003-12-08,24.5,24.915000915527344,24.454999923706055,24.860000610351562,17.08785629272461,5372000
2003-12-09,24.950000762939453,25.024999618530273,24.71500015258789,24.905000686645508,17.11879539489746,6545600
2003-12-10,24.905000686645508,25.125,24.774999618530273,24.989999771118164,17.17721939086914,6905000
2003-12-11,25.0,25.079999923706055,24.725000381469727,25.03499984741211,17.208152770996094,5506800
2003-12-12,25.045000076293945,25.545000076293945,25.024999618530273,25.459999084472656,17.500282287597656,4930000
2003-12-15,25.475000381469727,25.514999389648438,25.06999969482422,25.094999313354492,17.313312530517578,5378200
2003-12-16,25.100000381469727,25.485000610351562,25.094999313354492,25.18000030517578,17.37195587158203,5606800
2003-12-17,25.125,25.209999084472656,24.975000381469727,25.200000762939453,17.385751724243164,7219000
2003-12-18,25.375,26.975000381469727,25.3700008392334,26.375,18.196409225463867,18616800
2003-12-19,26.614999771118164,26.799999237060547,26.399999618530273,26.565000534057617,18.327489852905273,9221800
2003-12-22,26.625,27.375,26.579999923706055,27.325000762939453,18.851823806762695,10627400
2003-12-23,27.25,27.2549991607666,26.764999389648438,27.0,18.627595901489258,5282800
2003-12-24,27.0049991607666,27.594999313354492,26.979999542236328,27.479999542236328,18.95874786376953,3323400
2003-12-26,27.475000381469727,27.739999771118164,27.399999618530273,27.639999389648438,19.069133758544922,1915600
2003-12-29,27.700000762939453,27.889999389648438,27.649999618530273,27.834999084472656,19.20366668701172,4640400
2003-12-30,27.799999237060547,28.1200008392334,27.655000686645508,27.770000457763672,19.158823013305664,4730000
2003-12-31,27.799999237060547,27.799999237060547,27.18000030517578,27.360000610351562,18.875961303710938,4909400
2004-01-02,27.360000610351562,27.549999237060547,27.229999542236328,27.329999923706055,18.855266571044922,3667000
2004-01-05,27.100000381469727,27.780000686645508,26.989999771118164,27.7549991607666,19.14847755432129,5984000
2004-01-06,27.774999618530273,27.954999923706055,27.274999618530273,27.454999923706055,18.94150161743164,6237000
2004-01-07,27.329999923706055,27.329999923706055,26.645000457763672,26.774999618530273,18.472354888916016,9240800
2004-01-08,26.5,27.040000915527344,26.389999389648438,26.924999237060547,18.575851440429688,9339600
2004-01-09,27.299999237060547,27.670000076293945,26.454999923706055,27.0,18.627595901489258,13982400
2004-01-12,27.100000381469727,27.100000381469727,26.549999237060547,26.674999237060547,18.403364181518555,7300000
2004-01-13,26.924999237060547,27.045000076293945,26.700000762939453,26.75,18.455116271972656,7284000
2004-01-14,26.875,26.96500015258789,26.375,26.610000610351562,18.358524322509766,4697800
2004-01-15,26.725000381469727,27.010000228881836,26.315000534057617,26.344999313354492,18.175701141357422,5384400
2004-01-16,26.3799991607666,27.059999465942383,26.264999389648438,26.94499969482422,18.58965492248535,5289800
2004-01-20,27.299999237060547,27.979999542236328,27.25,27.815000534057617,19.18987274169922,8509400
2004-01-21,27.75,28.274999618530273,27.625,28.024999618530273,19.334753036499023,6352000
2004-01-22,28.125,28.329999923706055,27.549999237060547,27.790000915527344,19.17262077331543,7829400
2004-01-23,28.75,30.235000610351562,28.674999237060547,29.885000228881836,20.61798095703125,24420800
2004-01-26,29.93000030517578,30.600000381469727,29.600000381469727,30.530000686645508,21.0629825592041,13178000
2004-01-27,30.530000686645508,31.424999237060547,30.530000686645508,31.0,21.387237548828125,19312400
2004-01-28,30.94499969482422,31.2450008392334,30.780000686645508,30.924999237060547,21.33549690246582,13595200
2004-01-29,30.975000381469727,31.174999237060547,30.649999618530273,30.90999984741211,21.32514190673828,12227600
2004-01-30,30.8700008392334,30.985000610351562,30.450000762939453,30.59000015258789,21.104373931884766,8319200
2004-02-02,30.594999313354492,31.024999618530273,30.524999618530273,30.799999237060547,21.24925422668457,9218800
2004-02-03,30.799999237060547,30.899999618530273,30.325000762939453,30.815000534057617,21.259597778320312,7229800
2004-02-04,30.75,31.1299991607666,30.645000457763672,30.84000015258789,21.276851654052734,7874200
2004-02-05,30.799999237060547,30.885000228881836,30.219999313354492,30.424999237060547,20.990537643432617,8638200
2004-02-06,30.424999237060547,30.795000076293945,30.420000076293945,30.610000610351562,21.118162155151367,6525800
2004-02-09,30.700000762939453,31.395000457763672,30.684999465942383,31.065000534057617,21.432090759277344,6463000
2004-02-10,31.06999969482422,31.93000030517578,31.06999969482422,31.729999542236328,21.890867233276367,10354800
2004-02-11,31.5,31.844999313354492,31.354999542236328,31.735000610351562,21.894323348999023,7905800
2004-02-12,31.735000610351562,32.15999984741211,31.700000762939453,31.989999771118164,22.07024574279785,5018400
2004-02-13,31.649999618530273,32.18000030517578,31.579999923706055,32.01499938964844,22.087491989135742,5774600
2004-02-17,32.02000045776367,32.16999816894531,31.834999084472656,32.03499984741211,22.101293563842773,7699000
2004-02-18,32.03499984741211,32.084999084472656,31.415000915527344,31.5,21.732189178466797,7200400
2004-02-19,31.725000381469727,31.975000381469727,31.375,31.719999313354492,21.883974075317383,5663400
2004-02-20,31.850000381469727,31.924999237060547,31.510000228881836,31.55500030517578,21.770137786865234,5891200
2004-02-23,31.575000762939453,31.670000076293945,31.415000915527344,31.600000381469727,21.866323471069336,4947000
2004-02-24,31.549999237060547,32.25,31.5,32.23500061035156,22.305723190307617,6597400
2004-02-25,32.07500076293945,32.52000045776367,32.07500076293945,32.22999954223633,22.302263259887695,6562600
2004-02-26,32.5,32.54499816894531,32.189998626708984,32.380001068115234,22.406064987182617,6400600
2004-02-27,31.8700008392334,32.52000045776367,31.8700008392334,32.244998931884766,22.31263542175293,4608000
2004-03-01,32.45000076293945,33.25,32.3650016784668,33.23500061035156,22.99770164489746,5921400
2004-03-02,33.04999923706055,33.375,33.04499816894531,33.18000030517578,22.959638595581055,6274000
2004-03-03,32.97999954223633,32.98500061035156,32.42499923706055,32.88999938964844,22.758962631225586,5250600
2004-03-04,32.70000076293945,32.900001525878906,32.54999923706055,32.685001373291016,22.617107391357422,5117800
2004-03-05,32.685001373291016,33.165000915527344,32.404998779296875,32.494998931884766,22.485631942749023,6031600
2004-03-08,32.54999923706055,32.974998474121094,32.54499816894531,32.564998626708984,22.53407859802246,3919200
2004-03-09,32.439998626708984,32.48500061035156,32.125,32.38999938964844,22.412975311279297,4825400
2004-03-10,32.29999923706055,32.29999923706055,31.4950008392334,31.600000381469727,21.866323471069336,49387800
2004-03-11,31.5,31.799999237060547,31.079999923706055,31.079999923706055,21.506486892700195,5693200
2004-03-12,31.25,31.56999969482422,30.899999618530273,31.25,21.624135971069336,6626600
2004-03-15,31.325000762939453,31.81999969482422,31.31999969482422,31.329999923706055,21.67949104309082,5402200
2004-03-16,31.510000228881836,31.524999618530273,31.059999465942383,31.2549991607666,21.627586364746094,4932200
2004-03-17,31.2549991607666,32.474998474121094,31.2549991607666,32.3849983215332,22.40951156616211,5635600
2004-03-18,32.29999923706055,32.75,32.17499923706055,32.4900016784668,22.4821834564209,6813400
2004-03-19,32.494998931884766,32.64500045776367,31.81999969482422,31.829999923706055,22.02547836303711,6739400
2004-03-22,31.725000381469727,31.8700008392334,31.079999923706055,31.174999237060547,21.57223892211914,4967400
2004-03-23,31.350000381469727,31.510000228881836,30.704999923706055,31.06999969482422,21.499574661254883,9613600
2004-03-24,31.209999084472656,31.600000381469727,30.5049991607666,30.540000915527344,21.132835388183594,13512800
2004-03-25,30.7549991607666,30.774999618530273,30.28499984741211,30.55500030517578,21.143213272094727,9090000
2004-03-26,30.475000381469727,31.049999237060547,30.454999923706055,30.735000610351562,21.267772674560547,6952200
2004-03-29,30.924999237060547,30.9950008392334,30.469999313354492,30.68000030517578,21.229711532592773,7083800
2004-03-30,30.68000030517578,31.94499969482422,30.68000030517578,31.735000610351562,21.959741592407227,9335800
2004-03-31,31.75,32.1150016784668,31.40999984741211,31.924999237060547,22.091215133666992,8422600
2004-04-01,31.924999237060547,31.94499969482422,30.719999313354492,30.950000762939453,21.416540145874023,9476600
2004-04-02,31.024999618530273,31.15999984741211,30.69499969482422,30.895000457763672,21.378477096557617,7120600
2004-04-05,31.0,31.059999465942383,30.645000457763672,30.799999237060547,21.312742233276367,5821400
2004-04-06,30.674999237060547,30.825000762939453,30.485000610351562,30.655000686645508,21.212404251098633,6010200
2004-04-07,30.524999618530273,30.834999084472656,30.05500030517578,30.3799991607666,21.02211570739746,10902000
2004-04-08,30.53499984741211,30.799999237060547,30.375,30.645000457763672,21.20547866821289,6237200
2004-04-12,30.709999084472656,31.405000686645508,30.670000076293945,31.3799991607666,21.714082717895508,6363400
2004-04-13,31.454999923706055,31.614999771118164,30.93000030517578,31.020000457763672,21.46497917175293,6329600
2004-04-14,30.774999618530273,31.239999771118164,30.645000457763672,30.899999618530273,21.381938934326172,4921400
2004-04-15,30.950000762939453,31.469999313354492,30.934999465942383,31.34000015258789,21.686412811279297,5619200
2004-04-16,31.350000381469727,32.125,31.225000381469727,32.07500076293945,22.195009231567383,6176600
2004-04-19,32.04999923706055,32.349998474121094,31.7450008392334,31.774999618530273,21.98741340637207,7143200
2004-04-20,31.774999618530273,31.969999313354492,31.19499969482422,31.19499969482422,21.586074829101562,5362800
2004-04-21,31.200000762939453,31.200000762939453,30.700000762939453,30.90999984741211,21.38886260986328,6310200
2004-04-22,30.979999542236328,32.2400016784668,30.875,31.920000076293945,22.08775520324707,7040800
2004-04-23,31.024999618530273,31.540000915527344,30.68000030517578,30.850000381469727,21.347339630126953,10111000
2004-04-26,30.90999984741211,31.295000076293945,30.850000381469727,30.989999771118164,21.44422149658203,4652600
2004-04-27,30.65999984741211,31.700000762939453,30.65999984741211,31.225000381469727,21.60683250427246,8003000
2004-04-28,30.975000381469727,31.315000534057617,30.5,30.5,21.105154037475586,7027600
2004-04-29,30.5049991607666,30.7450008392334,28.9950008392334,29.440000534057617,20.371660232543945,9452200
2004-04-30,29.5,29.655000686645508,28.524999618530273,29.264999389648438,20.250560760498047,11481800
2004-05-03,29.264999389648438,29.78499984741211,29.125,29.78499984741211,20.610401153564453,6015200
2004-05-04,29.700000762939453,30.020000457763672,29.219999313354492,29.59000015258789,20.475460052490234,5648000
2004-05-05,29.149999618530273,29.40999984741211,28.299999237060547,29.19499969482422,20.20212745666504,17071800
2004-05-06,29.0,29.375,28.649999618530273,28.774999618530273,19.911495208740234,5775200
2004-05-07,28.799999237060547,28.989999771118164,27.975000381469727,28.024999618530273,19.392515182495117,6574800
2004-05-10,27.75,27.860000610351562,27.375,27.729999542236328,19.188386917114258,9558400
2004-05-11,27.905000686645508,28.200000762939453,27.454999923706055,27.815000534057617,19.247203826904297,8196800
2004-05-12,27.815000534057617,28.540000915527344,27.770000457763672,28.350000381469727,19.61740493774414,10855800
2004-05-13,28.354999542236328,28.93000030517578,28.354999542236328,28.684999465942383,19.84921646118164,8488400
2004-05-14,28.690000534057617,28.950000762939453,28.440000534057617,28.649999618530273,19.825000762939453,6048200
2004-05-17,28.46500015258789,28.899999618530273,28.31999969482422,28.665000915527344,19.83538246154785,7052200
2004-05-18,28.665000915527344,28.709999084472656,28.30500030517578,28.520000457763672,19.735048294067383,7808200
2004-05-19,28.520000457763672,28.815000534057617,28.354999542236328,28.46500015258789,19.696989059448242,8592400
2004-05-20,28.469999313354492,28.725000381469727,28.450000762939453,28.459999084472656,19.69352149963379,4733600
2004-05-21,28.649999618530273,28.75,28.274999618530273,28.299999237060547,19.58281898498535,7223400
2004-05-24,28.309999465942383,29.174999237060547,28.065000534057617,29.010000228881836,20.074115753173828,9507400
2004-05-25,29.200000762939453,29.625,29.014999389648438,29.469999313354492,20.392419815063477,7795200
2004-05-26,29.485000610351562,29.725000381469727,28.950000762939453,29.059999465942383,20.10871696472168,6535400
2004-05-27,29.0,29.0049991607666,28.25,28.450000762939453,19.686613082885742,9109000
2004-05-28,28.450000762939453,28.875,28.450000762939453,28.584999084472656,19.845596313476562,4126600
2004-06-01,29.075000762939453,29.190000534057617,28.469999313354492,28.94499969482422,20.09552764892578,6589200
2004-06-02,28.920000076293945,29.014999389648438,28.364999771118164,28.56999969482422,19.835187911987305,5353800
2004-06-03,28.639999389648438,28.94499969482422,28.094999313354492,28.094999313354492,19.505403518676758,5959000
2004-06-04,28.424999237060547,28.44499969482422,28.010000228881836,28.184999465942383,19.567893981933594,7615200
2004-06-07,28.225000381469727,29.030000686645508,28.079999923706055,28.959999084472656,20.105945587158203,7768000
2004-06-08,29.274999618530273,29.415000915527344,28.764999389648438,28.950000762939453,20.099000930786133,7255200
2004-06-09,28.75,29.100000381469727,28.44499969482422,28.959999084472656,20.105945587158203,7497600
2004-06-10,29.225000381469727,29.475000381469727,29.125,29.200000762939453,20.27256965637207,5388400
2004-06-14,29.155000686645508,29.59000015258789,29.065000534057617,29.350000381469727,20.376712799072266,7690800
2004-06-15,29.575000762939453,30.045000076293945,29.4950008392334,29.959999084472656,20.800209045410156,7867400
2004-06-16,30.549999237060547,31.145000457763672,30.475000381469727,31.114999771118164,21.602092742919922,13802600
2004-06-17,31.114999771118164,31.399999618530273,30.90999984741211,31.014999389648438,21.532670974731445,6970600
2004-06-18,31.020000457763672,31.200000762939453,30.56999969482422,31.010000228881836,21.529191970825195,6763600
2004-06-21,31.010000228881836,31.075000762939453,30.719999313354492,30.7450008392334,21.345212936401367,4480600
2004-06-22,30.790000915527344,30.940000534057617,30.530000686645508,30.75,21.34868621826172,6321200
2004-06-23,30.975000381469727,31.739999771118164,30.780000686645508,31.625,21.956167221069336,8005400
2004-06-24,31.6299991607666,31.790000915527344,31.3700008392334,31.3700008392334,21.779129028320312,6433800
2004-06-25,31.375,31.875,31.274999618530273,31.6299991607666,21.959638595581055,5337400
2004-06-28,31.6299991607666,31.670000076293945,31.100000381469727,31.19499969482422,21.65763282775879,4722400
2004-06-29,31.1200008392334,31.475000381469727,30.924999237060547,31.15999984741211,21.633333206176758,4856200
2004-06-30,31.165000915527344,31.915000915527344,31.104999542236328,31.7549991607666,22.046409606933594,5657600
2004-07-01,31.299999237060547,31.799999237060547,31.299999237060547,31.71500015258789,22.018651962280273,7034000
2004-07-02,31.674999237060547,31.975000381469727,31.399999618530273,31.790000915527344,22.070716857910156,4192000
2004-07-06,31.850000381469727,32.08000183105469,31.549999237060547,31.549999237060547,21.904094696044922,8323000
2004-07-07,31.825000762939453,31.825000762939453,31.364999771118164,31.479999542236328,21.85548973083496,5268800
2004-07-08,31.549999237060547,31.709999084472656,31.020000457763672,31.204999923706055,21.664573669433594,5596800
2004-07-09,31.274999618530273,31.5,31.05500030517578,31.399999618530273,21.799959182739258,5049400
2004-07-12,31.405000686645508,31.489999771118164,30.905000686645508,31.19499969482422,21.65763282775879,3723800
2004-07-13,31.225000381469727,31.31999969482422,30.774999618530273,31.15999984741211,21.633333206176758,3781800
2004-07-14,31.049999237060547,31.834999084472656,31.049999237060547,31.78499984741211,22.067251205444336,5840400
2004-07-15,31.780000686645508,32.494998931884766,31.524999618530273,32.435001373291016,22.518522262573242,7925000
2004-07-16,32.5099983215332,32.900001525878906,32.32500076293945,32.45500183105469,22.532405853271484,8097400
2004-07-19,32.5,32.625,32.275001525878906,32.5,22.56363868713379,5935600
2004-07-20,32.5,32.70000076293945,32.25,32.70000076293945,22.7025089263916,5997000
2004-07-21,32.70000076293945,33.18000030517578,32.05500030517578,32.07500076293945,22.268587112426758,9182200
2004-07-22,32.07500076293945,32.255001068115234,31.524999618530273,32.130001068115234,22.306781768798828,8968400
2004-07-23,32.130001068115234,32.130001068115234,31.5049991607666,31.5049991607666,21.872852325439453,7376200
2004-07-26,31.600000381469727,31.864999771118164,30.875,31.190000534057617,21.654159545898438,5170400
2004-07-27,31.299999237060547,32.21500015258789,31.1299991607666,32.0,22.216516494750977,8601200
2004-07-28,32.125,32.67499923706055,32.125,32.30500030517578,22.428266525268555,8703600
2004-07-29,32.310001373291016,32.54999923706055,31.94499969482422,32.375,22.476863861083984,6510800
2004-07-30,32.275001525878906,32.494998931884766,32.0,32.15999984741211,22.327604293823242,6961800
2004-08-02,32.11000061035156,32.369998931884766,31.649999618530273,32.23500061035156,22.37966537475586,5117000
2004-08-03,32.275001525878906,32.61000061035156,32.26499938964844,32.35499954223633,22.462980270385742,8796600
2004-08-04,32.095001220703125,32.375,31.5,31.684999465942383,21.997817993164062,6637800
2004-08-05,31.684999465942383,31.889999389648438,31.325000762939453,31.44499969482422,21.831201553344727,7491000
2004-08-06,31.44499969482422,31.4950008392334,30.334999084472656,30.760000228881836,21.355623245239258,7441400
2004-08-09,30.774999618530273,31.399999618530273,30.700000762939453,31.165000915527344,21.63680648803711,5772200
2004-08-10,31.139999389648438,31.260000228881836,30.760000228881836,30.799999237060547,21.38340187072754,7404000
2004-08-11,30.475000381469727,30.989999771118164,30.399999618530273,30.5,21.17510986328125,9932400
2004-08-12,30.5049991607666,30.625,29.94499969482422,29.975000381469727,20.810617446899414,8679800
2004-08-13,30.024999618530273,30.184999465942383,29.860000610351562,30.0,20.82798194885254,6969800
2004-08-16,30.075000762939453,30.239999771118164,29.8799991607666,30.06999969482422,20.876583099365234,6769200
2004-08-17,30.065000534057617,30.06999969482422,29.31999969482422,29.454999923706055,20.449604034423828,10446000
2004-08-18,29.459999084472656,30.030000686645508,29.454999923706055,30.0,20.82798194885254,8884400
2004-08-19,30.0,30.364999771118164,29.825000762939453,29.94499969482422,20.789794921875,9608400
2004-08-20,30.375,30.8700008392334,30.350000381469727,30.59000015258789,21.23760223388672,10520800
2004-08-23,30.549999237060547,30.565000534057617,30.135000228881836,30.174999237060547,20.949480056762695,5729400
2004-08-24,30.200000762939453,30.334999084472656,29.725000381469727,30.2549991607666,21.005022048950195,6219200
2004-08-25,30.350000381469727,30.719999313354492,30.344999313354492,30.59000015258789,21.23760223388672,6149400
2004-08-26,30.375,31.139999389648438,30.165000915527344,31.079999923706055,21.577795028686523,6187000
2004-08-27,30.875,31.239999771118164,30.875,31.135000228881836,21.61597442626953,4903400
2004-08-30,31.045000076293945,31.225000381469727,30.454999923706055,30.59000015258789,21.30190658569336,4171600
2004-08-31,30.665000915527344,31.040000915527344,30.665000915527344,30.899999618530273,21.51778793334961,5092400
2004-09-01,31.024999618530273,31.579999923706055,30.864999771118164,31.485000610351562,21.925159454345703,7845800
2004-09-02,32.0,32.0,31.40999984741211,31.559999465942383,21.977397918701172,6583600
2004-09-03,31.559999465942383,32.31999969482422,31.46500015258789,32.2400016784668,22.4509220123291,6506600
2004-09-07,32.125,32.125,31.684999465942383,31.9950008392334,22.28031349182129,4703400
2004-09-08,31.924999237060547,32.310001373291016,31.625,32.04499816894531,22.315128326416016,3776200
2004-09-09,32.04499816894531,32.59000015258789,32.03499984741211,32.39500045776367,22.558856964111328,6606000
2004-09-10,32.39500045776367,32.44499969482422,31.885000228881836,32.154998779296875,22.3917236328125,4452600
2004-09-13,32.25,32.59000015258789,32.220001220703125,32.290000915527344,22.485746383666992,5143000
2004-09-14,32.290000915527344,32.375,31.969999313354492,32.025001525878906,22.30120086669922,5315600
2004-09-15,31.860000610351562,32.474998474121094,31.579999923706055,32.154998779296875,22.3917236328125,5490400
2004-09-16,32.154998779296875,32.435001373291016,31.959999084472656,32.224998474121094,22.440479278564453,4236600
2004-09-17,32.474998474121094,32.994998931884766,32.36000061035156,32.98500061035156,22.9697208404541,8297600
2004-09-20,33.0,33.25,32.54999923706055,32.595001220703125,22.69812774658203,10400000
2004-09-21,32.595001220703125,33.20000076293945,32.380001068115234,33.17499923706055,23.102008819580078,9035400
2004-09-22,33.15999984741211,33.5,32.7599983215332,33.209999084472656,23.126394271850586,8719000
2004-09-23,33.025001525878906,33.3650016784668,32.630001068115234,33.2400016784668,23.147294998168945,7627600
2004-09-24,33.2400016784668,33.619998931884766,33.15999984741211,33.31999969482422,23.203001022338867,7360800
2004-09-27,33.474998474121094,33.72999954223633,33.025001525878906,33.029998779296875,23.00105857849121,8040000
2004-09-28,33.42499923706055,33.92499923706055,33.3849983215332,33.83000183105469,23.558147430419922,8829400
2004-09-29,33.7400016784668,33.82500076293945,33.310001373291016,33.6150016784668,23.408430099487305,10637000
2004-09-30,33.63999938964844,33.8849983215332,33.505001068115234,33.654998779296875,23.436281204223633,7131400
2004-10-01,33.5,34.32500076293945,33.43000030517578,34.125,23.76357650756836,10110200
2004-10-04,34.125,34.375,33.82500076293945,33.97999954223633,23.662607192993164,6270000
2004-10-05,34.150001525878906,34.400001525878906,33.8849983215332,33.959999084472656,23.6486759185791,6567000
2004-10-06,34.150001525878906,34.650001525878906,33.79999923706055,34.630001068115234,24.115253448486328,8065800
2004-10-07,34.724998474121094,34.94499969482422,34.084999084472656,34.2599983215332,23.85759162902832,5758000
2004-10-08,34.26499938964844,34.845001220703125,34.20000076293945,34.599998474121094,24.094350814819336,5532600
2004-10-11,34.599998474121094,34.630001068115234,33.68000030517578,34.0,23.676525115966797,6777600
2004-10-12,33.540000915527344,34.36000061035156,33.28499984741211,33.28499984741211,23.178625106811523,7270600
2004-10-13,33.0,33.02000045776367,32.404998779296875,32.61000061035156,22.708572387695312,11237400
2004-10-14,32.92499923706055,33.525001525878906,32.915000915527344,33.17499923706055,23.102008819580078,8416000
2004-10-15,33.5,33.52000045776367,32.974998474121094,33.375,23.24129867553711,6455800
2004-10-18,33.375,33.53499984741211,32.75,32.77000045776367,22.82000160217285,5638000
2004-10-19,32.375,32.834999084472656,32.36000061035156,32.54999923706055,22.666791915893555,6964800
2004-10-20,32.54999923706055,33.474998474121094,32.54999923706055,33.400001525878906,23.258710861206055,7861400
2004-10-21,33.75,33.959999084472656,33.53499984741211,33.845001220703125,23.568593978881836,7904200
2004-10-22,33.20000076293945,33.54999923706055,32.625,32.89500045776367,22.90703582763672,14542400
2004-10-25,32.630001068115234,32.834999084472656,32.255001068115234,32.650001525878906,22.736431121826172,8609000
2004-10-26,32.654998779296875,32.94499969482422,32.42499923706055,32.744998931884766,22.802589416503906,9346600
2004-10-27,32.64500045776367,32.75,31.25,31.520000457763672,21.949535369873047,16117600
2004-10-28,32.084999084472656,32.084999084472656,30.905000686645508,31.024999618530273,21.604835510253906,15232000
2004-10-29,31.065000534057617,31.575000762939453,30.924999237060547,31.469999313354492,21.914716720581055,7730000
2004-11-01,31.75,31.96500015258789,31.024999618530273,31.139999389648438,21.684921264648438,8285800
2004-11-02,31.200000762939453,31.485000610351562,30.5049991607666,30.604999542236328,21.312360763549805,11229200
2004-11-03,31.924999237060547,31.94499969482422,30.90999984741211,31.325000762939453,21.813743591308594,13183800
2004-11-04,31.424999237060547,31.739999771118164,31.19499969482422,31.559999465942383,21.977397918701172,9322800
2004-11-05,31.700000762939453,32.25,31.565000534057617,31.829999923706055,22.16541862487793,8678200
2004-11-08,31.725000381469727,31.7450008392334,31.1299991607666,31.225000381469727,21.744102478027344,9182400
2004-11-09,31.225000381469727,31.5049991607666,30.989999771118164,31.315000534057617,21.806781768798828,10278800
2004-11-10,31.424999237060547,32.22999954223633,31.225000381469727,31.954999923706055,22.252458572387695,10265600
2004-11-11,31.954999923706055,32.23500061035156,31.7549991607666,32.09000015258789,22.346464157104492,6547200
2004-11-12,32.07500076293945,32.875,32.04999923706055,32.82500076293945,22.85830307006836,7086600
2004-11-15,32.775001525878906,32.834999084472656,31.774999618530273,31.864999771118164,22.189783096313477,12708200
2004-11-16,32.04999923706055,32.369998931884766,32.025001525878906,32.04999923706055,22.31861114501953,5856600
2004-11-17,32.04999923706055,32.459999084472656,31.774999618530273,32.275001525878906,22.475299835205078,6741000
2004-11-18,32.439998626708984,32.79999923706055,32.275001525878906,32.63999938964844,22.729463577270508,7371800
2004-11-19,32.76499938964844,33.130001068115234,32.57500076293945,33.04999923706055,23.014976501464844,7658600
2004-11-22,33.095001220703125,33.290000915527344,32.7599983215332,33.150001525878906,23.084623336791992,5820200
2004-11-23,33.224998474121094,33.55500030517578,32.94499969482422,33.04999923706055,23.014976501464844,9288200
2004-11-24,33.025001525878906,33.59000015258789,32.625,33.58000183105469,23.384056091308594,7324800
2004-11-26,33.474998474121094,33.900001525878906,33.45500183105469,33.540000915527344,23.356199264526367,2182200
2004-11-29,33.599998474121094,33.619998931884766,32.79499816894531,33.029998779296875,23.00105857849121,6023000
2004-11-30,32.900001525878906,33.255001068115234,32.790000915527344,32.814998626708984,22.851335525512695,5258800
2004-12-01,32.7599983215332,32.79999923706055,31.524999618530273,31.815000534057617,22.154970169067383,11283000
2004-12-02,31.399999618530273,31.524999618530273,30.600000381469727,31.024999618530273,21.604835510253906,15302000
2004-12-03,31.024999618530273,31.834999084472656,30.969999313354492,31.735000610351562,22.099252700805664,12148200
2004-12-06,31.899999618530273,32.07500076293945,31.315000534057617,31.68000030517578,22.06095314025879,8440600
2004-12-07,31.68000030517578,31.7450008392334,31.05500030517578,31.125,21.67447853088379,11626000
2004-12-08,31.125,31.434999465942383,30.665000915527344,31.145000457763672,21.68839454650879,9558800
2004-12-09,31.225000381469727,31.65999984741211,31.06999969482422,31.649999618530273,22.04006004333496,7774600
2004-12-10,32.275001525878906,32.275001525878906,31.280000686645508,31.4950008392334,21.932126998901367,6257000
2004-12-13,31.549999237060547,32.04499816894531,31.540000915527344,32.040000915527344,22.311643600463867,6855000
2004-12-14,32.25,32.82500076293945,32.23500061035156,32.540000915527344,22.65983772277832,7121800
2004-12-15,32.57500076293945,33.17499923706055,32.45000076293945,33.064998626708984,23.025419235229492,8227200
2004-12-16,33.0,33.20500183105469,32.54999923706055,32.75,22.806074142456055,6510400
2004-12-17,32.75,33.025001525878906,32.584999084472656,32.78499984741211,22.83043670654297,6689000
2004-12-20,32.69499969482422,33.220001220703125,32.69499969482422,33.125,23.133535385131836,5226000
2004-12-21,33.17499923706055,33.57500076293945,33.02000045776367,33.56999969482422,23.444318771362305,6274200
2004-12-22,33.40999984741211,33.59000015258789,32.85499954223633,33.189998626708984,23.178922653198242,9944200
2004-12-23,33.19499969482422,33.57500076293945,33.119998931884766,33.51499938964844,23.405899047851562,5122800
2004-12-27,33.48500061035156,33.4900016784668,32.900001525878906,32.93000030517578,22.997352600097656,7274800
2004-12-28,32.95500183105469,33.21500015258789,32.92499923706055,33.154998779296875,23.154483795166016,6560600
2004-12-29,33.45000076293945,33.70000076293945,33.10499954223633,33.505001068115234,23.39891815185547,5860400
2004-12-30,33.45000076293945,33.47999954223633,33.275001525878906,33.474998474121094,23.377962112426758,4639000
2004-12-31,33.474998474121094,33.64500045776367,33.46500015258789,33.474998474121094,23.377962112426758,3272200
2005-01-03,33.400001525878906,33.400001525878906,32.07500076293945,32.125,22.43516731262207,10130600
2005-01-04,32.32500076293945,32.505001068115234,31.864999771118164,31.8799991607666,22.26405906677246,8614400
2005-01-05,31.8799991607666,32.255001068115234,31.760000228881836,31.979999542236328,22.333908081054688,8224600
2005-01-06,31.93000030517578,32.779998779296875,31.899999618530273,32.60499954223633,22.770374298095703,9059200
2005-01-07,32.42499923706055,32.42499923706055,31.56999969482422,31.764999389648438,22.18375587463379,8865800
2005-01-10,31.975000381469727,32.32500076293945,31.795000076293945,31.959999084472656,22.31993865966797,8187800
2005-01-11,31.774999618530273,32.09000015258789,31.700000762939453,31.735000610351562,22.16279411315918,6664400
2005-01-12,31.735000610351562,32.05500030517578,31.594999313354492,32.01499938964844,22.358339309692383,17020000
2005-01-13,32.165000915527344,32.5099983215332,31.979999542236328,32.099998474121094,22.417701721191406,8252000
2005-01-14,32.099998474121094,32.30500030517578,31.875,32.189998626708984,22.48055648803711,6466600
2005-01-18,32.625,32.79499816894531,32.150001525878906,32.25,22.52245330810547,8354000
2005-01-19,32.255001068115234,32.66999816894531,32.2400016784668,32.42499923706055,22.644672393798828,7097600
2005-01-20,32.040000915527344,32.6150016784668,31.875,32.2599983215332,22.52944564819336,8724600
2005-01-21,32.540000915527344,32.97999954223633,32.314998626708984,32.32500076293945,22.5748348236084,13477400
2005-01-24,32.599998474121094,33.220001220703125,32.595001220703125,32.900001525878906,22.976404190063477,15933200
2005-01-25,33.20000076293945,33.755001068115234,32.92499923706055,33.2400016784668,23.213842391967773,14764200
2005-01-26,33.25,33.599998474121094,33.095001220703125,33.46500015258789,23.370983123779297,11585800
2005-01-27,33.525001525878906,33.92499923706055,33.3650016784668,33.7599983215332,23.577003479003906,9123800
2005-01-28,33.6349983215332,33.70000076293945,33.09000015258789,33.525001525878906,23.41287612915039,8415400
2005-01-31,33.20000076293945,34.2400016784668,33.064998626708984,34.02000045776367,23.758583068847656,10706600
2005-02-01,34.02000045776367,34.415000915527344,33.779998779296875,34.165000915527344,23.859834671020508,7533600
2005-02-02,34.17499923706055,35.125,34.16999816894531,35.060001373291016,24.484878540039062,13925800
2005-02-03,34.974998474121094,35.290000915527344,34.53499984741211,35.189998626708984,24.575668334960938,9727800
2005-02-04,35.40999984741211,35.7400016784668,35.040000915527344,35.29999923706055,24.65249252319336,7210400
2005-02-07,35.29999923706055,35.40999984741211,34.459999084472656,34.86000061035156,24.345203399658203,8289200
2005-02-08,34.79999923706055,35.39500045776367,34.58000183105469,35.23500061035156,24.607097625732422,6448800
2005-02-09,35.23500061035156,35.80500030517578,34.95500183105469,35.165000915527344,24.558208465576172,10011200
2005-02-10,35.415000915527344,36.755001068115234,35.32500076293945,36.5099983215332,25.49751853942871,10760200
2005-02-11,36.619998931884766,37.08000183105469,36.53499984741211,36.720001220703125,25.644180297851562,9304200
2005-02-14,36.66999816894531,36.82500076293945,36.220001220703125,36.435001373291016,25.445146560668945,5936600
2005-02-15,36.32500076293945,36.744998931884766,35.95000076293945,36.310001373291016,25.35784339904785,7247000
2005-02-16,36.314998626708984,37.125,36.25,36.94499969482422,25.801301956176758,8144000
2005-02-17,37.11000061035156,37.21500015258789,36.189998626708984,36.189998626708984,25.274030685424805,8487600
2005-02-18,36.26499938964844,37.04999923706055,36.099998474121094,36.76499938964844,25.675600051879883,9585000
2005-02-22,36.974998474121094,37.03499984741211,36.334999084472656,36.345001220703125,25.382293701171875,7847800
2005-02-23,36.29999923706055,37.04499816894531,36.29999923706055,37.04499816894531,25.87114715576172,5907200
2005-02-24,37.25,37.46500015258789,36.54499816894531,37.45000076293945,26.153989791870117,8550800
2005-02-25,37.32500076293945,37.939998626708984,37.15999984741211,37.790000915527344,26.391437530517578,7303200
2005-02-28,37.599998474121094,38.060001373291016,35.72999954223633,37.724998474121094,26.419448852539062,14485600
2005-03-01,37.57500076293945,37.79499816894531,37.04999923706055,37.2400016784668,26.07979393005371,10356600
2005-03-02,37.025001525878906,37.9900016784668,37.025001525878906,37.904998779296875,26.545503616333008,13881400
2005-03-03,38.025001525878906,38.80500030517578,37.994998931884766,38.709999084472656,27.10926055908203,12681800
2005-03-04,38.67499923706055,39.15999984741211,38.415000915527344,39.0,27.312345504760742,11406800
2005-03-07,38.5,38.70000076293945,37.849998474121094,38.39500045776367,26.888660430908203,8523000
2005-03-08,38.25,38.709999084472656,37.79999923706055,38.0,26.612035751342773,8365600
2005-03-09,38.099998474121094,38.25,36.834999084472656,36.869998931884766,25.820674896240234,8986800
2005-03-10,36.744998931884766,36.775001525878906,35.974998474121094,36.56999969482422,25.610576629638672,13990000
2005-03-11,36.349998474121094,36.904998779296875,36.095001220703125,36.375,25.474016189575195,9355200
2005-03-14,36.375,36.56999969482422,35.6349983215332,36.47999954223633,25.54755210876465,9476400
2005-03-15,36.47999954223633,36.95000076293945,35.775001525878906,35.775001525878906,25.053829193115234,7530800
2005-03-16,35.650001525878906,36.439998626708984,35.525001525878906,36.150001525878906,25.316448211669922,8530400
2005-03-17,36.42499923706055,36.474998474121094,35.59000015258789,35.790000915527344,25.064332962036133,9180800
2005-03-18,35.790000915527344,36.244998931884766,35.66999816894531,35.89500045776367,25.13787078857422,11312800
2005-03-21,35.89500045776367,36.19499969482422,35.1349983215332,35.584999084472656,24.92075538635254,7098400
2005-03-22,35.86000061035156,36.67499923706055,35.7599983215332,35.7599983215332,25.04332733154297,10597800
2005-03-23,35.45000076293945,35.595001220703125,34.720001220703125,34.900001525878906,24.441055297851562,12586800
2005-03-24,35.07500076293945,35.435001373291016,34.900001525878906,35.01499938964844,24.521591186523438,5844800
2005-03-28,35.02000045776367,35.61000061035156,35.0,35.400001525878906,24.791208267211914,6819400
2005-03-29,35.400001525878906,35.744998931884766,34.25,34.25,23.985851287841797,9910600
2005-03-30,34.29999923706055,34.72999954223633,33.70500183105469,34.67499923706055,24.28347396850586,12143600
2005-03-31,35.099998474121094,35.6150016784668,35.04499816894531,35.2400016784668,24.679155349731445,9971800
2005-04-01,35.54999923706055,35.849998474121094,35.20000076293945,35.810001373291016,25.078340530395508,7097000
2005-04-04,36.099998474121094,36.474998474121094,35.290000915527344,35.75,25.036319732666016,9830200
2005-04-05,35.42499923706055,35.82500076293945,35.025001525878906,35.404998779296875,24.79471206665039,7936600
2005-04-06,35.599998474121094,36.154998779296875,35.349998474121094,36.060001373291016,25.253414154052734,8901800
2005-04-07,36.42499923706055,36.48500061035156,35.31999969482422,35.5099983215332,24.868240356445312,9693000
2005-04-08,35.51499938964844,35.73500061035156,34.93000030517578,34.959999084472656,24.483064651489258,6289800
2005-04-11,34.89500045776367,35.400001525878906,34.6150016784668,35.20000076293945,24.651142120361328,6842600
2005-04-12,35.125,35.25,34.400001525878906,34.775001525878906,24.35350799560547,7768800
2005-04-13,34.875,35.369998931884766,34.32500076293945,34.5,24.16092300415039,10335200
2005-04-14,34.70000076293945,35.0099983215332,34.29999923706055,34.5,24.16092300415039,9377000
2005-04-15,34.625,34.869998931884766,33.45000076293945,33.459999084472656,23.432601928710938,11606000
2005-04-18,33.525001525878906,33.974998474121094,33.45500183105469,33.63999938964844,23.55864715576172,8817400
2005-04-19,33.95000076293945,34.42499923706055,33.75,34.14500045776367,23.91231918334961,7074800
2005-04-20,34.42499923706055,34.625,33.76499938964844,33.79999923706055,23.670705795288086,8239600
2005-04-21,34.0,35.130001068115234,33.85499954223633,35.130001068115234,24.60212516784668,7584600
2005-04-22,35.130001068115234,35.810001373291016,34.814998626708984,35.459999084472656,24.83322525024414,9349800
2005-04-25,35.75,35.994998931884766,35.59000015258789,35.849998474121094,25.106359481811523,6564600
2005-04-26,35.849998474121094,36.0,35.0099983215332,35.0099983215332,24.518085479736328,9220800
2005-04-27,34.875,34.94499969482422,34.18000030517578,34.30500030517578,24.024372100830078,12011600
2005-04-28,34.310001373291016,34.40999984741211,33.76499938964844,34.20500183105469,23.954326629638672,10487200
2005-04-29,34.5,34.70000076293945,33.915000915527344,34.20500183105469,23.954326629638672,9139400
2005-05-02,34.20500183105469,34.875,34.09000015258789,34.84000015258789,24.399032592773438,7269200
2005-05-03,34.689998626708984,34.69499969482422,33.709999084472656,33.790000915527344,23.6637020111084,8176200
2005-05-04,33.974998474121094,34.27000045776367,33.38999938964844,34.23500061035156,23.975339889526367,13832600
2005-05-05,34.439998626708984,34.97999954223633,34.310001373291016,34.650001525878906,24.265972137451172,8532200
2005-05-06,34.915000915527344,35.209999084472656,34.54499816894531,34.54999923706055,24.19594383239746,5532800
2005-05-09,34.650001525878906,35.2400016784668,34.525001525878906,35.23500061035156,24.675657272338867,5776000
2005-05-10,35.040000915527344,35.20500183105469,34.45000076293945,34.459999084472656,24.13292121887207,7138600
2005-05-11,34.36000061035156,34.689998626708984,33.974998474121094,34.45000076293945,24.125905990600586,7001600
2005-05-12,34.375,34.380001068115234,32.6150016784668,32.76499938964844,22.945880889892578,15578400
2005-05-13,32.849998474121094,33.09000015258789,32.470001220703125,32.755001068115234,22.938873291015625,13568400
2005-05-16,32.75,32.994998931884766,32.310001373291016,32.57500076293945,22.812814712524414,17567200
2005-05-17,32.57500076293945,32.849998474121094,32.505001068115234,32.775001525878906,22.952880859375,11959000
2005-05-18,33.040000915527344,33.275001525878906,32.47999954223633,32.709999084472656,22.907365798950195,11565800
2005-05-19,32.810001373291016,33.5,32.625,33.5,23.460607528686523,7117600
2005-05-20,33.42499923706055,33.81999969482422,32.98500061035156,32.98500061035156,23.099943161010742,7894000
2005-05-23,33.4900016784668,33.58000183105469,33.064998626708984,33.400001525878906,23.390583038330078,7004200
2005-05-24,33.5,33.69499969482422,33.28499984741211,33.439998626708984,23.418588638305664,6157200
2005-05-25,33.400001525878906,34.09000015258789,33.0099983215332,33.900001525878906,23.74073600769043,7862400
2005-05-26,34.09000015258789,34.09000015258789,33.625,33.91999816894531,23.754735946655273,6458600
2005-05-27,34.0,34.459999084472656,33.92499923706055,34.35499954223633,24.059375762939453,5355000
2005-05-31,34.35499954223633,34.42499923706055,33.75,34.185001373291016,23.940326690673828,5491200
2005-06-01,34.30500030517578,35.18000030517578,34.30500030517578,34.66999816894531,24.279979705810547,9343000
2005-06-02,34.904998779296875,35.2400016784668,34.5,34.95500183105469,24.479564666748047,6745000
2005-06-03,35.474998474121094,35.82500076293945,35.36000061035156,35.560001373291016,24.90325355529785,7767200
2005-06-06,35.650001525878906,35.744998931884766,35.0099983215332,35.43000030517578,24.885698318481445,5100000
2005-06-07,35.375,35.68000030517578,35.16999816894531,35.220001220703125,24.738201141357422,5340800
2005-06-08,34.974998474121094,35.94499969482422,34.95500183105469,35.51499938964844,24.945404052734375,8788800
2005-06-09,35.724998474121094,36.68000030517578,35.54999923706055,36.58000183105469,25.693450927734375,8066600
2005-06-10,36.57500076293945,36.849998474121094,36.20000076293945,36.625,25.725059509277344,6614200
2005-06-13,36.599998474121094,36.8650016784668,36.29499816894531,36.82500076293945,25.865530014038086,5211600
2005-06-14,36.875,37.125,36.665000915527344,36.875,25.900651931762695,5900400
2005-06-15,36.9900016784668,37.36000061035156,36.72999954223633,37.345001220703125,26.230783462524414,6748600
2005-06-16,37.5,37.834999084472656,37.42499923706055,37.834999084472656,26.574949264526367,7657600
2005-06-17,38.29999923706055,38.345001220703125,37.45000076293945,38.224998474121094,26.848886489868164,11781000
2005-06-20,38.224998474121094,38.459999084472656,37.98500061035156,38.220001220703125,26.845380783081055,8145800
2005-06-21,38.220001220703125,38.224998474121094,37.630001068115234,37.685001373291016,26.469587326049805,7675400
2005-06-22,37.775001525878906,38.2400016784668,37.64500045776367,38.22999954223633,26.852405548095703,7885000
2005-06-23,38.2400016784668,38.9900016784668,37.974998474121094,38.14500045776367,26.792678833007812,8176800
2005-06-24,38.5,38.584999084472656,38.04999923706055,38.22999954223633,26.852405548095703,7714000
2005-06-27,38.529998779296875,39.224998474121094,38.525001525878906,39.09000015258789,27.456453323364258,10129200
2005-06-28,38.60499954223633,38.900001525878906,38.275001525878906,38.275001525878906,26.88400650024414,11815200
2005-06-29,38.20000076293945,38.67499923706055,37.904998779296875,38.3650016784668,26.947219848632812,8659800
2005-06-30,38.0,38.744998931884766,37.90999984741211,37.970001220703125,26.669769287109375,7330000
2005-07-01,38.025001525878906,38.375,37.869998931884766,38.30500030517578,26.905075073242188,5507600
2005-07-05,38.43000030517578,39.44499969482422,38.43000030517578,39.40999984741211,27.68122100830078,7329200
2005-07-06,39.5,39.75,38.70000076293945,38.85499954223633,27.29139518737793,6807200
2005-07-07,38.775001525878906,39.08000183105469,38.334999084472656,39.08000183105469,27.44943618774414,8297600
2005-07-08,39.0,39.54499816894531,38.57500076293945,38.73500061035156,27.20710563659668,6936400
2005-07-11,38.73500061035156,39.349998474121094,38.2599983215332,39.28499984741211,27.593412399291992,6305200
2005-07-12,39.34000015258789,39.6349983215332,39.04999923706055,39.45500183105469,27.71282196044922,6818400
2005-07-13,39.459999084472656,39.73500061035156,39.0,39.29499816894531,27.60044288635254,6236600
2005-07-14,39.29499816894531,39.5,37.68000030517578,38.150001525878906,26.796201705932617,15821200
2005-07-15,38.349998474121094,38.43000030517578,37.7599983215332,37.904998779296875,26.624122619628906,7061000
2005-07-18,37.8849983215332,38.16999816894531,37.42499923706055,37.90999984741211,26.627634048461914,6826600
2005-07-19,37.915000915527344,39.14500045776367,37.915000915527344,39.09000015258789,27.456453323364258,9082600
2005-07-20,39.0,39.44499969482422,38.709999084472656,39.224998474121094,27.55128288269043,8011800
2005-07-21,39.224998474121094,39.474998474121094,38.6150016784668,38.97999954223633,27.379199981689453,9973200
2005-07-22,39.974998474121094,41.19499969482422,39.849998474121094,41.13999938964844,28.89635467529297,17875400
2005-07-25,41.13999938964844,42.81999969482422,41.05500030517578,42.439998626708984,29.809452056884766,16069200
2005-07-26,41.95000076293945,42.869998931884766,41.939998626708984,42.564998626708984,29.897262573242188,10181800
2005-07-27,42.57500076293945,42.709999084472656,42.0,42.48500061035156,29.841064453125,7760600
2005-07-28,42.650001525878906,42.75,41.95000076293945,42.349998474121094,29.746248245239258,8807200
2005-07-29,42.51499938964844,42.54499816894531,41.80500030517578,41.869998931884766,29.40910530090332,6487400
2005-08-01,42.07500076293945,42.75,42.07500076293945,42.36000061035156,29.75326919555664,7013600
2005-08-02,42.689998626708984,43.36000061035156,42.525001525878906,43.36000061035156,30.45566749572754,9214000
2005-08-03,43.6150016784668,43.6150016784668,43.095001220703125,43.375,30.46619415283203,8406000
2005-08-04,43.07500076293945,43.60499954223633,43.07500076293945,43.18000030517578,30.3292236328125,8493400
2005-08-05,43.29999923706055,43.5,42.540000915527344,42.88999938964844,30.125530242919922,7560400
2005-08-08,43.189998626708984,43.45000076293945,42.845001220703125,43.1150016784668,30.28357696533203,8722400
2005-08-09,43.1150016784668,43.20000076293945,42.75,42.90999984741211,30.13958168029785,4553600
2005-08-10,43.025001525878906,43.900001525878906,42.709999084472656,43.5099983215332,30.56101417541504,8278200
2005-08-11,43.650001525878906,43.900001525878906,43.20000076293945,43.6150016784668,30.634761810302734,7123200
2005-08-12,43.66999816894531,43.775001525878906,42.69499969482422,43.0099983215332,30.2098331451416,6142000
2005-08-15,43.01499938964844,43.10499954223633,42.3650016784668,42.584999084472656,29.911317825317383,5795600
2005-08-16,42.584999084472656,42.81999969482422,41.744998931884766,41.775001525878906,29.342378616333008,6836200
2005-08-17,41.82500076293945,42.07500076293945,40.7400016784668,40.869998931884766,28.706714630126953,10046800
2005-08-18,40.625,41.21500015258789,40.45000076293945,40.80500030517578,28.66104507446289,9417400
2005-08-19,41.32500076293945,41.46500015258789,40.90999984741211,41.2599983215332,28.980642318725586,6201800
2005-08-22,41.45000076293945,41.69499969482422,40.54499816894531,40.939998626708984,28.75588035583496,6214400
2005-08-23,41.20000076293945,41.35499954223633,40.43000030517578,41.07500076293945,28.85070037841797,7056800
2005-08-24,41.20000076293945,41.849998474121094,40.96500015258789,41.34000015258789,29.03682518005371,7527600
2005-08-25,41.224998474121094,41.25,40.720001220703125,41.150001525878906,28.90337562561035,6731200
2005-08-26,41.15999984741211,41.404998779296875,40.86000061035156,41.040000915527344,28.82611656188965,7778600
2005-08-29,41.724998474121094,42.025001525878906,41.290000915527344,41.52000045776367,29.16325569152832,11617200
2005-08-30,41.95000076293945,42.814998626708984,41.880001068115234,41.91999816894531,29.444217681884766,13650000
2005-08-31,42.125,43.630001068115234,42.01499938964844,43.1150016784668,30.28357696533203,13607000
2005-09-01,43.1150016784668,43.84000015258789,42.529998779296875,43.43000030517578,30.50482940673828,9641000
2005-09-02,43.33000183105469,43.33000183105469,41.915000915527344,41.915000915527344,29.512067794799805,8214000
2005-09-06,42.3650016784668,42.814998626708984,41.650001525878906,42.55500030517578,29.96267318725586,8709400
2005-09-07,42.560001373291016,42.64500045776367,41.869998931884766,42.130001068115234,29.663442611694336,6608800
2005-09-08,42.1349983215332,42.38999938964844,41.564998626708984,41.650001525878906,29.32546615600586,7147600
2005-09-09,41.95500183105469,42.724998474121094,41.814998626708984,42.599998474121094,29.99435806274414,7866800
2005-09-12,42.474998474121094,42.47999954223633,41.47999954223633,41.599998474121094,29.290279388427734,10950400
2005-09-13,41.625,41.88999938964844,41.099998474121094,41.11000061035156,28.945249557495117,7668800
2005-09-14,41.349998474121094,41.76499938964844,41.04999923706055,41.42499923706055,29.16704559326172,6744000
2005-09-15,41.525001525878906,41.845001220703125,40.70000076293945,41.48500061035156,29.20928955078125,8950000
2005-09-16,41.6150016784668,41.724998474121094,41.099998474121094,41.58000183105469,29.27619171142578,10028400
2005-09-19,42.0,43.060001373291016,41.939998626708984,42.685001373291016,30.054210662841797,9601200
2005-09-20,42.689998626708984,42.869998931884766,41.94499969482422,42.28499984741211,29.772573471069336,7525600
2005-09-21,42.75,42.75,41.92499923706055,42.2400016784668,29.74089241027832,8850000
2005-09-22,42.57500076293945,42.875,41.80500030517578,42.21500015258789,29.7232666015625,12510200
2005-09-23,42.21500015258789,42.25,41.29999923706055,41.474998474121094,29.202253341674805,8923400
2005-09-26,41.275001525878906,42.099998474121094,41.224998474121094,41.96500015258789,29.547264099121094,9331200
2005-09-27,41.849998474121094,42.14500045776367,41.439998626708984,42.14500045776367,29.673995971679688,7220200
2005-09-28,42.25,42.474998474121094,41.849998474121094,42.400001525878906,29.85354995727539,7659400
2005-09-29,42.41999816894531,42.65999984741211,41.974998474121094,42.619998931884766,30.008447647094727,6570600
2005-09-30,42.54999923706055,42.744998931884766,42.02000045776367,42.189998626708984,29.705671310424805,5928400
2005-10-03,42.19499969482422,42.650001525878906,41.619998931884766,41.71500015258789,29.371244430541992,7014800
2005-10-04,41.71500015258789,41.775001525878906,40.459999084472656,40.459999084472656,28.48760223388672,11669000
2005-10-05,40.459999084472656,40.560001373291016,39.099998474121094,39.2400016784668,27.628597259521484,15204200
2005-10-06,39.244998931884766,39.94499969482422,38.650001525878906,39.275001525878906,27.65325355529785,22043800
2005-10-07,39.900001525878906,40.04499816894531,39.61000061035156,39.935001373291016,28.11795997619629,15086200
2005-10-10,40.04999923706055,40.2599983215332,39.529998779296875,40.0,28.163728713989258,10013800
2005-10-11,40.375,41.07500076293945,40.349998474121094,40.44499969482422,28.4770450592041,7912000
2005-10-12,40.32500076293945,40.81999969482422,39.939998626708984,40.26499938964844,28.350309371948242,9735600
2005-10-13,40.0,40.095001220703125,38.65999984741211,39.64500045776367,27.913782119750977,12718000
2005-10-14,39.67499923706055,41.42499923706055,39.494998931884766,41.404998779296875,29.15296745300293,13960600
2005-10-17,41.724998474121094,41.935001373291016,41.1150016784668,41.14500045776367,28.969905853271484,10710000
2005-10-18,41.0,41.5099983215332,39.73500061035156,39.79499816894531,28.019376754760742,15813200
2005-10-19,39.900001525878906,41.04999923706055,38.959999084472656,41.0099983215332,28.874853134155273,15670400
2005-10-20,40.900001525878906,41.130001068115234,39.775001525878906,40.290000915527344,28.36791229248047,14949200
2005-10-21,39.75,40.3849983215332,39.30500030517578,40.005001068115234,28.167240142822266,22528000
2005-10-24,40.005001068115234,41.23500061035156,39.89500045776367,41.06999969482422,28.917089462280273,9536600
2005-10-25,41.099998474121094,42.959999084472656,40.845001220703125,42.834999084472656,30.15982437133789,15583800
2005-10-26,42.8849983215332,44.51499938964844,42.63999938964844,43.57500076293945,30.68085289001465,21327800
2005-10-27,43.68000030517578,43.974998474121094,42.880001068115234,43.095001220703125,30.342891693115234,14208400
2005-10-28,43.220001220703125,44.939998626708984,42.79999923706055,44.689998626708984,31.46590232849121,15716200
2005-10-31,44.564998626708984,45.665000915527344,44.349998474121094,45.3849983215332,31.955259323120117,16035200
2005-11-01,45.3849983215332,45.6150016784668,44.90999984741211,45.45000076293945,32.00103759765625,14581000
2005-11-02,45.32500076293945,47.04499816894531,45.224998474121094,46.869998931884766,33.00084686279297,14621600
2005-11-03,46.89500045776367,47.90999984741211,46.89500045776367,47.32500076293945,33.321197509765625,15604600
2005-11-04,47.32500076293945,47.33000183105469,45.90999984741211,46.099998474121094,32.45869064331055,15251800
2005-11-07,46.025001525878906,46.744998931884766,45.810001373291016,46.41999816894531,32.68400573730469,12778800
2005-11-08,46.04999923706055,47.1150016784668,45.849998474121094,46.54999923706055,32.7755241394043,9494800
2005-11-09,46.54999923706055,47.470001220703125,46.099998474121094,46.505001068115234,32.74384689331055,14418200
2005-11-10,46.224998474121094,46.400001525878906,45.279998779296875,45.5,32.036231994628906,20310000
2005-11-11,45.38999938964844,46.29999923706055,45.08000183105469,46.02000045776367,32.40235137939453,9383600
2005-11-14,46.165000915527344,47.040000915527344,46.14500045776367,46.88999938964844,33.01490783691406,11322400
2005-11-15,46.88999938964844,48.01499938964844,46.3650016784668,46.5,32.74032211303711,15269600
2005-11-16,46.70000076293945,47.619998931884766,46.650001525878906,47.43000030517578,33.395118713378906,13121400
2005-11-17,47.69499969482422,47.80500030517578,46.869998931884766,47.564998626708984,33.49018096923828,11075400
2005-11-18,47.67499923706055,47.67499923706055,47.02000045776367,47.525001525878906,33.46202850341797,9736400
2005-11-21,47.59000015258789,48.1150016784668,47.39500045776367,48.11000061035156,33.873905181884766,10784200
2005-11-22,48.0,49.0,47.685001373291016,48.814998626708984,34.37029266357422,11407800
2005-11-23,48.25,49.279998779296875,47.5099983215332,48.625,34.236507415771484,10039400
2005-11-25,48.57500076293945,48.779998779296875,48.189998626708984,48.51499938964844,34.1590690612793,2285000
2005-11-28,48.125,48.275001525878906,46.904998779296875,46.904998779296875,33.025482177734375,9701000
2005-11-29,47.040000915527344,47.724998474121094,46.775001525878906,47.224998474121094,33.25078582763672,9612800
2005-11-30,47.224998474121094,48.47999954223633,47.189998626708984,47.8650016784668,33.7014274597168,8767200
2005-12-01,48.275001525878906,49.06999969482422,47.70000076293945,48.974998474121094,34.482940673828125,9872800
2005-12-02,49.17499923706055,49.78499984741211,48.775001525878906,49.494998931884766,34.84907913208008,9246200
2005-12-05,49.689998626708984,49.849998474121094,48.779998779296875,49.119998931884766,34.658573150634766,8141800
2005-12-06,48.8849983215332,49.7599983215332,48.67499923706055,49.1150016784668,34.655052185058594,8244800
2005-12-07,49.275001525878906,49.44499969482422,48.23500061035156,48.720001220703125,34.3763313293457,11295400
2005-12-08,49.125,50.435001373291016,49.0,50.32500076293945,35.50880813598633,10912800
2005-12-09,49.875,50.13999938964844,49.25,49.915000915527344,35.21951675415039,8736400
2005-12-12,50.125,50.375,49.53499984741211,50.255001068115234,35.45941925048828,6217400
2005-12-13,50.380001068115234,51.43000030517578,49.994998931884766,50.04999923706055,35.31476974487305,10129000
2005-12-14,50.05500030517578,51.4900016784668,49.95000076293945,51.439998626708984,36.29553985595703,11310000
2005-12-15,51.375,51.375,50.125,50.56999969482422,35.68168258666992,9263400
2005-12-16,50.82500076293945,50.849998474121094,49.900001525878906,49.959999084472656,35.251277923583984,9683200
2005-12-19,49.959999084472656,50.10499954223633,48.84000015258789,48.974998474121094,34.55625915527344,9982800
2005-12-20,48.974998474121094,49.98500061035156,48.974998474121094,49.58000183105469,34.98313522338867,6225400
2005-12-21,49.70500183105469,50.17499923706055,49.625,49.974998474121094,35.26185607910156,5927400
2005-12-22,50.25,50.28499984741211,49.44499969482422,49.76499938964844,35.11368179321289,5596800
2005-12-23,49.32500076293945,50.15999984741211,48.89500045776367,50.07500076293945,35.3324089050293,4756600
2005-12-27,49.5,49.6349983215332,47.915000915527344,48.54999923706055,34.25638198852539,8294000
2005-12-28,48.68000030517578,49.599998474121094,48.54999923706055,49.15999984741211,34.686798095703125,6328600
2005-12-29,49.060001373291016,49.46500015258789,48.39500045776367,48.45000076293945,34.185821533203125,6096200
2005-12-30,48.275001525878906,49.2400016784668,47.89500045776367,48.57500076293945,34.27401351928711,5194600
2006-01-03,49.42499923706055,51.689998626708984,49.20000076293945,51.68000030517578,36.46487045288086,12823400
2006-01-04,51.68000030517578,52.5,51.17499923706055,52.369998931884766,36.95173263549805,12854200
2006-01-05,52.375,52.619998931884766,51.470001220703125,52.099998474121094,36.76123046875,14754400
2006-01-06,52.5,53.744998931884766,52.349998474121094,53.7400016784668,37.918399810791016,8610200
2006-01-09,53.64500045776367,53.939998626708984,52.724998474121094,53.0,37.39627456665039,8638400
2006-01-10,53.375,54.63999938964844,53.040000915527344,53.58000183105469,37.80550765991211,11065400
2006-01-11,53.58000183105469,54.099998474121094,52.36000061035156,53.625,37.837257385253906,10035400
2006-01-12,53.79999923706055,54.25,52.529998779296875,52.70500183105469,37.18812561035156,11623600
2006-01-13,52.709999084472656,53.900001525878906,52.625,53.63999938964844,37.84783935546875,8119600
2006-01-17,54.599998474121094,54.875,54.25,54.25,38.27825164794922,8847400
2006-01-18,54.70000076293945,54.70000076293945,53.77000045776367,54.55500030517578,38.49345779418945,10673400
2006-01-19,54.04999923706055,57.67499923706055,54.04999923706055,57.435001373291016,40.52555847167969,18956800
2006-01-20,58.67499923706055,61.23500061035156,58.55500030517578,61.125,43.129173278808594,33200200
2006-01-23,61.625,63.435001373291016,60.57500076293945,63.0,44.45216751098633,21525000
2006-01-24,62.630001068115234,62.630001068115234,61.599998474121094,61.79499816894531,43.6019287109375,18992800
2006-01-25,62.39500045776367,62.39500045776367,59.52000045776367,60.349998474121094,42.58235168457031,18524000
2006-01-26,60.125,62.244998931884766,59.064998626708984,62.16999816894531,43.866519927978516,14055800
2006-01-27,62.95000076293945,63.915000915527344,62.04499816894531,63.685001373291016,44.935482025146484,16341600
2006-01-30,63.73500061035156,65.875,63.73500061035156,65.32499694824219,46.092655181884766,16296200
2006-01-31,65.00499725341797,65.00499725341797,63.55500030517578,63.724998474121094,44.963714599609375,15323200
2006-02-01,64.0,64.54000091552734,61.43000030517578,61.60499954223633,43.46786880493164,12691400
2006-02-02,61.625,62.41999816894531,60.005001068115234,61.060001373291016,43.08331298828125,14865800
2006-02-03,61.185001373291016,62.349998474121094,59.75,61.20500183105469,43.185630798339844,12577400
2006-02-06,62.220001220703125,63.099998474121094,61.28499984741211,62.36000061035156,44.000572204589844,11981600
2006-02-07,61.875,61.875,58.42499923706055,58.75,41.453407287597656,16325200
2006-02-08,59.099998474121094,60.0,57.880001068115234,59.61000061035156,42.060203552246094,17756400
2006-02-09,60.005001068115234,60.39500045776367,57.76499938964844,58.060001373291016,40.966548919677734,13823400
2006-02-10,58.154998779296875,60.005001068115234,56.875,59.650001525878906,42.088436126708984,18237400
2006-02-13,59.900001525878906,60.17499923706055,58.459999084472656,58.95000076293945,41.59453582763672,12781200
2006-02-14,57.70000076293945,58.650001525878906,57.42499923706055,57.435001373291016,40.52555847167969,18526400
2006-02-15,57.94499969482422,57.94499969482422,55.525001525878906,56.32500076293945,39.74235153198242,19058800
2006-02-16,57.0,58.334999084472656,56.880001068115234,57.01499938964844,40.229209899902344,18108200
2006-02-17,57.30500030517578,57.994998931884766,56.36000061035156,57.2400016784668,40.38795852661133,15123200
2006-02-21,57.9900016784668,59.4900016784668,57.9900016784668,59.255001068115234,41.809730529785156,13985800
2006-02-22,59.0,59.0,58.04499816894531,58.5099983215332,41.284053802490234,9212200
2006-02-23,56.54999923706055,59.154998779296875,56.54999923706055,58.45000076293945,41.24171829223633,10217200
2006-02-24,59.375,60.040000915527344,59.0,59.19499969482422,41.76739501953125,8976000
2006-02-27,58.974998474121094,59.06999969482422,57.584999084472656,57.689998626708984,40.79160690307617,8649400
2006-02-28,57.650001525878906,58.08000183105469,57.150001525878906,57.5,40.65726852416992,11207400
2006-03-01,58.07500076293945,59.029998779296875,57.810001373291016,59.029998779296875,41.739105224609375,9298600
2006-03-02,59.75,60.915000915527344,59.290000915527344,60.709999084472656,42.9270133972168,13458600
2006-03-03,60.459999084472656,61.625,60.29999923706055,61.11000061035156,43.209842681884766,8180400
2006-03-06,60.875,60.880001068115234,58.525001525878906,58.66999816894531,41.48454666137695,12622600
2006-03-07,58.5,58.54999923706055,57.099998474121094,57.42499923706055,40.60423278808594,14757000
2006-03-08,57.42499923706055,58.3849983215332,56.70000076293945,58.025001525878906,41.02848434448242,14293000
2006-03-09,58.404998779296875,58.650001525878906,57.19499969482422,57.375,40.568885803222656,10099800
2006-03-10,57.349998474121094,58.875,56.880001068115234,58.435001373291016,41.31839370727539,10094600
2006-03-13,58.724998474121094,58.904998779296875,57.900001525878906,58.53499984741211,41.38910675048828,11747000
2006-03-14,58.650001525878906,60.2599983215332,58.040000915527344,60.224998474121094,42.58405303955078,9847200
2006-03-15,60.0,60.48500061035156,59.29499816894531,60.27000045776367,42.61589050292969,9356000
2006-03-16,60.20000076293945,62.25,60.0,61.900001525878906,43.76844024658203,12132800
2006-03-17,61.5,62.400001525878906,61.209999084472656,61.625,43.573978424072266,12266000
2006-03-20,61.5099983215332,62.67499923706055,60.084999084472656,60.310001373291016,42.644168853759766,12864600
2006-03-21,60.0099983215332,61.48500061035156,59.70000076293945,60.35499954223633,42.67599105834961,11905800
2006-03-22,60.35499954223633,61.53499984741211,59.51499938964844,60.04999923706055,42.4603271484375,10579000
2006-03-23,60.255001068115234,61.79499816894531,60.220001220703125,61.5099983215332,43.492679595947266,10487400
2006-03-24,61.58000183105469,61.7599983215332,60.625,61.09000015258789,43.19568634033203,8368200
2006-03-27,61.09000015258789,61.779998779296875,60.435001373291016,61.474998474121094,43.467933654785156,8770000
2006-03-28,62.099998474121094,62.875,61.900001525878906,62.290000915527344,44.044185638427734,10740600
2006-03-29,62.400001525878906,63.43000030517578,62.275001525878906,63.400001525878906,44.829071044921875,10560400
2006-03-30,63.5,64.16999816894531,63.20000076293945,64.11499786376953,45.334632873535156,9577600
2006-03-31,63.625,63.720001220703125,62.474998474121094,63.28499984741211,44.747745513916016,10456000
2006-04-03,64.125,65.99500274658203,63.5,63.650001525878906,45.00584030151367,13558800
2006-04-04,63.375,65.34500122070312,63.32500076293945,65.30000305175781,46.17251205444336,11098400
2006-04-05,65.5,66.5,64.65499877929688,66.5,47.02103042602539,11308400
2006-04-06,66.5999984741211,66.94499969482422,65.44000244140625,66.30000305175781,46.87958908081055,12400600
2006-04-07,66.25,66.5,64.28500366210938,64.5250015258789,45.62452697753906,12555400
2006-04-10,65.69000244140625,66.0,64.0999984741211,64.66000366210938,45.720001220703125,8714000
2006-04-11,65.0999984741211,65.11000061035156,62.439998626708984,62.70000076293945,44.334110260009766,10331000
2006-04-12,62.95000076293945,63.0,61.560001373291016,61.709999084472656,43.63407897949219,8215100
2006-04-13,61.04999923706055,62.189998626708984,60.400001525878906,62.04999923706055,43.87449645996094,8229400
2006-04-17,62.880001068115234,63.22999954223633,62.349998474121094,62.599998474121094,44.263404846191406,6708000
2006-04-18,63.20000076293945,64.66000366210938,63.11000061035156,64.4800033569336,45.59271240234375,10659000
2006-04-19,64.4800033569336,67.75,64.30999755859375,67.75,47.90487289428711,11893200
2006-04-20,68.30000305175781,68.76000213623047,66.29000091552734,68.06999969482422,48.13111877441406,16796300
2006-04-21,69.4000015258789,69.4000015258789,67.45999908447266,68.51000213623047,48.4422492980957,11307700
2006-04-24,68.6500015258789,68.83999633789062,67.69999694824219,68.66999816894531,48.55540084838867,8310100
2006-04-25,69.23999786376953,69.98999786376953,67.12999725341797,68.75,48.611976623535156,10425500
2006-04-26,69.0,70.6500015258789,68.33000183105469,68.56999969482422,48.48467254638672,11439300
2006-04-27,67.75,69.66999816894531,66.06999969482422,67.75,47.90487289428711,10362100
2006-04-28,68.4800033569336,70.0,68.41999816894531,69.13999938964844,48.887699127197266,7240600
2006-05-01,69.6500015258789,71.63999938964844,69.3499984741211,71.1500015258789,50.3089485168457,8390500
2006-05-02,72.02999877929688,73.45999908447266,71.1500015258789,73.37000274658203,51.878684997558594,8122800
2006-05-03,73.19999694824219,73.19999694824219,71.66999816894531,72.6500015258789,51.36959457397461,9413800
2006-05-04,71.5,72.58999633789062,69.25,71.55999755859375,50.59888458251953,10350400
2006-05-05,72.19999694824219,72.41999816894531,70.83000183105469,71.45999908447266,50.52815628051758,7562600
2006-05-08,70.9000015258789,71.2300033569336,69.73999786376953,70.9800033569336,50.18874740600586,6095600
2006-05-09,71.0999984741211,72.31999969482422,70.80000305175781,71.77999877929688,50.75442123413086,5419900
2006-05-10,71.6500015258789,73.05999755859375,71.33000183105469,73.05999755859375,51.65947341918945,7363500
2006-05-11,74.0,74.75,71.25,71.51000213623047,50.563499450683594,8240200
2006-05-12,70.9800033569336,71.31999969482422,68.69999694824219,68.8499984741211,48.682674407958984,9011500
2006-05-15,67.02999877929688,68.69000244140625,66.05000305175781,67.0,47.37456130981445,10472100
2006-05-16,67.8499984741211,67.88999938964844,65.8499984741211,66.9800033569336,47.36041259765625,8830800
2006-05-17,66.25,67.36000061035156,65.0199966430664,65.93000030517578,46.617984771728516,9592000
2006-05-18,66.02999877929688,66.5,64.4000015258789,64.4000015258789,45.53614044189453,10686800
2006-05-19,64.38999938964844,65.3499984741211,62.529998779296875,64.5999984741211,45.67755889892578,14276400
2006-05-22,63.119998931884766,64.20999908447266,61.5,63.47999954223633,44.88563537597656,13175100
2006-05-23,64.44999694824219,66.23999786376953,63.84000015258789,63.869998931884766,45.1613883972168,11768800
2006-05-24,63.099998474121094,64.79000091552734,61.849998474121094,63.209999084472656,44.6947135925293,13045800
2006-05-25,64.25,65.55000305175781,63.470001220703125,65.26000213623047,46.14423751831055,9545600
2006-05-26,64.75,65.5199966430664,64.41999816894531,65.2699966430664,46.15131378173828,6324700
2006-05-30,66.0999984741211,66.13999938964844,64.12000274658203,64.12000274658203,45.33815383911133,8234900
2006-05-31,64.11000061035156,65.56999969482422,63.54999923706055,65.56999969482422,46.363426208496094,9757900
2006-06-01,64.94999694824219,65.55000305175781,63.75,65.19999694824219,46.10181427001953,8289800
2006-06-02,65.8499984741211,66.54000091552734,64.98999786376953,66.18000030517578,46.79474639892578,7621100
2006-06-05,66.75,66.75,63.2400016784668,63.27000045776367,44.821800231933594,9900600
2006-06-06,63.27000045776367,65.0199966430664,62.790000915527344,63.959999084472656,45.31059646606445,9607700
2006-06-07,63.150001525878906,63.400001525878906,60.459999084472656,60.5099983215332,42.86656188964844,11481500
2006-06-08,59.20000076293945,60.25,57.4900016784668,60.220001220703125,42.661109924316406,19744800
2006-06-09,60.5099983215332,60.7400016784668,58.529998779296875,59.220001220703125,41.95268630981445,11717900
2006-06-12,59.75,59.75,56.529998779296875,56.58000183105469,40.08245849609375,9907300
2006-06-13,55.79999923706055,57.720001220703125,54.0,54.56999969482422,38.658531188964844,16097400
2006-06-14,54.75,56.369998931884766,54.75,56.310001373291016,39.89118194580078,12374300
2006-06-15,56.970001220703125,59.400001525878906,56.599998474121094,59.029998779296875,41.81809997558594,13384600
2006-06-16,58.72999954223633,58.95000076293945,57.400001525878906,58.25,41.26551818847656,10476400
2006-06-19,58.099998474121094,58.11000061035156,55.779998779296875,55.90999984741211,39.607818603515625,9622700
2006-06-20,56.400001525878906,56.95000076293945,54.439998626708984,54.5099983215332,38.61602783203125,9771600
2006-06-21,54.709999084472656,56.54999923706055,54.5099983215332,55.900001525878906,39.60074234008789,14418900
2006-06-22,55.88999938964844,57.779998779296875,55.79999923706055,57.209999084472656,40.52875900268555,14463800
2006-06-23,58.29999923706055,59.779998779296875,57.81999969482422,58.900001525878906,41.72599792480469,11364200
2006-06-26,59.150001525878906,59.900001525878906,58.2599983215332,59.81999969482422,42.37774658203125,6642400
2006-06-27,60.0,61.06999969482422,59.279998779296875,59.650001525878906,42.2573127746582,9245900
2006-06-28,59.7599983215332,60.70000076293945,59.33000183105469,60.68000030517578,42.98699951171875,8564800
2006-06-29,61.59000015258789,64.19000244140625,61.33000183105469,64.12000274658203,45.42394256591797,10052800
2006-06-30,64.41999816894531,65.58999633789062,63.9900016784668,65.11000061035156,46.12529373168945,7720000
2006-07-03,64.9000015258789,65.41000366210938,64.72000122070312,65.3499984741211,46.295310974121094,3716900
2006-07-05,65.30000305175781,65.30000305175781,63.27000045776367,64.87000274658203,45.95527267456055,7484900
2006-07-06,64.87999725341797,65.98999786376953,63.70000076293945,64.0,45.33894729614258,7241400
2006-07-07,64.5,65.29000091552734,62.529998779296875,62.75,44.45342254638672,6736600
2006-07-10,63.400001525878906,64.63999938964844,62.849998474121094,63.5,44.984737396240234,6086000
2006-07-11,63.790000915527344,66.94000244140625,63.790000915527344,66.81999969482422,47.33668899536133,8813900
2006-07-12,66.81999969482422,67.75,66.25,67.04000091552734,47.4925537109375,9762400
2006-07-13,67.1500015258789,67.69999694824219,66.19999694824219,66.2300033569336,46.91871643066406,9142300
2006-07-14,67.05000305175781,68.12000274658203,65.27999877929688,68.06999969482422,48.222206115722656,8858700
2006-07-17,67.41999816894531,67.44000244140625,63.470001220703125,63.779998779296875,45.18307876586914,12011900
2006-07-18,64.48999786376953,65.1500015258789,61.56999969482422,62.650001525878906,44.382568359375,13449700
2006-07-19,62.900001525878906,64.66000366210938,62.43000030517578,64.23999786376953,45.50895309448242,9386600
2006-07-20,64.75,64.87999725341797,61.349998474121094,61.65999984741211,43.68122863769531,10514500
2006-07-21,63.15999984741211,63.25,60.119998931884766,61.45000076293945,43.532470703125,19892700
2006-07-24,61.75,64.4800033569336,61.439998626708984,64.47000122070312,45.67190170288086,11433400
2006-07-25,64.98999786376953,65.98999786376953,64.2300033569336,65.80999755859375,46.62118911743164,9214700
2006-07-26,65.44999694824219,67.11000061035156,64.33000183105469,66.77999877929688,47.308349609375,10320600
2006-07-27,67.4800033569336,68.4000015258789,65.56999969482422,66.69999694824219,47.251670837402344,9163600
2006-07-28,66.70999908447266,67.0,64.30000305175781,65.25,46.22446823120117,7723100
2006-07-31,65.41999816894531,67.6500015258789,65.41999816894531,66.8499984741211,47.357940673828125,7712700
2006-08-01,66.75,67.77999877929688,65.5,66.81999969482422,47.33668899536133,5970300
2006-08-02,67.44000244140625,68.55000305175781,66.05999755859375,67.29000091552734,47.66964340209961,10112800
2006-08-03,66.48999786376953,67.79000091552734,65.91999816894531,67.2300033569336,47.62713623046875,7013100
2006-08-04,67.43000030517578,67.94999694824219,64.86000061035156,65.1500015258789,46.15363693237305,7947200
2006-08-07,65.80000305175781,66.75,64.44999694824219,66.23999786376953,46.92582702636719,8270500
2006-08-08,66.25,67.05000305175781,64.7699966430664,65.06999969482422,46.09696960449219,5914900
2006-08-09,65.5999984741211,66.0,64.3499984741211,64.62999725341797,45.785255432128906,8002400
2006-08-10,64.55000305175781,64.76000213623047,63.349998474121094,64.31999969482422,45.56563186645508,6558500
2006-08-11,64.19999694824219,64.98999786376953,63.34000015258789,63.959999084472656,45.31059646606445,5298800
2006-08-14,63.5,63.970001220703125,62.209999084472656,62.68000030517578,44.40383529663086,5686400
2006-08-15,63.0099983215332,63.779998779296875,62.41999816894531,63.560001373291016,45.02725601196289,5434000
2006-08-16,63.5,64.95999908447266,62.779998779296875,63.43000030517578,44.935142517089844,7196500
2006-08-17,62.54999923706055,63.310001373291016,61.68000030517578,62.310001373291016,44.14171600341797,6380900
2006-08-18,62.400001525878906,64.02999877929688,62.0,64.0,45.33894729614258,7059100
2006-08-21,64.5,65.0999984741211,64.41000366210938,65.05000305175781,46.08279037475586,5082400
2006-08-22,65.5,65.83999633789062,65.0999984741211,65.7300033569336,46.564510345458984,6102400
2006-08-23,65.30000305175781,65.6500015258789,63.9900016784668,64.29000091552734,45.54438781738281,5573000
2006-08-24,64.25,64.44000244140625,63.29999923706055,63.849998474121094,45.232688903808594,5386500
2006-08-25,64.37000274658203,65.4000015258789,64.16999816894531,64.44999694824219,45.65773391723633,4167200
2006-08-28,64.12000274658203,64.12999725341797,62.599998474121094,62.70000076293945,44.41800308227539,4356300
2006-08-29,62.209999084472656,63.459999084472656,62.029998779296875,63.43000030517578,44.935142517089844,5948700
2006-08-30,63.43000030517578,63.45000076293945,61.79999923706055,62.06999969482422,43.97169494628906,7296800
2006-08-31,61.5,62.77000045776367,61.22999954223633,61.29999923706055,43.42620086669922,6858400
2006-09-01,61.70000076293945,62.0,60.86000061035156,61.84000015258789,43.898284912109375,6061500
2006-09-05,61.20000076293945,62.77000045776367,61.20000076293945,62.29999923706055,44.22480010986328,8317700
2006-09-06,61.619998931884766,61.9900016784668,58.79999923706055,58.90999984741211,41.818359375,9138700
2006-09-07,58.84000015258789,59.130001068115234,57.81999969482422,58.5,41.527313232421875,11326100
2006-09-08,59.79999923706055,60.5099983215332,57.849998474121094,57.95000076293945,41.13689422607422,11054300
2006-09-11,57.29999923706055,57.369998931884766,55.0,55.29999923706055,39.255741119384766,15782500
2006-09-12,55.13999938964844,56.08000183105469,54.22999954223633,54.72999954223633,38.85109329223633,13805200
2006-09-13,55.70000076293945,57.25,55.43000030517578,56.540000915527344,40.135963439941406,11541200
2006-09-14,56.709999084472656,57.25,54.91999816894531,55.099998474121094,39.11375045776367,11759900
2006-09-15,55.150001525878906,56.630001068115234,54.72999954223633,56.279998779296875,39.951385498046875,12520600
2006-09-18,57.45000076293945,58.880001068115234,56.970001220703125,58.84000015258789,41.768653869628906,12945700
2006-09-19,59.099998474121094,59.400001525878906,56.95000076293945,57.779998779296875,41.016212463378906,10779000
2006-09-20,57.5,58.560001373291016,56.06999969482422,56.09000015258789,39.81653594970703,12668700
2006-09-21,56.4900016784668,58.099998474121094,56.4900016784668,57.5,40.817447662353516,11660000
2006-09-22,57.779998779296875,57.97999954223633,56.56999969482422,57.099998474121094,40.53349304199219,11163800
2006-09-25,57.099998474121094,57.91999816894531,55.689998626708984,57.040000915527344,40.49091339111328,15860900
2006-09-26,57.04999923706055,58.619998931884766,56.95000076293945,58.150001525878906,41.27885818481445,12996400
2006-09-27,59.25,60.72999954223633,58.86000061035156,60.54999923706055,42.982540130615234,14885000
2006-09-28,60.900001525878906,62.130001068115234,60.33000183105469,60.7400016784668,43.11741638183594,14592500
2006-09-29,60.56999969482422,62.029998779296875,60.20000076293945,62.029998779296875,44.03314208984375,9180200
2006-10-02,62.029998779296875,62.2599983215332,60.810001373291016,60.90999984741211,43.23809051513672,9015700
2006-10-03,60.029998779296875,60.029998779296875,57.84000015258789,58.34000015258789,41.41373062133789,15515000
2006-10-04,58.709999084472656,59.20000076293945,56.849998474121094,59.099998474121094,41.95322799682617,15980800
2006-10-05,59.849998474121094,60.709999084472656,58.779998779296875,59.900001525878906,42.52113342285156,14338500
2006-10-06,59.75,60.0099983215332,58.400001525878906,59.599998474121094,42.30816650390625,8803500
2006-10-09,60.099998474121094,60.70000076293945,58.279998779296875,58.369998931884766,41.43503189086914,9117500
2006-10-10,58.18000030517578,60.13999938964844,58.16999816894531,59.25,42.0597038269043,11042900
2006-10-11,59.25,59.310001373291016,57.34000015258789,57.459999084472656,40.78904342651367,11823100
2006-10-12,57.880001068115234,58.349998474121094,57.22999954223633,57.83000183105469,41.051700592041016,10583400
2006-10-13,58.47999954223633,59.61000061035156,58.34000015258789,58.790000915527344,41.73317337036133,12214100
2006-10-16,59.0,60.790000915527344,58.45000076293945,60.68000030517578,43.0748176574707,11673900
2006-10-17,59.470001220703125,61.220001220703125,59.0,61.220001220703125,43.45816421508789,10788700
2006-10-18,60.79999923706055,61.619998931884766,59.61000061035156,60.15999984741211,42.7056999206543,10386200
2006-10-19,60.2599983215332,62.70000076293945,59.939998626708984,62.70000076293945,44.508758544921875,13304800
2006-10-20,63.310001373291016,63.310001373291016,60.029998779296875,60.099998474121094,42.66309356689453,15213700
2006-10-23,60.0,61.560001373291016,59.5099983215332,60.83000183105469,43.18131637573242,10562400
2006-10-24,60.84000015258789,62.470001220703125,60.56999969482422,62.349998474121094,44.26029968261719,12171700
2006-10-25,62.349998474121094,64.68000030517578,61.79999923706055,63.88999938964844,45.35350036621094,14438600
2006-10-26,64.08999633789062,64.62000274658203,63.7400016784668,64.11000061035156,45.50967788696289,11007500
2006-10-27,63.5,64.31999969482422,62.400001525878906,62.810001373291016,44.58683395385742,8796500
2006-10-30,62.0,62.68000030517578,61.5,61.61000061035156,43.73499298095703,6967700
2006-10-31,61.619998931884766,63.150001525878906,61.33000183105469,63.08000183105469,44.77850341796875,9210600
2006-11-01,63.0099983215332,63.47999954223633,61.63999938964844,62.56999969482422,44.4164924621582,9009400
2006-11-02,62.369998931884766,62.529998779296875,61.22999954223633,61.95000076293945,43.97635269165039,9432700
2006-11-03,62.20000076293945,63.81999969482422,61.2400016784668,63.5,45.076663970947266,7593700
2006-11-06,63.0,64.41000366210938,62.81999969482422,64.3499984741211,45.68004608154297,9406000
2006-11-07,64.30000305175781,64.5,63.25,64.01000213623047,45.43869400024414,7744300
2006-11-08,63.849998474121094,65.30000305175781,63.4900016784668,65.27999877929688,46.34021759033203,9555800
2006-11-09,65.62000274658203,66.23999786376953,64.66000366210938,64.97000122070312,46.120155334472656,11862000
2006-11-10,64.72000122070312,64.7300033569336,62.880001068115234,63.29999923706055,44.9346809387207,7506000
2006-11-13,63.29999923706055,63.79999923706055,62.7599983215332,63.20000076293945,44.86368179321289,6677700
2006-11-14,63.79999923706055,64.33999633789062,63.119998931884766,64.27999877929688,45.630348205566406,7132200
2006-11-15,64.27999877929688,66.0,63.959999084472656,65.44999694824219,46.460899353027344,8810200
2006-11-16,65.51000213623047,66.12000274658203,62.619998931884766,62.650001525878906,44.4732666015625,10723400
2006-11-17,62.04999923706055,64.0199966430664,61.72999954223633,63.31999969482422,44.94887161254883,10021600
2006-11-20,62.900001525878906,63.66999816894531,62.15999984741211,63.25,44.8991813659668,6606900
2006-11-21,63.40999984741211,65.7699966430664,63.40999984741211,65.61000061035156,46.57447814941406,8626000
2006-11-22,65.22000122070312,65.70999908447266,64.06999969482422,65.18000030517578,46.269229888916016,6781200
2006-11-24,65.33000183105469,65.91000366210938,65.0999984741211,65.36000061035156,46.39701843261719,2217700
2006-11-27,65.5199966430664,66.02999877929688,64.4000015258789,64.62999725341797,45.878807067871094,6307200
2006-11-28,64.9000015258789,66.20999908447266,64.9000015258789,65.66999816894531,46.61707305908203,7196700
2006-11-29,65.9000015258789,68.20999908447266,65.5999984741211,68.02999877929688,48.292354583740234,12307400
2006-11-30,68.0,69.30000305175781,67.29000091552734,68.4800033569336,48.6118049621582,12492000
2006-12-01,68.13999938964844,69.18000030517578,67.7300033569336,68.33999633789062,48.51241683959961,10707500
2006-12-04,68.0,69.0,67.45999908447266,68.91999816894531,49.01377868652344,9188600
2006-12-05,68.6500015258789,69.0,67.12000274658203,67.30999755859375,47.868804931640625,9731600
2006-12-06,67.13999938964844,67.86000061035156,66.83000183105469,67.11000061035156,47.726585388183594,8285300
2006-12-07,67.11000061035156,67.69999694824219,66.43000030517578,66.7300033569336,47.45634078979492,7133600
2006-12-08,67.3499984741211,67.87000274658203,66.13999938964844,66.5199966430664,47.30699157714844,5398100
2006-12-11,66.38999938964844,67.05999755859375,65.75,65.9000015258789,46.86605453491211,5630000
2006-12-12,66.8499984741211,66.8499984741211,65.58999633789062,66.02999877929688,46.95851135253906,7032800
2006-12-13,66.5,67.75,66.16999816894531,67.37000274658203,47.911468505859375,8531600
2006-12-14,67.87999725341797,69.05999755859375,67.44000244140625,68.72000122070312,48.871559143066406,9796300
2006-12-15,68.08000183105469,69.05000305175781,67.44999694824219,67.55000305175781,48.03950119018555,7612100
2006-12-18,66.97000122070312,67.27999877929688,64.9000015258789,65.06999969482422,46.275787353515625,8903100
2006-12-19,64.93000030517578,66.05999755859375,63.88999938964844,65.7699966430664,46.77360534667969,9155200
2006-12-20,65.7699966430664,66.16999816894531,64.83999633789062,64.8499984741211,46.119346618652344,6829900
2006-12-21,64.86000061035156,65.13999938964844,63.33000183105469,63.869998931884766,45.422386169433594,8612100
2006-12-22,64.12000274658203,64.12999725341797,62.810001373291016,62.88999938964844,44.72544479370117,5892600
2006-12-26,62.88999938964844,63.439998626708984,61.68000030517578,62.310001373291016,44.312965393066406,4595700
2006-12-27,62.439998626708984,64.01000213623047,62.36000061035156,63.88999938964844,45.43660354614258,7306100
2006-12-28,64.2300033569336,64.25,63.130001068115234,63.630001068115234,45.2516975402832,4297200
2006-12-29,63.099998474121094,63.529998779296875,62.5099983215332,63.15999984741211,44.91745376586914,5725200
2007-01-03,63.0099983215332,63.02000045776367,60.060001373291016,60.81999969482422,43.25330352783203,13473900
2007-01-04,60.59000015258789,60.68000030517578,59.25,59.29999923706055,42.172340393066406,13932800
2007-01-05,59.79999923706055,60.06999969482422,59.099998474121094,59.20000076293945,42.10123062133789,10295500
2007-01-08,60.029998779296875,60.20000076293945,58.58000183105469,58.66999816894531,41.72429275512695,11255600
2007-01-09,57.77000045776367,58.650001525878906,57.029998779296875,58.189998626708984,41.382938385009766,16272000
2007-01-10,57.93000030517578,58.900001525878906,55.68000030517578,57.029998779296875,40.557987213134766,13254500
2007-01-11,57.29999923706055,58.65999984741211,56.310001373291016,56.52000045776367,40.195289611816406,14208800
2007-01-12,57.2400016784668,58.04999923706055,57.0099983215332,57.88999938964844,41.16960525512695,15343200
2007-01-16,57.400001525878906,58.20000076293945,57.150001525878906,57.790000915527344,41.09846878051758,12805900
2007-01-17,58.0,58.90999984741211,58.0,58.47999954223633,41.589176177978516,14842900
2007-01-18,58.900001525878906,59.380001068115234,57.40999984741211,57.900001525878906,41.17670440673828,13552800
2007-01-19,59.45000076293945,61.11000061035156,58.84000015258789,61.0,43.38132095336914,18668500
2007-01-22,61.599998474121094,62.88999938964844,60.689998626708984,61.0,43.38132095336914,15783100
2007-01-23,62.54999923706055,63.91999816894531,62.459999084472656,63.619998931884766,45.24459457397461,13556200
2007-01-24,63.5,64.37000274658203,62.279998779296875,64.01000213623047,45.52196502685547,10901500
2007-01-25,63.79999923706055,63.900001525878906,62.470001220703125,62.619998931884766,44.53342819213867,8387200
2007-01-26,62.95000076293945,63.4900016784668,62.2599983215332,62.650001525878906,44.554752349853516,7423100
2007-01-29,62.70000076293945,63.220001220703125,61.79999923706055,62.02000045776367,44.10671615600586,7297600
2007-01-30,62.40999984741211,63.70000076293945,62.18000030517578,63.459999084472656,45.130802154541016,9442700
2007-01-31,63.11000061035156,63.77000045776367,62.66999816894531,63.4900016784668,45.15214157104492,12777800
2007-02-01,63.599998474121094,64.5,63.22999954223633,64.38999938964844,45.79220962524414,11514400
2007-02-02,64.66999816894531,65.5999984741211,63.95000076293945,65.12000274658203,46.311344146728516,8848600
2007-02-05,65.5,65.70999908447266,64.76000213623047,65.12000274658203,46.311344146728516,6071800
2007-02-06,65.75,65.77999877929688,64.30999755859375,64.87000274658203,46.13356018066406,9343600
2007-02-07,65.05000305175781,65.79000091552734,63.900001525878906,64.44999694824219,45.834861755371094,6593900
2007-02-08,64.86000061035156,65.22000122070312,63.790000915527344,64.94999694824219,46.19044876098633,6947900
2007-02-09,64.9000015258789,65.33000183105469,64.22000122070312,64.45999908447266,45.84196472167969,7720300
2007-02-12,63.869998931884766,63.869998931884766,63.209999084472656,63.599998474121094,45.230369567871094,9093800
2007-02-13,63.86000061035156,64.66999816894531,63.86000061035156,64.5999984741211,45.94154357910156,6641400
2007-02-14,64.68000030517578,65.33000183105469,64.1500015258789,64.66000366210938,45.984222412109375,7184000
2007-02-15,64.30999755859375,64.44000244140625,63.54999923706055,63.790000915527344,45.36549758911133,9088300
2007-02-16,63.790000915527344,63.939998626708984,63.119998931884766,63.33000183105469,45.162254333496094,7350900
2007-02-20,62.650001525878906,62.65999984741211,61.79999923706055,62.34000015258789,44.45624923706055,9200900
2007-02-21,62.15999984741211,63.56999969482422,62.150001525878906,63.54999923706055,45.31914520263672,8198500
2007-02-22,63.369998931884766,65.18000030517578,63.04999923706055,64.97000122070312,46.33176803588867,10270200
2007-02-23,65.30999755859375,65.75,64.58000183105469,64.58000183105469,46.053653717041016,7536400
2007-02-26,64.98999786376953,65.69999694824219,64.5,65.19999694824219,46.49580383300781,7092300
2007-02-27,64.13999938964844,64.44999694824219,61.93000030517578,62.79999923706055,44.784305572509766,12576100
2007-02-28,62.79999923706055,63.459999084472656,62.310001373291016,62.79999923706055,44.784305572509766,11163300
2007-03-01,62.0,64.0,61.810001373291016,63.41999816894531,45.226436614990234,11055500
2007-03-02,63.189998626708984,63.599998474121094,61.970001220703125,62.25,44.392086029052734,9234400
2007-03-05,61.59000015258789,62.54999923706055,61.0,61.66999816894531,43.978450775146484,10379200
2007-03-06,62.400001525878906,63.540000915527344,62.310001373291016,63.279998779296875,45.1265983581543,8057900
2007-03-07,63.15999984741211,66.0,63.02000045776367,65.05999755859375,46.39595031738281,11143900
2007-03-08,65.5,66.0,64.91999816894531,65.68000030517578,46.838096618652344,8212900
2007-03-09,65.80000305175781,65.87000274658203,64.6500015258789,65.0999984741211,46.42449188232422,8591100
2007-03-12,64.80999755859375,65.30000305175781,64.19999694824219,65.0,46.3531608581543,5505200
2007-03-13,65.01000213623047,65.7300033569336,63.720001220703125,64.11000061035156,45.71849822998047,8565700
2007-03-14,64.26000213623047,65.19999694824219,63.619998931884766,64.93000030517578,46.30325698852539,12327800
2007-03-15,64.93000030517578,65.1500015258789,64.0199966430664,64.4000015258789,45.9252815246582,7776200
2007-03-16,64.41000366210938,65.05000305175781,64.05999755859375,64.4800033569336,45.98235321044922,9474100
2007-03-19,65.16999816894531,66.55000305175781,65.16999816894531,66.23999786376953,47.237430572509766,8081400
2007-03-20,66.1500015258789,66.69999694824219,64.77999877929688,65.80000305175781,46.923667907714844,12354700
2007-03-21,66.0999984741211,68.5,65.9000015258789,67.91999816894531,48.43549346923828,10651400
2007-03-22,68.05999755859375,69.70999908447266,68.0,68.98999786376953,49.19853591918945,12763900
2007-03-23,69.3499984741211,69.69000244140625,68.2699966430664,69.0999984741211,49.27699661254883,6924900
2007-03-26,69.25,69.6500015258789,68.61000061035156,69.58000183105469,49.61927795410156,10039800
2007-03-27,68.91999816894531,70.0999984741211,68.48999786376953,69.86000061035156,49.8189582824707,8643800
2007-03-28,70.25,70.5,69.31999969482422,69.31999969482422,49.433868408203125,10932800
2007-03-29,69.5,71.16999816894531,69.23999786376953,70.66999816894531,50.39659881591797,7943700
2007-03-30,69.91999816894531,70.2699966430664,69.0,69.0999984741211,49.27699661254883,8111200
2007-04-02,69.0999984741211,70.91000366210938,68.25,70.81999969482422,50.5035514831543,10567000
2007-04-03,70.55999755859375,71.19999694824219,70.06999969482422,70.94999694824219,50.596256256103516,6226700
2007-04-04,70.23999786376953,71.52999877929688,70.01000213623047,71.38999938964844,50.910037994384766,6502100
2007-04-05,71.22000122070312,72.37000274658203,71.0,71.83999633789062,51.23094940185547,7056200
2007-04-09,72.0,72.63999938964844,71.44000244140625,71.56999969482422,51.03842544555664,6288800
2007-04-10,71.63999938964844,73.19000244140625,71.58999633789062,73.12999725341797,52.1508903503418,8286000
2007-04-11,72.5999984741211,73.9800033569336,72.52999877929688,72.98999786376953,52.05105209350586,9657000
2007-04-12,73.05000305175781,75.37000274658203,72.37000274658203,75.30999755859375,53.70549392700195,9372500
2007-04-13,75.19999694824219,76.26000213623047,74.7699966430664,76.0,54.197540283203125,8476400
2007-04-16,76.25,78.0,75.31999969482422,77.56999969482422,55.31716537475586,13571300
2007-04-17,77.66000366210938,78.25,77.23999786376953,77.5,55.26723098754883,12196100
2007-04-18,76.62000274658203,76.69999694824219,74.33999633789062,74.91000366210938,53.42024612426758,15764400
2007-04-19,74.5,74.55000305175781,73.44000244140625,74.31999969482422,52.99948501586914,12048400
2007-04-20,75.66000366210938,77.23999786376953,74.02999877929688,75.2300033569336,53.6484489440918,16289000
2007-04-23,75.36000061035156,76.5,74.31999969482422,74.55000305175781,53.16351318359375,10639300
2007-04-24,74.05000305175781,74.9800033569336,73.5,74.80000305175781,53.341819763183594,8447800
2007-04-25,75.0199966430664,76.63999938964844,74.72000122070312,75.87000274658203,54.1048469543457,9815800
2007-04-26,75.81999969482422,76.0199966430664,74.87999725341797,75.54000091552734,53.86951446533203,6844100
2007-04-27,75.47000122070312,76.81999969482422,74.69000244140625,75.63999938964844,53.940826416015625,6965800
2007-04-30,76.0,76.0999984741211,73.62000274658203,73.83000183105469,52.65009307861328,9997700
2007-05-01,73.88999938964844,74.55000305175781,72.30999755859375,73.83000183105469,52.65009307861328,9415600
2007-05-02,74.1500015258789,74.87000274658203,73.22000122070312,73.95999908447266,52.74278259277344,9375000
2007-05-03,73.88999938964844,75.08999633789062,73.69000244140625,74.7699966430664,53.320411682128906,8028000
2007-05-04,74.8499984741211,76.0,74.16999816894531,74.61000061035156,53.20630645751953,8948500
2007-05-07,74.5,75.19999694824219,74.11000061035156,75.0,53.48442459106445,6109500
2007-05-08,74.83999633789062,74.97000122070312,73.55000305175781,74.62999725341797,53.22056198120117,6830700
2007-05-09,74.23999786376953,74.80000305175781,73.06999969482422,74.3499984741211,53.0208625793457,8084900
2007-05-10,74.41000366210938,74.88999938964844,72.80999755859375,72.91999816894531,52.00114440917969,5625800
2007-05-11,73.22000122070312,74.56999969482422,72.63999938964844,74.37999725341797,53.04229736328125,6951600
2007-05-14,74.3499984741211,75.44999694824219,74.3499984741211,74.73999786376953,53.299007415771484,5804200
2007-05-15,74.5,76.87000274658203,74.26000213623047,75.51000213623047,53.8481330871582,8311700
2007-05-16,75.5199966430664,76.55999755859375,74.76000213623047,76.5,54.55411148071289,7575800
2007-05-17,76.25,79.18000030517578,76.19999694824219,78.70999908447266,56.130123138427734,11048800
2007-05-18,78.9800033569336,79.6500015258789,78.48999786376953,79.4000015258789,56.62218475341797,9672200
2007-05-21,79.7699966430664,81.0,79.05000305175781,80.13999938964844,57.1498908996582,9980400
2007-05-22,80.13999938964844,80.7300033569336,78.70999908447266,79.11000061035156,56.415367126464844,7443700
2007-05-23,79.30000305175781,81.83000183105469,79.11000061035156,80.5999984741211,57.47795104980469,9079100
2007-05-24,80.41999816894531,81.20999908447266,78.27999877929688,78.8499984741211,56.22998046875,8610500
2007-05-25,79.54000091552734,79.9000015258789,78.31999969482422,79.23999786376953,56.50808334350586,5577000
2007-05-29,78.86000061035156,79.16999816894531,77.41999816894531,77.87999725341797,55.538238525390625,7276000
2007-05-30,77.48999786376953,79.91000366210938,77.48999786376953,79.91000366210938,56.985877990722656,6798700
2007-05-31,79.5,80.29000091552734,77.73999786376953,77.87000274658203,55.53109359741211,11261000
2007-06-01,78.45999908447266,79.30999755859375,77.70999908447266,78.19000244140625,55.75929641723633,8220300
2007-06-04,77.62000274658203,80.4000015258789,77.51000213623047,80.05999755859375,57.22091293334961,7165400
2007-06-05,79.55999755859375,80.22000122070312,78.62999725341797,79.19999694824219,56.606266021728516,7336700
2007-06-06,79.20999908447266,80.44000244140625,78.94999694824219,79.77999877929688,57.02077865600586,9354900
2007-06-07,79.37999725341797,80.30999755859375,77.77999877929688,77.77999877929688,55.59133529663086,8180300
2007-06-08,77.63999938964844,79.0,77.44999694824219,78.76000213623047,56.29176330566406,8746200
2007-06-11,78.26000213623047,81.12000274658203,78.26000213623047,80.18000030517578,57.306671142578125,7166300
2007-06-12,79.72000122070312,81.01000213623047,78.6500015258789,78.73999786376953,56.2774772644043,7404000
2007-06-13,79.45999908447266,82.19000244140625,78.87999725341797,81.95999908447266,58.57888412475586,8762300
2007-06-14,82.02999877929688,84.45999908447266,82.02999877929688,84.2300033569336,60.20132064819336,7370300
2007-06-15,84.94000244140625,85.3499984741211,84.4800033569336,84.5999984741211,60.46575164794922,9580200
2007-06-18,84.36000061035156,85.66999816894531,83.62999725341797,85.44999694824219,61.073280334472656,7501600
2007-06-19,85.44999694824219,86.66999816894531,84.8499984741211,85.7699966430664,61.3019905090332,7980200
2007-06-20,85.05000305175781,85.51000213623047,83.41999816894531,84.76000213623047,60.58014678955078,11527800
2007-06-21,85.41000366210938,86.16999816894531,84.38999938964844,85.76000213623047,61.29484939575195,9602900
2007-06-22,86.0,89.19999694824219,85.5,89.19999694824219,63.75349426269531,55743800
2007-06-25,88.2300033569336,88.4800033569336,86.66000366210938,87.16000366210938,62.29545974731445,19532200
2007-06-26,87.08000183105469,87.55000305175781,85.87000274658203,86.29000091552734,61.67366409301758,12607900
2007-06-27,85.66999816894531,87.36000061035156,85.05999755859375,86.97000122070312,62.159664154052734,13202500
2007-06-28,87.41999816894531,87.83000183105469,85.2300033569336,85.55000305175781,61.144775390625,9784000
2007-06-29,85.97000122070312,87.30999755859375,84.41000366210938,84.94000244140625,60.708763122558594,11807100
2007-07-02,85.41000366210938,86.73999786376953,84.41000366210938,86.73999786376953,61.99529266357422,8958500
2007-07-03,87.0,88.33999633789062,86.98999786376953,87.88999938964844,62.81720733642578,3714900
2007-07-05,87.27999877929688,89.0,87.11000061035156,87.9800033569336,62.88155746459961,6607200
2007-07-06,88.4800033569336,89.16999816894531,87.79000091552734,88.33000183105469,63.13169479370117,7103100
2007-07-09,87.76000213623047,88.72000122070312,87.4000015258789,88.33999633789062,63.138824462890625,6841500
2007-07-10,87.94999694824219,88.56999969482422,86.8499984741211,87.2699966430664,62.37409210205078,9347600
2007-07-11,86.7699966430664,87.86000061035156,86.11000061035156,87.0,62.18109130859375,9113200
2007-07-12,87.94999694824219,88.58000183105469,87.0,88.51000213623047,63.26036834716797,8722100
2007-07-13,88.33999633789062,90.23999786376953,87.55000305175781,89.63999938964844,64.06798553466797,8540000
2007-07-16,90.01000213623047,91.25,89.30000305175781,90.54000091552734,64.71124267578125,8714200
2007-07-17,90.5,91.79000091552734,88.81999969482422,89.87000274658203,64.23238372802734,9261400
2007-07-18,89.5199966430664,91.44999694824219,88.52999877929688,91.19999694824219,65.18295288085938,9717900
2007-07-19,91.9800033569336,93.5999984741211,91.80000305175781,93.44999694824219,66.79108428955078,10932000
2007-07-20,95.45999908447266,97.68000030517578,94.88999938964844,96.68000030517578,69.09967041015625,18167700
2007-07-23,98.58999633789062,98.5999984741211,96.02999877929688,96.31999969482422,68.84236145019531,10359700
2007-07-24,96.0,96.73999786376953,94.5,94.80000305175781,67.75596618652344,9720000
2007-07-25,95.29000091552734,97.29000091552734,93.41000366210938,96.91000366210938,69.26405334472656,10292800
2007-07-26,95.98999786376953,97.66000366210938,93.19000244140625,94.63999938964844,67.64161682128906,12893000
2007-07-27,94.73999786376953,97.12000274658203,92.81999969482422,93.0199966430664,66.4837646484375,15021600
2007-07-30,93.9800033569336,95.61000061035156,92.18000030517578,95.3499984741211,68.14903259277344,10050000
2007-07-31,95.9000015258789,97.66000366210938,94.52999877929688,94.72000122070312,67.69877624511719,9918300
2007-08-01,94.33999633789062,99.4000015258789,91.81999969482422,94.62000274658203,67.6272964477539,12690100
2007-08-02,94.70999908447266,95.5,91.41999816894531,92.0,65.75475311279297,14045800
2007-08-03,92.0,92.9000015258789,87.5,87.73999786376953,62.71002197265625,12609700
2007-08-06,87.75,88.97000122070312,85.2699966430664,87.25,62.35978698730469,14800400
2007-08-07,86.56999969482422,89.54000091552734,86.31999969482422,88.76000213623047,63.439022064208984,14791200
2007-08-08,89.4000015258789,94.0,88.22000122070312,93.72000122070312,66.98405456542969,15914900
2007-08-09,91.80000305175781,94.6500015258789,90.86000061035156,92.19999694824219,65.89767456054688,11952300
2007-08-10,89.98999786376953,93.12000274658203,88.5,92.0999984741211,65.82621765136719,10545700
2007-08-13,92.76000213623047,93.22000122070312,89.44000244140625,90.68000030517578,64.8113021850586,7018300
2007-08-14,91.41999816894531,91.75,88.9800033569336,89.16999816894531,63.732051849365234,7292600
2007-08-15,89.41000366210938,90.44999694824219,86.66999816894531,87.23999786376953,62.35264205932617,10168800
2007-08-16,85.54000091552734,86.94999694824219,81.26000213623047,85.83999633789062,61.35204315185547,17268400
2007-08-17,88.0,91.26000213623047,87.01000213623047,88.55999755859375,63.296085357666016,13075300
2007-08-20,88.43000030517578,90.95999908447266,87.4000015258789,90.69999694824219,64.82556915283203,7845400
2007-08-21,89.30000305175781,90.98999786376953,88.7699966430664,89.25,63.78921890258789,6606700
2007-08-22,90.33000183105469,91.3499984741211,89.58000183105469,91.04000091552734,65.06861877441406,6715900
2007-08-23,91.30999755859375,92.98999786376953,90.95999908447266,92.41999816894531,66.05492401123047,6445000
2007-08-24,92.9800033569336,94.98999786376953,92.75,94.2300033569336,67.34857940673828,6692100
2007-08-27,93.91999816894531,94.0,92.02999877929688,93.13999938964844,66.56952667236328,4375300
2007-08-28,93.08999633789062,93.79000091552734,90.9000015258789,91.30999755859375,65.26156616210938,6855500
2007-08-29,92.37999725341797,96.41000366210938,91.68000030517578,95.72000122070312,68.41352844238281,8313300
2007-08-30,94.75,95.79000091552734,94.2699966430664,95.0,67.89891815185547,6474700
2007-08-31,96.68000030517578,97.69000244140625,95.8499984741211,96.5,69.09828186035156,6249100
2007-09-04,96.19000244140625,101.19999694824219,96.19000244140625,100.13999938964844,71.7046890258789,9103400
2007-09-05,99.63999938964844,100.12000274658203,98.08000183105469,99.11000061035156,70.9671401977539,8375300
2007-09-06,100.06999969482422,100.4800033569336,96.88999938964844,97.61000061035156,69.89309692382812,11301600
2007-09-07,96.4800033569336,98.11000061035156,95.25,97.47000122070312,69.79283142089844,7660500
2007-09-10,97.73999786376953,99.75,95.30999755859375,99.02999877929688,70.90986633300781,9251800
2007-09-11,99.05999755859375,100.48999786376953,97.6500015258789,100.18000030517578,71.73335266113281,10234900
2007-09-12,100.05000305175781,100.97000122070312,99.11000061035156,99.81999969482422,71.47554016113281,9977900
2007-09-13,99.98999786376953,101.0,99.08999633789062,100.55000305175781,71.99826049804688,6545500
2007-09-14,99.76000213623047,100.56999969482422,99.4000015258789,100.37000274658203,71.869384765625,5880200
2007-09-17,99.98999786376953,101.86000061035156,99.44999694824219,99.62999725341797,71.33949279785156,5695300
2007-09-18,100.48999786376953,105.06999969482422,99.20999908447266,104.79000091552734,75.03429412841797,11482900
2007-09-19,105.4800033569336,107.80999755859375,104.69999694824219,106.97000122070312,76.59526062011719,9241000
2007-09-20,106.63999938964844,108.08000183105469,105.41999816894531,107.2699966430664,76.81008911132812,7044200
2007-09-21,108.75,108.75,106.19999694824219,106.19999694824219,76.04390716552734,12232600
2007-09-24,106.23999786376953,106.5,103.75,104.91999816894531,75.12738037109375,7877900
2007-09-25,103.2699966430664,105.0,102.5999984741211,104.62000274658203,74.91254425048828,7477300
2007-09-26,104.94000244140625,105.47000122070312,100.7300033569336,103.0,73.75255584716797,10745800
2007-09-27,103.79000091552734,105.73999786376953,103.79000091552734,105.02999877929688,75.20618438720703,6957100
2007-09-28,105.8499984741211,107.20999908447266,104.51000213623047,105.0,75.18466186523438,7144800
2007-10-01,105.0,107.04000091552734,104.05999755859375,106.58999633789062,76.32315826416016,7306800
2007-10-02,105.5199966430664,107.11000061035156,103.98999786376953,106.47000122070312,76.23725891113281,7740200
2007-10-03,105.80999755859375,106.25,104.70999908447266,105.76000213623047,75.7288589477539,6443400
2007-10-04,105.48999786376953,106.70999908447266,104.01000213623047,106.19000244140625,76.03675842285156,6393700
2007-10-05,106.36000061035156,106.43000030517578,104.3499984741211,104.93000030517578,75.13453674316406,6583900
2007-10-08,104.25,104.43000030517578,103.16000366210938,103.94999694824219,74.43281555175781,4822300
2007-10-09,104.80999755859375,105.0,102.88999938964844,104.62999725341797,74.91973114013672,7698400
2007-10-10,103.47000122070312,108.87000274658203,103.3499984741211,108.26000213623047,77.51895904541016,11740400
2007-10-11,109.0999984741211,111.23999786376953,106.66000366210938,108.58000183105469,77.74813079833984,10479500
2007-10-12,109.19999694824219,110.30999755859375,108.19000244140625,109.83999633789062,78.65029907226562,5408600
2007-10-15,111.68000030517578,114.83999633789062,110.7699966430664,111.38999938964844,79.76020050048828,8366800
2007-10-16,111.5,113.41000366210938,111.22000122070312,112.08999633789062,80.2614517211914,9004100
2007-10-17,112.69999694824219,112.86000061035156,109.6500015258789,111.02999877929688,79.50241088867188,8270500
2007-10-18,110.45999908447266,111.87000274658203,109.68000030517578,111.62000274658203,79.92484283447266,7668400
2007-10-19,105.0,105.4800033569336,98.0,99.31999969482422,71.1175308227539,38174400
2007-10-22,97.63999938964844,97.80000305175781,94.7699966430664,95.33999633789062,68.26766967773438,24007900
2007-10-23,97.30000305175781,100.05999755859375,96.05000305175781,99.91999816894531,71.54716491699219,14655900
2007-10-24,99.6500015258789,101.55999755859375,98.56999969482422,100.86000061035156,72.22025299072266,12744100
2007-10-25,101.30000305175781,101.98999786376953,97.87000274658203,98.0999984741211,70.24393463134766,15077200
2007-10-26,99.52999877929688,100.75,98.80999755859375,99.51000213623047,71.25359344482422,7978200
2007-10-29,100.31999969482422,101.44999694824219,99.08000183105469,99.79000091552734,71.4540786743164,5794700
2007-10-30,99.0199966430664,99.73999786376953,95.63999938964844,95.98999786376953,68.73310089111328,9194400
2007-10-31,96.61000061035156,97.06999969482422,94.5199966430664,96.56999969482422,69.14839935302734,15816800
2007-11-01,95.69000244140625,99.47000122070312,94.9800033569336,96.1500015258789,68.84766387939453,13658700
2007-11-02,97.44999694824219,99.55000305175781,96.87999725341797,98.81999969482422,70.759521484375,9610100
2007-11-05,97.5999984741211,99.47000122070312,96.58000183105469,97.68000030517578,69.9432144165039,8061800
2007-11-06,98.2300033569336,98.9800033569336,97.68000030517578,98.1500015258789,70.27977752685547,8897400
2007-11-07,98.23999786376953,98.76000213623047,94.73999786376953,94.76000213623047,67.85235595703125,9913300
2007-11-08,95.22000122070312,97.27999877929688,93.43000030517578,96.33000183105469,68.97654724121094,11347000
2007-11-09,95.25,97.13999938964844,94.33999633789062,94.76000213623047,67.85235595703125,7754100
2007-11-12,94.5,94.5,90.55999755859375,91.04000091552734,65.18869018554688,10868200
2007-11-13,91.16999816894531,94.18000030517578,91.0,92.94000244140625,66.54913330078125,10637100
2007-11-14,93.69000244140625,94.30999755859375,92.02999877929688,93.29000091552734,66.79976654052734,9658300
2007-11-15,92.7300033569336,93.76000213623047,90.12000274658203,90.83999633789062,65.04545593261719,8611600
2007-11-16,91.9000015258789,93.4800033569336,90.73999786376953,93.45999908447266,66.9215087890625,8596600
2007-11-19,93.0999984741211,93.80000305175781,90.7699966430664,91.5199966430664,65.53237915039062,6135900
2007-11-20,91.7699966430664,94.18000030517578,91.30999755859375,93.26000213623047,66.77828216552734,9089700
2007-11-21,92.68000030517578,94.4800033569336,91.06999969482422,91.77999877929688,65.71853637695312,8195300
2007-11-23,92.19999694824219,94.58000183105469,91.4000015258789,94.11000061035156,67.38695526123047,3033900
2007-11-26,93.93000030517578,94.95999908447266,90.4800033569336,90.55999755859375,64.84497833251953,6951700
2007-11-27,89.3499984741211,90.66999816894531,87.41999816894531,89.16999816894531,63.849674224853516,10845300
2007-11-28,89.69999694824219,91.38999938964844,89.5,90.62999725341797,64.89510345458984,9287600
2007-11-29,90.5199966430664,92.9800033569336,90.51000213623047,92.16000366210938,65.99065399169922,6891700
2007-11-30,93.41999816894531,94.16999816894531,92.20999908447266,93.44999694824219,66.91434478759766,9760100
2007-12-03,92.68000030517578,94.29000091552734,91.75,93.83999633789062,67.31966400146484,6798000
2007-12-04,93.47000122070312,94.30000305175781,92.1500015258789,93.83999633789062,67.31966400146484,8229400
2007-12-05,94.86000061035156,97.37999725341797,94.5199966430664,95.80000305175781,68.72573852539062,9385200
2007-12-06,95.7699966430664,99.25,95.36000061035156,98.88999938964844,70.94246673583984,6532900
2007-12-07,98.0,99.08999633789062,96.79000091552734,97.19000244140625,69.72293090820312,5813400
2007-12-10,97.2699966430664,99.05000305175781,97.2699966430664,98.44999694824219,70.62682342529297,5090500
2007-12-11,98.4000015258789,99.48999786376953,94.9800033569336,95.5,68.51053619384766,6373700
2007-12-12,97.70999908447266,99.58000183105469,96.22000122070312,97.6500015258789,70.05291748046875,9782000
2007-12-13,97.19999694824219,97.97000122070312,94.72000122070312,96.62000274658203,69.31400299072266,6842600
2007-12-14,95.68000030517578,95.98999786376953,94.43000030517578,94.56999969482422,67.84335327148438,6158900
2007-12-17,93.73999786376953,93.75,88.30000305175781,90.27999877929688,64.76576232910156,12581100
2007-12-18,91.12000274658203,91.69000244140625,89.04000091552734,90.38999938964844,64.84469604492188,7041200
2007-12-19,91.69000244140625,94.4000015258789,91.0999984741211,91.11000061035156,65.36121368408203,9684100
2007-12-20,91.87000274658203,92.41999816894531,89.91000366210938,90.77999877929688,65.12445831298828,7830600
2007-12-21,91.0,94.77999877929688,91.0,94.63999938964844,67.89359283447266,10431600
2007-12-24,94.62000274658203,96.0999984741211,93.83999633789062,95.83000183105469,68.74726867675781,2205300
2007-12-26,95.87000274658203,99.16999816894531,95.87000274658203,98.55000305175781,70.69857788085938,5696200
2007-12-27,98.5,99.0,97.26000213623047,97.3499984741211,69.83769226074219,5139300
2007-12-28,98.16999816894531,99.73999786376953,98.16999816894531,98.80000305175781,70.87791442871094,4536200
2007-12-31,98.37999725341797,99.05000305175781,98.06999969482422,98.37000274658203,70.56941986083984,4525500
2008-01-02,99.44000244140625,102.5199966430664,98.80999755859375,100.58000183105469,72.15483856201172,9177800
2008-01-03,100.69999694824219,102.70999908447266,99.87999725341797,102.30999755859375,73.39595794677734,8587500
2008-01-04,101.30999755859375,101.3499984741211,97.4800033569336,98.0,70.30401611328125,9891100
2008-01-07,98.79000091552734,99.97000122070312,95.68000030517578,96.80999755859375,69.45030212402344,10334000
2008-01-08,97.93000030517578,100.30999755859375,96.44000244140625,96.70999908447266,69.37855529785156,10650100
2008-01-09,97.3499984741211,99.0,96.05999755859375,98.61000061035156,70.74161529541016,8010400
2008-01-10,97.11000061035156,97.94000244140625,95.19000244140625,97.08999633789062,69.65116882324219,10320800
2008-01-11,96.01000213623047,96.56999969482422,93.77999877929688,94.01000213623047,67.4416275024414,9877500
2008-01-14,94.7699966430664,95.94999694824219,93.5,95.52999877929688,68.53206634521484,7813000
2008-01-15,93.0,93.05000305175781,88.79000091552734,88.93000030517578,63.797298431396484,15830600
2008-01-16,87.9800033569336,88.5,83.2699966430664,85.9000015258789,61.62361145019531,22827300
2008-01-17,86.88999938964844,88.37000274658203,81.48999786376953,82.51000213623047,59.191650390625,18038400
2008-01-18,78.38999938964844,80.25,72.30000305175781,79.5199966430664,57.04665756225586,57291400
2008-01-22,74.43000030517578,79.22000122070312,74.43000030517578,77.08999633789062,55.303443908691406,21785100
2008-01-23,74.9800033569336,80.44000244140625,72.68000030517578,80.33999633789062,57.63493728637695,18894200
2008-01-24,80.81999969482422,83.48999786376953,79.04000091552734,80.31999969482422,57.62059783935547,15241600
2008-01-25,82.38999938964844,82.70999908447266,76.45999908447266,77.69999694824219,55.74103927612305,14391800
2008-01-28,77.6500015258789,79.94999694824219,76.5,79.2300033569336,56.838645935058594,9310400
2008-01-29,79.76000213623047,79.91000366210938,77.88999938964844,78.69000244140625,56.451236724853516,10565400
2008-01-30,78.19999694824219,79.12000274658203,75.55000305175781,75.75,54.34211730957031,14109000
2008-01-31,74.02999877929688,75.95999908447266,73.19999694824219,75.4000015258789,54.09101867675781,25331800
2008-02-01,76.11000061035156,78.5,75.72000122070312,78.27999877929688,56.1571159362793,12507200
2008-02-04,78.30000305175781,79.97000122070312,77.27999877929688,79.08999633789062,56.73819351196289,8186200
2008-02-05,77.86000061035156,77.93000030517578,76.75,76.93000030517578,55.18864440917969,18192600
2008-02-06,77.5999984741211,77.76000213623047,74.7300033569336,74.86000061035156,53.70363998413086,13125700
2008-02-07,74.58999633789062,77.12999725341797,73.54000091552734,75.76000213623047,54.34928512573242,11042200
2008-02-08,76.98999786376953,77.9800033569336,75.77999877929688,77.37000274658203,55.50429916381836,10244300
2008-02-11,77.5,80.77999877929688,76.94000244140625,80.48999786376953,57.742530822753906,9925100
2008-02-12,82.0,83.81999969482422,80.7699966430664,81.48999786376953,58.459922790527344,11288100
2008-02-13,82.86000061035156,85.6500015258789,82.33999633789062,84.88999938964844,60.899044036865234,10109500
2008-02-14,85.4800033569336,86.43000030517578,83.9800033569336,84.11000061035156,60.3394889831543,7791900
2008-02-15,83.62000274658203,84.80999755859375,82.2300033569336,84.08000183105469,60.46892166137695,9390900
2008-02-19,86.19999694824219,87.83999633789062,85.61000061035156,86.72000122070312,62.367549896240234,10066700
2008-02-20,86.13999938964844,86.87999725341797,85.4800033569336,86.05999755859375,61.89292526245117,8848600
2008-02-21,86.25,86.7300033569336,83.55999755859375,83.91000366210938,60.34667205810547,9729000
2008-02-22,84.41999816894531,85.62999725341797,82.2300033569336,85.44999694824219,61.454219818115234,6165500
2008-02-25,85.33000183105469,87.80000305175781,85.22000122070312,87.54000091552734,62.95731735229492,7430800
2008-02-26,87.29000091552734,89.37999725341797,86.0,89.0999984741211,64.0792465209961,7708800
2008-02-27,88.73999786376953,89.11000061035156,87.58999633789062,88.25,63.46796417236328,7237700
2008-02-28,87.77999877929688,90.36000061035156,87.5,89.69000244140625,64.5035400390625,8175600
2008-02-29,88.91000366210938,89.19000244140625,85.93000030517578,86.44999694824219,62.173397064208984,8606300
2008-03-03,86.41000366210938,89.0,85.2300033569336,86.9800033569336,62.5545768737793,9407100
2008-03-04,86.33999633789062,87.16999816894531,82.66999816894531,84.55000305175781,60.806983947753906,10326600
2008-03-05,85.01000213623047,88.0,85.01000213623047,87.8499984741211,63.180274963378906,10181800
2008-03-06,87.5999984741211,89.5,87.0,87.66000366210938,63.04362487792969,10236200
2008-03-07,87.0999984741211,87.69999694824219,84.22000122070312,85.61000061035156,61.56929397583008,8947600
2008-03-10,85.66000366210938,85.94999694824219,82.51000213623047,82.80000305175781,59.54838180541992,10124500
2008-03-11,84.36000061035156,86.61000061035156,84.36000061035156,86.61000061035156,62.28847885131836,10591000
2008-03-12,86.62999725341797,87.48999786376953,84.11000061035156,84.33999633789062,60.65592575073242,10058500
2008-03-13,83.1500015258789,85.76000213623047,81.81999969482422,85.16000366210938,61.24564743041992,9684500
2008-03-14,85.68000030517578,85.68000030517578,81.83999633789062,83.9000015258789,60.3394889831543,10254200
2008-03-17,81.73999786376953,82.80000305175781,79.87999725341797,81.2300033569336,58.41926574707031,11851700
2008-03-18,83.08000183105469,84.37000274658203,81.86000061035156,84.37000274658203,60.67749786376953,9894900
2008-03-19,83.04000091552734,84.25,79.88999938964844,80.16999816894531,57.65694046020508,10977800
2008-03-20,79.04000091552734,82.04000091552734,78.94999694824219,80.63999938964844,57.99494934082031,12296700
2008-03-24,80.80999755859375,82.77999877929688,80.44999694824219,81.2699966430664,58.448036193847656,7505000
2008-03-25,81.45999908447266,83.33999633789062,81.36000061035156,82.63999938964844,59.43330764770508,9753900
2008-03-26,82.87999725341797,86.76000213623047,82.26000213623047,86.5199966430664,62.2237548828125,10408300
2008-03-27,86.41000366210938,87.7300033569336,85.31999969482422,85.37999725341797,61.40388107299805,8727900
2008-03-28,85.62999725341797,86.95999908447266,84.18000030517578,85.66000366210938,61.60525894165039,6754800
2008-03-31,85.5999984741211,88.66999816894531,85.4800033569336,87.0,62.5689697265625,9225900
2008-04-01,87.0,89.23999786376953,85.72000122070312,89.23999786376953,64.17992401123047,8595200
2008-04-02,89.1500015258789,91.36000061035156,88.0199966430664,90.80000305175781,65.3018569946289,8613000
2008-04-03,90.43000030517578,92.5,89.16000366210938,91.30000305175781,65.66146087646484,7287900
2008-04-04,91.62000274658203,92.88999938964844,90.41999816894531,91.37000274658203,65.71177673339844,6935500
2008-04-07,92.55999755859375,95.0,90.5,90.58000183105469,65.14364624023438,13870600
2008-04-08,90.27999877929688,92.19000244140625,89.05000305175781,89.62000274658203,64.45323181152344,10757300
2008-04-09,89.8499984741211,91.29000091552734,88.5,90.18000030517578,64.85596466064453,11534600
2008-04-10,90.37000274658203,93.18000030517578,90.37000274658203,92.5999984741211,66.59638214111328,11560700
2008-04-11,92.2300033569336,92.58999633789062,90.5,90.61000061035156,65.16521453857422,7155200
2008-04-14,90.76000213623047,91.58999633789062,89.93000030517578,91.19000244140625,65.58236694335938,7092900
2008-04-15,91.58999633789062,92.30000305175781,90.11000061035156,91.12999725341797,65.53916931152344,7009600
2008-04-16,91.98999786376953,95.0,90.88999938964844,94.80000305175781,68.1785888671875,9444900
2008-04-17,94.80000305175781,95.30000305175781,92.63999938964844,95.30000305175781,68.53817749023438,8257400
2008-04-18,93.25,101.91000366210938,92.68000030517578,101.8499984741211,73.24884796142578,24207000
2008-04-21,102.30000305175781,107.22000122070312,102.20999908447266,106.91000366210938,76.88788604736328,14142100
2008-04-22,105.5,106.33000183105469,104.0199966430664,105.91000366210938,76.16873168945312,10700300
2008-04-23,105.41000366210938,106.4800033569336,103.79000091552734,104.87000274658203,75.42076110839844,10388400
2008-04-24,103.9000015258789,103.9000015258789,100.5199966430664,101.94000244140625,73.31355285644531,8902600
2008-04-25,102.6500015258789,103.58999633789062,100.5199966430664,102.73999786376953,73.88890838623047,6957800
2008-04-28,103.26000213623047,103.79000091552734,101.47000122070312,102.36000061035156,73.61561584472656,5938800
2008-04-29,101.30999755859375,101.41999816894531,98.73999786376953,99.26000213623047,71.38612365722656,7350800
2008-04-30,100.2300033569336,101.94999694824219,99.0199966430664,100.55000305175781,72.31389617919922,9723500
2008-05-01,98.88999938964844,99.51000213623047,95.80999755859375,98.3499984741211,70.73167419433594,10312600
2008-05-02,99.0999984741211,100.51000213623047,98.16999816894531,99.62999725341797,71.65225219726562,7563100
2008-05-05,100.25,102.66000366210938,100.13999938964844,101.55999755859375,73.0402603149414,5565100
2008-05-06,101.0999984741211,104.19999694824219,101.0999984741211,103.58000183105469,74.49299621582031,6791500
2008-05-07,104.19999694824219,104.5,102.0,102.01000213623047,73.36390686035156,7986800
2008-05-08,102.61000061035156,105.75,102.06999969482422,105.55999755859375,75.91702270507812,7322000
2008-05-09,105.26000213623047,105.94999694824219,103.30000305175781,105.01000213623047,75.52143859863281,6093200
2008-05-12,104.44000244140625,104.44000244140625,101.6500015258789,103.44999694824219,74.3995132446289,7138100
2008-05-13,103.5999984741211,105.0,101.08999633789062,104.9000015258789,75.44235229492188,7266800
2008-05-14,104.30000305175781,104.98999786376953,102.81999969482422,103.05999755859375,74.11902618408203,8291000
2008-05-15,104.36000061035156,104.69999694824219,100.01000213623047,103.44999694824219,74.3995132446289,10962000
2008-05-16,104.83000183105469,105.75,103.8499984741211,105.30999755859375,75.73722076416016,9684300
2008-05-19,105.66999816894531,107.97000122070312,104.26000213623047,106.62999725341797,76.68653869628906,7712500
2008-05-20,107.0,107.5199966430664,104.8499984741211,105.91999816894531,76.17594146728516,8424400
2008-05-21,105.8499984741211,108.52999877929688,103.9000015258789,104.26000213623047,74.9820556640625,9357300
2008-05-22,104.58000183105469,104.58000183105469,101.93000030517578,102.47000122070312,73.69474792480469,9112600
2008-05-23,103.31999969482422,103.51000213623047,99.0,100.02999877929688,71.93992614746094,8184500
2008-05-27,99.5,101.88999938964844,98.06999969482422,101.02999877929688,72.6590805053711,7942200
2008-05-28,100.06999969482422,103.0,98.8499984741211,102.88999938964844,73.99678039550781,6918200
2008-05-29,102.3499984741211,102.91000366210938,100.55999755859375,100.98999786376953,72.63031768798828,7441300
2008-05-30,101.13999938964844,102.54000091552734,100.66999816894531,101.12999725341797,72.73101806640625,8362100
2008-06-02,100.54000091552734,101.94999694824219,99.05000305175781,100.26000213623047,72.25535583496094,6009400
2008-06-03,99.66999816894531,101.22000122070312,98.79000091552734,98.9800033569336,71.3328857421875,8071200
2008-06-04,98.51000213623047,100.9800033569336,98.4800033569336,99.1500015258789,71.45540618896484,8385300
2008-06-05,99.37000274658203,105.0,99.37000274658203,104.98999786376953,75.6641845703125,7773900
2008-06-06,105.66999816894531,108.58000183105469,101.83999633789062,101.94000244140625,73.46610260009766,13101500
2008-06-09,102.66000366210938,105.4000015258789,101.80000305175781,104.80999755859375,75.53446197509766,7057600
2008-06-10,104.2699966430664,104.9000015258789,101.08999633789062,102.33999633789062,73.75436401367188,7799800
2008-06-11,102.72000122070312,103.12999725341797,100.0999984741211,101.30000305175781,73.0048828125,6748100
2008-06-12,100.0199966430664,100.43000030517578,98.20999908447266,98.81999969482422,71.21758270263672,9059000
2008-06-13,98.5,100.66999816894531,98.26000213623047,99.69000244140625,71.84457397460938,5667500
2008-06-16,100.44000244140625,101.81999969482422,100.01000213623047,100.87000274658203,72.69496154785156,5617500
2008-06-17,100.0999984741211,103.87000274658203,100.01000213623047,103.47000122070312,74.5687484741211,6875900
2008-06-18,103.30000305175781,105.58999633789062,103.0,104.91999816894531,75.61373138427734,9617400
2008-06-19,106.16000366210938,107.83000183105469,104.69000244140625,104.83000183105469,75.54888153076172,11428300
2008-06-20,105.87999725341797,106.4000015258789,103.66999816894531,104.0999984741211,75.02277374267578,8593100
2008-06-23,104.0,108.48999786376953,103.69999694824219,108.41999816894531,78.13609313964844,10519800
2008-06-24,107.79000091552734,110.11000061035156,106.31999969482422,106.76000213623047,76.93978118896484,10249200
2008-06-25,107.37000274658203,107.5999984741211,102.12999725341797,105.22000122070312,75.82994842529297,10768200
2008-06-26,105.33000183105469,107.19000244140625,102.75,105.01000213623047,75.67859649658203,8327300
2008-06-27,105.33000183105469,107.33000183105469,104.83000183105469,105.9000015258789,76.32002258300781,8627100
2008-06-30,106.2699966430664,108.6500015258789,106.2699966430664,107.43000030517578,77.42264556884766,8051500
2008-07-01,107.13999938964844,110.1500015258789,105.69999694824219,109.86000061035156,79.17389678955078,11915100
2008-07-02,110.36000061035156,111.94999694824219,103.2300033569336,103.36000061035156,74.48946380615234,11342400
2008-07-03,104.0,104.88999938964844,100.0,101.87999725341797,73.42286682128906,8433400
2008-07-07,100.95999908447266,101.98999786376953,98.25,99.51000213623047,71.71484375,9728400
2008-07-08,98.69999694824219,98.77999877929688,94.19000244140625,96.19000244140625,69.32221221923828,14244300
2008-07-09,98.05000305175781,100.86000061035156,96.98999786376953,97.2300033569336,70.07170104980469,12030800
2008-07-10,97.44000244140625,99.41000366210938,94.68000030517578,99.2300033569336,71.51307678222656,10766700
2008-07-11,98.77999877929688,101.55000305175781,97.8499984741211,99.16000366210938,71.46263122558594,9137700
2008-07-14,98.69999694824219,103.0,98.69999694824219,101.79000091552734,73.35800170898438,8544300
2008-07-15,101.18000030517578,102.23999786376953,96.79000091552734,97.30999755859375,70.12935638427734,11359100
2008-07-16,96.94999694824219,97.98999786376953,93.13999938964844,95.86000061035156,69.08438873291016,13275400
2008-07-17,97.7699966430664,99.88999938964844,94.55999755859375,96.77999877929688,69.7474136352539,19265400
2008-07-18,99.86000061035156,102.69999694824219,98.80000305175781,100.55000305175781,72.46436309814453,19957500
2008-07-21,101.48999786376953,106.08000183105469,101.19999694824219,106.08000183105469,76.44973754882812,12308100
2008-07-22,106.16999816894531,108.0,103.12000274658203,104.08999633789062,75.01557922363281,11349800
2008-07-23,103.91999816894531,104.0999984741211,99.08000183105469,100.54000091552734,72.45716857910156,16185400
2008-07-24,101.0,102.36000061035156,97.51000213623047,99.2699966430664,71.5418930053711,17255900
2008-07-25,99.95999908447266,100.95999908447266,97.72000122070312,98.95999908447266,71.31846618652344,9898500
2008-07-28,99.0,99.80000305175781,97.51000213623047,97.63999938964844,70.3671646118164,8029400
2008-07-29,97.86000061035156,98.12999725341797,95.54000091552734,96.2300033569336,69.35104370117188,10652000
2008-07-30,96.18000030517578,102.41000366210938,95.5,102.41000366210938,73.8048324584961,13150800
2008-07-31,100.69000244140625,103.0,100.13999938964844,101.5999984741211,73.22107696533203,11811200
2008-08-01,100.9000015258789,103.06999969482422,99.02999877929688,100.19999694824219,72.21210479736328,8657600
2008-08-04,99.93000030517578,100.0,93.81999969482422,94.41000366210938,68.03938293457031,11627300
2008-08-05,94.41999816894531,96.5,93.77999877929688,95.91000366210938,69.12042999267578,10407100
2008-08-06,96.18000030517578,97.91000366210938,94.75,97.44999694824219,70.23027038574219,8535200
2008-08-07,98.0,99.08999633789062,95.5999984741211,95.7699966430664,69.01952362060547,7660600
2008-08-08,95.11000061035156,95.41000366210938,91.0199966430664,92.27999877929688,66.50434112548828,11414300
2008-08-11,93.66999816894531,93.66999816894531,90.05000305175781,92.69000244140625,66.79981231689453,9763100
2008-08-12,93.5,94.98999786376953,92.0199966430664,92.6500015258789,66.77101135253906,10076600
2008-08-13,92.87000274658203,96.37000274658203,92.69000244140625,95.91000366210938,69.12042999267578,9984000
2008-08-14,94.83999633789062,95.5,92.22000122070312,94.05000305175781,67.77994537353516,7929400
2008-08-15,93.29000091552734,93.37000274658203,90.0999984741211,91.47000122070312,65.92057037353516,11430900
2008-08-18,92.05000305175781,93.0,89.27999877929688,89.37000274658203,64.40715026855469,8870800
2008-08-19,89.0,93.68000030517578,88.86000061035156,92.87999725341797,66.93672180175781,8571500
2008-08-20,93.9000015258789,96.0999984741211,92.91999816894531,95.62000274658203,68.91140747070312,8891200
2008-08-21,96.86000061035156,100.0,96.8499984741211,98.95999908447266,71.31846618652344,11120300
2008-08-22,98.0999984741211,99.05000305175781,96.70999908447266,97.26000213623047,70.09333038330078,5937400
2008-08-25,96.98999786376953,98.29000091552734,95.72000122070312,96.18000030517578,69.31499481201172,4987000
2008-08-26,97.22000122070312,98.80999755859375,96.8499984741211,98.0,70.62663269042969,5324400
2008-08-27,98.88999938964844,99.31999969482422,97.12999725341797,98.5199966430664,71.00141143798828,8770000
2008-08-28,99.05000305175781,99.23999786376953,96.12000274658203,96.68000030517578,69.6753158569336,6871500
2008-08-29,97.38999938964844,97.54000091552734,94.22000122070312,94.22000122070312,68.05030059814453,7504100
2008-09-02,92.08000183105469,92.08000183105469,90.08000183105469,90.45999908447266,65.33460235595703,11913200
2008-09-03,89.94999694824219,91.4800033569336,86.22000122070312,88.6500015258789,64.02734375,12478800
2008-09-04,88.5999984741211,89.9800033569336,85.75,86.73999786376953,62.647857666015625,10907500
2008-09-05,86.86000061035156,87.44999694824219,83.88999938964844,85.79000091552734,61.96171951293945,10966600
2008-09-08,88.2699966430664,89.0,84.9000015258789,86.01000213623047,62.12060546875,13473800
2008-09-09,85.2300033569336,85.55000305175781,80.68000030517578,80.9000015258789,58.42991638183594,16508800
2008-09-10,82.0,85.69000244140625,81.7300033569336,84.61000061035156,61.10944747924805,15809400
2008-09-11,84.22000122070312,87.55000305175781,83.4000015258789,87.02999877929688,62.85731506347656,13031500
2008-09-12,87.04000091552734,89.5,87.02999877929688,88.68000030517578,64.04904174804688,10643400
2008-09-15,84.86000061035156,88.05000305175781,82.94999694824219,82.94999694824219,59.91053771972656,12541600
2008-09-16,80.0,86.86000061035156,78.16999816894531,86.8499984741211,62.727294921875,15430900
2008-09-17,86.69000244140625,88.20999908447266,81.5199966430664,82.0199966430664,59.23881530761719,14184200
2008-09-18,84.6500015258789,85.06999969482422,79.20999908447266,82.63999938964844,59.6866455078125,17480700
2008-09-19,85.5,90.70999908447266,82.94999694824219,90.70999908447266,65.51518249511719,15728900
2008-09-22,90.69999694824219,93.69000244140625,89.93000030517578,89.94000244140625,64.95905303955078,9530100
2008-09-23,89.37000274658203,90.20999908447266,85.8499984741211,86.22000122070312,62.27229690551758,12190800
2008-09-24,87.93000030517578,87.93000030517578,84.91999816894531,86.2300033569336,62.279510498046875,9526700
2008-09-25,86.45999908447266,89.12999725341797,86.2300033569336,88.0199966430664,63.57234573364258,9099600
2008-09-26,85.5999984741211,86.52999877929688,83.61000061035156,86.02999877929688,62.13505554199219,7683700
2008-09-29,83.36000061035156,83.9800033569336,73.52999877929688,73.75,53.26583480834961,21839100
2008-09-30,75.33999633789062,80.0,75.19000244140625,78.08999633789062,56.400394439697266,16477900
2008-10-01,77.01000213623047,77.73999786376953,73.25,76.87000274658203,55.519248962402344,12592600
2008-10-02,74.93000030517578,75.25,69.7699966430664,72.05999755859375,52.045249938964844,15950300
2008-10-03,72.61000061035156,78.0,71.80999755859375,72.52999877929688,52.38468933105469,16611200
2008-10-06,70.69000244140625,71.08000183105469,61.29999923706055,69.5,50.1962776184082,23617700
2008-10-07,73.87999725341797,75.36000061035156,64.8499984741211,65.48999786376953,47.3000602722168,21212900
2008-10-08,63.0099983215332,69.95999908447266,61.349998474121094,66.13999938964844,47.7695426940918,25344200
2008-10-09,67.81999969482422,69.94999694824219,60.54999923706055,60.54999923706055,43.73215103149414,18932100
2008-10-10,56.060001373291016,60.54999923706055,51.25,60.5,43.696048736572266,32167700
2008-10-13,63.31999969482422,66.0,60.43000030517578,65.55000305175781,47.34340286254883,23010100
2008-10-14,67.30999755859375,68.48999786376953,62.290000915527344,66.66999816894531,48.152320861816406,25178400
2008-10-15,64.52999877929688,64.80999755859375,53.400001525878906,54.400001525878906,39.290321350097656,20941500
2008-10-16,55.900001525878906,57.29999923706055,49.720001220703125,53.20000076293945,38.423622131347656,33140400
2008-10-17,50.599998474121094,52.900001525878906,45.220001220703125,49.9900016784668,36.10520935058594,45550400
2008-10-20,51.790000915527344,55.959999084472656,51.619998931884766,55.7400016784668,40.25814437866211,16204700
2008-10-21,54.06999969482422,56.61000061035156,52.880001068115234,53.779998779296875,38.842533111572266,14583400
2008-10-22,51.5,51.68000030517578,49.220001220703125,49.7400016784668,35.92465591430664,19337500
2008-10-23,50.689998626708984,52.849998474121094,47.65999984741211,52.040000915527344,37.58580780029297,18181000
2008-10-24,47.459999084472656,49.4900016784668,45.369998931884766,47.52000045776367,34.321258544921875,18302100
2008-10-27,46.369998931884766,47.709999084472656,43.08000183105469,43.279998779296875,31.258930206298828,15857400
2008-10-28,45.0099983215332,48.18000030517578,42.0099983215332,48.0,34.667945861816406,18822700
2008-10-29,49.0,54.5,48.619998931884766,50.880001068115234,36.748008728027344,18754200
2008-10-30,53.470001220703125,54.91999816894531,50.630001068115234,52.75,38.0986213684082,17682300
2008-10-31,51.58000183105469,53.099998474121094,50.45000076293945,51.650001525878906,37.30414962768555,19069200
2008-11-03,52.34000015258789,52.65999984741211,49.189998626708984,49.72999954223633,35.91742706298828,17089400
2008-11-04,51.40999984741211,52.34000015258789,50.2400016784668,52.08000183105469,37.61471939086914,24755100
2008-11-05,50.790000915527344,52.31999969482422,49.869998931884766,50.2400016784668,36.2857780456543,18512100
2008-11-06,50.66999816894531,50.9900016784668,47.43000030517578,48.150001525878906,34.77627944946289,18187300
2008-11-07,48.540000915527344,51.68000030517578,48.47999954223633,51.380001068115234,37.10913848876953,11714100
2008-11-10,53.029998779296875,55.099998474121094,49.540000915527344,51.13999938964844,36.93579864501953,12359500
2008-11-11,50.54999923706055,50.599998474121094,47.72999954223633,48.63999938964844,35.13018035888672,9797600
2008-11-12,47.52000045776367,47.869998931884766,44.959999084472656,44.9900016784668,32.49396514892578,17342700
2008-11-13,45.2400016784668,51.959999084472656,44.0,51.70000076293945,37.34027099609375,19589400
2008-11-14,50.220001220703125,52.400001525878906,47.5099983215332,48.7599983215332,35.21685028076172,14553600
2008-11-17,48.40999984741211,50.79999923706055,47.2599983215332,47.95000076293945,34.6318244934082,11826700
2008-11-18,48.36000061035156,50.400001525878906,47.439998626708984,50.22999954223633,36.278560638427734,13231900
2008-11-19,49.93000030517578,51.29999923706055,46.9900016784668,47.29999923706055,34.162353515625,16048700
2008-11-20,45.97999954223633,46.470001220703125,39.0,39.599998474121094,28.601049423217773,27127700
2008-11-21,41.130001068115234,45.20000076293945,39.36000061035156,45.0,32.50120544433594,23663900
2008-11-24,45.970001220703125,46.939998626708984,44.58000183105469,46.38999938964844,33.505130767822266,24195500
2008-11-25,46.70000076293945,47.06999969482422,44.25,46.70000076293945,33.72900390625,13147000
2008-11-26,46.31999969482422,50.279998779296875,45.66999816894531,50.13999938964844,36.21354293823242,10058500
2008-11-28,49.349998474121094,51.0,48.599998474121094,50.7400016784668,36.64690399169922,4869600
2008-12-01,47.439998626708984,47.47999954223633,41.86000061035156,42.08000183105469,30.518526077270508,17728500
2008-12-02,43.38999938964844,44.310001373291016,41.650001525878906,43.91999816894531,31.852994918823242,14679900
2008-12-03,41.25,42.66999816894531,38.630001068115234,42.529998779296875,30.844905853271484,19822500
2008-12-04,41.5,42.70000076293945,38.77000045776367,40.0,29.010005950927734,15950300
2008-12-05,39.189998626708984,40.18000030517578,37.2400016784668,39.08000183105469,28.342788696289062,20954300
2008-12-08,40.970001220703125,42.349998474121094,40.779998779296875,41.310001373291016,29.96009063720703,17022200
2008-12-09,40.560001373291016,43.97999954223633,40.20000076293945,42.0099983215332,30.4677677154541,12855900
2008-12-10,43.22999954223633,44.34000015258789,42.72999954223633,43.630001068115234,31.642675399780273,12757700
2008-12-11,44.290000915527344,44.4900016784668,42.0099983215332,42.349998474121094,30.71434783935547,14060400
2008-12-12,40.11000061035156,41.29999923706055,39.06999969482422,41.099998474121094,29.807783126831055,12020700
2008-12-15,41.97999954223633,43.959999084472656,41.66999816894531,42.810001373291016,31.04796600341797,10855800
2008-12-16,43.619998931884766,43.900001525878906,41.150001525878906,42.880001068115234,31.098737716674805,15860900
2008-12-17,42.720001220703125,43.68000030517578,41.31999969482422,42.540000915527344,30.852153778076172,12607300
2008-12-18,42.47999954223633,42.5099983215332,39.290000915527344,39.43000030517578,28.596628189086914,17634900
2008-12-19,39.59000015258789,41.88999938964844,39.36000061035156,40.439998626708984,29.329132080078125,16365500
2008-12-22,40.68000030517578,41.70000076293945,38.439998626708984,38.90999984741211,28.219493865966797,11278500
2008-12-23,39.83000183105469,40.0,37.619998931884766,37.7400016784668,27.370960235595703,11669500
2008-12-24,37.70000076293945,38.5,37.06999969482422,38.220001220703125,27.71907615661621,3733000
2008-12-26,38.4900016784668,39.5,38.2599983215332,39.470001220703125,28.62563705444336,4378600
2008-12-29,40.400001525878906,41.400001525878906,39.5,40.90999984741211,29.66999053955078,8586500
2008-12-30,41.09000015258789,42.150001525878906,40.13999938964844,42.119998931884766,30.547542572021484,8826200
2008-12-31,41.900001525878906,43.369998931884766,41.689998626708984,42.33000183105469,30.699838638305664,8537100
2009-01-02,42.75,46.20000076293945,42.349998474121094,45.619998931884766,33.08591079711914,10122900
2009-01-05,45.119998931884766,48.9900016784668,44.810001373291016,46.81999969482422,33.95622253417969,13666000
2009-01-06,47.900001525878906,49.25,47.220001220703125,47.599998474121094,34.521915435791016,13246000
2009-01-07,46.45000076293945,46.779998779296875,44.529998779296875,45.61000061035156,33.07866668701172,10124000
2009-01-08,45.25,46.130001068115234,44.18000030517578,45.83000183105469,33.23822784423828,11149900
2009-01-09,45.65999984741211,45.65999984741211,42.63999938964844,43.0,31.185768127441406,11239800
2009-01-12,42.34000015258789,43.2400016784668,40.849998474121094,41.349998474121094,29.989103317260742,11937500
2009-01-13,41.400001525878906,42.97999954223633,40.72999954223633,42.81999969482422,31.055217742919922,12121600
2009-01-14,42.09000015258789,42.380001068115234,40.0,40.43000030517578,29.32187271118164,11524000
2009-01-15,40.470001220703125,40.7599983215332,37.84000015258789,40.18000030517578,29.14055824279785,15270500
2009-01-16,40.84000015258789,41.0,38.630001068115234,39.900001525878906,28.937498092651367,14240300
2009-01-20,38.619998931884766,40.97999954223633,36.68000030517578,36.83000183105469,26.710973739624023,12994700
2009-01-21,37.54999923706055,39.209999084472656,36.380001068115234,38.9900016784668,28.277515411376953,14437200
2009-01-22,37.790000915527344,39.34000015258789,36.349998474121094,37.27000045776367,27.03007698059082,14397800
2009-01-23,36.11000061035156,41.869998931884766,36.11000061035156,41.09000015258789,29.8005313873291,21970700
2009-01-26,41.150001525878906,43.349998474121094,40.61000061035156,42.0,30.460512161254883,12284100
2009-01-27,41.959999084472656,42.650001525878906,40.75,41.970001220703125,30.43875503540039,10242300
2009-01-28,42.619998931884766,44.540000915527344,42.119998931884766,44.15999984741211,32.02704620361328,11838900
2009-01-29,43.099998474121094,43.29999923706055,41.59000015258789,41.93000030517578,30.409751892089844,9056900
2009-01-30,42.9900016784668,43.0,40.439998626708984,40.810001373291016,29.597454071044922,10075400
2009-02-02,40.0099983215332,41.310001373291016,39.400001525878906,40.790000915527344,29.582965850830078,11262100
2009-02-03,41.189998626708984,41.33000183105469,40.0,40.9900016784668,29.7280216217041,10255200
2009-02-04,41.5,43.290000915527344,41.400001525878906,42.279998779296875,30.663589477539062,9644000
2009-02-05,42.099998474121094,44.810001373291016,41.189998626708984,44.54999923706055,32.309906005859375,12637200
2009-02-06,43.900001525878906,45.7400016784668,43.36000061035156,45.290000915527344,32.84659957885742,9513700
2009-02-09,46.61000061035156,47.880001068115234,45.310001373291016,46.119998931884766,33.448543548583984,13357500
2009-02-10,46.380001068115234,47.099998474121094,42.869998931884766,43.36000061035156,31.446849822998047,13227900
2009-02-11,43.779998779296875,44.18000030517578,41.36000061035156,42.54999923706055,30.859397888183594,12744000
2009-02-12,41.88999938964844,42.04999923706055,40.77000045776367,41.970001220703125,30.43875503540039,15066400
2009-02-13,41.689998626708984,42.95000076293945,41.13999938964844,41.52000045776367,30.263824462890625,10693500
2009-02-17,40.040000915527344,40.33000183105469,38.130001068115234,38.20000076293945,27.843873977661133,14973500
2009-02-18,38.63999938964844,38.959999084472656,37.41999816894531,38.20000076293945,27.843873977661133,11307500
2009-02-19,38.959999084472656,39.7599983215332,38.290000915527344,38.540000915527344,28.091703414916992,10700400
2009-02-20,37.77000045776367,38.41999816894531,36.13999938964844,36.880001068115234,26.881732940673828,18951200
2009-02-23,37.470001220703125,37.68000030517578,35.04999923706055,35.189998626708984,25.64989471435547,14468800
2009-02-24,35.720001220703125,38.2400016784668,35.2599983215332,38.04999923706055,27.73455238342285,15210700
2009-02-25,38.0099983215332,38.61000061035156,36.65999984741211,37.22999954223633,27.13684844970703,18585200
2009-02-26,37.9900016784668,39.84000015258789,37.93000030517578,38.16999816894531,27.8220157623291,13525900
2009-02-27,37.11000061035156,39.439998626708984,36.68000030517578,38.060001373291016,27.741830825805664,14399500
2009-03-02,37.0,37.54999923706055,35.52000045776367,35.84000015258789,26.123682022094727,17389800
2009-03-03,36.459999084472656,37.040000915527344,35.29999923706055,35.65999984741211,25.992481231689453,13935300
2009-03-04,37.04999923706055,39.959999084472656,36.84000015258789,38.83000183105469,28.303083419799805,15510000
2009-03-05,37.560001373291016,37.97999954223633,35.52000045776367,36.15999984741211,26.3569278717041,16269400
2009-03-06,36.56999969482422,37.41999816894531,35.33000183105469,36.72999954223633,26.772403717041016,14843600
2009-03-09,36.18000030517578,38.599998474121094,35.91999816894531,36.66999816894531,26.728670120239258,13395300
2009-03-10,37.5,40.61000061035156,37.4900016784668,39.52000045776367,28.8060302734375,22234000
2009-03-11,39.27000045776367,39.54999923706055,38.0099983215332,38.79999923706055,28.281227111816406,12061200
2009-03-12,38.66999816894531,40.0099983215332,37.33000183105469,39.959999084472656,29.12674331665039,16604100
2009-03-13,40.349998474121094,40.349998474121094,38.54999923706055,39.29999923706055,28.645658493041992,12218100
2009-03-16,39.130001068115234,42.68000030517578,39.130001068115234,41.439998626708984,30.205514907836914,16530800
2009-03-17,41.439998626708984,42.52000045776367,40.58000183105469,42.11000061035156,30.693870544433594,11775100
2009-03-18,41.779998779296875,43.529998779296875,40.189998626708984,42.90999984741211,31.276975631713867,14788300
2009-03-19,44.25,46.20000076293945,44.15999984741211,44.310001373291016,32.297454833984375,19427400
2009-03-20,44.59000015258789,44.77000045776367,41.2400016784668,41.52000045776367,30.263824462890625,17382300
2009-03-23,42.959999084472656,46.79999923706055,42.29999923706055,46.75,34.07596969604492,18918400
2009-03-24,45.40999984741211,47.2599983215332,45.119998931884766,46.15999984741211,33.64590072631836,15498000
2009-03-25,45.939998626708984,46.63999938964844,43.709999084472656,45.34000015258789,33.048213958740234,15614200
2009-03-26,46.349998474121094,46.970001220703125,44.970001220703125,45.540000915527344,33.19400405883789,13728500
2009-03-27,44.58000183105469,44.869998931884766,43.15999984741211,43.52000045776367,31.72161865234375,11021400
2009-03-30,42.20000076293945,42.56999969482422,40.47999954223633,41.119998931884766,29.972261428833008,12934500
2009-03-31,42.11000061035156,42.11000061035156,40.15999984741211,40.619998931884766,29.607810974121094,15211900
2009-04-01,39.81999969482422,41.279998779296875,39.11000061035156,41.099998474121094,29.957679748535156,17581700
2009-04-02,42.84000015258789,44.880001068115234,42.70000076293945,43.790000915527344,31.918418884277344,16864600
2009-04-03,43.7400016784668,45.47999954223633,43.560001373291016,45.06999969482422,32.851409912109375,13504300
2009-04-06,44.040000915527344,44.36000061035156,43.04999923706055,43.95000076293945,32.03504180908203,10581900
2009-04-07,43.11000061035156,43.5099983215332,42.25,42.9900016784668,31.335296630859375,8334100
2009-04-08,42.709999084472656,44.06999969482422,41.97999954223633,43.540000915527344,31.736194610595703,10649200
2009-04-09,45.0,45.290000915527344,43.599998474121094,44.15999984741211,32.18810272216797,12769100
2009-04-13,42.81999969482422,44.88999938964844,42.29999923706055,44.25,32.253719329833984,10236100
2009-04-14,43.70000076293945,45.5,43.22999954223633,44.11000061035156,32.15166473388672,9373700
2009-04-15,43.90999984741211,45.75,43.90999984741211,45.529998779296875,33.186702728271484,10565000
2009-04-16,46.220001220703125,46.65999984741211,44.810001373291016,46.0,33.52928161621094,11040300
2009-04-17,46.11000061035156,46.77000045776367,45.16999816894531,46.56999969482422,33.94475173950195,14281500
2009-04-20,45.0099983215332,45.56999969482422,43.970001220703125,44.099998474121094,32.14437484741211,10772600
2009-04-21,43.189998626708984,46.83000183105469,42.84000015258789,46.630001068115234,33.98848342895508,12674500
2009-04-22,45.650001525878906,48.2400016784668,45.2400016784668,46.22999954223633,33.696929931640625,16060200
2009-04-23,46.7400016784668,46.849998474121094,44.90999984741211,46.61000061035156,33.973915100097656,12246900
2009-04-24,49.81999969482422,50.91999816894531,48.54999923706055,49.72999954223633,36.2480583190918,20509100
2009-04-27,47.939998626708984,48.9900016784668,47.5,48.380001068115234,35.2640495300293,10676200
2009-04-28,47.40999984741211,48.939998626708984,47.40999984741211,48.040000915527344,35.016231536865234,7835100
2009-04-29,48.20000076293945,50.459999084472656,48.20000076293945,50.029998779296875,36.46672821044922,9555900
2009-04-30,50.790000915527344,50.790000915527344,47.90999984741211,48.9900016784668,35.708683013916016,13093000
2009-05-01,49.220001220703125,51.13999938964844,48.63999938964844,50.66999816894531,36.933231353759766,10088400
2009-05-04,52.189998626708984,54.209999084472656,51.90999984741211,54.08000183105469,39.41877746582031,13270000
2009-05-05,53.91999816894531,54.41999816894531,52.5099983215332,54.20000076293945,39.506248474121094,10112300
2009-05-06,55.029998779296875,56.400001525878906,54.349998474121094,56.04999923706055,40.85470962524414,14222000
2009-05-07,58.63999938964844,58.63999938964844,52.970001220703125,54.099998474121094,39.433353424072266,16014200
2009-05-08,55.040000915527344,56.9900016784668,54.36000061035156,56.529998779296875,41.20457077026367,13007500
2009-05-11,55.40999984741211,55.68000030517578,54.31999969482422,54.77000045776367,39.921722412109375,8934500
2009-05-12,55.0099983215332,56.20000076293945,54.459999084472656,55.75,40.63603210449219,11501100
2009-05-13,54.779998779296875,55.040000915527344,52.72999954223633,53.540000915527344,39.02516555786133,12672200
2009-05-14,53.06999969482422,54.29999923706055,52.630001068115234,53.93000030517578,39.309444427490234,8997000
2009-05-15,53.7599983215332,54.34000015258789,51.560001373291016,52.04999923706055,37.93912124633789,10421500
2009-05-18,52.7599983215332,54.25,52.75,54.150001525878906,39.46979522705078,10750200
2009-05-19,54.0099983215332,54.70000076293945,52.650001525878906,54.0099983215332,39.367759704589844,8589300
2009-05-20,55.08000183105469,57.099998474121094,54.81999969482422,55.040000915527344,40.11852264404297,10318000
2009-05-21,53.599998474121094,53.709999084472656,51.5,51.939998626708984,37.85893249511719,11097800
2009-05-22,52.84000015258789,53.33000183105469,51.650001525878906,51.75,37.720436096191406,8624000
2009-05-26,51.25,54.08000183105469,50.63999938964844,53.91999816894531,39.30215835571289,9912000
2009-05-27,54.06999969482422,54.90999984741211,53.27000045776367,53.40999984741211,38.9304084777832,8407700
2009-05-28,54.04999923706055,56.880001068115234,53.220001220703125,56.349998474121094,41.0733642578125,13384100
2009-05-29,57.619998931884766,57.68000030517578,56.349998474121094,57.22999954223633,41.71480178833008,11172500
2009-06-01,58.630001068115234,59.4900016784668,57.959999084472656,59.16999816894531,43.2877082824707,11568600
2009-06-02,58.810001373291016,59.65999984741211,58.119998931884766,59.18000030517578,43.29501724243164,9630000
2009-06-03,58.060001373291016,58.400001525878906,55.880001068115234,56.88999938964844,41.61968994140625,11786300
2009-06-04,57.630001068115234,58.779998779296875,56.86000061035156,58.310001373291016,42.65855026245117,9228600
2009-06-05,59.0,59.279998779296875,56.63999938964844,57.27000045776367,41.897701263427734,8592300
2009-06-08,56.81999969482422,57.7400016784668,55.66999816894531,57.33000183105469,41.94157791137695,8119400
2009-06-09,58.06999969482422,59.38999938964844,57.709999084472656,58.849998474121094,43.0536003112793,9068800
2009-06-10,59.86000061035156,60.150001525878906,57.83000183105469,59.27000045776367,43.36084747314453,10641800
2009-06-11,59.79999923706055,63.779998779296875,59.15999984741211,62.18000030517578,45.489749908447266,17138500
2009-06-12,60.959999084472656,61.189998626708984,59.209999084472656,60.27000045776367,44.092445373535156,11039100
2009-06-15,59.25,59.36000061035156,57.29999923706055,58.59000015258789,42.86338424682617,8322800
2009-06-16,59.5099983215332,59.790000915527344,56.790000915527344,56.970001220703125,41.67821502685547,9050600
2009-06-17,56.439998626708984,56.65999984741211,55.34000015258789,55.97999954223633,40.95396423339844,11632500
2009-06-18,55.849998474121094,56.66999816894531,55.25,55.75,40.78569793701172,6662200
2009-06-19,56.369998931884766,56.5,54.72999954223633,55.349998474121094,40.49306106567383,11275400
2009-06-22,54.34000015258789,54.34000015258789,51.779998779296875,52.31999969482422,38.2763671875,11026700
2009-06-23,52.849998474121094,53.720001220703125,51.959999084472656,53.29999923706055,38.993309020996094,9143200
2009-06-24,53.630001068115234,54.400001525878906,52.88999938964844,53.459999084472656,39.11037063598633,8024800
2009-06-25,53.2400016784668,55.56999969482422,53.20000076293945,55.349998474121094,40.49306106567383,9772300
2009-06-26,54.900001525878906,55.349998474121094,54.2599983215332,54.47999954223633,39.856571197509766,15785900
2009-06-29,55.209999084472656,55.47999954223633,54.22999954223633,54.970001220703125,40.21506118774414,8459900
2009-06-30,55.0,55.630001068115234,53.04999923706055,54.11000061035156,39.58590316772461,10819200
2009-07-01,55.09000015258789,55.72999954223633,54.16999816894531,54.279998779296875,39.710269927978516,7944000
2009-07-02,52.959999084472656,52.97999954223633,51.18000030517578,52.54999923706055,38.44462203979492,9215200
2009-07-06,50.70000076293945,51.540000915527344,50.349998474121094,51.45000076293945,37.639896392822266,11994700
2009-07-07,51.349998474121094,51.619998931884766,49.029998779296875,49.20000076293945,35.99381637573242,11649600
2009-07-08,49.41999816894531,50.06999969482422,48.130001068115234,49.84000015258789,36.4620361328125,12880900
2009-07-09,50.15999984741211,51.18000030517578,49.279998779296875,50.220001220703125,36.74004364013672,10848900
2009-07-10,49.47999954223633,50.849998474121094,49.31999969482422,50.5099983215332,36.95219421386719,8811500
2009-07-13,50.310001373291016,51.04999923706055,49.18000030517578,50.9900016784668,37.3033561706543,9034100
2009-07-14,51.900001525878906,52.45000076293945,51.31999969482422,51.83000183105469,37.91788864135742,7321000
2009-07-15,52.79999923706055,54.790000915527344,52.779998779296875,54.560001373291016,39.91511154174805,11734400
2009-07-16,54.38999938964844,55.77000045776367,53.88999938964844,55.47999954223633,40.588172912597656,8072500
2009-07-17,55.400001525878906,56.22999954223633,54.86000061035156,56.0099983215332,40.97590255737305,9769500
2009-07-20,56.58000183105469,57.31999969482422,55.40999984741211,56.880001068115234,41.61237335205078,10116900
2009-07-21,57.43000030517578,57.900001525878906,56.0,57.0,41.700164794921875,10023500
2009-07-22,56.47999954223633,56.599998474121094,55.150001525878906,55.29999923706055,40.45646667480469,10328500
2009-07-23,55.36000061035156,58.189998626708984,55.02000045776367,57.77000045776367,42.263484954833984,10792900
2009-07-24,57.5,57.56999969482422,55.119998931884766,57.34000015258789,41.94889450073242,12528300
2009-07-27,57.369998931884766,57.5,55.810001373291016,56.4900016784668,41.327049255371094,7146200
2009-07-28,55.810001373291016,55.810001373291016,53.400001525878906,54.599998474121094,39.944374084472656,11000000
2009-07-29,53.630001068115234,53.880001068115234,52.15999984741211,52.4900016784668,38.400726318359375,12390200
2009-07-30,53.63999938964844,54.34000015258789,52.54999923706055,53.43000030517578,39.088417053222656,11540100
2009-07-31,52.849998474121094,54.0,52.5099983215332,53.5,39.13962936401367,9532600
2009-08-03,54.86000061035156,56.43000030517578,54.599998474121094,55.95000076293945,40.932010650634766,9836400
2009-08-04,55.34000015258789,56.29999923706055,54.7400016784668,55.20000076293945,40.383323669433594,9652000
2009-08-05,54.959999084472656,55.220001220703125,53.86000061035156,54.099998474121094,39.57856750488281,8747900
2009-08-06,54.29999923706055,54.459999084472656,53.08000183105469,53.70000076293945,39.28594970703125,6498600
2009-08-07,54.36000061035156,54.7599983215332,52.41999816894531,53.25,38.95674133300781,7546900
2009-08-10,53.2599983215332,53.83000183105469,52.790000915527344,53.5099983215332,39.14694595336914,6268400
2009-08-11,53.16999816894531,53.400001525878906,52.58000183105469,52.880001068115234,38.68605041503906,6766900
2009-08-12,52.939998626708984,54.4900016784668,52.75,53.880001068115234,39.41762161254883,7805400
2009-08-13,54.52000045776367,55.25,53.61000061035156,55.130001068115234,40.33211135864258,6731200
2009-08-14,55.09000015258789,55.150001525878906,52.75,53.380001068115234,39.05183410644531,8902800
2009-08-17,52.0,52.150001525878906,50.52000045776367,51.29999923706055,37.5301513671875,9162100
2009-08-18,51.47999954223633,52.29999923706055,51.0,52.029998779296875,38.0641975402832,6752400
2009-08-19,51.20000076293945,53.20000076293945,51.02000045776367,52.869998931884766,38.67873001098633,8508100
2009-08-20,53.31999969482422,53.97999954223633,52.959999084472656,53.79999923706055,39.35910415649414,8664400
2009-08-21,54.529998779296875,56.68000030517578,54.02000045776367,56.560001373291016,41.378265380859375,13368400
2009-08-24,57.58000183105469,58.29999923706055,56.880001068115234,57.34000015258789,41.94889450073242,9325700
2009-08-25,57.93000030517578,58.08000183105469,55.79999923706055,56.130001068115234,41.063690185546875,9613200
2009-08-26,55.61000061035156,56.7599983215332,55.43000030517578,56.58000183105469,41.39290237426758,7969800
2009-08-27,56.52000045776367,57.29999923706055,55.25,56.900001525878906,41.627017974853516,9377200
2009-08-28,57.5099983215332,57.97999954223633,56.79999923706055,57.36000061035156,41.963539123535156,10755200
2009-08-31,56.40999984741211,56.560001373291016,55.529998779296875,56.20000076293945,41.26597213745117,8511800
2009-09-01,55.61000061035156,56.779998779296875,54.66999816894531,54.90999984741211,40.31877136230469,13465500
2009-09-02,54.20000076293945,54.91999816894531,53.91999816894531,54.060001373291016,39.694644927978516,8877000
2009-09-03,54.72999954223633,54.97999954223633,54.04999923706055,54.41999816894531,39.95897674560547,6623800
2009-09-04,54.380001068115234,56.029998779296875,54.130001068115234,55.869998931884766,41.02366638183594,6220600
2009-09-08,56.93000030517578,58.41999816894531,56.630001068115234,58.099998474121094,42.661102294921875,10123700
2009-09-09,58.130001068115234,58.29999923706055,56.849998474121094,57.36000061035156,42.11773681640625,7703100
2009-09-10,57.33000183105469,58.5,56.86000061035156,58.43000030517578,42.90340042114258,7647100
2009-09-11,59.810001373291016,61.77000045776367,59.650001525878906,60.38999938964844,44.34257125854492,14910500
2009-09-14,59.02000045776367,60.27000045776367,58.5,59.810001373291016,43.91669464111328,9151800
2009-09-15,60.279998779296875,60.4900016784668,58.83000183105469,59.83000183105469,43.93138122558594,9723600
2009-09-16,61.04999923706055,62.59000015258789,60.77000045776367,62.40999984741211,45.82579040527344,13077800
2009-09-17,62.04999923706055,63.0,61.08000183105469,61.790000915527344,45.37055206298828,9528300
2009-09-18,62.34000015258789,62.86000061035156,61.09000015258789,61.849998474121094,45.41460037231445,9572200
2009-09-21,60.459999084472656,61.0099983215332,59.79999923706055,60.790000915527344,44.63628005981445,5685100
2009-09-22,61.7400016784668,61.849998474121094,61.0,61.56999969482422,45.209014892578125,6350500
2009-09-23,61.79999923706055,61.970001220703125,59.880001068115234,60.2599983215332,44.247108459472656,7931000
2009-09-24,60.34000015258789,60.4900016784668,58.630001068115234,59.15999984741211,43.43941116333008,6908500
2009-09-25,58.75,60.38999938964844,58.4900016784668,59.47999954223633,43.67438888549805,7204500
2009-09-28,59.310001373291016,60.790000915527344,59.04999923706055,60.529998779296875,44.44538497924805,3649600
2009-09-29,60.45000076293945,61.150001525878906,60.02000045776367,60.41999816894531,44.364601135253906,5841000
2009-09-30,60.91999816894531,61.04999923706055,58.90999984741211,59.599998474121094,43.762489318847656,8466700
2009-10-01,59.599998474121094,59.72999954223633,57.130001068115234,57.130001068115234,41.94883728027344,10031600
2009-10-02,56.349998474121094,57.130001068115234,56.0,56.83000183105469,41.72856140136719,6857600
2009-10-05,56.7599983215332,58.099998474121094,56.5,57.959999084472656,42.558292388916016,8063100
2009-10-06,58.709999084472656,59.959999084472656,58.650001525878906,59.2400016784668,43.498165130615234,7572800
2009-10-07,59.439998626708984,61.279998779296875,59.31999969482422,61.02000045776367,44.8051643371582,10417100
2009-10-08,61.0,62.959999084472656,60.70000076293945,62.650001525878906,46.00202560424805,10028900
2009-10-09,62.59000015258789,63.29999923706055,62.290000915527344,62.88999938964844,46.178245544433594,7394500
2009-10-12,63.5099983215332,64.66999816894531,63.40999984741211,64.22000122070312,47.15483474731445,8252600
2009-10-13,64.1500015258789,64.33999633789062,63.0099983215332,64.1500015258789,47.103431701660156,7914200
2009-10-14,64.97000122070312,66.18000030517578,64.91000366210938,66.04000091552734,48.49120330810547,9004500
2009-10-15,65.77999877929688,68.95999908447266,65.69999694824219,68.79000091552734,50.51044845581055,13670000
2009-10-16,68.2300033569336,69.62000274658203,67.91999816894531,69.08000183105469,50.723388671875,13329000
2009-10-19,69.02999877929688,71.0999984741211,68.30999755859375,70.76000213623047,51.956947326660156,9737500
2009-10-20,70.4800033569336,70.58999633789062,68.30999755859375,69.16000366210938,50.78213119506836,9938200
2009-10-21,68.43000030517578,70.02999877929688,67.79000091552734,68.01000213623047,49.93771743774414,13632300
2009-10-22,67.75,68.87999725341797,66.86000061035156,68.5999984741211,50.37091827392578,10839900
2009-10-23,68.2300033569336,68.54000091552734,64.0,65.19999694824219,47.87439727783203,18768800
2009-10-26,65.13999938964844,67.30000305175781,64.1500015258789,64.30000305175781,47.21356964111328,11323700
2009-10-27,64.55000305175781,65.55000305175781,63.95000076293945,64.93000030517578,47.67616271972656,9534300
2009-10-28,64.33999633789062,64.3499984741211,62.099998474121094,62.27000045776367,45.72300338745117,9000200
2009-10-29,62.86000061035156,65.08000183105469,62.72999954223633,64.80000305175781,47.5806999206543,9310800
2009-10-30,64.48999786376953,64.5,61.29999923706055,62.20000076293945,45.671607971191406,12762000
2009-11-02,62.52000045776367,64.1500015258789,61.689998626708984,62.709999084472656,46.04608154296875,8449100
2009-11-03,62.119998931884766,64.79000091552734,61.5,64.47000122070312,47.33839797973633,9355600
2009-11-04,64.75,65.44000244140625,63.959999084472656,64.30000305175781,47.21356964111328,7885900
2009-11-05,64.87999725341797,65.55000305175781,64.38999938964844,65.0999984741211,47.800968170166016,6349100
2009-11-06,64.3499984741211,66.01000213623047,63.77000045776367,64.4000015258789,47.286991119384766,7669100
2009-11-09,65.75,65.97000122070312,64.66999816894531,65.12999725341797,47.8230094909668,13389200
2009-11-10,64.87999725341797,65.80000305175781,64.37000274658203,65.37999725341797,48.006587982177734,6247600
2009-11-11,65.81999969482422,67.08999633789062,65.75,66.13999938964844,48.56464385986328,6892600
2009-11-12,65.66999816894531,66.31999969482422,64.18000030517578,64.5999984741211,47.433837890625,6035300
2009-11-13,64.2300033569336,65.81999969482422,63.75,65.5199966430664,48.10936737060547,7978800
2009-11-16,66.55000305175781,68.33999633789062,66.45999908447266,67.88999938964844,49.84959411621094,8632800
2009-11-17,67.30000305175781,67.68000030517578,66.36000061035156,67.08999633789062,49.26216506958008,9070200
2009-11-18,67.3499984741211,67.5199966430664,66.0199966430664,66.70999908447266,48.983154296875,6739200
2009-11-19,66.25,66.31999969482422,64.06999969482422,64.54000091552734,47.389793395996094,7778600
2009-11-20,64.22000122070312,64.52999877929688,62.849998474121094,63.34000015258789,46.5086669921875,8522500
2009-11-23,64.9800033569336,66.19000244140625,64.3499984741211,64.62999725341797,47.455875396728516,8527200
2009-11-24,64.37000274658203,65.5999984741211,63.86000061035156,65.55999755859375,48.13874816894531,7119100
2009-11-25,65.16999816894531,65.33000183105469,64.04000091552734,65.02999877929688,47.74958801269531,7173400
2009-11-27,62.630001068115234,63.5,62.150001525878906,63.13999938964844,46.36181640625,4143100
2009-11-30,62.5,64.20999908447266,62.5,63.88999938964844,47.069068908691406,6701700
2009-12-01,64.6500015258789,66.02999877929688,64.58000183105469,64.6500015258789,47.62898635864258,8717900
2009-12-02,64.3499984741211,64.9000015258789,63.5,63.9900016784668,47.14275360107422,5841800
2009-12-03,63.75,63.9900016784668,62.08000183105469,62.20000076293945,45.824012756347656,7465100
2009-12-04,63.189998626708984,63.70000076293945,60.75,61.369998931884766,45.2125358581543,8695200
2009-12-07,61.0099983215332,62.18000030517578,60.369998931884766,61.36000061035156,45.205162048339844,6854400
2009-12-08,61.0099983215332,61.16999816894531,59.56999969482422,60.0,44.203224182128906,8014400
2009-12-09,60.25,60.599998474121094,58.97999954223633,60.02000045776367,44.217960357666016,9348800
2009-12-10,60.689998626708984,61.59000015258789,60.189998626708984,61.47999954223633,45.29357147216797,8126200
2009-12-11,61.709999084472656,62.04999923706055,61.0,61.380001068115234,45.21989822387695,5705200
2009-12-14,62.06999969482422,62.380001068115234,61.63999938964844,61.970001220703125,45.65456008911133,4879600
2009-12-15,62.119998931884766,63.09000015258789,61.75,62.2400016784668,45.853477478027344,6608200
2009-12-16,62.54999923706055,64.4000015258789,62.470001220703125,63.529998779296875,46.80384063720703,7310400
2009-12-17,63.060001373291016,63.4900016784668,62.400001525878906,62.56999969482422,46.09659957885742,5978200
2009-12-18,63.20000076293945,63.65999984741211,62.650001525878906,62.95000076293945,46.376548767089844,10903200
2009-12-21,63.45000076293945,64.86000061035156,63.209999084472656,63.77000045776367,46.98066711425781,5884500
2009-12-22,64.04000091552734,64.75,63.75,63.97999954223633,47.13536834716797,4906700
2009-12-23,65.0,65.91000366210938,64.55000305175781,65.2300033569336,48.05628204345703,5447500
2009-12-24,65.41000366210938,65.80000305175781,65.16000366210938,65.3499984741211,48.1446647644043,1492400
2009-12-28,65.95999908447266,66.44000244140625,65.44999694824219,65.72000122070312,48.41727066040039,3665800
2009-12-29,66.0,66.27999877929688,64.77999877929688,65.19999694824219,48.034156799316406,3381600
2009-12-30,64.94999694824219,65.5999984741211,64.66999816894531,65.55999755859375,48.29938507080078,2798700
2009-12-31,65.63999938964844,66.0,65.05000305175781,65.08999633789062,47.95313262939453,3451200
2010-01-04,66.38999938964844,67.19999694824219,66.12000274658203,67.11000061035156,49.441307067871094,5771300
2010-01-05,66.98999786376953,67.62000274658203,66.7300033569336,67.30000305175781,49.581275939941406,7365300
2010-01-06,67.16999816894531,68.94000244140625,67.02999877929688,68.80000305175781,50.68637466430664,9950000
2010-01-07,68.48999786376953,69.80999755859375,68.20999908447266,69.51000213623047,51.20942687988281,7691900
2010-01-08,69.19000244140625,72.0,69.08999633789062,70.6500015258789,52.04929733276367,13487200
2010-01-11,71.30000305175781,71.55999755859375,69.37000274658203,70.6500015258789,52.04929733276367,10301600
2010-01-12,69.19999694824219,70.70999908447266,68.80000305175781,69.58999633789062,51.26838302612305,9407300
2010-01-13,69.70999908447266,71.08000183105469,68.22000122070312,70.8499984741211,52.196632385253906,8803900
2010-01-14,70.11000061035156,71.83000183105469,70.11000061035156,71.29000091552734,52.52078628540039,7211800
2010-01-15,71.22000122070312,71.97000122070312,70.13999938964844,70.83000183105469,52.18193054199219,12585500
2010-01-19,69.87000274658203,71.25,69.54000091552734,70.93000030517578,52.25556182861328,7363000
2010-01-20,69.7699966430664,70.1500015258789,67.9800033569336,69.08999633789062,50.900001525878906,10724500
2010-01-21,69.0199966430664,69.48999786376953,67.5199966430664,68.30999755859375,50.32536315917969,11573600
2010-01-22,67.38999938964844,68.37999725341797,64.91999816894531,65.23999786376953,48.063636779785156,14339800
2010-01-25,65.69000244140625,66.58000183105469,64.5,65.80999755859375,48.48357391357422,9890500
2010-01-26,65.25,67.75,64.7699966430664,65.75,48.439361572265625,9105700
2010-01-27,65.45999908447266,66.29000091552734,64.81999969482422,65.69999694824219,48.402530670166016,9693300
2010-01-28,66.12000274658203,66.75,64.2300033569336,64.62999725341797,47.61423110961914,8888400
2010-01-29,65.4000015258789,66.19000244140625,62.88999938964844,63.459999084472656,46.75227355957031,11921200
2010-02-01,64.30000305175781,65.19999694824219,63.93000030517578,64.79000091552734,47.73210525512695,8508100
2010-02-02,65.5,66.52999877929688,64.97000122070312,66.12000274658203,48.71194839477539,7972100
2010-02-03,65.72000122070312,66.87999725341797,65.56999969482422,65.98999786376953,48.616172790527344,6110700
2010-02-04,64.98999786376953,65.19000244140625,62.33000183105469,62.5,46.04502868652344,9732100
2010-02-05,62.61000061035156,63.16999816894531,60.2599983215332,62.060001373291016,45.72086715698242,11505100
2010-02-08,62.22999954223633,63.68000030517578,61.56999969482422,62.119998931884766,45.76506042480469,7956800
2010-02-09,63.130001068115234,64.98999786376953,63.0,63.7599983215332,46.973297119140625,9163500
2010-02-10,63.61000061035156,64.25,62.349998474121094,63.650001525878906,46.89226531982422,6904200
2010-02-11,63.560001373291016,64.9000015258789,62.54999923706055,64.76000213623047,47.709999084472656,7325000
2010-02-12,63.70000076293945,64.7300033569336,63.119998931884766,64.30000305175781,47.525238037109375,8400000
2010-02-16,65.33000183105469,65.75,64.56999969482422,65.6500015258789,48.52304458618164,6115900
2010-02-17,65.83000183105469,66.0,64.87999725341797,65.43000030517578,48.36043930053711,6430200
2010-02-18,65.87999725341797,66.33000183105469,65.08999633789062,65.80999755859375,48.64129638671875,7704400
2010-02-19,63.36000061035156,64.38999938964844,62.97999954223633,63.900001525878906,47.22958755493164,18088700
2010-02-22,60.09000015258789,61.939998626708984,59.75,61.56999969482422,45.50745391845703,87130600
2010-02-23,61.5,61.720001220703125,60.15999984741211,60.880001068115234,44.99746322631836,35857500
2010-02-24,61.130001068115234,61.5,60.36000061035156,60.90999984741211,45.01961898803711,22980900
2010-02-25,60.09000015258789,60.939998626708984,59.41999816894531,60.810001373291016,44.945716857910156,17558200
2010-02-26,61.130001068115234,61.400001525878906,60.52000045776367,61.099998474121094,45.160057067871094,15524000
2010-03-01,61.83000183105469,61.97999954223633,60.959999084472656,61.41999816894531,45.396568298339844,12843400
2010-03-02,61.59000015258789,62.880001068115234,61.0,62.810001373291016,46.4239616394043,17688300
2010-03-03,63.38999938964844,64.02999877929688,63.029998779296875,63.22999954223633,46.73438262939453,15293200
2010-03-04,63.2400016784668,63.72999954223633,62.27000045776367,62.880001068115234,46.47568130493164,12989200
2010-03-05,63.40999984741211,63.939998626708984,63.209999084472656,63.810001373291016,47.163063049316406,11023900
2010-03-08,63.83000183105469,64.6500015258789,63.779998779296875,64.4800033569336,47.658267974853516,12253000
2010-03-09,64.04000091552734,64.56999969482422,63.70000076293945,64.0999984741211,47.37740707397461,12032000
2010-03-10,64.01000213623047,64.5199966430664,63.22999954223633,64.19999694824219,47.45132827758789,11854600
2010-03-11,64.05999755859375,64.19000244140625,63.349998474121094,63.900001525878906,47.22958755493164,8021300
2010-03-12,64.16999816894531,64.66999816894531,63.79999923706055,64.54000091552734,47.702632904052734,8398200
2010-03-15,64.0999984741211,64.66999816894531,63.29999923706055,64.30999755859375,47.53262710571289,10054100
2010-03-16,64.80999755859375,65.66000366210938,64.16999816894531,65.5199966430664,48.42695617675781,9911800
2010-03-17,65.7699966430664,66.9800033569336,65.5,66.5999984741211,49.22519302368164,12425700
2010-03-18,66.5,66.7300033569336,64.80000305175781,65.25,48.22739028930664,12906100
2010-03-19,64.31999969482422,65.77999877929688,63.7400016784668,64.31999969482422,47.54003143310547,18665900
2010-03-22,62.70000076293945,64.30000305175781,62.040000915527344,63.4900016784668,46.926551818847656,15691300
2010-03-23,63.529998779296875,63.970001220703125,62.779998779296875,63.029998779296875,46.58655548095703,10663100
2010-03-24,62.40999984741211,63.310001373291016,62.0099983215332,62.209999084472656,45.98048782348633,11762400
2010-03-25,62.849998474121094,63.25,60.66999816894531,60.7599983215332,44.90876388549805,12399200
2010-03-26,61.119998931884766,61.9900016784668,61.099998474121094,61.66999816894531,45.58135223388672,11645300
2010-03-29,62.31999969482422,63.400001525878906,62.18000030517578,63.06999969482422,46.616119384765625,10952500
2010-03-30,63.29999923706055,63.83000183105469,62.77000045776367,63.04999923706055,46.60132598876953,10340600
2010-03-31,63.43000030517578,63.560001373291016,62.939998626708984,63.459999084472656,46.90437316894531,11957700
2010-04-01,64.23999786376953,64.87000274658203,63.970001220703125,64.56999969482422,47.72480010986328,11194100
2010-04-05,65.02999877929688,66.2300033569336,64.76000213623047,65.7699966430664,48.61173629760742,9733800
2010-04-06,65.88999938964844,67.0199966430664,65.80000305175781,66.79000091552734,49.36562728881836,10429500
2010-04-07,66.8499984741211,66.8499984741211,65.68000030517578,66.04000091552734,48.81129455566406,9757000
2010-04-08,65.4800033569336,66.79000091552734,65.04000091552734,66.62000274658203,49.2400016784668,8790900
2010-04-09,67.06999969482422,67.3499984741211,66.2300033569336,66.52999877929688,49.173458099365234,7648400
2010-04-12,66.19999694824219,66.83999633789062,66.1500015258789,66.30999755859375,49.010860443115234,5928200
2010-04-13,66.4000015258789,66.4000015258789,64.61000061035156,65.51000213623047,48.41957092285156,10312400
2010-04-14,66.0,67.41999816894531,65.7699966430664,67.0999984741211,49.59477233886719,9175700
2010-04-15,67.01000213623047,67.5,66.68000030517578,67.20999908447266,49.676063537597656,5998100
2010-04-16,66.45999908447266,67.16000366210938,64.86000061035156,65.80000305175781,48.6339225769043,11292900
2010-04-19,65.18000030517578,65.91999816894531,64.51000213623047,65.23999786376953,48.220008850097656,9762400
2010-04-20,66.4000015258789,68.0,66.19000244140625,67.8499984741211,50.14910888671875,11961900
2010-04-21,67.88999938964844,68.5,67.16999816894531,68.0199966430664,50.27474594116211,8688900
2010-04-22,67.26000213623047,68.41000366210938,66.77999877929688,68.18000030517578,50.39301300048828,11255300
2010-04-23,70.13999938964844,73.19000244140625,69.9000015258789,72.68000030517578,53.71903991699219,22082900
2010-04-26,72.5999984741211,73.16999816894531,72.25,72.69000244140625,53.72642517089844,10580700
2010-04-27,72.38999938964844,72.58999633789062,70.0,70.30999755859375,51.96732711791992,14671400
2010-04-28,70.7699966430664,71.13999938964844,69.12000274658203,71.01000213623047,52.4847297668457,10860300
2010-04-29,72.2699966430664,73.98999786376953,71.30000305175781,73.1500015258789,54.066410064697266,27991300
2010-04-30,73.33000183105469,73.80000305175781,70.52999877929688,71.41999816894531,52.787742614746094,24492000
2010-05-03,71.12000274658203,71.9800033569336,70.05999755859375,71.30999755859375,52.70644760131836,14228400
2010-05-04,69.55000305175781,70.55999755859375,68.51000213623047,68.94999694824219,50.96213150024414,14154100
2010-05-05,67.36000061035156,68.31999969482422,66.44000244140625,67.30000305175781,49.74258804321289,14303300
2010-05-06,67.12000274658203,68.11000061035156,61.0,65.3499984741211,48.30129623413086,18571600
2010-05-07,64.58999633789062,65.63999938964844,62.209999084472656,62.86000061035156,46.46089553833008,21513600
2010-05-10,65.5199966430664,67.0,65.5199966430664,66.83000183105469,49.39520263671875,19198700
2010-05-11,66.02999877929688,67.88999938964844,65.95999908447266,66.83999633789062,49.40259552001953,11655400
2010-05-12,67.30999755859375,67.6500015258789,65.61000061035156,66.6500015258789,49.26215744018555,11561700
2010-05-13,67.06999969482422,68.31999969482422,65.9800033569336,66.94000244140625,49.47651290893555,9807600
2010-05-14,66.54000091552734,66.68000030517578,64.0199966430664,64.87999725341797,47.95392990112305,12514100
2010-05-17,65.22000122070312,65.38999938964844,62.5,64.1500015258789,47.41436004638672,12538500
2010-05-18,65.11000061035156,66.1500015258789,63.45000076293945,63.7400016784668,47.111331939697266,13130100
2010-05-19,63.45000076293945,64.41000366210938,61.63999938964844,62.59000015258789,46.26134490966797,15471800
2010-05-20,60.91999816894531,61.15999984741211,58.93000030517578,59.220001220703125,43.770538330078125,19423500
2010-05-21,57.790000915527344,60.66999816894531,57.54999923706055,60.5,44.71657943725586,21535400
2010-05-24,60.130001068115234,60.540000915527344,57.54999923706055,57.599998474121094,42.573143005371094,19525800
2010-05-25,56.04999923706055,58.59000015258789,55.65999984741211,58.459999084472656,43.20878601074219,20573000
2010-05-26,59.33000183105469,60.34000015258789,58.650001525878906,58.75,43.423133850097656,17318000
2010-05-27,60.58000183105469,61.08000183105469,58.599998474121094,60.02000045776367,44.36181640625,20613000
2010-05-28,59.47999954223633,59.810001373291016,55.459999084472656,56.150001525878906,41.647159576416016,27777000
2010-06-01,54.45000076293945,54.45000076293945,51.66999816894531,51.75,38.38361358642578,35731200
2010-06-02,53.720001220703125,56.41999816894531,53.349998474121094,56.310001373291016,41.76581954956055,26839300
2010-06-03,57.33000183105469,57.529998779296875,54.45000076293945,56.630001068115234,42.0031623840332,25274400
2010-06-04,55.70000076293945,57.95000076293945,55.16999816894531,55.7400016784668,41.34303665161133,20070400
2010-06-07,55.869998931884766,56.599998474121094,54.11000061035156,54.22999954223633,40.22306823730469,14146300
2010-06-08,54.43000030517578,55.709999084472656,53.849998474121094,55.560001373291016,41.209537506103516,16140500
2010-06-09,56.349998474121094,57.939998626708984,55.209999084472656,55.470001220703125,41.14278030395508,13576100
2010-06-10,57.790000915527344,59.349998474121094,57.349998474121094,59.16999816894531,43.88711929321289,16931400
2010-06-11,58.439998626708984,59.709999084472656,58.220001220703125,59.47999954223633,44.117042541503906,10919100
2010-06-14,60.400001525878906,60.90999984741211,58.5099983215332,58.65999984741211,43.50884246826172,11821200
2010-06-15,59.709999084472656,61.060001373291016,59.150001525878906,60.869998931884766,45.14802932739258,9340600
2010-06-16,59.790000915527344,61.650001525878906,59.790000915527344,60.810001373291016,45.10352325439453,9602000
2010-06-17,61.36000061035156,61.59000015258789,60.560001373291016,61.36000061035156,45.51146697998047,9951400
2010-06-18,61.13999938964844,61.2400016784668,59.459999084472656,60.529998779296875,44.895843505859375,16572100
2010-06-21,61.63999938964844,61.88999938964844,59.810001373291016,60.33000183105469,44.747501373291016,10320700
2010-06-22,60.33000183105469,60.560001373291016,58.189998626708984,58.2599983215332,43.212158203125,15054100
2010-06-23,58.22999954223633,58.7400016784668,57.439998626708984,58.33000183105469,43.26406478881836,8165300
2010-06-24,58.040000915527344,58.310001373291016,56.869998931884766,57.13999938964844,42.38144302368164,7830400
2010-06-25,57.36000061035156,58.5,56.650001525878906,58.220001220703125,43.1824836730957,24144300
2010-06-28,57.849998474121094,58.290000915527344,57.06999969482422,57.34000015258789,42.52977752685547,8834400
2010-06-29,56.119998931884766,56.58000183105469,54.849998474121094,55.08000183105469,40.853511810302734,12915500
2010-06-30,55.34000015258789,56.619998931884766,55.02000045776367,55.34000015258789,41.046356201171875,13046800
2010-07-01,55.290000915527344,55.79999923706055,53.61000061035156,55.2599983215332,40.98701477050781,14512400
2010-07-02,55.2599983215332,56.15999984741211,54.220001220703125,54.959999084472656,40.76450729370117,11996700
2010-07-06,56.150001525878906,56.72999954223633,54.70000076293945,55.540000915527344,41.194698333740234,10999000
2010-07-07,55.68000030517578,57.54999923706055,55.400001525878906,57.540000915527344,42.67812728881836,12151000
2010-07-08,58.36000061035156,58.540000915527344,57.02000045776367,58.540000915527344,43.419837951660156,9054900
2010-07-09,58.599998474121094,58.86000061035156,57.849998474121094,58.560001373291016,43.434688568115234,6312900
2010-07-12,58.41999816894531,58.959999084472656,57.599998474121094,58.25,43.204734802246094,7019600
2010-07-13,59.099998474121094,59.70000076293945,58.560001373291016,58.619998931884766,43.47917938232422,9267000
2010-07-14,58.400001525878906,59.52000045776367,57.93000030517578,58.88999938964844,43.6794319152832,7879700
2010-07-15,58.91999816894531,58.91999816894531,57.41999816894531,58.66999816894531,43.51626968383789,11485800
2010-07-16,58.5,58.5099983215332,56.599998474121094,56.68000030517578,42.04026412963867,17111800
2010-07-19,57.77000045776367,59.68000030517578,57.34000015258789,59.150001525878906,43.87229537963867,14266600
2010-07-20,58.4900016784668,61.33000183105469,58.02000045776367,61.040000915527344,45.27412033081055,13817800
2010-07-21,61.25,61.5,58.90999984741211,59.59000015258789,44.19863510131836,12534900
2010-07-22,60.5,61.869998931884766,60.27000045776367,61.29999923706055,45.46696853637695,12752300
2010-07-23,59.08000183105469,60.0,58.20000076293945,59.349998474121094,44.02062225341797,18903000
2010-07-26,59.650001525878906,59.650001525878906,57.84000015258789,58.849998474121094,43.6497688293457,9594800
2010-07-27,59.25,59.25,57.58000183105469,58.93000030517578,43.7091064453125,13798400
2010-07-28,58.91999816894531,60.06999969482422,58.61000061035156,59.72999954223633,44.302467346191406,10541400
2010-07-29,60.150001525878906,60.97999954223633,58.709999084472656,59.810001373291016,44.36181640625,10262400
2010-07-30,58.90999984741211,60.0,58.720001220703125,59.65999984741211,44.25055694580078,8901600
2010-08-02,60.959999084472656,63.369998931884766,60.88999938964844,62.7400016784668,46.53504180908203,15300200
2010-08-03,61.84000015258789,63.369998931884766,61.84000015258789,62.86000061035156,46.62403106689453,11709800
2010-08-04,62.869998931884766,63.720001220703125,62.349998474121094,62.91999816894531,46.66852951049805,8673400
2010-08-05,62.630001068115234,63.279998779296875,61.939998626708984,63.2599983215332,46.92073059082031,5842000
2010-08-06,62.7599983215332,63.290000915527344,61.43000030517578,62.34000015258789,46.238338470458984,7151800
2010-08-09,62.84000015258789,63.189998626708984,62.439998626708984,62.75,46.54243850708008,4657700
2010-08-10,61.900001525878906,62.529998779296875,61.15999984741211,62.150001525878906,46.097415924072266,6889400
2010-08-11,60.97999954223633,61.08000183105469,59.630001068115234,60.060001373291016,44.5472526550293,9892000
2010-08-12,58.72999954223633,59.88999938964844,58.630001068115234,59.29999923706055,43.98354721069336,7802900
2010-08-13,59.0,59.84000015258789,58.720001220703125,58.7599983215332,43.58300018310547,5605500
2010-08-16,58.5099983215332,59.83000183105469,58.400001525878906,59.369998931884766,44.035465240478516,5973300
2010-08-17,60.0,60.9900016784668,59.63999938964844,60.310001373291016,44.73265838623047,5836800
2010-08-18,60.06999969482422,60.16999816894531,58.720001220703125,59.18000030517578,43.894527435302734,8503600
2010-08-19,59.04999923706055,59.150001525878906,57.369998931884766,57.81999969482422,42.88581085205078,8520200
2010-08-20,57.150001525878906,57.43000030517578,55.81999969482422,56.459999084472656,41.87708282470703,9342100
2010-08-23,55.630001068115234,56.72999954223633,55.5,55.81999969482422,41.40237045288086,10497100
2010-08-24,54.86000061035156,56.36000061035156,54.66999816894531,54.77000045776367,40.62358093261719,15218100
2010-08-25,54.709999084472656,54.91999816894531,53.95000076293945,54.689998626708984,40.56425094604492,9070900
2010-08-26,55.189998626708984,55.41999816894531,53.41999816894531,53.459999084472656,39.651939392089844,13380200
2010-08-27,53.91999816894531,55.939998626708984,53.439998626708984,55.7599983215332,41.357887268066406,12558600
2010-08-30,55.61000061035156,55.91999816894531,54.099998474121094,54.16999816894531,40.330448150634766,9392600
2010-08-31,53.90999984741211,54.0099983215332,52.90999984741211,53.33000183105469,39.70505142211914,13104300
2010-09-01,54.099998474121094,55.40999984741211,53.900001525878906,55.18000030517578,41.082393646240234,11269600
2010-09-02,55.529998779296875,56.470001220703125,55.08000183105469,56.41999816894531,42.005619049072266,8583300
2010-09-03,57.16999816894531,57.900001525878906,56.790000915527344,57.369998931884766,42.7129020690918,9442800
2010-09-07,57.43000030517578,57.5099983215332,56.61000061035156,57.130001068115234,42.53419876098633,9281700
2010-09-08,57.279998779296875,58.900001525878906,57.130001068115234,58.34000015258789,43.43507385253906,8950300
2010-09-09,59.150001525878906,59.380001068115234,58.36000061035156,58.529998779296875,43.576541900634766,7350100
2010-09-10,59.13999938964844,59.779998779296875,58.7400016784668,59.310001373291016,44.15725326538086,7791700
2010-09-13,59.93000030517578,60.45000076293945,59.720001220703125,60.150001525878906,44.78266525268555,7280700
2010-09-14,59.97999954223633,59.9900016784668,58.040000915527344,58.849998474121094,43.81478500366211,13382300
2010-09-15,58.52000045776367,59.43000030517578,57.279998779296875,58.189998626708984,43.323402404785156,15781100
2010-09-16,58.0,58.54999923706055,57.70000076293945,58.18000030517578,43.31595993041992,6871700
2010-09-17,58.66999816894531,58.869998931884766,58.09000015258789,58.099998474121094,43.25639343261719,9750100
2010-09-20,58.209999084472656,59.130001068115234,57.77000045776367,58.84000015258789,43.80733871459961,9372100
2010-09-21,58.849998474121094,59.810001373291016,58.65999984741211,59.290000915527344,44.142364501953125,8339000
2010-09-22,59.400001525878906,59.93000030517578,58.790000915527344,58.97999954223633,43.911563873291016,6702000
2010-09-23,58.11000061035156,58.84000015258789,57.79999923706055,58.11000061035156,43.263851165771484,8540000
2010-09-24,59.119998931884766,61.060001373291016,58.90999984741211,60.63999938964844,45.1474723815918,9836300
2010-09-27,61.029998779296875,61.06999969482422,59.66999816894531,59.86000061035156,44.56674575805664,7828500
2010-09-28,59.970001220703125,60.439998626708984,59.38999938964844,60.290000915527344,44.886878967285156,8281600
2010-09-29,60.369998931884766,62.16999816894531,60.11000061035156,61.52000045776367,45.80263900756836,9778600
2010-09-30,62.209999084472656,62.959999084472656,61.290000915527344,61.61000061035156,45.86964797973633,10171200
2010-10-01,62.369998931884766,62.849998474121094,61.79999923706055,62.43000030517578,46.48015594482422,8841500
2010-10-04,62.279998779296875,63.0,60.56999969482422,61.20000076293945,45.56439971923828,7277500
2010-10-05,62.13999938964844,63.20000076293945,61.869998931884766,62.959999084472656,46.8747444152832,9926500
2010-10-06,62.810001373291016,63.91999816894531,62.72999954223633,63.130001068115234,47.001304626464844,8339500
2010-10-07,63.68000030517578,63.68000030517578,62.41999816894531,62.9900016784668,46.8970832824707,7831300
2010-10-08,62.7400016784668,63.790000915527344,61.599998474121094,63.560001373291016,47.32145690917969,8344400
2010-10-11,63.38999938964844,64.08999633789062,62.869998931884766,63.5,47.276771545410156,5621700
2010-10-12,63.15999984741211,63.22999954223633,61.970001220703125,62.65999984741211,46.65138244628906,12047900
2010-10-13,63.4900016784668,64.9800033569336,63.2599983215332,64.62000274658203,48.11063766479492,10551300
2010-10-14,64.7300033569336,64.9800033569336,63.70000076293945,64.26000213623047,47.84261703491211,8009000
2010-10-15,64.70999908447266,64.87999725341797,63.52000045776367,64.5,48.02129364013672,11585900
2010-10-18,63.900001525878906,65.66000366210938,63.529998779296875,64.51000213623047,48.028743743896484,8083000
2010-10-19,63.619998931884766,63.880001068115234,62.36000061035156,63.13999938964844,47.008750915527344,13664200
2010-10-20,63.439998626708984,64.75,63.11000061035156,64.29000091552734,47.86494064331055,8642700
2010-10-21,64.5,64.94999694824219,63.5,64.30999755859375,47.87982940673828,10354600
2010-10-22,66.06999969482422,68.19999694824219,66.01000213623047,67.7699966430664,50.455867767333984,14852800
2010-10-25,68.52999877929688,69.91000366210938,68.48999786376953,68.52999877929688,51.021697998046875,12847200
2010-10-26,68.44000244140625,69.58999633789062,68.20999908447266,69.11000061035156,51.453514099121094,9675000
2010-10-27,68.23999786376953,69.3499984741211,67.5999984741211,69.23999786376953,51.55030059814453,7859900
2010-10-28,69.58999633789062,69.9800033569336,68.54000091552734,69.77999877929688,51.95234680175781,14198400
2010-10-29,69.48999786376953,70.2300033569336,69.02999877929688,69.88999938964844,52.034244537353516,12555700
2010-11-01,70.44000244140625,70.45999908447266,69.54000091552734,70.16999816894531,52.24271011352539,12298100
2010-11-02,70.87000274658203,72.08000183105469,70.61000061035156,71.47000122070312,53.210567474365234,9437600
2010-11-03,71.69999694824219,72.20999908447266,70.94999694824219,72.20999908447266,53.76153564453125,9473200
2010-11-04,73.83999633789062,75.83999633789062,73.63999938964844,75.80000305175781,56.434326171875,14364800
2010-11-05,75.44999694824219,76.33000183105469,74.66000366210938,75.66000366210938,56.33009338378906,11414200
2010-11-08,75.38999938964844,75.66000366210938,74.23999786376953,74.83999633789062,55.71959686279297,10578800
2010-11-09,75.0999984741211,76.30000305175781,73.5,73.91999816894531,55.034637451171875,11238400
2010-11-10,73.83000183105469,74.76000213623047,73.2300033569336,74.6500015258789,55.57813262939453,11753900
2010-11-11,73.98999786376953,75.13999938964844,73.5199966430664,75.0199966430664,55.85361099243164,9052300
2010-11-12,73.58999633789062,74.9000015258789,73.23999786376953,74.11000061035156,55.17609405517578,11112500
2010-11-15,74.30999755859375,74.77999877929688,73.80000305175781,74.30000305175781,55.31755065917969,8442000
2010-11-16,72.94999694824219,74.31999969482422,72.5,73.18000030517578,54.48368453979492,12451900
2010-11-17,72.73999786376953,74.7699966430664,72.58000183105469,74.4000015258789,55.39201736450195,9636900
2010-11-18,75.18000030517578,75.9800033569336,75.0,75.5,56.21099090576172,9381300
2010-11-19,75.48999786376953,76.47000122070312,74.27999877929688,76.43000030517578,56.903377532958984,7682000
2010-11-22,75.9000015258789,76.4000015258789,74.62999725341797,76.4000015258789,56.88106155395508,8319400
2010-11-23,75.41999816894531,75.4800033569336,73.83000183105469,75.44000244140625,56.166282653808594,9621500
2010-11-24,75.73999786376953,77.19999694824219,75.69999694824219,77.1500015258789,57.43942642211914,6859600
2010-11-26,76.12999725341797,77.3499984741211,75.9800033569336,75.9800033569336,56.568336486816406,2771200
2010-11-29,75.9000015258789,77.16000366210938,75.05999755859375,77.0,57.486629486083984,8594800
2010-11-30,75.44000244140625,77.79000091552734,74.7300033569336,77.33999633789062,57.740478515625,11115700
2010-12-01,78.30000305175781,81.19999694824219,78.30000305175781,80.8499984741211,60.36096954345703,11990000
2010-12-02,80.55999755859375,81.12000274658203,80.27999877929688,80.73999786376953,60.27882766723633,7863000
2010-12-03,79.66999816894531,83.0,79.66999816894531,82.73999786376953,61.771995544433594,10792400
2010-12-06,82.73999786376953,83.20999908447266,81.30000305175781,82.86000061035156,61.86159133911133,6948200
2010-12-07,83.88999938964844,84.11000061035156,80.72000122070312,81.0,60.47297286987305,9649600
2010-12-08,81.18000030517578,81.83999633789062,80.30000305175781,80.9000015258789,60.39829635620117,7405100
2010-12-09,82.02999877929688,82.41999816894531,80.51000213623047,81.23999786376953,60.65214157104492,5713500
2010-12-10,81.0199966430664,81.83999633789062,80.91999816894531,81.54000091552734,60.876102447509766,5861900
2010-12-13,82.30999755859375,83.8499984741211,82.19999694824219,82.43000030517578,61.54057312011719,8058000
2010-12-14,82.43000030517578,82.58999633789062,81.01000213623047,81.33000183105469,60.719329833984375,7112600
2010-12-15,80.5999984741211,81.77999877929688,80.55000305175781,80.72000122070312,60.26390838623047,6427800
2010-12-16,80.58000183105469,81.18000030517578,79.70999908447266,81.12999725341797,60.57002258300781,6678700
2010-12-17,81.01000213623047,81.69000244140625,80.70999908447266,81.33999633789062,60.72678756713867,7632400
2010-12-20,81.54000091552734,82.4000015258789,81.38999938964844,82.18000030517578,61.35392761230469,5902200
2010-12-21,82.31999969482422,82.7300033569336,81.73999786376953,82.44000244140625,61.54804229736328,5391200
2010-12-22,82.77999877929688,83.16000366210938,82.2300033569336,82.80999755859375,61.82425308227539,4041700
2010-12-23,82.55000305175781,83.0,82.25,82.5199966430664,61.60776138305664,3738300
2010-12-27,81.8499984741211,82.63999938964844,81.69999694824219,82.41999816894531,61.533111572265625,2858000
2010-12-28,82.19000244140625,82.94000244140625,82.19000244140625,82.20999908447266,61.376304626464844,2753100
2010-12-29,82.2699966430664,84.0,82.2699966430664,83.62999725341797,62.43644714355469,4512500
2010-12-30,83.70999908447266,84.0,82.83000183105469,83.36000061035156,62.2348747253418,3297200
2010-12-31,83.31999969482422,83.81999969482422,83.0,83.5,62.33941650390625,3385000
2011-01-03,84.0,84.55000305175781,83.37000274658203,83.6500015258789,62.451377868652344,5429100
2011-01-04,83.80999755859375,84.2300033569336,80.6500015258789,81.62999725341797,60.94331741333008,8640400
2011-01-05,80.94000244140625,82.69999694824219,80.5999984741211,82.58999633789062,61.65999984741211,6215800
2011-01-06,82.5999984741211,82.68000030517578,79.73999786376953,80.52999877929688,60.122066497802734,8257200
2011-01-07,80.55999755859375,82.25,80.29000091552734,81.55999755859375,60.89103698730469,6604800
2011-01-10,80.93000030517578,81.47000122070312,80.16999816894531,80.68000030517578,60.23405456542969,6480600
2011-01-11,81.41000366210938,82.45999908447266,81.38999938964844,82.26000213623047,61.41364288330078,6606700
2011-01-12,82.93000030517578,84.48999786376953,82.87999725341797,84.44999694824219,63.048648834228516,6797800
2011-01-13,84.30000305175781,85.30000305175781,83.9000015258789,84.5999984741211,63.16066360473633,7352900
2011-01-14,84.58000183105469,86.95999908447266,84.11000061035156,86.91000366210938,64.88522338867188,8400900
2011-01-18,86.58999633789062,86.9000015258789,85.94000244140625,86.76000213623047,64.77324676513672,7381700
2011-01-19,87.08000183105469,87.69999694824219,85.77999877929688,86.26000213623047,64.39994812011719,11819700
2011-01-20,84.58999633789062,85.33000183105469,82.44000244140625,85.27999877929688,63.66831588745117,11931900
2011-01-21,87.4000015258789,87.55999755859375,82.83999633789062,83.4800033569336,62.32448959350586,19141800
2011-01-24,84.0,84.76000213623047,82.0,84.25,62.89933395385742,9926200
2011-01-25,84.26000213623047,84.54000091552734,82.2300033569336,83.25,62.152767181396484,9155200
2011-01-26,83.98999786376953,87.75,83.83000183105469,87.44999694824219,65.28838348388672,10597600
2011-01-27,87.3499984741211,87.87000274658203,85.51000213623047,85.9800033569336,64.19093322753906,9216100
2011-01-28,87.4000015258789,87.48999786376953,85.70999908447266,86.66999816894531,64.7060546875,8792000
2011-01-31,86.41000366210938,89.0,86.11000061035156,88.98999786376953,66.43814086914062,8150600
2011-02-01,89.4800033569336,90.41999816894531,88.9000015258789,89.63999938964844,66.92341613769531,10033100
2011-02-02,89.44000244140625,89.80999755859375,88.43000030517578,89.08000183105469,66.50533294677734,5519300
2011-02-03,89.4000015258789,89.54000091552734,87.72000122070312,89.43000030517578,66.7666244506836,5515400
2011-02-04,89.58999633789062,89.97000122070312,88.16000366210938,89.33000183105469,66.69196319580078,6035400
2011-02-07,89.62000274658203,91.23999786376953,89.0999984741211,89.83000183105469,67.06524658203125,6746200
2011-02-08,89.37000274658203,89.69000244140625,87.5999984741211,89.05999755859375,66.49038696289062,6173300
2011-02-09,88.38999938964844,89.63999938964844,87.25,88.48999786376953,66.06483459472656,6166100
2011-02-10,88.58999633789062,90.69999694824219,88.30000305175781,90.62999725341797,67.66251373291016,6874100
2011-02-11,89.98999786376953,91.61000061035156,89.6500015258789,90.37000274658203,67.46842956542969,5893400
2011-02-14,90.20999908447266,92.33999633789062,90.20999908447266,92.23999786376953,69.0555419921875,5718600
2011-02-15,92.08999633789062,92.66000366210938,91.1500015258789,92.33999633789062,69.13040924072266,7363000
2011-02-16,92.36000061035156,94.5,91.77999877929688,94.01000213623047,70.38066101074219,8895100
2011-02-17,92.45999908447266,94.91999816894531,92.45999908447266,94.37000274658203,70.6501693725586,6732700
2011-02-18,94.75,95.1500015258789,93.6500015258789,95.04000091552734,71.15174865722656,8260700
2011-02-22,95.0,95.63999938964844,91.41000366210938,92.91000366210938,69.55716705322266,13636900
2011-02-23,92.19999694824219,94.61000061035156,92.02999877929688,92.9000015258789,69.54967498779297,10386900
2011-02-24,91.8499984741211,92.61000061035156,89.5199966430664,89.6500015258789,67.11651611328125,11831400
2011-02-25,90.62999725341797,92.9800033569336,90.25,92.8499984741211,69.5122299194336,8013200
2011-02-28,93.12999725341797,93.61000061035156,91.81999969482422,93.41999816894531,69.93897247314453,8325600
2011-03-01,94.48999786376953,95.0,91.4000015258789,91.5,68.50154876708984,9201700
2011-03-02,90.86000061035156,91.43000030517578,89.5199966430664,90.98999786376953,68.11972045898438,9360200
2011-03-03,92.3499984741211,93.01000213623047,91.52999877929688,92.8499984741211,69.5122299194336,7650200
2011-03-04,92.63999938964844,92.9800033569336,90.44999694824219,91.4000015258789,68.4266586303711,6040500
2011-03-07,91.77999877929688,92.33000183105469,89.91999816894531,90.25,67.56574249267578,6867200
2011-03-08,91.30000305175781,91.36000061035156,89.52999877929688,89.8499984741211,67.26627349853516,5960800
2011-03-09,89.43000030517578,89.9800033569336,88.02999877929688,88.55000305175781,66.29303741455078,7590600
2011-03-10,86.62000274658203,86.9000015258789,84.38999938964844,84.61000061035156,63.34334945678711,13749600
2011-03-11,83.66999816894531,86.87999725341797,83.6500015258789,86.23999786376953,64.56365203857422,8581000
2011-03-14,85.37000274658203,85.80999755859375,83.63999938964844,85.36000061035156,63.90482711791992,11384400
2011-03-15,82.1500015258789,85.48999786376953,82.06999969482422,84.80000305175781,63.485599517822266,8797200
2011-03-16,84.06999969482422,84.86000061035156,81.93000030517578,83.0999984741211,62.2128791809082,13268400
2011-03-17,84.80999755859375,87.5,84.12000274658203,87.05000305175781,65.1700439453125,11245500
2011-03-18,87.76000213623047,88.1500015258789,85.31999969482422,85.93000030517578,64.33155059814453,11632900
2011-03-21,87.13999938964844,89.73999786376953,87.13999938964844,89.7300033569336,67.17642211914062,8190700
2011-03-22,89.31999969482422,89.7300033569336,88.2699966430664,88.7699966430664,66.45771789550781,6441200
2011-03-23,88.72000122070312,89.0199966430664,87.62999725341797,88.5,66.25559997558594,4816900
2011-03-24,88.86000061035156,88.98999786376953,86.70999908447266,88.0999984741211,65.95613098144531,6523300
2011-03-25,87.7300033569336,87.91999816894531,86.37999725341797,86.88999938964844,65.05026245117188,10845300
2011-03-28,86.5199966430664,91.3499984741211,86.2699966430664,90.43000030517578,67.70049285888672,15765500
2011-03-29,90.75,94.69000244140625,90.16000366210938,94.36000061035156,70.6427001953125,13461600
2011-03-30,94.83000183105469,94.83000183105469,92.5199966430664,93.6500015258789,70.11114501953125,8207800
2011-03-31,94.26000213623047,95.29000091552734,93.1500015258789,93.26000213623047,69.81916046142578,7492400
2011-04-01,94.0999984741211,95.0,93.22000122070312,93.69999694824219,70.14856719970703,5993200
2011-04-04,94.33000183105469,94.86000061035156,92.63999938964844,92.7699966430664,69.45233154296875,6643100
2011-04-05,92.58999633789062,94.18000030517578,92.38999938964844,92.87000274658203,69.5271987915039,7527900
2011-04-06,93.61000061035156,93.9000015258789,90.88999938964844,91.94000244140625,68.83097839355469,7262400
2011-04-07,92.13999938964844,92.4000015258789,90.70999908447266,91.62000274658203,68.5914077758789,6255200
2011-04-08,92.69999694824219,92.76000213623047,90.41000366210938,90.8499984741211,68.0149154663086,7803400
2011-04-11,90.9800033569336,91.87999725341797,88.4000015258789,88.80000305175781,66.4802017211914,8314700
2011-04-12,87.79000091552734,88.18000030517578,85.55000305175781,86.23999786376953,64.56365203857422,10670700
2011-04-13,86.86000061035156,87.27999877929688,85.6500015258789,85.79000091552734,64.22675323486328,7479400
2011-04-14,85.13999938964844,86.3499984741211,84.72000122070312,86.0199966430664,64.3989486694336,6720200
2011-04-15,86.69999694824219,87.18000030517578,85.19000244140625,86.66000366210938,64.8780746459961,8173300
2011-04-18,85.11000061035156,85.4000015258789,83.5999984741211,84.75,63.44818115234375,9273900
2011-04-19,84.63999938964844,86.25,84.45999908447266,86.12999725341797,64.48126220703125,8700100
2011-04-20,87.62000274658203,88.08000183105469,87.0999984741211,87.88999938964844,65.79891204833984,8503200
2011-04-21,89.41000366210938,91.16000366210938,88.97000122070312,89.77999877929688,67.21388244628906,10957100
2011-04-25,89.55999755859375,89.77999877929688,87.5999984741211,88.05000305175781,65.91871643066406,5486000
2011-04-26,88.19000244140625,89.73999786376953,88.0199966430664,89.47000122070312,66.9817886352539,5999300
2011-04-27,89.83999633789062,90.12999725341797,87.33000183105469,89.37999725341797,66.91441345214844,7656300
2011-04-28,88.0999984741211,89.73999786376953,87.95999908447266,89.11000061035156,66.71226501464844,4793000
2011-04-29,88.80999755859375,90.0,87.94999694824219,89.75,67.19139862060547,6900000
2011-05-02,89.94000244140625,90.91999816894531,86.9000015258789,87.79000091552734,65.72405242919922,8564400
2011-05-03,87.20999908447266,87.93000030517578,85.19000244140625,85.8499984741211,64.27166748046875,8361200
2011-05-04,85.88999938964844,85.88999938964844,83.80999755859375,84.79000091552734,63.47809982299805,8643300
2011-05-05,83.01000213623047,85.4000015258789,81.73999786376953,82.83999633789062,62.01823425292969,13356100
2011-05-06,84.08999633789062,85.12999725341797,81.95999908447266,82.66000366210938,61.88349151611328,10724200
2011-05-09,83.4000015258789,84.02999877929688,82.66999816894531,83.58999633789062,62.5797233581543,8670500
2011-05-10,84.02999877929688,85.23999786376953,83.4800033569336,84.48999786376953,63.25349807739258,7293700
2011-05-11,84.2699966430664,84.2699966430664,80.83000183105469,82.25,61.57650375366211,12673300
2011-05-12,82.19000244140625,84.06999969482422,81.33000183105469,83.5199966430664,62.52729797363281,13427300
2011-05-13,83.68000030517578,84.25,81.72000122070312,82.70999908447266,61.92092514038086,10234500
2011-05-16,82.19999694824219,83.66000366210938,81.8499984741211,82.19000244140625,61.5316047668457,9597500
2011-05-17,81.41000366210938,82.66000366210938,80.8499984741211,82.05999755859375,61.434268951416016,11787500
2011-05-18,82.48999786376953,84.41000366210938,82.25,83.75,62.69950485229492,8621700
2011-05-19,84.1500015258789,84.5999984741211,82.8499984741211,83.58000183105469,62.57221221923828,7768000
2011-05-20,83.33000183105469,84.31999969482422,82.30000305175781,83.5,62.51236343383789,8242200
2011-05-23,81.86000061035156,82.41999816894531,81.37999725341797,82.08000183105469,61.449256896972656,6315800
2011-05-24,82.81999969482422,84.5199966430664,82.81999969482422,83.27999877929688,62.34764099121094,9057800
2011-05-25,82.77999877929688,84.7699966430664,82.77999877929688,84.08999633789062,62.95402908325195,10897200
2011-05-26,84.0,85.43000030517578,83.8499984741211,85.19000244140625,63.77754592895508,6455100
2011-05-27,85.48999786376953,86.4800033569336,84.55999755859375,84.70999908447266,63.604881286621094,6360900
2011-05-31,86.06999969482422,86.33999633789062,84.83999633789062,85.72000122070312,64.36322784423828,7380300
2011-06-01,85.7300033569336,86.13999938964844,82.86000061035156,83.19000244140625,62.46357727050781,8074900
2011-06-02,83.30999755859375,84.75,82.9000015258789,84.29000091552734,63.28949737548828,8082900
2011-06-03,82.87000274658203,86.1500015258789,82.66999816894531,85.04000091552734,63.85261535644531,8344200
2011-06-06,85.22000122070312,85.4800033569336,82.80999755859375,83.05999755859375,62.36595916748047,7455400
2011-06-07,84.20999908447266,84.58999633789062,82.83999633789062,82.87999725341797,62.230796813964844,5975300
2011-06-08,82.9000015258789,84.58999633789062,82.88999938964844,83.7300033569336,62.869014739990234,7472100
2011-06-09,84.18000030517578,86.5199966430664,84.11000061035156,85.83999633789062,64.45333099365234,8700500
2011-06-10,85.19999694824219,85.5199966430664,83.56999969482422,83.66000366210938,62.81646728515625,7328400
2011-06-13,83.7699966430664,84.48999786376953,81.66000366210938,82.69999694824219,62.095664978027344,7053100
2011-06-14,84.25,85.1500015258789,83.94999694824219,84.5,63.447200775146484,7476300
2011-06-15,83.54000091552734,85.23999786376953,82.04000091552734,82.66000366210938,62.06559371948242,8695300
2011-06-16,82.76000213623047,83.41000366210938,81.4000015258789,82.25,61.757755279541016,8468400
2011-06-17,82.94000244140625,82.94000244140625,81.33000183105469,81.79000091552734,61.4123649597168,7916800
2011-06-20,81.37000274658203,82.7300033569336,80.91000366210938,82.12999725341797,61.66766357421875,6434600
2011-06-21,82.4800033569336,84.18000030517578,82.37999725341797,83.5,62.69632339477539,6475900
2011-06-22,83.08999633789062,84.79000091552734,82.88999938964844,83.58000183105469,62.75640869140625,6003000
2011-06-23,81.04000091552734,83.20999908447266,80.25,83.06999969482422,62.37345504760742,10391400
2011-06-24,83.12000274658203,83.19999694824219,80.63999938964844,80.91999816894531,60.75914001464844,9958000
2011-06-27,80.30999755859375,81.2699966430664,79.55000305175781,80.63999938964844,60.54888916015625,8411700
2011-06-28,81.4800033569336,84.61000061035156,81.36000061035156,84.3499984741211,63.33455276489258,11133500
2011-06-29,84.81999969482422,86.4000015258789,84.0,85.20999908447266,63.98030090332031,9570300
2011-06-30,85.5,86.79000091552734,85.5,86.4000015258789,64.87382507324219,8670400
2011-07-01,85.88999938964844,87.73999786376953,85.25,87.5999984741211,65.77484130859375,7299600
2011-07-05,87.37000274658203,88.7300033569336,87.1500015258789,88.3499984741211,66.33798217773438,6140700
2011-07-06,88.5,89.2699966430664,87.8499984741211,89.11000061035156,66.90863037109375,6884100
2011-07-07,89.98999786376953,90.88999938964844,89.30000305175781,90.4000015258789,67.8772201538086,8340400
2011-07-08,88.37999725341797,90.29000091552734,88.22000122070312,89.95999908447266,67.54684448242188,6410600
2011-07-11,88.13999938964844,88.9000015258789,87.45999908447266,88.06999969482422,66.12774658203125,6201900
2011-07-12,87.38999938964844,87.97000122070312,86.68000030517578,86.83999633789062,65.20419311523438,8460000
2011-07-13,86.73999786376953,88.6500015258789,86.54000091552734,87.0,65.32431030273438,7116900
2011-07-14,87.2300033569336,87.62999725341797,85.76000213623047,85.91999816894531,64.51337432861328,6905000
2011-07-15,86.63999938964844,88.19999694824219,86.47000122070312,87.98999786376953,66.0676498413086,8109800
2011-07-18,88.04000091552734,88.04000091552734,86.69999694824219,87.20999908447266,65.48199462890625,7884600
2011-07-19,88.13999938964844,88.98999786376953,87.66000366210938,88.69999694824219,66.60079193115234,6959500
2011-07-20,89.55000305175781,89.55000305175781,88.11000061035156,88.41000366210938,66.38301849365234,6259200
2011-07-21,88.9800033569336,91.0199966430664,88.97000122070312,90.95999908447266,68.29771423339844,11176300
2011-07-22,93.16999816894531,94.44000244140625,92.25,93.80999755859375,70.4376449584961,15458500
2011-07-25,92.75,95.52999877929688,92.70999908447266,94.69999694824219,71.10588836669922,10266700
2011-07-26,94.54000091552734,94.95999908447266,93.66000366210938,93.93000030517578,70.5277328491211,8456400
2011-07-27,93.12000274658203,93.79000091552734,91.3499984741211,91.68000030517578,68.83832550048828,8745000
2011-07-28,91.5199966430664,92.7300033569336,91.36000061035156,91.4000015258789,68.62806701660156,6977200
2011-07-29,90.04000091552734,91.54000091552734,89.80000305175781,90.37000274658203,67.85472869873047,9173600
2011-08-01,91.86000061035156,92.22000122070312,89.19000244140625,90.20999908447266,67.73455047607422,8591900
2011-08-02,89.20999908447266,90.9000015258789,87.52999877929688,87.62000274658203,65.78984832763672,10362700
2011-08-03,87.5,87.66000366210938,84.31999969482422,87.19000244140625,65.46698760986328,11528200
2011-08-04,85.27999877929688,85.54000091552734,80.61000061035156,80.79000091552734,60.661529541015625,19612600
2011-08-05,82.5,82.8499984741211,77.23999786376953,80.87999725341797,60.72906494140625,18744400
2011-08-08,77.2699966430664,79.33999633789062,73.11000061035156,73.66999816894531,55.315425872802734,20292300
2011-08-09,75.55999755859375,77.77999877929688,72.81999969482422,77.62999725341797,58.28879928588867,22079400
2011-08-10,77.5999984741211,78.0,73.4800033569336,73.80999755859375,55.42054748535156,18124000
2011-08-11,74.91000366210938,78.80000305175781,72.80000305175781,77.52999877929688,58.21372985839844,17316300
2011-08-12,78.80999755859375,79.08000183105469,77.01000213623047,77.98999786376953,58.559139251708984,8806700
2011-08-15,78.91000366210938,80.63999938964844,78.87999725341797,80.06999969482422,60.12092590332031,9052400
2011-08-16,79.08999633789062,80.26000213623047,77.69000244140625,78.62999725341797,59.039669036865234,9372400
2011-08-17,80.19000244140625,81.33000183105469,78.9000015258789,79.5199966430664,59.70792770385742,9077100
2011-08-18,76.5,77.2699966430664,73.45999908447266,74.41000366210938,55.8710823059082,14628500
2011-08-19,73.0,75.66000366210938,72.36000061035156,73.12000274658203,54.9024772644043,13280700
2011-08-22,75.37999725341797,75.48999786376953,72.26000213623047,72.48999786376953,54.42942810058594,8761400
2011-08-23,72.95999908447266,76.16999816894531,72.12999725341797,76.12999725341797,57.162532806396484,8675000
2011-08-24,75.80000305175781,76.4000015258789,74.3499984741211,76.2300033569336,57.23762893676758,8635200
2011-08-25,76.69999694824219,77.2300033569336,72.7699966430664,73.11000061035156,54.894954681396484,11468400
2011-08-26,73.05000305175781,75.41000366210938,72.0999984741211,74.83999633789062,56.19390869140625,12202500
2011-08-29,76.41000366210938,77.37000274658203,75.54000091552734,77.25,58.00347900390625,7015200
2011-08-30,76.79000091552734,78.0199966430664,75.69000244140625,77.33000183105469,58.25208282470703,10297600
2011-08-31,77.91000366210938,79.29000091552734,77.44000244140625,78.12000274658203,58.84718704223633,11718800
2011-09-01,78.19000244140625,79.54000091552734,76.41999816894531,76.5,57.626853942871094,11194400
2011-09-02,74.51000213623047,75.3499984741211,73.37000274658203,74.41999816894531,56.05998229980469,8994800
2011-09-06,71.94999694824219,74.5,71.3499984741211,74.31999969482422,55.98465347290039,10659700
2011-09-07,75.6500015258789,76.88999938964844,75.4000015258789,76.79000091552734,57.84529495239258,7942100
2011-09-08,75.3499984741211,76.73999786376953,75.12999725341797,75.47000122070312,56.850955963134766,10678300
2011-09-09,73.87000274658203,74.12000274658203,71.33000183105469,71.80000305175781,54.08638000488281,13356900
2011-09-12,70.79000091552734,72.41000366210938,69.94000244140625,72.37999725341797,54.52328109741211,11095200
2011-09-13,72.20999908447266,72.79000091552734,70.62000274658203,72.12999725341797,54.33496856689453,8844600
2011-09-14,72.69999694824219,73.88999938964844,70.33999633789062,72.93000030517578,54.93758773803711,10924600
2011-09-15,74.30999755859375,74.58999633789062,72.83999633789062,74.22000122070312,55.90932083129883,8775500
2011-09-16,74.94999694824219,75.25,72.16000366210938,72.83999633789062,54.869789123535156,11825500
2011-09-19,70.4000015258789,71.29000091552734,69.25,70.76000213623047,53.30295181274414,12894800
2011-09-20,71.36000061035156,71.44999694824219,69.27999877929688,69.29000091552734,52.195621490478516,13277500
2011-09-21,69.37999725341797,69.44999694824219,65.12000274658203,65.1500015258789,49.07697677612305,18360900
2011-09-22,62.540000915527344,63.20000076293945,59.880001068115234,61.220001220703125,46.116554260253906,24607300
2011-09-23,60.54999923706055,62.220001220703125,60.22999954223633,61.20000076293945,46.101470947265625,16739000
2011-09-26,61.77000045776367,63.38999938964844,58.77000045776367,63.27000045776367,47.660789489746094,19665100
2011-09-27,64.8499984741211,66.18000030517578,62.77000045776367,63.41999816894531,47.77378463745117,16527500
2011-09-28,63.59000015258789,63.95000076293945,60.099998474121094,60.33000183105469,45.44611358642578,12653300
2011-09-29,62.189998626708984,62.68000030517578,60.029998779296875,61.33000183105469,46.19941711425781,12355700
2011-09-30,60.0,61.25,59.380001068115234,59.72999954223633,44.9941291809082,14907900
2011-10-03,58.900001525878906,59.95000076293945,57.720001220703125,57.720001220703125,43.48000717163086,15979500
2011-10-04,56.119998931884766,59.31999969482422,54.790000915527344,59.11000061035156,44.52710723876953,20200000
2011-10-05,59.27000045776367,62.099998474121094,58.25,61.58000183105469,46.38772201538086,15234300
2011-10-06,62.5099983215332,64.25,61.02000045776367,63.88999938964844,48.12782669067383,14736600
2011-10-07,63.95000076293945,64.08000183105469,61.91999816894531,62.63999938964844,47.18621826171875,12001000
2011-10-10,64.61000061035156,66.08000183105469,64.61000061035156,65.79000091552734,49.55908203125,10357300
2011-10-11,65.45999908447266,68.04000091552734,65.25,66.81999969482422,50.33498001098633,14478800
2011-10-12,67.36000061035156,68.62000274658203,66.81999969482422,67.30999755859375,50.70408630371094,12050200
2011-10-13,67.0,67.58000183105469,65.73999786376953,67.19999694824219,50.62122344970703,10978500
2011-10-14,68.63999938964844,70.98999786376953,68.52999877929688,70.94000244140625,53.43853759765625,11507200
2011-10-17,69.73999786376953,69.93000030517578,67.16999816894531,67.5199966430664,50.862274169921875,12283400
2011-10-18,67.54000091552734,70.4000015258789,66.5999984741211,69.91000366210938,52.66263961791992,10030100
2011-10-19,69.83000183105469,70.93000030517578,67.7300033569336,67.9000015258789,51.14852523803711,10644500
2011-10-20,68.0,68.80999755859375,66.5,67.98999786376953,51.216331481933594,13141800
2011-10-21,68.63999938964844,69.27999877929688,66.5199966430664,67.37999725341797,50.756813049316406,21586000
2011-10-24,67.77999877929688,69.94999694824219,67.4000015258789,69.87999725341797,52.64004135131836,11199000
2011-10-25,70.31999969482422,70.5199966430664,67.77999877929688,68.02999877929688,51.2464599609375,11877600
2011-10-26,69.33999633789062,70.33999633789062,67.30999755859375,69.83999633789062,52.60991287231445,11804900
2011-10-27,72.76000213623047,76.55999755859375,72.76000213623047,75.7699966430664,57.076927185058594,18198200
2011-10-28,74.94999694824219,76.93000030517578,74.63999938964844,75.95999908447266,57.220069885253906,10836500
2011-10-31,74.98999786376953,75.48999786376953,73.11000061035156,73.47000122070312,55.34438705444336,10499400
2011-11-01,69.80999755859375,72.43000030517578,69.0,71.12999725341797,53.5816535949707,15945300
2011-11-02,72.88999938964844,72.9800033569336,71.4000015258789,72.73999786376953,54.794464111328125,8187400
2011-11-03,73.80999755859375,76.19999694824219,73.12999725341797,75.93000030517578,57.197471618652344,11993400
2011-11-04,74.75,76.7300033569336,73.91999816894531,74.97000122070312,56.474308013916016,10631700
2011-11-07,75.0199966430664,76.47000122070312,73.97000122070312,75.33000183105469,56.74549102783203,6755300
2011-11-08,75.94000244140625,77.05000305175781,74.72000122070312,76.83000183105469,57.87543869018555,8863600
2011-11-09,74.4000015258789,74.69000244140625,72.86000061035156,73.08999633789062,55.05811309814453,12582300
2011-11-10,74.33999633789062,74.87999725341797,72.81999969482422,74.05000305175781,55.781280517578125,7601100
2011-11-11,75.22000122070312,77.1500015258789,74.37000274658203,76.54000091552734,57.65697479248047,8356900
2011-11-14,75.51000213623047,76.62999725341797,75.0,75.62000274658203,56.96396255493164,5961600
2011-11-15,75.30000305175781,76.62999725341797,74.51000213623047,75.97000122070312,57.22759246826172,7884700
2011-11-16,75.3499984741211,76.87000274658203,74.69000244140625,74.7699966430664,56.32365036010742,13264800
2011-11-17,74.68000030517578,74.97000122070312,70.88999938964844,71.70999908447266,54.01856994628906,12043200
2011-11-18,72.76000213623047,72.76000213623047,70.16000366210938,71.31999969482422,53.72477340698242,9627200
2011-11-21,69.94000244140625,70.6500015258789,68.6500015258789,70.18000030517578,52.86604309082031,8495000
2011-11-22,69.79000091552734,70.48999786376953,68.5999984741211,68.94999694824219,51.939491271972656,7931700
2011-11-23,67.94999694824219,68.36000061035156,66.18000030517578,66.5,50.09391403198242,9720700
2011-11-25,66.11000061035156,67.80999755859375,66.05999755859375,66.37000274658203,49.99599075317383,3545200
2011-11-28,68.48999786376953,69.87000274658203,68.44000244140625,69.22000122070312,52.14286804199219,8294100
2011-11-29,69.83999633789062,71.33000183105469,69.06999969482422,70.43000030517578,53.246673583984375,7446700
2011-11-30,73.18000030517578,75.5,73.04000091552734,75.33000183105469,56.95117950439453,12319400
2011-12-01,75.16000366210938,76.05000305175781,74.25,74.87000274658203,56.60342025756836,7541900
2011-12-02,75.9000015258789,76.72000122070312,74.83999633789062,75.01000213623047,56.709251403808594,7055000
2011-12-05,76.29000091552734,77.38999938964844,75.93000030517578,77.1500015258789,58.327144622802734,9641900
2011-12-06,76.86000061035156,77.6500015258789,75.93000030517578,76.6500015258789,57.94913864135742,7791800
2011-12-07,75.79000091552734,76.0999984741211,74.33999633789062,75.08999633789062,56.76973342895508,9843700
2011-12-08,74.23999786376953,75.3499984741211,71.6500015258789,71.94999694824219,54.39583969116211,12315900
2011-12-09,72.13999938964844,74.55999755859375,72.04000091552734,74.1500015258789,56.05907440185547,10490400
2011-12-12,72.8499984741211,72.98999786376953,70.58000183105469,71.91999816894531,54.373165130615234,9502600
2011-12-13,72.58000183105469,73.76000213623047,70.01000213623047,70.41000366210938,53.23154830932617,9908400
2011-12-14,69.18000030517578,69.51000213623047,66.81999969482422,67.0,50.65350341796875,13809700
2011-12-15,68.08000183105469,68.4800033569336,66.18000030517578,66.33000183105469,50.14699935913086,8450500
2011-12-16,67.12999725341797,67.94999694824219,65.80999755859375,66.91000366210938,50.58547592163086,11767900
2011-12-19,67.41999816894531,67.41999816894531,64.94999694824219,65.06999969482422,49.19438934326172,8046700
2011-12-20,66.69999694824219,68.58000183105469,66.69000244140625,68.16999816894531,51.53805923461914,8083800
2011-12-21,68.38999938964844,68.62000274658203,66.36000061035156,67.70999908447266,51.19029235839844,7831300
2011-12-22,68.4000015258789,68.4000015258789,66.72000122070312,67.93000030517578,51.35661697387695,8720600
2011-12-23,68.25,69.13999938964844,68.01000213623047,69.13999938964844,52.27141189575195,4506700
2011-12-27,69.05999755859375,69.55999755859375,68.5999984741211,68.5999984741211,51.863162994384766,4343600
2011-12-28,68.58999633789062,69.0,66.79000091552734,67.04000091552734,50.68376541137695,6324000
2011-12-29,67.06999969482422,67.73999786376953,67.0,67.41000366210938,50.963497161865234,4690200
2011-12-30,67.23999786376953,68.54000091552734,67.13999938964844,68.30999755859375,51.64389419555664,5536100
2012-01-03,70.4000015258789,70.88999938964844,69.5999984741211,70.08999633789062,52.9896354675293,7668200
2012-01-04,70.12999725341797,70.44000244140625,69.2300033569336,69.55999755859375,52.588932037353516,6568800
2012-01-05,68.9800033569336,69.06999969482422,67.13999938964844,68.06999969482422,51.462459564208984,10803500
2012-01-06,68.5,68.7300033569336,67.36000061035156,67.77999877929688,51.24321746826172,8985900
2012-01-09,68.2699966430664,68.95999908447266,67.87999725341797,68.81999969482422,52.029476165771484,5622500
2012-01-10,70.45999908447266,71.05999755859375,70.25,70.75,53.48859405517578,8984900
2012-01-11,70.58999633789062,70.5999984741211,69.41000366210938,70.16000366210938,53.042545318603516,7503800
2012-01-12,70.58000183105469,71.48999786376953,68.19000244140625,69.69999694824219,52.694759368896484,8774900
2012-01-13,69.01000213623047,69.1500015258789,67.72000122070312,67.98999786376953,51.401973724365234,9711900
2012-01-17,69.37000274658203,69.73999786376953,67.4000015258789,67.63999938964844,51.13737106323242,11758700
2012-01-18,67.13999938964844,70.66000366210938,67.12000274658203,70.62999725341797,53.39787673950195,13097000
2012-01-19,71.22000122070312,73.0,71.22000122070312,72.86000061035156,55.08380126953125,12785200
2012-01-20,73.80000305175781,75.75,72.5999984741211,73.80000305175781,55.794471740722656,18100200
2012-01-23,74.22000122070312,74.80000305175781,73.08999633789062,74.16000366210938,56.06662368774414,9017500
2012-01-24,73.16999816894531,74.58999633789062,72.87000274658203,74.58999633789062,56.3917121887207,7401800
2012-01-25,74.13999938964844,76.5199966430664,73.0999984741211,76.19000244140625,57.60136413574219,10427200
2012-01-26,77.04000091552734,77.75,75.80000305175781,75.9800033569336,57.44260025024414,7839900
2012-01-27,75.8499984741211,77.48999786376953,75.8499984741211,76.66000366210938,57.956687927246094,7239400
2012-01-30,75.47000122070312,76.27999877929688,74.44999694824219,76.2699966430664,57.6618537902832,6589600
2012-01-31,76.94999694824219,76.94999694824219,74.94999694824219,75.16999816894531,56.83022689819336,8976500
2012-02-01,76.3499984741211,77.1500015258789,75.11000061035156,76.12000274658203,57.54845428466797,7260900
2012-02-02,76.25,77.44999694824219,75.97000122070312,77.30999755859375,58.448097229003906,7418700
2012-02-03,78.30999755859375,78.69999694824219,77.70999908447266,78.66000366210938,59.46875,7382700
2012-02-06,78.19999694824219,79.73999786376953,77.75,79.63999938964844,60.20964431762695,5360600
2012-02-07,79.33999633789062,79.69000244140625,78.0,79.5,60.103782653808594,7552900
2012-02-08,79.81999969482422,79.87000274658203,77.97000122070312,78.41000366210938,59.27973556518555,6645200
2012-02-09,78.80999755859375,78.94000244140625,77.7300033569336,78.63999938964844,59.4536247253418,7370000
2012-02-10,77.69000244140625,78.04000091552734,76.62000274658203,77.16999816894531,58.342262268066406,7208800
2012-02-13,78.08999633789062,78.41000366210938,77.12000274658203,78.02999877929688,58.9924430847168,4708100
2012-02-14,77.70999908447266,77.9800033569336,76.94999694824219,77.80000305175781,58.81855010986328,4414500
2012-02-15,78.16000366210938,78.16999816894531,76.73999786376953,77.36000061035156,58.48591613769531,6178100
2012-02-16,77.12000274658203,78.29000091552734,76.5,78.05999755859375,59.015113830566406,10820000
2012-02-17,78.58000183105469,78.66999816894531,77.58000183105469,77.73999786376953,58.98100280761719,8603800
2012-02-21,78.93000030517578,79.7699966430664,78.26000213623047,78.58000183105469,59.61827850341797,8227200
2012-02-22,78.55000305175781,80.77999877929688,78.55000305175781,80.0,60.695621490478516,8156000
2012-02-23,80.4000015258789,80.4000015258789,78.55999755859375,79.58999633789062,60.384559631347656,7399100
2012-02-24,80.0999984741211,80.5,79.5999984741211,79.8499984741211,60.58183670043945,5083900
2012-02-27,79.22000122070312,79.66999816894531,78.05000305175781,79.11000061035156,60.020381927490234,5594400
2012-02-28,79.0999984741211,79.54000091552734,78.22000122070312,78.77999877929688,59.770015716552734,6347500
2012-02-29,78.80999755859375,79.41999816894531,77.4000015258789,77.61000061035156,58.88235855102539,8363200
2012-03-01,78.13999938964844,78.88999938964844,77.4000015258789,78.37000274658203,59.458988189697266,6116700
2012-03-02,78.0,78.31999969482422,76.7300033569336,77.19000244140625,58.5637092590332,6636700
2012-03-05,76.80999755859375,76.87999725341797,75.02999877929688,75.69000244140625,57.42566680908203,6201100
2012-03-06,73.86000061035156,74.08000183105469,72.7300033569336,73.79000091552734,55.9841423034668,10354000
2012-03-07,74.38999938964844,74.93000030517578,73.91000366210938,74.69999694824219,56.674556732177734,6386200
2012-03-08,75.20999908447266,76.33999633789062,75.0199966430664,75.81999969482422,57.52429962158203,6017200
2012-03-09,75.98999786376953,76.76000213623047,75.51000213623047,75.83999633789062,57.53946304321289,6691300
2012-03-12,75.6500015258789,75.76000213623047,73.75,74.0199966430664,56.15863037109375,8034900
2012-03-13,74.4000015258789,74.9000015258789,73.5199966430664,74.7699966430664,56.7276611328125,9371700
2012-03-14,74.66000366210938,74.80000305175781,73.52999877929688,74.0199966430664,56.15863037109375,8145300
2012-03-15,74.16999816894531,75.05999755859375,73.26000213623047,74.91999816894531,56.841453552246094,6748600
2012-03-16,75.31999969482422,77.04000091552734,75.06999969482422,76.76000213623047,58.237457275390625,11839000
2012-03-19,76.75,77.43000030517578,76.5999984741211,77.0999984741211,58.49540710449219,5659200
2012-03-20,76.23999786376953,76.23999786376953,75.23999786376953,75.70999908447266,57.440826416015625,6569000
2012-03-21,75.16999816894531,75.16999816894531,73.66999816894531,74.01000213623047,56.15103530883789,14069500
2012-03-22,73.0199966430664,73.11000061035156,71.12000274658203,71.9800033569336,54.61090850830078,15866700
2012-03-23,72.33000183105469,73.51000213623047,71.55999755859375,73.18000030517578,55.521331787109375,11529300
2012-03-26,73.61000061035156,73.83999633789062,71.97000122070312,72.4000015258789,54.92955017089844,10051000
2012-03-27,72.33000183105469,72.36000061035156,69.93000030517578,69.95999908447266,53.078330993652344,16967700
2012-03-28,69.61000061035156,70.69999694824219,68.5999984741211,69.77999877929688,52.9417610168457,10484000
2012-03-29,69.33000183105469,70.45999908447266,68.33000183105469,69.13999938964844,52.45621109008789,11229700
2012-03-30,69.87999725341797,70.41999816894531,68.80000305175781,69.93000030517578,53.055564880371094,10874100
2012-04-02,69.5999984741211,71.08999633789062,69.0999984741211,69.83999633789062,52.987274169921875,8855600
2012-04-03,70.5,70.6500015258789,68.98999786376953,69.7300033569336,52.903831481933594,10094100
2012-04-04,68.80999755859375,69.58999633789062,68.23999786376953,68.69000244140625,52.11479568481445,6752000
2012-04-05,68.54000091552734,69.4000015258789,68.27999877929688,68.41999816894531,51.90993881225586,7967700
2012-04-09,67.48999786376953,68.6500015258789,67.25,67.58999633789062,51.28022766113281,6451000
2012-04-10,67.36000061035156,68.05999755859375,66.44999694824219,67.26000213623047,51.02986145019531,11013900
2012-04-11,68.73999786376953,68.9000015258789,68.0,68.12000274658203,51.682334899902344,8967400
2012-04-12,68.45999908447266,70.41999816894531,68.12999725341797,70.33999633789062,53.36664581298828,9136900
2012-04-13,69.91000366210938,70.19999694824219,68.31999969482422,68.37999725341797,51.879600524902344,7561800
2012-04-16,68.75,69.08000183105469,67.36000061035156,67.44000244140625,51.16642761230469,6851200
2012-04-17,68.62999725341797,69.66000366210938,68.5,69.3499984741211,52.61552810668945,8246200
2012-04-18,69.37000274658203,70.80999755859375,69.2699966430664,69.93000030517578,53.055564880371094,7650000
2012-04-19,70.12000274658203,71.25,69.37000274658203,69.80000305175781,52.95695877075195,9066800
2012-04-20,72.7300033569336,74.5199966430664,71.61000061035156,71.69999694824219,54.39846420288086,19478500
2012-04-23,70.7699966430664,72.25,69.88999938964844,71.19000244140625,54.011531829833984,10055600
2012-04-24,71.5,73.5,71.19000244140625,72.70999908447266,55.16474533081055,9015000
2012-04-25,73.6500015258789,74.91999816894531,73.1500015258789,74.45999908447266,56.49245071411133,10808300
2012-04-26,73.86000061035156,74.72000122070312,73.2699966430664,74.25,56.33314895629883,7059500
2012-04-27,74.54000091552734,74.7300033569336,73.5,73.94999694824219,56.10552215576172,6885200
2012-04-30,73.33999633789062,74.27999877929688,73.33999633789062,74.13999938964844,56.24967956542969,5017700
2012-05-01,74.16000366210938,76.19000244140625,73.79000091552734,75.12999725341797,57.00078582763672,6779600
2012-05-02,74.45999908447266,74.68000030517578,73.83000183105469,74.16999816894531,56.27243423461914,6132000
2012-05-03,74.19999694824219,74.29000091552734,72.18000030517578,72.61000061035156,55.0888671875,6813200
2012-05-04,71.88999938964844,71.88999938964844,69.44999694824219,69.95999908447266,53.078330993652344,9632700
2012-05-07,69.80999755859375,71.0999984741211,69.3499984741211,70.5999984741211,53.56388854980469,5581500
2012-05-08,69.91999816894531,70.5999984741211,68.37000274658203,70.38999938964844,53.40454864501953,8520500
2012-05-09,69.23999786376953,70.58999633789062,68.73999786376953,69.63999938964844,52.83555603027344,7291000
2012-05-10,70.5,71.18000030517578,69.19999694824219,69.44000244140625,52.683815002441406,5869600
2012-05-11,68.83999633789062,70.1500015258789,68.66000366210938,68.80000305175781,52.1982421875,5170200
2012-05-14,67.81999969482422,67.81999969482422,66.8499984741211,67.25,51.02227020263672,6861000
2012-05-15,67.37999725341797,67.62000274658203,65.27999877929688,65.5199966430664,49.709712982177734,7730600
2012-05-16,65.76000213623047,67.0,64.19999694824219,64.80999755859375,49.171051025390625,10064600
2012-05-17,64.54000091552734,65.6500015258789,64.1500015258789,64.75,49.125526428222656,9274100
2012-05-18,64.91000366210938,65.80000305175781,63.880001068115234,64.05999755859375,48.60202407836914,9286600
2012-05-21,64.81999969482422,66.86000061035156,64.20999908447266,66.76000213623047,50.65052032470703,7711700
2012-05-22,67.06999969482422,67.7699966430664,65.83999633789062,66.4000015258789,50.37737274169922,8172300
2012-05-23,65.62999725341797,67.26000213623047,64.88999938964844,67.18000030517578,50.96915054321289,6913000
2012-05-24,67.58000183105469,67.6500015258789,65.11000061035156,65.8499984741211,49.9600944519043,8848300
2012-05-25,65.5199966430664,66.33000183105469,65.11000061035156,65.41000366210938,49.62627410888672,6177400
2012-05-29,66.05999755859375,68.12999725341797,66.0199966430664,67.23999786376953,51.014678955078125,7034700
2012-05-30,66.06999969482422,66.08000183105469,63.79999923706055,64.18000030517578,48.89304733276367,9792000
2012-05-31,63.810001373291016,64.01000213623047,61.22999954223633,63.25,48.18455123901367,15048100
2012-06-01,61.630001068115234,62.70000076293945,60.869998931884766,62.06999969482422,47.28561782836914,12230900
2012-06-04,62.099998474121094,62.290000915527344,60.75,62.209999084472656,47.39227294921875,12004800
2012-06-05,61.91999816894531,63.279998779296875,61.540000915527344,62.2400016784668,47.415138244628906,7092300
2012-06-06,63.189998626708984,64.75,62.93000030517578,64.58999633789062,49.205387115478516,12185700
2012-06-07,65.7699966430664,66.5,64.0999984741211,64.43000030517578,49.0834846496582,8169500
2012-06-08,63.95000076293945,64.69999694824219,62.84000015258789,64.54000091552734,49.167293548583984,6758700
2012-06-11,65.5,65.7300033569336,63.91999816894531,64.06999969482422,48.80924606323242,7745000
2012-06-12,64.45999908447266,65.13999938964844,63.790000915527344,64.93000030517578,49.46440124511719,6297500
2012-06-13,64.47000122070312,65.55999755859375,63.4900016784668,63.95000076293945,48.71782684326172,6784100
2012-06-14,64.12999725341797,65.58999633789062,63.84000015258789,65.37999725341797,49.80720901489258,5945700
2012-06-15,66.13999938964844,66.7699966430664,65.51000213623047,66.45999908447266,50.62996292114258,9563600
2012-06-18,65.48999786376953,66.69999694824219,65.38999938964844,66.54000091552734,50.69091796875,6647700
2012-06-19,67.11000061035156,67.69000244140625,66.5999984741211,67.1500015258789,51.15561294555664,5267600
2012-06-20,66.83000183105469,67.2300033569336,65.0,65.54000091552734,49.92909240722656,9314900
2012-06-21,65.19999694824219,65.47000122070312,62.43000030517578,62.560001373291016,47.658912658691406,9460300
2012-06-22,62.83000183105469,63.06999969482422,61.20000076293945,61.560001373291016,46.8970947265625,12120300
2012-06-25,60.75,60.93000030517578,59.68000030517578,60.060001373291016,45.75437545776367,10411200
2012-06-26,60.16999816894531,60.45000076293945,59.119998931884766,59.66999816894531,45.4572639465332,10251000
2012-06-27,60.099998474121094,61.79999923706055,60.0099983215332,61.470001220703125,46.82854080200195,9085900
2012-06-28,61.47999954223633,62.880001068115234,61.209999084472656,62.720001220703125,47.780799865722656,8757600
2012-06-29,64.41999816894531,65.4800033569336,64.0199966430664,64.91000366210938,49.44916534423828,10193500
2012-07-02,64.86000061035156,66.01000213623047,64.4800033569336,64.94000244140625,49.47201156616211,6915800
2012-07-03,65.81999969482422,67.37999725341797,65.58000183105469,67.33999633789062,51.300350189208984,5385200
2012-07-05,67.05000305175781,67.13999938964844,65.8499984741211,66.0999984741211,50.3557014465332,5128200
2012-07-06,65.08999633789062,66.0999984741211,64.56999969482422,65.16999816894531,49.64722442626953,6731700
2012-07-09,64.83000183105469,66.29000091552734,64.48999786376953,65.81999969482422,50.14240264892578,5597700
2012-07-10,66.05000305175781,66.36000061035156,64.5,64.97000122070312,49.4948616027832,7977900
2012-07-11,65.18000030517578,66.1500015258789,64.9000015258789,65.66000366210938,50.02051544189453,6956500
2012-07-12,64.81999969482422,65.73999786376953,64.19000244140625,65.38999938964844,49.8148307800293,5837300
2012-07-13,65.44000244140625,66.93000030517578,65.41999816894531,66.72000122070312,50.82804489135742,5068200
2012-07-16,66.2699966430664,66.79000091552734,65.54000091552734,66.30000305175781,50.50807189941406,5673800
2012-07-17,66.94999694824219,67.94999694824219,66.08000183105469,67.79000091552734,51.643184661865234,8774800
2012-07-18,67.44000244140625,69.18000030517578,67.26000213623047,68.76000213623047,52.38214111328125,7001700
2012-07-19,68.87000274658203,69.38999938964844,68.2699966430664,68.63999938964844,52.290706634521484,8950800
2012-07-20,69.91999816894531,70.44000244140625,68.80000305175781,69.33000183105469,52.816368103027344,12357600
2012-07-23,68.37000274658203,69.79000091552734,67.5199966430664,69.55000305175781,52.98395919799805,8057500
2012-07-24,69.5,69.6500015258789,67.04000091552734,67.94000244140625,51.757450103759766,8154800
2012-07-25,68.22000122070312,68.86000061035156,67.45999908447266,68.25,51.99359893798828,6464300
2012-07-26,70.01000213623047,71.66999816894531,69.33999633789062,71.30999755859375,54.32475662231445,10055900
2012-07-27,71.7699966430664,73.47000122070312,71.18000030517578,72.95999908447266,55.58174514770508,9535300
2012-07-30,72.81999969482422,72.86000061035156,72.08999633789062,72.54000091552734,55.261783599853516,6438100
2012-07-31,72.16000366210938,72.76000213623047,71.01000213623047,71.26000213623047,54.28667068481445,6820100
2012-08-01,71.41000366210938,72.4800033569336,70.26000213623047,71.68000030517578,54.60659408569336,6387700
2012-08-02,70.44999694824219,71.54000091552734,69.8499984741211,70.83000183105469,53.9590950012207,6358300
2012-08-03,72.5,72.83999633789062,71.70999908447266,72.38999938964844,55.14750289916992,5083600
2012-08-06,72.66999816894531,72.87999725341797,72.04000091552734,72.4000015258789,55.15512466430664,4007100
2012-08-07,72.83000183105469,74.22000122070312,72.66000366210938,73.61000061035156,56.0769157409668,8110800
2012-08-08,72.93000030517578,73.8499984741211,72.77999877929688,73.66000366210938,56.11500930786133,6903900
2012-08-09,73.45999908447266,74.4000015258789,73.0999984741211,74.33000183105469,56.625423431396484,5763200
2012-08-10,74.04000091552734,75.47000122070312,73.7699966430664,75.3499984741211,57.4024772644043,7304800
2012-08-13,75.12999725341797,75.4000015258789,74.5999984741211,75.19999694824219,57.28820037841797,6294500
2012-08-14,75.41000366210938,75.68000030517578,74.1500015258789,74.47000122070312,56.7320671081543,5864100
2012-08-15,74.38999938964844,74.5,73.30000305175781,73.87000274658203,56.27499008178711,4853200
2012-08-16,74.0199966430664,75.11000061035156,73.55999755859375,74.9800033569336,57.12060546875,5303500
2012-08-17,74.95999908447266,75.11000061035156,74.52999877929688,74.77999877929688,56.96823501586914,5107400
2012-08-20,74.48999786376953,74.83000183105469,74.0999984741211,74.33999633789062,56.63302230834961,4983600
2012-08-21,74.5999984741211,74.98999786376953,74.13999938964844,74.3499984741211,56.64065170288086,5131200
2012-08-22,74.0,74.97000122070312,73.83000183105469,74.81999969482422,56.99871063232422,4720400
2012-08-23,74.70999908447266,74.87000274658203,73.8499984741211,74.19000244140625,56.518775939941406,4870100
2012-08-24,74.0,74.75,73.72000122070312,74.58999633789062,56.823482513427734,3783700
2012-08-27,74.68000030517578,75.43000030517578,74.33000183105469,74.8499984741211,57.021575927734375,4279100
2012-08-28,74.41000366210938,74.77999877929688,73.9800033569336,74.37999725341797,56.66350555419922,4771900
2012-08-29,74.4000015258789,74.4000015258789,72.87000274658203,72.95999908447266,55.78800964355469,6009900
2012-08-30,72.5,72.5,71.47000122070312,71.5999984741211,54.95520782470703,6167300
2012-08-31,72.0999984741211,72.79000091552734,71.7300033569336,72.37999725341797,55.55390548706055,5754000
2012-09-04,72.12000274658203,72.33999633789062,70.72000122070312,71.41999816894531,54.81706237792969,7177300
2012-09-05,71.31999969482422,72.0999984741211,70.66999816894531,71.25,54.686588287353516,6499000
2012-09-06,71.87000274658203,73.62999725341797,71.86000061035156,72.45999908447266,55.61531448364258,8041100
2012-09-07,72.68000030517578,73.6500015258789,72.58000183105469,73.16999816894531,56.16024398803711,5466500
2012-09-10,73.05000305175781,73.80000305175781,72.68000030517578,72.69000244140625,55.791812896728516,4900100
2012-09-11,72.80999755859375,73.70999908447266,72.61000061035156,73.66000366210938,56.53635025024414,5165400
2012-09-12,74.36000061035156,74.7300033569336,74.05000305175781,74.31999969482422,57.042911529541016,5425900
2012-09-13,74.51000213623047,75.95999908447266,74.23999786376953,75.66999816894531,58.079078674316406,6425700
2012-09-14,77.77999877929688,78.47000122070312,77.25,77.5999984741211,59.56044387817383,8624900
2012-09-17,77.29000091552734,78.2699966430664,76.80999755859375,77.13999938964844,59.20732498168945,6258900
2012-09-18,76.86000061035156,76.87000274658203,75.30999755859375,76.2300033569336,58.50889587402344,7164100
2012-09-19,76.12999725341797,76.30000305175781,74.30000305175781,74.70999908447266,57.34225082397461,6214100
2012-09-20,74.31999969482422,75.29000091552734,73.75,75.2300033569336,57.741363525390625,6961900
2012-09-21,75.94999694824219,76.0,74.5,75.0199966430664,57.580177307128906,8943900
2012-09-24,74.0199966430664,74.80000305175781,74.0,74.26000213623047,56.99687576293945,4747000
2012-09-25,74.55999755859375,74.55999755859375,72.58999633789062,72.69000244140625,55.791812896728516,9193500
2012-09-26,72.33999633789062,72.58000183105469,71.70999908447266,72.05000305175781,55.30061721801758,5103700
2012-09-27,72.48999786376953,73.52999877929688,72.0199966430664,73.23999786376953,56.21397018432617,6131800
2012-09-28,73.31999969482422,73.31999969482422,71.98999786376953,72.33000183105469,55.51552200317383,5769000
2012-10-01,72.98999786376953,73.68000030517578,72.36000061035156,72.58000183105469,55.70740509033203,4289600
2012-10-02,72.88999938964844,73.19999694824219,71.91999816894531,72.26000213623047,55.461788177490234,4760400
2012-10-03,72.25,72.52999877929688,70.72000122070312,71.19000244140625,54.640541076660156,5846400
2012-10-04,71.66000366210938,71.95999908447266,71.20999908447266,71.66999816894531,55.008949279785156,5121200
2012-10-05,72.4000015258789,72.58999633789062,71.27999877929688,71.48999786376953,54.87078857421875,5798700
2012-10-08,70.93000030517578,71.75,70.69999694824219,71.61000061035156,54.96289825439453,3478800
2012-10-09,71.61000061035156,72.41999816894531,71.56999969482422,71.7300033569336,55.055023193359375,3933000
2012-10-10,71.66000366210938,71.75,70.87000274658203,71.08000183105469,54.55610275268555,4344000
2012-10-11,72.22000122070312,72.83999633789062,72.0,72.41999816894531,55.58460235595703,4523900
2012-10-12,72.75,72.91000366210938,71.66000366210938,72.19000244140625,55.40807342529297,3598500
2012-10-15,72.20999908447266,73.01000213623047,71.52999877929688,72.76000213623047,55.8455810546875,4638200
2012-10-16,73.19000244140625,74.0,73.1500015258789,73.5199966430664,56.42887496948242,5731100
2012-10-17,73.52999877929688,74.76000213623047,73.05000305175781,74.55000305175781,57.21943283081055,5799300
2012-10-18,74.55000305175781,75.08999633789062,74.05000305175781,74.80000305175781,57.411319732666016,6578200
2012-10-19,75.47000122070312,75.69999694824219,73.75,74.0,56.797298431396484,8325600
2012-10-22,73.62999725341797,74.19999694824219,72.25,73.16000366210938,56.152591705322266,5340400
2012-10-23,71.91999816894531,71.95999908447266,70.9800033569336,71.26000213623047,54.69429016113281,6442400
2012-10-24,71.66999816894531,71.79000091552734,69.75,70.08999633789062,53.79627227783203,6442700
2012-10-25,71.0,71.33000183105469,70.01000213623047,70.73999786376953,54.295135498046875,6077800
2012-10-26,70.73999786376953,71.04000091552734,69.9000015258789,70.0999984741211,53.80393600463867,4879200
2012-10-31,70.30000305175781,70.8499984741211,69.05999755859375,69.52999877929688,53.36643981933594,6975800
2012-11-01,69.7699966430664,70.25,68.5999984741211,70.1500015258789,53.84229278564453,6532500
2012-11-02,70.5999984741211,70.8499984741211,68.58999633789062,68.7699966430664,52.783103942871094,6240100
2012-11-05,68.6500015258789,70.18000030517578,68.62999725341797,69.94999694824219,53.68879699707031,5648200
2012-11-06,70.26000213623047,71.36000061035156,70.02999877929688,71.1500015258789,54.609832763671875,6442400
2012-11-07,69.9800033569336,70.55999755859375,69.31999969482422,70.12999725341797,53.82695007324219,7556900
2012-11-08,69.94999694824219,70.29000091552734,67.69999694824219,67.7699966430664,52.015567779541016,10199900
2012-11-09,67.5,69.45999908447266,67.31999969482422,68.37000274658203,52.47610092163086,6409800
2012-11-12,68.47000122070312,69.45999908447266,68.0999984741211,68.4800033569336,52.560523986816406,2780300
2012-11-13,67.70999908447266,70.0,67.5,69.06999969482422,53.01337814331055,7922200
2012-11-14,69.33999633789062,69.47000122070312,67.62000274658203,67.83000183105469,52.06163024902344,8248100
2012-11-15,67.80000305175781,69.44999694824219,67.69000244140625,69.16000366210938,53.082454681396484,7414700
2012-11-16,69.33000183105469,69.33999633789062,66.8499984741211,68.22000122070312,52.36097717285156,10051900
2012-11-19,68.94999694824219,70.69999694824219,68.83999633789062,70.69000244140625,54.256771087646484,6742500
2012-11-20,70.43000030517578,70.63999938964844,69.63999938964844,70.0199966430664,53.742523193359375,5425600
2012-11-21,70.33000183105469,70.5,69.7300033569336,70.20999908447266,53.88836669921875,3021400
2012-11-23,70.76000213623047,71.20999908447266,70.29000091552734,71.18000030517578,54.63285827636719,1730800
2012-11-26,70.20999908447266,70.56999969482422,69.93000030517578,70.43000030517578,54.057220458984375,3490100
2012-11-27,70.0999984741211,70.37000274658203,69.55000305175781,69.87000274658203,53.62739944458008,6397500
2012-11-28,69.47000122070312,70.80000305175781,68.91000366210938,70.7300033569336,54.2874755859375,6187500
2012-11-29,70.95999908447266,71.3499984741211,70.38999938964844,70.5999984741211,54.39918899536133,4465700
2012-11-30,70.54000091552734,71.88999938964844,70.41999816894531,71.62000274658203,55.18512725830078,6505500
2012-12-03,72.0,72.48999786376953,70.87000274658203,71.0199966430664,54.72282409667969,6352300
2012-12-04,70.91999816894531,71.97000122070312,70.73999786376953,71.22000122070312,54.87692642211914,4302000
2012-12-05,71.47000122070312,72.11000061035156,71.16999816894531,71.31999969482422,54.9539680480957,5416700
2012-12-06,71.11000061035156,71.61000061035156,70.70999908447266,71.5,55.09268569946289,4154300
2012-12-07,71.80000305175781,72.0,71.27999877929688,71.83000183105469,55.34694290161133,4348500
2012-12-10,71.72000122070312,72.30000305175781,71.55000305175781,72.0,55.477935791015625,3963500
2012-12-11,72.3499984741211,72.80000305175781,71.9800033569336,72.5999984741211,55.940242767333984,7017700
2012-12-12,73.12999725341797,73.51000213623047,72.48999786376953,72.79000091552734,56.08665466308594,9634100
2012-12-13,72.04000091552734,72.98999786376953,72.04000091552734,72.55999755859375,55.90943145751953,7116600
2012-12-14,69.9000015258789,70.0,67.5999984741211,68.91000366210938,53.09700393676758,27755400
2012-12-17,69.2300033569336,69.91999816894531,69.0199966430664,69.68000030517578,53.69031524658203,7851600
2012-12-18,69.45999908447266,71.77999877929688,69.30000305175781,71.3499984741211,54.97710418701172,8909600
2012-12-19,71.73999786376953,72.0,70.61000061035156,70.66000366210938,54.4454460144043,5797500
2012-12-20,70.13999938964844,71.52999877929688,70.0,71.0999984741211,54.78445816040039,5973900
2012-12-21,70.22000122070312,70.55000305175781,68.91999816894531,69.69000244140625,53.69802474975586,12506400
2012-12-24,69.55000305175781,69.88999938964844,68.94999694824219,69.27999877929688,53.382083892822266,2272100
2012-12-26,69.73999786376953,69.88999938964844,68.91999816894531,69.0999984741211,53.243404388427734,3373000
2012-12-27,69.08999633789062,69.29000091552734,68.26000213623047,69.16999816894531,53.29734802246094,5283300
2012-12-28,68.58000183105469,68.73999786376953,67.87999725341797,67.95999908447266,52.364990234375,5635200
2012-12-31,67.87000274658203,69.3499984741211,67.63999938964844,69.30000305175781,53.39752197265625,6375100
2013-01-02,70.80000305175781,71.41000366210938,70.12000274658203,71.4000015258789,55.01563262939453,6391400
2013-01-03,71.25,72.0,70.66000366210938,70.91999816894531,54.64576721191406,6063000
2013-01-04,71.33000183105469,72.22000122070312,71.04000091552734,72.01000213623047,55.48565673828125,5165300
2013-01-07,71.52999877929688,72.2300033569336,71.41999816894531,72.20999908447266,55.6397590637207,4104500
2013-01-08,71.94000244140625,72.5999984741211,71.5,72.51000213623047,55.87089920043945,5274500
2013-01-09,72.76000213623047,72.97000122070312,72.01000213623047,72.19999694824219,55.632041931152344,4626500
2013-01-10,72.69999694824219,73.25,72.54000091552734,73.25,56.44109344482422,5591000
2013-01-11,73.19000244140625,73.80000305175781,73.05999755859375,73.75,56.826377868652344,4101500
2013-01-14,73.38999938964844,73.7699966430664,72.54000091552734,72.7699966430664,56.07123947143555,4155100
2013-01-15,72.47000122070312,72.86000061035156,72.19000244140625,72.58999633789062,55.932552337646484,4285900
2013-01-16,72.52999877929688,73.62999725341797,72.52999877929688,73.22000122070312,56.41797637939453,4952000
2013-01-17,73.45999908447266,73.95999908447266,72.54000091552734,73.37000274658203,56.53355026245117,6501200
2013-01-18,73.94999694824219,76.7300033569336,73.5,76.5,58.9453010559082,14231500
2013-01-22,76.56999969482422,78.04000091552734,76.56999969482422,78.0,60.101112365722656,9649300
2013-01-23,77.79000091552734,78.62000274658203,77.36000061035156,78.16999816894531,60.232086181640625,7556800
2013-01-24,78.16000366210938,78.87000274658203,77.76000213623047,78.0199966430664,60.116493225097656,7167100
2013-01-25,78.62999725341797,79.80000305175781,78.0999984741211,79.51000213623047,61.264583587646484,7817800
2013-01-28,79.7300033569336,79.80999755859375,79.0999984741211,79.27999877929688,61.08734893798828,7152800
2013-01-29,79.04000091552734,79.98999786376953,78.77999877929688,79.94999694824219,61.603614807128906,6286500
2013-01-30,79.83000183105469,79.9000015258789,78.45999908447266,78.5999984741211,60.563419342041016,8794700
2013-01-31,78.44000244140625,78.79000091552734,77.55000305175781,78.05000305175781,60.13961410522461,5751500
2013-02-01,78.94000244140625,79.83000183105469,78.4000015258789,79.69999694824219,61.41098403930664,6224100
2013-02-04,79.11000061035156,79.8499984741211,78.87999725341797,79.44999694824219,61.2183723449707,6620700
2013-02-05,79.81999969482422,80.43000030517578,79.5,80.16000366210938,61.76543045043945,5389200
2013-02-06,79.41999816894531,79.56999969482422,77.76000213623047,78.7300033569336,60.66358947753906,7131200
2013-02-07,78.86000061035156,79.20999908447266,77.81999969482422,78.0,60.101112365722656,6101200
2013-02-08,78.23999786376953,79.06999969482422,78.12999725341797,79.06999969482422,60.92555618286133,4632700
2013-02-11,78.55999755859375,78.8499984741211,77.80999755859375,77.93000030517578,60.04717254638672,4785000
2013-02-12,78.51000213623047,78.6500015258789,78.0199966430664,78.52999877929688,60.50949478149414,4646300
2013-02-13,78.48999786376953,78.7300033569336,78.25,78.62999725341797,60.58652877807617,3552000
2013-02-14,78.51000213623047,82.0,78.13999938964844,81.55999755859375,62.84416961669922,11691800
2013-02-15,81.02999877929688,81.22000122070312,79.5,80.02999877929688,61.902828216552734,8755900
2013-02-19,80.08999633789062,80.55000305175781,79.56999969482422,79.98999786376953,61.871883392333984,5096900
2013-02-20,80.06999969482422,80.19999694824219,78.47000122070312,78.52999877929688,60.742591857910156,6395300
2013-02-21,77.97000122070312,77.97000122070312,76.55000305175781,77.43000030517578,59.89174270629883,5789200
2013-02-22,77.93000030517578,78.1500015258789,76.87000274658203,77.79000091552734,60.170204162597656,4085100
2013-02-25,78.36000061035156,78.94999694824219,75.73999786376953,75.83000183105469,58.65414047241211,6143800
2013-02-26,76.33999633789062,76.7699966430664,74.98999786376953,76.33000183105469,59.0408821105957,6506100
2013-02-27,76.20999908447266,78.18000030517578,75.9800033569336,77.9000015258789,60.25529861450195,4923100
2013-02-28,77.81999969482422,78.58000183105469,77.47000122070312,77.8499984741211,60.21661376953125,5396500
2013-03-01,77.3499984741211,77.91999816894531,76.91999816894531,77.63999938964844,60.05418014526367,4893300
2013-03-04,77.48999786376953,77.58999633789062,75.72000122070312,76.5,59.17237854003906,5076700
2013-03-05,77.23999786376953,77.5999984741211,76.27999877929688,76.94999694824219,59.520450592041016,8957500
2013-03-06,77.54000091552734,77.7699966430664,76.44999694824219,77.16000366210938,59.68288040161133,4648700
2013-03-07,77.19999694824219,78.0,77.0999984741211,77.81999969482422,60.193397521972656,3620500
2013-03-08,78.0199966430664,78.44000244140625,77.23999786376953,77.95999908447266,60.30168533325195,3916100
2013-03-11,77.56999969482422,77.86000061035156,77.12000274658203,77.77999877929688,60.16245651245117,4377600
2013-03-12,77.9800033569336,78.37000274658203,77.01000213623047,77.44000244140625,59.89948272705078,5544100
2013-03-13,77.70999908447266,77.83000183105469,77.23999786376953,77.38999938964844,59.860809326171875,3744000
2013-03-14,77.83999633789062,78.93000030517578,77.58000183105469,78.75,60.912750244140625,5630900
2013-03-15,78.4800033569336,79.73999786376953,78.4800033569336,79.4000015258789,61.41553497314453,8072800
2013-03-18,77.33000183105469,77.79000091552734,76.11000061035156,76.33999633789062,59.04862594604492,9343800
2013-03-19,76.62999725341797,76.62999725341797,73.01000213623047,73.9800033569336,57.22319030761719,14392200
2013-03-20,74.18000030517578,74.25,73.41000366210938,73.79000091552734,57.07622528076172,8933000
2013-03-21,73.31999969482422,74.01000213623047,73.25,73.44000244140625,56.80549240112305,6693800
2013-03-22,73.83999633789062,74.38999938964844,73.55999755859375,74.37000274658203,57.52485656738281,6395500
2013-03-25,74.72000122070312,74.94999694824219,73.36000061035156,73.86000061035156,57.13037109375,5960100
2013-03-26,74.41000366210938,74.5199966430664,73.83000183105469,74.41999816894531,57.56351089477539,6183800
2013-03-27,73.88999938964844,75.2699966430664,73.55000305175781,75.0999984741211,58.089508056640625,5632400
2013-03-28,74.97000122070312,75.63999938964844,74.5,74.88999938964844,57.92704772949219,7267200
2013-04-01,75.08000183105469,75.2300033569336,73.36000061035156,74.0199966430664,57.254119873046875,5535800
2013-04-02,74.4800033569336,75.22000122070312,74.01000213623047,74.80999755859375,57.86518478393555,7297900
2013-04-03,74.81999969482422,75.1500015258789,73.51000213623047,74.01000213623047,57.24637985229492,9089700
2013-04-04,73.91000366210938,74.31999969482422,73.41000366210938,73.94000244140625,57.1922607421875,5456900
2013-04-05,73.08999633789062,74.48999786376953,72.69999694824219,74.3499984741211,57.50937271118164,4829200
2013-04-08,74.30000305175781,75.0999984741211,74.0999984741211,74.95999908447266,57.981204986572266,3874200
2013-04-09,75.11000061035156,75.77999877929688,74.52999877929688,75.43000030517578,58.34475326538086,4047700
2013-04-10,75.47000122070312,77.30000305175781,75.44999694824219,76.98999786376953,59.5514030456543,7208300
2013-04-11,77.19000244140625,77.55999755859375,76.5199966430664,77.13999938964844,59.66741180419922,5097900
2013-04-12,76.62000274658203,76.75,74.88999938964844,75.66000366210938,58.52265167236328,6829700
2013-04-15,74.61000061035156,74.61000061035156,71.5999984741211,71.88999938964844,55.606563568115234,11536400
2013-04-16,72.76000213623047,73.44000244140625,71.76000213623047,73.29000091552734,56.68946838378906,7792200
2013-04-17,72.38999938964844,72.38999938964844,70.19999694824219,70.97000122070312,54.89497375488281,10266600
2013-04-18,71.4000015258789,71.66000366210938,70.19000244140625,71.0,54.918174743652344,8245500
2013-04-19,73.69999694824219,73.69999694824219,69.08000183105469,69.94999694824219,54.105995178222656,13971800
2013-04-22,71.01000213623047,71.56999969482422,69.76000213623047,71.2300033569336,55.09607696533203,9191500
2013-04-23,71.63999938964844,71.98999786376953,70.83000183105469,71.94000244140625,55.6452522277832,7122100
2013-04-24,72.41000366210938,73.70999908447266,72.05999755859375,73.16999816894531,56.596649169921875,8791200
2013-04-25,73.25,74.06999969482422,72.80000305175781,73.44000244140625,56.80549240112305,7380700
2013-04-26,73.31999969482422,73.7699966430664,72.62999725341797,73.33999633789062,56.72813034057617,5270100
2013-04-29,73.55999755859375,74.27999877929688,72.94000244140625,74.02999877929688,57.26185989379883,5212200
2013-04-30,74.16999816894531,74.62000274658203,73.33999633789062,74.43000030517578,57.57127380371094,7392800
2013-05-01,73.93000030517578,74.18000030517578,73.33999633789062,73.79000091552734,57.07622528076172,6586500
2013-05-02,73.81999969482422,74.58000183105469,73.45999908447266,74.25,57.432029724121094,4641400
2013-05-03,75.04000091552734,76.4000015258789,75.01000213623047,75.72000122070312,58.56907272338867,6582600
2013-05-06,75.72000122070312,76.41999816894531,75.4800033569336,76.16000366210938,58.909400939941406,4501800
2013-05-07,76.58999633789062,77.44999694824219,76.41000366210938,76.88999938964844,59.474056243896484,5866100
2013-05-08,76.87000274658203,77.69000244140625,76.52999877929688,77.58999633789062,60.0155029296875,4793800
2013-05-09,77.4800033569336,77.66000366210938,76.73999786376953,77.25,59.75252151489258,4382700
2013-05-10,76.94000244140625,77.04000091552734,75.83000183105469,76.81999969482422,59.4199333190918,6331900
2013-05-13,76.73999786376953,77.41000366210938,76.5999984741211,77.04000091552734,59.59006881713867,8105600
2013-05-14,76.7300033569336,77.2699966430664,76.58000183105469,76.86000061035156,59.45085525512695,6602300
2013-05-15,75.58999633789062,76.2300033569336,74.95999908447266,75.68000030517578,58.53811264038086,9423800
2013-05-16,75.76000213623047,76.16999816894531,75.06999969482422,75.2699966430664,58.22098159790039,6200800
2013-05-17,75.9000015258789,76.16999816894531,74.87999725341797,75.73999786376953,58.58454513549805,9533300
2013-05-20,75.55999755859375,77.48999786376953,75.41999816894531,77.41999816894531,59.883995056152344,9940800
2013-05-21,77.38999938964844,77.83999633789062,76.66999816894531,77.08000183105469,59.621002197265625,6334800
2013-05-22,76.94999694824219,77.79000091552734,75.11000061035156,75.58000183105469,58.46076965332031,9235500
2013-05-23,74.44000244140625,75.44999694824219,73.81999969482422,75.37999725341797,58.30608367919922,6712900
2013-05-24,74.66999816894531,74.87999725341797,73.66000366210938,74.66000366210938,57.7491569519043,6632100
2013-05-28,75.87000274658203,76.18000030517578,75.25,75.4000015258789,58.321537017822266,6700100
2013-05-29,74.81999969482422,75.31999969482422,74.27999877929688,74.9800033569336,57.99668502807617,4889900
2013-05-30,74.58000183105469,75.19999694824219,73.94999694824219,74.80999755859375,57.86518478393555,5747400
2013-05-31,74.38999938964844,74.51000213623047,73.0199966430664,73.02999877929688,56.48835754394531,7897400
2013-06-03,73.19000244140625,73.52999877929688,72.73999786376953,73.25,56.90241622924805,8164000
2013-06-04,73.13999938964844,73.55999755859375,72.56999969482422,72.8499984741211,56.59169006347656,9450800
2013-06-05,72.5999984741211,73.11000061035156,72.0999984741211,72.18000030517578,56.07122039794922,7499400
2013-06-06,72.12000274658203,73.30000305175781,71.80000305175781,73.30000305175781,56.941261291503906,7292900
2013-06-07,74.04000091552734,74.3499984741211,73.29000091552734,73.93000030517578,57.430660247802734,6703700
2013-06-10,74.11000061035156,74.38999938964844,73.11000061035156,73.30000305175781,56.941261291503906,6263700
2013-06-11,72.37000274658203,72.61000061035156,71.30999755859375,71.44000244140625,55.49634552001953,8572800
2013-06-12,72.13999938964844,72.19000244140625,70.87999725341797,70.94999694824219,55.11571502685547,6256100
2013-06-13,71.11000061035156,72.56999969482422,71.0,72.45999908447266,56.288726806640625,6800300
2013-06-14,72.51000213623047,72.68000030517578,71.55000305175781,71.5999984741211,55.620635986328125,4937500
2013-06-17,72.4000015258789,73.43000030517578,72.4000015258789,73.0999984741211,56.78588104248047,5376400
2013-06-18,73.18000030517578,74.5999984741211,73.05999755859375,74.16000366210938,57.609317779541016,5682300
2013-06-19,74.26000213623047,74.79000091552734,73.4000015258789,73.4000015258789,57.01893615722656,6332400
2013-06-20,72.61000061035156,72.81999969482422,71.80999755859375,72.13999938964844,56.04012680053711,8916000
2013-06-21,72.77999877929688,73.12999725341797,71.80999755859375,72.83000183105469,56.57615280151367,9785400
2013-06-24,71.83999633789062,71.9800033569336,70.25,71.23999786376953,55.34098434448242,7984300
2013-06-25,72.04000091552734,72.98999786376953,71.87000274658203,72.08999633789062,56.00130081176758,6693400
2013-06-26,72.62000274658203,72.7300033569336,71.61000061035156,71.80999755859375,55.78377914428711,5199700
2013-06-27,72.12000274658203,72.54000091552734,71.8499984741211,71.93000030517578,55.877010345458984,5951000
2013-06-28,71.80999755859375,72.27999877929688,71.5999984741211,71.66000366210938,55.66727066040039,7497100
2013-07-01,72.19000244140625,73.33999633789062,71.94999694824219,72.77999877929688,56.53730010986328,6432900
2013-07-02,73.30999755859375,73.30999755859375,72.25,72.61000061035156,56.40525817871094,4931300
2013-07-03,72.48999786376953,73.13999938964844,71.83999633789062,73.01000213623047,56.715965270996094,3147100
2013-07-05,73.41999816894531,74.37999725341797,72.9800033569336,74.08999633789062,57.55495834350586,3992100
2013-07-08,74.62000274658203,75.22000122070312,74.30999755859375,74.79000091552734,58.09872055053711,5457700
2013-07-09,75.2300033569336,76.79000091552734,75.2300033569336,76.54000091552734,59.45817184448242,7159600
2013-07-10,76.37000274658203,76.54000091552734,75.95999908447266,76.18000030517578,59.178504943847656,4594000
2013-07-11,77.08000183105469,77.22000122070312,76.01000213623047,76.62999725341797,59.528072357177734,4889800
2013-07-12,76.41999816894531,76.87999725341797,76.33999633789062,76.83999633789062,59.691219329833984,4254400
2013-07-15,76.83999633789062,77.30999755859375,76.38999938964844,77.0199966430664,59.83103561401367,3927800
2013-07-16,77.19000244140625,77.52999877929688,75.94000244140625,76.5199966430664,59.44263458251953,6037200
2013-07-17,76.76000213623047,77.7699966430664,76.76000213623047,77.61000061035156,60.28935623168945,6667600
2013-07-18,77.76000213623047,78.8499984741211,77.76000213623047,78.4800033569336,60.96522521972656,6141300
2013-07-19,81.20999908447266,83.55000305175781,80.88999938964844,82.73999786376953,64.27445983886719,17430400
2013-07-22,82.36000061035156,85.0199966430664,82.22000122070312,83.80999755859375,65.10566711425781,11197700
2013-07-23,83.86000061035156,84.47000122070312,83.4000015258789,83.56999969482422,64.91925048828125,6866900
2013-07-24,83.7300033569336,83.80000305175781,82.33000183105469,82.8499984741211,64.35990905761719,5378100
2013-07-25,82.5199966430664,83.27999877929688,82.0199966430664,82.56999969482422,64.14241027832031,5837900
2013-07-26,82.2699966430664,82.2699966430664,81.1500015258789,81.91000366210938,63.62971496582031,5040600
2013-07-29,81.11000061035156,81.5199966430664,80.80000305175781,81.1500015258789,63.03933334350586,4867300
2013-07-30,81.4800033569336,81.87999725341797,81.23999786376953,81.43000030517578,63.256832122802734,5142600
2013-07-31,81.98999786376953,82.12999725341797,81.11000061035156,81.33000183105469,63.17918014526367,5034500
2013-08-01,82.3499984741211,83.69999694824219,82.3499984741211,83.55000305175781,64.90369415283203,7005700
2013-08-02,83.48999786376953,83.58999633789062,82.55000305175781,82.88999938964844,64.39099884033203,5881400
2013-08-05,82.87000274658203,83.01000213623047,81.94999694824219,82.88999938964844,64.39099884033203,4036200
2013-08-06,82.7300033569336,82.95999908447266,82.0999984741211,82.22000122070312,63.870521545410156,5372400
2013-08-07,81.63999938964844,81.80000305175781,80.41000366210938,81.05000305175781,62.96166229248047,7098700
2013-08-08,81.56999969482422,82.02999877929688,81.12000274658203,81.2300033569336,63.10149002075195,3996900
2013-08-09,81.13999938964844,81.52999877929688,80.26000213623047,80.48999786376953,62.52662658691406,4523100
2013-08-12,80.02999877929688,80.7300033569336,79.80000305175781,80.25,62.34020233154297,4988700
2013-08-13,80.66999816894531,82.5,80.58000183105469,82.22000122070312,63.870521545410156,7282400
2013-08-14,82.30000305175781,82.73999786376953,81.98999786376953,82.16000366210938,63.82392501831055,4401200
2013-08-15,81.62000274658203,82.31999969482422,81.4800033569336,81.98999786376953,63.69186019897461,4601100
2013-08-16,81.91999816894531,82.33000183105469,81.72000122070312,81.91999816894531,63.637489318847656,4754300
2013-08-19,81.26000213623047,81.9000015258789,80.30000305175781,80.41000366210938,62.46449661254883,4684300
2013-08-20,80.47000122070312,81.18000030517578,80.1500015258789,80.62000274658203,62.62762451171875,3642200
2013-08-21,80.26000213623047,80.93000030517578,80.0,80.05000305175781,62.1848258972168,4118100
2013-08-22,80.7699966430664,82.63999938964844,80.51000213623047,82.20999908447266,63.86275863647461,4504300
2013-08-23,82.51000213623047,82.51000213623047,81.3499984741211,81.66999816894531,63.44325637817383,5122500
2013-08-26,81.83000183105469,82.5199966430664,81.73999786376953,81.9000015258789,63.6219482421875,4677000
2013-08-27,81.0999984741211,82.12999725341797,80.91999816894531,81.16999816894531,63.054840087890625,4422500
2013-08-28,81.4000015258789,83.33000183105469,81.23999786376953,82.68000030517578,64.2278823852539,5511700
2013-08-29,82.69999694824219,82.91000366210938,81.4800033569336,81.5999984741211,63.3889045715332,4834400
2013-08-30,81.55999755859375,81.5999984741211,80.68000030517578,80.94000244140625,63.11832046508789,4455500
2013-09-03,81.69000244140625,82.83000183105469,81.68000030517578,82.41999816894531,64.27242279052734,5299300
2013-09-04,82.11000061035156,83.48999786376953,81.86000061035156,82.86000061035156,64.61555480957031,5521100
2013-09-05,83.2300033569336,84.55000305175781,83.0,84.22000122070312,65.67610168457031,8640500
2013-09-06,84.72000122070312,85.91999816894531,83.72000122070312,85.13999938964844,66.39353942871094,9117100
2013-09-09,85.18000030517578,86.75,85.18000030517578,86.44999694824219,67.41507720947266,5954500
2013-09-10,86.1500015258789,86.9000015258789,85.45999908447266,86.9000015258789,67.76600646972656,10257200
2013-09-11,86.80999755859375,87.11000061035156,86.19000244140625,87.05000305175781,67.88296508789062,5414000
2013-09-12,86.8499984741211,87.18000030517578,86.0,86.58000183105469,67.51647186279297,5860700
2013-09-13,86.47000122070312,86.91000366210938,86.08000183105469,86.72000122070312,67.62564086914062,3874800
2013-09-16,87.36000061035156,87.61000061035156,86.58999633789062,87.0,67.8439712524414,4213300
2013-09-17,86.95999908447266,88.22000122070312,86.66000366210938,87.73999786376953,68.4210433959961,6074500
2013-09-18,87.63999938964844,89.4800033569336,86.94000244140625,88.94999694824219,69.36463165283203,6756500
2013-09-19,88.83999633789062,89.72000122070312,88.72000122070312,88.79000091552734,69.2398681640625,6010200
2013-09-20,89.08000183105469,89.27999877929688,87.44000244140625,87.44000244140625,68.18711853027344,8555600
2013-09-23,87.16000366210938,87.86000061035156,87.02999877929688,87.04000091552734,67.87517547607422,5480900
2013-09-24,87.41999816894531,88.5199966430664,86.56999969482422,87.91000366210938,68.55361938476562,5688300
2013-09-25,87.83000183105469,89.23999786376953,87.51000213623047,88.56999969482422,69.06831359863281,8082500
2013-09-26,88.7699966430664,89.25,88.43000030517578,88.83000183105469,69.27104187011719,5042900
2013-09-27,88.30999755859375,89.0999984741211,88.12000274658203,88.81999969482422,69.26325225830078,4980100
2013-09-30,87.48999786376953,88.87999725341797,87.16000366210938,88.36000061035156,68.9045181274414,5597200
2013-10-01,87.98999786376953,89.58999633789062,87.9800033569336,89.05000305175781,69.44259643554688,5580200
2013-10-02,89.0,89.9000015258789,88.75,89.8499984741211,70.06645202636719,7487100
2013-10-03,89.62999725341797,89.9800033569336,89.0,89.44000244140625,69.74674224853516,6618300
2013-10-04,89.55999755859375,90.47000122070312,89.0,90.01000213623047,70.19123840332031,3983600
2013-10-07,89.27999877929688,90.0999984741211,89.01000213623047,89.29000091552734,69.62976837158203,4570100
2013-10-08,89.33000183105469,89.41000366210938,87.83999633789062,87.94999694824219,68.5848159790039,5902800
2013-10-09,87.94999694824219,88.08000183105469,86.30000305175781,87.04000091552734,67.87517547607422,6185100
2013-10-10,87.97000122070312,89.44000244140625,87.9000015258789,89.41999816894531,69.73114776611328,6081800
2013-10-11,89.05000305175781,90.29000091552734,88.5199966430664,90.0199966430664,70.19902038574219,5335400
2013-10-14,89.33000183105469,91.30000305175781,89.23999786376953,91.16999816894531,71.09584045410156,5475000
2013-10-15,90.54000091552734,91.26000213623047,89.62999725341797,90.54000091552734,70.60453033447266,6370800
2013-10-16,90.93000030517578,92.4000015258789,90.8499984741211,92.18000030517578,71.8834228515625,9084500
2013-10-17,91.83000183105469,91.8499984741211,90.70999908447266,91.43000030517578,71.29855346679688,8871400
2013-10-18,93.0999984741211,94.87999725341797,92.98999786376953,93.98999786376953,73.2948989868164,11240000
2013-10-21,94.12000274658203,94.91000366210938,92.91000366210938,93.4800033569336,72.89718627929688,7325900
2013-10-22,93.38999938964844,94.9000015258789,93.29000091552734,94.45999908447266,73.66139221191406,7692500
2013-10-23,93.66999816894531,93.75,92.62000274658203,92.83999633789062,72.39810943603516,7718600
2013-10-24,92.80999755859375,93.44999694824219,92.30999755859375,92.8499984741211,72.40589141845703,4376500
2013-10-25,92.47000122070312,93.27999877929688,92.41000366210938,92.9000015258789,72.44490051269531,4697700
2013-10-28,92.70999908447266,93.13999938964844,92.12000274658203,92.8499984741211,72.40589141845703,4936700
2013-10-29,93.23999786376953,94.01000213623047,92.88999938964844,94.0,73.30270385742188,4078100
2013-10-30,94.43000030517578,94.7699966430664,93.36000061035156,93.87999725341797,73.20912170410156,5615900
2013-10-31,93.87999725341797,94.44999694824219,93.2699966430664,93.72000122070312,73.08433532714844,5305400
2013-11-01,93.94999694824219,94.0999984741211,92.12999725341797,93.0,72.52290344238281,5907400
2013-11-04,93.4000015258789,93.72000122070312,92.83000183105469,93.51000213623047,72.92060852050781,3841400
2013-11-05,92.97000122070312,93.11000061035156,91.86000061035156,92.38999938964844,72.04718780517578,4892700
2013-11-06,93.06999969482422,93.87999725341797,92.5999984741211,93.2300033569336,72.70223999023438,4244300
2013-11-07,93.6500015258789,93.79000091552734,91.83999633789062,92.05000305175781,71.7820816040039,5349000
2013-11-08,91.87000274658203,93.88999938964844,91.80999755859375,93.79000091552734,73.13894653320312,6832400
2013-11-11,93.77999877929688,94.80999755859375,93.51000213623047,93.87000274658203,73.2013168334961,3847200
2013-11-12,93.47000122070312,93.56999969482422,91.29000091552734,91.98999786376953,71.73526763916016,6598400
2013-11-13,91.66000366210938,93.0999984741211,90.77999877929688,93.08000183105469,72.58528137207031,6008000
2013-11-14,93.18000030517578,93.5,92.66999816894531,93.30999755859375,72.76461791992188,4226700
2013-11-15,93.38999938964844,93.87000274658203,92.33000183105469,92.9800033569336,72.50729370117188,5056400
2013-11-18,93.20999908447266,93.30000305175781,91.62999725341797,92.0199966430664,71.75867462158203,4352100
2013-11-19,91.66999816894531,92.19999694824219,90.56999969482422,91.27999877929688,71.1816177368164,6261800
2013-11-20,91.94000244140625,91.97000122070312,90.30999755859375,90.44999694824219,70.53437042236328,5554300
2013-11-21,90.80999755859375,91.13999938964844,90.38999938964844,91.01000213623047,70.97103881835938,5774700
2013-11-22,91.30999755859375,92.79000091552734,91.0,92.7300033569336,72.31233215332031,5274000
2013-11-25,92.45999908447266,92.69999694824219,89.5,89.80999755859375,70.03527069091797,7255000
2013-11-26,89.87000274658203,90.01000213623047,88.9000015258789,89.45999908447266,69.76235961914062,6987200
2013-11-27,89.31999969482422,89.48999786376953,86.79000091552734,87.94999694824219,68.5848159790039,8571100
2013-11-29,88.12999725341797,89.66000366210938,87.68000030517578,88.41999816894531,68.95132446289062,4093900
2013-12-02,88.63999938964844,88.98999786376953,87.33999633789062,87.5999984741211,68.55455780029297,4653800
2013-12-03,87.16000366210938,88.0999984741211,86.37999725341797,87.63999938964844,68.58586120605469,5831900
2013-12-04,87.37000274658203,87.9000015258789,86.5,87.27999877929688,68.30413055419922,6694500
2013-12-05,86.73999786376953,87.91000366210938,86.55999755859375,86.87000274658203,67.98328399658203,5986200
2013-12-06,88.0999984741211,88.52999877929688,87.7699966430664,88.1500015258789,68.9849624633789,6102400
2013-12-09,88.5199966430664,88.5199966430664,86.94000244140625,88.02999877929688,68.89105987548828,5066900
2013-12-10,87.69999694824219,88.0999984741211,86.8499984741211,87.01000213623047,68.09281921386719,4867100
2013-12-11,87.0,87.4800033569336,85.9000015258789,86.13999938964844,67.4119644165039,5387500
2013-12-12,86.2300033569336,87.63999938964844,85.97000122070312,86.95999908447266,68.0536880493164,5923400
2013-12-13,87.37999725341797,87.51000213623047,85.8499984741211,86.37000274658203,67.59198760986328,6089300
2013-12-16,86.98999786376953,87.12999725341797,86.1500015258789,87.0,68.0849838256836,5083600
2013-12-17,87.02999877929688,87.5199966430664,85.44999694824219,85.54000091552734,66.94244384765625,7275800
2013-12-18,85.58000183105469,87.30999755859375,84.91000366210938,87.26000213623047,68.2884750366211,8990400
2013-12-19,87.04000091552734,87.08000183105469,85.6500015258789,86.47000122070312,67.67021942138672,6374800
2013-12-20,86.51000213623047,87.76000213623047,86.0,87.2699966430664,68.29631805419922,9322500
2013-12-23,87.87999725341797,88.12999725341797,87.2699966430664,87.31999969482422,68.33544158935547,5214500
2013-12-24,87.52999877929688,88.5,87.37000274658203,88.30999755859375,69.11019134521484,1849900
2013-12-26,88.4800033569336,89.55999755859375,88.4000015258789,89.38999938964844,69.95539093017578,3640400
2013-12-27,89.54000091552734,89.98999786376953,89.05000305175781,89.9000015258789,70.35450744628906,3488600
2013-12-30,89.97000122070312,90.26000213623047,89.13999938964844,89.16999816894531,69.78321075439453,4028500
2013-12-31,89.5,90.20999908447266,89.06999969482422,90.11000061035156,70.51885223388672,3397400
2014-01-02,89.4800033569336,90.12000274658203,88.61000061035156,88.81999969482422,69.50930786132812,4958100
2014-01-03,88.94000244140625,89.3499984741211,88.20999908447266,88.3499984741211,69.14149475097656,4212000
2014-01-06,88.87999725341797,88.91999816894531,87.30000305175781,88.0199966430664,68.88323211669922,6370100
2014-01-07,88.05000305175781,88.45999908447266,86.7699966430664,87.51000213623047,68.48411560058594,6423800
2014-01-08,87.36000061035156,87.66000366210938,86.37999725341797,86.9800033569336,68.06936645507812,8527100
2014-01-09,87.5199966430664,87.6500015258789,86.05000305175781,86.4800033569336,67.67808532714844,6559200
2014-01-10,86.08000183105469,88.19999694824219,85.7699966430664,88.16999816894531,69.0006332397461,8417100
2014-01-13,88.4000015258789,88.54000091552734,87.29000091552734,87.45999908447266,68.44499969482422,6824000
2014-01-14,87.91000366210938,88.93000030517578,87.37000274658203,88.87000274658203,69.5484390258789,5523900
2014-01-15,88.91000366210938,89.30000305175781,87.9000015258789,88.88999938964844,69.5640869140625,6804700
2014-01-16,88.87999725341797,89.38999938964844,88.13999938964844,88.61000061035156,69.34496307373047,6930700
2014-01-17,89.80999755859375,90.41000366210938,88.0,90.20999908447266,70.59711456298828,11923900
2014-01-21,91.19999694824219,92.11000061035156,90.37999725341797,91.08999633789062,71.2857894897461,8312400
2014-01-22,91.31999969482422,91.36000061035156,90.27999877929688,91.20999908447266,71.37969207763672,5123800
2014-01-23,90.63999938964844,91.19000244140625,89.9800033569336,90.26000213623047,70.6362533569336,6603500
2014-01-24,89.2300033569336,89.33999633789062,87.81999969482422,88.1500015258789,68.9849624633789,8402100
2014-01-27,88.30000305175781,88.62000274658203,86.9000015258789,87.91000366210938,68.79715728759766,6073300
2014-01-28,88.22000122070312,88.5199966430664,87.19000244140625,87.76000213623047,68.67976379394531,4677700
2014-01-29,87.08000183105469,87.5199966430664,86.43000030517578,87.30000305175781,68.31981658935547,6662400
2014-01-30,87.9000015258789,89.48999786376953,87.88999938964844,88.80999755859375,69.50146484375,5613700
2014-01-31,87.87000274658203,88.58999633789062,87.30000305175781,87.56999969482422,68.53106689453125,6337900
2014-02-03,87.80000305175781,88.0,85.88999938964844,86.2300033569336,67.48240661621094,7207100
2014-02-04,86.3499984741211,87.83000183105469,86.20999908447266,87.19000244140625,68.23370361328125,6288000
2014-02-05,87.1500015258789,87.63999938964844,86.0,86.16000366210938,67.42761993408203,6650900
2014-02-06,86.55000305175781,88.7699966430664,86.48999786376953,88.51000213623047,69.26671600341797,5384000
2014-02-07,88.98999786376953,89.73999786376953,88.33000183105469,89.5,70.04148864746094,5985000
2014-02-10,89.45999908447266,89.4800033569336,88.38999938964844,89.04000091552734,69.68147277832031,5186900
2014-02-11,89.02999877929688,90.6500015258789,89.01000213623047,90.37000274658203,70.72232055664062,5925100
2014-02-12,90.41999816894531,91.05999755859375,89.95999908447266,90.02999877929688,70.45625305175781,4285000
2014-02-13,89.55000305175781,90.70999908447266,89.1500015258789,90.26000213623047,70.6362533569336,5060900
2014-02-14,90.05999755859375,91.19000244140625,89.94999694824219,90.44999694824219,71.10002899169922,4661800
2014-02-18,90.45999908447266,90.7699966430664,89.69999694824219,90.62999725341797,71.24150848388672,5336000
2014-02-19,90.27999877929688,91.68000030517578,90.27999877929688,90.4800033569336,71.12360382080078,5990400
2014-02-20,90.41000366210938,91.12999725341797,90.30000305175781,91.02999877929688,71.5559310913086,4917000
2014-02-21,91.25,91.4800033569336,90.05999755859375,90.06999969482422,70.80130004882812,6322800
2014-02-24,90.41999816894531,93.66999816894531,90.38999938964844,92.72000122070312,72.8843994140625,8868900
2014-02-25,92.23999786376953,92.75,91.44000244140625,92.55999755859375,72.75861358642578,5254300
2014-02-26,93.29000091552734,93.47000122070312,92.11000061035156,92.3499984741211,72.59354400634766,4337700
2014-02-27,91.9800033569336,92.69999694824219,91.4800033569336,92.56999969482422,72.76648712158203,3947400
2014-02-28,93.16999816894531,93.83999633789062,92.66999816894531,93.0,73.10452270507812,5966900
2014-03-03,92.26000213623047,92.87999725341797,90.5999984741211,91.26000213623047,71.73674011230469,7741200
2014-03-04,92.5,93.01000213623047,91.87999725341797,92.48999786376953,72.70362091064453,6768400
2014-03-05,92.13999938964844,92.5999984741211,91.58000183105469,92.01000213623047,72.32628631591797,3995800
2014-03-06,92.2300033569336,93.05999755859375,91.88999938964844,92.75,72.90797424316406,4612000
2014-03-07,93.2300033569336,93.3499984741211,92.5,92.9800033569336,73.08879089355469,4690300
2014-03-10,92.66999816894531,93.0,92.05999755859375,92.87000274658203,73.00230407714844,3301800
2014-03-11,93.27999877929688,93.62000274658203,91.55999755859375,91.94999694824219,72.27912902832031,5301500
2014-03-12,91.19000244140625,91.41000366210938,90.38999938964844,91.16999816894531,71.666015625,4992700
2014-03-13,91.56999969482422,91.7300033569336,89.5999984741211,90.2699966430664,70.95852661132812,6466500
2014-03-14,90.20999908447266,90.58999633789062,88.87999725341797,89.08999633789062,70.03095245361328,7657300
2014-03-17,89.1500015258789,89.97000122070312,89.1500015258789,89.77999877929688,70.57337188720703,8924900
2014-03-18,90.19999694824219,90.98999786376953,89.94999694824219,90.5,71.13932800292969,4377000
2014-03-19,90.58000183105469,91.0999984741211,89.86000061035156,90.36000061035156,71.0292739868164,4160200
2014-03-20,90.3499984741211,91.44000244140625,89.91000366210938,91.11000061035156,71.61882781982422,4289500
2014-03-21,91.91000366210938,93.4000015258789,90.94999694824219,92.66999816894531,72.84508514404297,11148800
2014-03-24,93.0999984741211,94.80000305175781,93.0199966430664,93.2300033569336,73.28529357910156,7381600
2014-03-25,94.48999786376953,95.87999725341797,94.41000366210938,95.55999755859375,75.1168441772461,9651800
2014-03-26,95.83999633789062,96.43000030517578,95.36000061035156,95.43000030517578,75.01463317871094,6515700
2014-03-27,95.41000366210938,97.43000030517578,95.25,96.48999786376953,75.84789276123047,7174100
2014-03-28,96.69000244140625,98.44999694824219,96.48999786376953,97.56999969482422,76.69683837890625,7801000
2014-03-31,97.83000183105469,98.27999877929688,97.22000122070312,97.5,76.64179992675781,5278100
2014-04-01,97.19000244140625,98.16000366210938,97.12999725341797,97.95999908447266,77.00340270996094,4185300
2014-04-02,98.06999969482422,98.41000366210938,97.58000183105469,97.69000244140625,76.79115295410156,4997600
2014-04-03,97.9800033569336,98.70999908447266,97.79000091552734,98.06999969482422,77.0898666381836,4499100
2014-04-04,98.23999786376953,99.69000244140625,97.80999755859375,98.02999877929688,77.05843353271484,8265600
2014-04-07,97.91999816894531,98.52999877929688,97.55000305175781,97.5999984741211,76.72042846679688,7552900
2014-04-08,97.41999816894531,98.69000244140625,97.36000061035156,98.44000244140625,77.38072967529297,6689200
2014-04-09,98.55999755859375,99.16000366210938,97.55999755859375,99.0199966430664,77.83663177490234,5434000
2014-04-10,98.88999938964844,99.44999694824219,97.16000366210938,97.31999969482422,76.50032806396484,5482500
2014-04-11,96.91999816894531,97.54000091552734,96.66000366210938,97.0999984741211,76.32738494873047,5563900
2014-04-14,97.8499984741211,99.33000183105469,97.70999908447266,98.4800033569336,77.41218566894531,6203500
2014-04-15,98.4800033569336,100.5,98.12000274658203,100.11000061035156,78.69343566894531,8585700
2014-04-16,100.5199966430664,101.05999755859375,100.05000305175781,100.94000244140625,79.34589385986328,6955500
2014-04-17,101.58000183105469,101.87000274658203,99.22000122070312,99.91000366210938,78.53623962402344,10169700
2014-04-21,100.33000183105469,102.08999633789062,99.91000366210938,101.80000305175781,80.02191925048828,7005300
2014-04-22,101.30999755859375,102.66000366210938,100.9000015258789,102.02999877929688,80.20268249511719,6939500
2014-04-23,102.0199966430664,102.80000305175781,101.7699966430664,102.20999908447266,80.34420776367188,5547200
2014-04-24,102.05999755859375,102.62000274658203,101.5199966430664,101.80000305175781,80.02191925048828,5168700
2014-04-25,101.56999969482422,102.1500015258789,101.12000274658203,101.75,79.98262786865234,6998500
2014-04-28,102.12999725341797,102.2699966430664,100.36000061035156,101.29000091552734,79.62102508544922,6183500
2014-04-29,101.83999633789062,103.58000183105469,101.33999633789062,101.38999938964844,79.69962310791016,7020600
2014-04-30,101.2300033569336,101.91000366210938,100.8499984741211,101.55000305175781,79.82539367675781,5426900
2014-05-01,101.58000183105469,101.77999877929688,100.56999969482422,100.80000305175781,79.23584747314453,4174900
2014-05-02,101.38999938964844,101.72000122070312,100.70999908447266,101.02999877929688,79.4166259765625,4471200
2014-05-05,100.6500015258789,101.66999816894531,100.48999786376953,101.0999984741211,79.4716567993164,3112000
2014-05-06,101.05000305175781,101.5,100.62000274658203,101.0,79.39305114746094,4681300
2014-05-07,101.27999877929688,102.08000183105469,100.80999755859375,101.87999725341797,80.08479309082031,4075200
2014-05-08,101.83999633789062,102.12000274658203,100.16999816894531,100.27999877929688,78.82709503173828,4374900
2014-05-09,100.2699966430664,100.5199966430664,99.68000030517578,100.22000122070312,78.77992248535156,4659700
2014-05-12,100.6500015258789,100.7699966430664,99.93000030517578,100.29000091552734,78.83494567871094,4071200
2014-05-13,100.27999877929688,100.81999969482422,99.76000213623047,100.25,78.80350494384766,4518200
2014-05-14,100.26000213623047,101.2300033569336,100.26000213623047,100.73999786376953,79.18867492675781,5134100
2014-05-15,100.36000061035156,100.36000061035156,98.33999633789062,99.5,78.21395111083984,6593900
2014-05-16,99.19999694824219,99.83000183105469,98.5,99.58999633789062,78.28468322753906,4965100
2014-05-19,99.37000274658203,100.44000244140625,99.26000213623047,100.29000091552734,78.83494567871094,4095900
2014-05-20,100.02999877929688,100.91999816894531,99.97000122070312,100.38999938964844,78.9135513305664,3904100
2014-05-21,100.83999633789062,101.73999786376953,100.80999755859375,101.58000183105469,79.84899139404297,4114200
2014-05-22,101.44999694824219,101.95999908447266,101.20999908447266,101.5999984741211,79.86469268798828,3757800
2014-05-23,101.5999984741211,101.9000015258789,101.05000305175781,101.38999938964844,79.69962310791016,4463200
2014-05-27,101.91000366210938,102.33999633789062,101.5,102.16000366210938,80.30491638183594,3660300
2014-05-28,102.4000015258789,102.51000213623047,101.0199966430664,101.87000274658203,80.07693481445312,3660000
2014-05-29,102.33999633789062,104.12000274658203,102.30000305175781,103.86000061035156,81.64122772216797,4792000
2014-05-30,103.69000244140625,104.20999908447266,103.19999694824219,104.04000091552734,81.78273010253906,4666500
2014-06-02,104.06999969482422,104.68000030517578,103.20999908447266,103.91000366210938,81.99577331542969,3748000
2014-06-03,103.93000030517578,103.95999908447266,102.91999816894531,103.8499984741211,81.94841003417969,3503900
2014-06-04,103.5199966430664,103.80000305175781,102.91000366210938,103.72000122070312,81.84584045410156,4815100
2014-06-05,103.63999938964844,104.0999984741211,103.16000366210938,103.91000366210938,81.99577331542969,4055600
2014-06-06,104.45999908447266,105.98999786376953,104.13999938964844,105.98999786376953,83.63713836669922,6205600
2014-06-09,105.94999694824219,106.94999694824219,105.5199966430664,106.72000122070312,84.21315002441406,5692300
2014-06-10,106.20999908447266,107.20999908447266,106.12999725341797,106.52999877929688,84.06322479248047,4148000
2014-06-11,106.26000213623047,107.01000213623047,106.0,106.54000091552734,84.07112884521484,3199100
2014-06-12,106.83999633789062,108.08000183105469,106.13999938964844,106.33000183105469,83.90540313720703,5847600
2014-06-13,106.9000015258789,108.2699966430664,106.0199966430664,108.25,85.42048645019531,4749000
2014-06-16,107.80000305175781,107.87999725341797,106.62999725341797,107.05000305175781,84.47355651855469,4126700
2014-06-17,106.66000366210938,107.19000244140625,106.01000213623047,106.0999984741211,83.72393035888672,4321500
2014-06-18,106.08999633789062,107.16999816894531,105.44000244140625,107.08000183105469,84.49720764160156,6129400
2014-06-19,107.1500015258789,107.98999786376953,106.7699966430664,107.5999984741211,84.90756225585938,5892900
2014-06-20,108.04000091552734,109.75,107.8499984741211,108.83000183105469,85.87814331054688,8860300
2014-06-23,109.29000091552734,109.41999816894531,108.41999816894531,108.9000015258789,85.93339538574219,4284100
2014-06-24,108.8499984741211,109.5,106.77999877929688,106.9800033569336,84.41830444335938,5762000
2014-06-25,106.8499984741211,114.44000244140625,106.8499984741211,113.8499984741211,89.8394546508789,17541800
2014-06-26,114.91999816894531,117.55999755859375,114.69999694824219,116.12000274658203,91.6307144165039,14230400
2014-06-27,115.94000244140625,117.80000305175781,115.25,117.80000305175781,92.9564208984375,7830900
2014-06-30,117.48999786376953,118.12999725341797,117.02999877929688,117.94999694824219,93.07475280761719,6529400
2014-07-01,118.30000305175781,118.76000213623047,117.3499984741211,117.8499984741211,92.99586486816406,6644900
2014-07-02,117.9800033569336,118.25,117.19000244140625,117.7300033569336,92.90117645263672,4321100
2014-07-03,117.73999786376953,117.94000244140625,116.37999725341797,117.5,92.71968078613281,3574000
2014-07-07,117.33999633789062,117.62999725341797,116.70999908447266,117.43000030517578,92.66444396972656,4887400
2014-07-08,117.05000305175781,117.3499984741211,116.23999786376953,116.75,92.12785339355469,6460900
2014-07-09,117.2699966430664,117.31999969482422,116.13999938964844,116.95999908447266,92.29357147216797,6769500
2014-07-10,115.83999633789062,116.37999725341797,114.80000305175781,115.4000015258789,91.06257629394531,5112800
2014-07-11,115.30999755859375,115.45999908447266,114.12999725341797,114.69999694824219,90.51018524169922,4831900
2014-07-14,114.81999969482422,116.05999755859375,114.7300033569336,115.94000244140625,91.48867797851562,5160000
2014-07-15,114.44999694824219,115.76000213623047,113.55000305175781,114.45999908447266,90.32080078125,6472400
2014-07-16,115.0,115.9000015258789,114.30999755859375,115.87999725341797,91.44132232666016,5303200
2014-07-17,115.6500015258789,115.6500015258789,114.0,114.63999938964844,90.46285247802734,5348000
2014-07-18,113.5,113.6500015258789,110.7699966430664,112.36000061035156,88.6636962890625,9057900
2014-07-21,112.37999725341797,113.97000122070312,112.36000061035156,113.04000091552734,89.20028686523438,4427800
2014-07-22,113.73999786376953,114.1500015258789,113.26000213623047,113.41000366210938,89.49226379394531,4174100
2014-07-23,113.58999633789062,113.58999633789062,111.93000030517578,112.11000061035156,88.4664077758789,4745400
2014-07-24,112.30000305175781,113.29000091552734,112.22000122070312,113.0999984741211,89.24762725830078,4750600
2014-07-25,112.75,112.9000015258789,111.66999816894531,111.77999877929688,88.20601654052734,5837300
2014-07-28,111.93000030517578,112.2699966430664,110.9000015258789,111.88999938964844,88.29280853271484,4811000
2014-07-29,112.19999694824219,112.61000061035156,111.12000274658203,111.12000274658203,87.6852035522461,3981800
2014-07-30,111.52999877929688,111.97000122070312,109.86000061035156,110.2699966430664,87.01445770263672,5750400
2014-07-31,109.58000183105469,109.93000030517578,107.94000244140625,108.38999938964844,85.53095245361328,7561900
2014-08-01,107.86000061035156,109.08999633789062,106.83999633789062,107.94999694824219,85.18375396728516,6045800
2014-08-04,108.04000091552734,110.05000305175781,107.5199966430664,109.66999816894531,86.54100036621094,5759800
2014-08-05,108.88999938964844,108.97000122070312,106.3499984741211,107.08000183105469,84.49720764160156,6946200
2014-08-06,106.44000244140625,108.9000015258789,106.30000305175781,107.56999969482422,84.88388061523438,5352900
2014-08-07,107.97000122070312,108.62000274658203,106.5999984741211,107.01000213623047,84.44197082519531,4653100
2014-08-08,107.25,108.4800033569336,107.19999694824219,108.37999725341797,85.5230484008789,4168900
2014-08-11,108.97000122070312,110.3499984741211,108.5199966430664,109.20999908447266,86.17800903320312,5354100
2014-08-12,108.94999694824219,109.30999755859375,107.5199966430664,107.87000274658203,85.12059020996094,4625000
2014-08-13,108.69000244140625,109.23999786376953,107.41999816894531,107.62000274658203,84.92332458496094,4294700
2014-08-14,107.95999908447266,108.41000366210938,105.55000305175781,105.91000366210938,83.573974609375,5857600
2014-08-15,106.30000305175781,106.87999725341797,105.38999938964844,106.52999877929688,84.06322479248047,5322500
2014-08-18,109.26000213623047,109.48999786376953,107.54000091552734,108.13999938964844,85.33366394042969,7806500
2014-08-19,109.06999969482422,109.6500015258789,108.37000274658203,109.41999816894531,86.34374237060547,6228900
2014-08-20,109.86000061035156,110.02999877929688,108.70999908447266,109.8499984741211,86.68304443359375,4627300
2014-08-21,109.95999908447266,109.98999786376953,108.9000015258789,109.44000244140625,86.35951232910156,4642900
2014-08-22,109.05999755859375,109.70999908447266,108.05999755859375,109.02999877929688,86.03598022460938,4162600
2014-08-25,109.66999816894531,110.5,109.33000183105469,110.22000122070312,86.97500610351562,4497400
2014-08-26,110.75,111.87999725341797,110.68000030517578,111.0199966430664,87.60626983642578,4827000
2014-08-27,111.4800033569336,112.0,110.5199966430664,111.04000091552734,87.62206268310547,4339700
2014-08-28,110.83999633789062,110.83999633789062,110.01000213623047,110.16000366210938,86.92768096923828,3515800
2014-08-29,110.29000091552734,110.37999725341797,109.16999816894531,109.63999938964844,86.83261108398438,4594700
2014-09-02,109.62999725341797,109.66000366210938,107.5199966430664,108.05999755859375,85.58128356933594,6242700
2014-09-03,109.25,109.93000030517578,108.11000061035156,108.16999816894531,85.66841125488281,4598900
2014-09-04,108.23999786376953,108.2699966430664,105.08999633789062,105.63999938964844,83.66472625732422,7410500
2014-09-05,106.02999877929688,106.79000091552734,104.88999938964844,106.76000213623047,84.5517349243164,5971700
2014-09-08,105.91999816894531,105.98999786376953,103.7699966430664,104.48999786376953,82.75394439697266,7000000
2014-09-09,104.66999816894531,105.41999816894531,103.26000213623047,103.97000122070312,82.34210968017578,6221300
2014-09-10,104.06999969482422,104.43000030517578,102.75,104.2699966430664,82.57969665527344,5709500
2014-09-11,103.22000122070312,104.9000015258789,103.0,104.44999694824219,82.72224426269531,5823100
2014-09-12,103.7300033569336,104.08000183105469,102.08999633789062,102.22000122070312,80.9561538696289,7383100
2014-09-15,102.02999877929688,103.5999984741211,101.8499984741211,103.05000305175781,81.61347961425781,5737800
2014-09-16,102.87000274658203,105.8499984741211,102.86000061035156,104.95999908447266,83.12614440917969,6676400
2014-09-17,105.41000366210938,105.81999969482422,103.0999984741211,103.30999755859375,81.81938934326172,8185000
2014-09-18,103.77999877929688,104.94000244140625,103.31999969482422,104.47000122070312,82.73810577392578,6514100
2014-09-19,104.56999969482422,105.18000030517578,103.20999908447266,103.20999908447266,81.74019622802734,9520200
2014-09-22,103.23999786376953,103.23999786376953,101.23999786376953,101.72000122070312,80.56011962890625,5644100
2014-09-23,101.80999755859375,103.06999969482422,101.25,102.08999633789062,80.85317993164062,4969000
2014-09-24,102.20999908447266,102.77999877929688,100.30000305175781,102.06999969482422,80.83734893798828,6742900
2014-09-25,103.38999938964844,103.43000030517578,100.37000274658203,101.01000213623047,79.99785614013672,7353300
2014-09-26,101.3499984741211,103.62000274658203,100.8499984741211,103.45999908447266,81.93819427490234,6353800
2014-09-29,102.25,103.63999938964844,101.62000274658203,103.27999877929688,81.795654296875,7040600
2014-09-30,103.62999725341797,104.37999725341797,101.31999969482422,101.69000244140625,80.53638458251953,8082800
2014-10-01,101.41000366210938,102.4000015258789,98.37999725341797,98.8499984741211,78.28717041015625,8674100
2014-10-02,98.13999938964844,98.44999694824219,96.80000305175781,97.77999877929688,77.43974304199219,10864100
2014-10-03,98.23999786376953,98.44999694824219,96.55000305175781,97.9000015258789,77.53480529785156,6807000
2014-10-06,98.37999725341797,99.81999969482422,97.62999725341797,98.55999755859375,78.05747985839844,6058800
2014-10-07,98.18000030517578,100.18000030517578,97.55000305175781,98.2300033569336,77.7961654663086,9573500
2014-10-08,97.69999694824219,98.52999877929688,95.75,98.44000244140625,77.96247100830078,10521000
2014-10-09,97.95999908447266,97.97000122070312,94.69999694824219,94.91999816894531,75.17469787597656,14844800
2014-10-10,94.0999984741211,94.97000122070312,92.06999969482422,93.06999969482422,73.70953369140625,13965100
2014-10-13,92.83000183105469,94.2300033569336,90.73999786376953,90.93000030517578,72.01470184326172,13965300
2014-10-14,91.0999984741211,92.5199966430664,88.20999908447266,88.95999908447266,70.45449829101562,14772500
2014-10-15,87.9000015258789,89.77999877929688,86.19999694824219,89.20999908447266,70.65249633789062,18304100
2014-10-16,86.75,91.22000122070312,86.0,90.63999938964844,71.78501892089844,15422000
2014-10-17,97.30999755859375,98.44000244140625,93.08000183105469,93.97000122070312,74.42230987548828,17948500
2014-10-20,94.5199966430664,94.94000244140625,93.75,94.5999984741211,74.9212646484375,8209900
2014-10-21,96.95999908447266,97.75,95.66999816894531,97.75,77.41598510742188,9180700
2014-10-22,98.18000030517578,98.66000366210938,95.93000030517578,95.98999786376953,76.02210235595703,8312300
2014-10-23,98.20999908447266,99.4000015258789,97.06999969482422,98.26000213623047,77.81990051269531,7767700
2014-10-24,98.19999694824219,98.19999694824219,96.27999877929688,97.23999786376953,77.01209259033203,7489500
2014-10-27,95.30999755859375,95.30999755859375,92.44999694824219,93.5199966430664,74.06590270996094,15256800
2014-10-28,94.2300033569336,96.75,93.54000091552734,96.51000213623047,76.4339370727539,8323400
2014-10-29,97.87000274658203,98.66000366210938,96.44999694824219,97.41000366210938,77.14672088623047,7375200
2014-10-30,96.87999725341797,97.91000366210938,96.02999877929688,97.62000274658203,77.31303405761719,5104700
2014-10-31,96.80000305175781,98.80000305175781,96.54000091552734,98.66000366210938,78.13668823242188,8293900
2014-11-03,98.0199966430664,99.18000030517578,96.16000366210938,96.5199966430664,76.4418716430664,7732700
2014-11-04,95.5199966430664,95.5199966430664,93.44000244140625,94.16000366210938,74.57276916503906,9568200
2014-11-05,94.58000183105469,97.1500015258789,94.1500015258789,96.63999938964844,76.53691101074219,7443600
2014-11-06,95.5,97.08000183105469,94.0999984741211,96.9800033569336,76.80616760253906,9507500
2014-11-07,97.38999938964844,99.93000030517578,97.2699966430664,98.7300033569336,78.19213104248047,7826000
2014-11-10,99.44999694824219,100.54000091552734,98.18000030517578,98.29000091552734,77.84368133544922,7972900
2014-11-11,98.37000274658203,98.48999786376953,96.75,98.36000061035156,77.89908599853516,6111500
2014-11-12,97.75,99.69000244140625,97.23999786376953,97.43000030517578,77.16252899169922,6683300
2014-11-13,96.61000061035156,97.47000122070312,92.72000122070312,94.8499984741211,75.11923217773438,18117300
2014-11-14,96.26000213623047,96.8499984741211,94.41999816894531,95.31999969482422,75.49148559570312,11825000
2014-11-17,95.25,96.5,94.94000244140625,95.62999725341797,75.73702239990234,8499600
2014-11-18,96.66999816894531,96.66999816894531,94.94999694824219,95.27999877929688,75.45979309082031,5971400
2014-11-19,95.12000274658203,95.75,93.93000030517578,95.0,75.23805236816406,6553200
2014-11-20,95.0,96.25,94.66000366210938,96.13999938964844,76.14089965820312,8198700
2014-11-21,98.08000183105469,98.75,96.80000305175781,97.87000274658203,77.51102447509766,9293900
2014-11-24,98.70999908447266,99.20999908447266,97.97000122070312,98.44999694824219,77.97038269042969,10324700
2014-11-25,98.80999755859375,99.0199966430664,95.05000305175781,95.19999694824219,75.39645385742188,10729600
2014-11-26,94.83000183105469,94.91000366210938,92.30000305175781,92.80999755859375,73.50361633300781,9882600
2014-11-28,86.30000305175781,86.68000030517578,83.25,85.94999694824219,68.07062530517578,18876100
2014-12-01,84.52999877929688,85.81999969482422,82.66000366210938,84.83999633789062,67.50568389892578,18083200
2014-12-02,85.05999755859375,86.0999984741211,83.83000183105469,85.22000122070312,67.80805206298828,13759400
2014-12-03,85.7699966430664,87.16999816894531,85.0999984741211,86.76000213623047,69.03341674804688,11464800
2014-12-04,86.08000183105469,88.16000366210938,85.4000015258789,87.43000030517578,69.56649017333984,9000100
2014-12-05,87.20999908447266,88.16000366210938,86.0,87.16000366210938,69.35167694091797,8983600
2014-12-08,86.04000091552734,86.18000030517578,83.91000366210938,84.20999908447266,67.0044174194336,11306800
2014-12-09,83.30999755859375,85.52999877929688,82.9000015258789,85.47000122070312,68.0069808959961,10595600
2014-12-10,83.98999786376953,84.05999755859375,82.12999725341797,83.16999816894531,66.17688751220703,11166500
2014-12-11,82.94999694824219,85.19999694824219,82.75,83.01000213623047,66.04962158203125,12332600
2014-12-12,82.05000305175781,82.8499984741211,79.7300033569336,80.0,63.654598236083984,17708800
2014-12-15,80.23999786376953,81.83000183105469,79.83999633789062,79.9000015258789,63.57501983642578,11164500
2014-12-16,78.87000274658203,83.41000366210938,78.47000122070312,80.19000244140625,63.80577850341797,16034600
2014-12-17,81.16999816894531,84.43000030517578,80.25,82.87999725341797,65.94615173339844,13900600
2014-12-18,85.25,85.5199966430664,82.06999969482422,84.2300033569336,67.02033996582031,13255300
2014-12-19,84.30999755859375,87.72000122070312,84.0199966430664,87.5199966430664,69.63811492919922,15493800
2014-12-22,87.33999633789062,87.80000305175781,85.9000015258789,86.75,69.02545166015625,10563800
2014-12-23,87.0999984741211,87.69000244140625,86.26000213623047,87.31999969482422,69.4789810180664,8377900
2014-12-24,86.76000213623047,87.63999938964844,85.5999984741211,87.05999755859375,69.27210998535156,3624100
2014-12-26,87.55000305175781,88.02999877929688,86.5199966430664,87.12999725341797,69.32779693603516,4835500
2014-12-29,87.4000015258789,88.08999633789062,86.55999755859375,87.3499984741211,69.50286865234375,5872800
2014-12-30,87.05999755859375,87.19999694824219,86.05000305175781,86.44000244140625,68.77880096435547,6116200
2014-12-31,85.72000122070312,86.43000030517578,84.80000305175781,85.41000366210938,67.95924377441406,5346800
2015-01-02,84.80999755859375,86.19999694824219,84.62000274658203,85.66999816894531,68.1661148071289,5500800
2015-01-05,84.4000015258789,84.4000015258789,82.58999633789062,83.3499984741211,66.32012176513672,10039400
2015-01-06,82.94000244140625,83.36000061035156,80.66000366210938,81.72000122070312,65.02316284179688,9758400
2015-01-07,82.55000305175781,82.66000366210938,80.52999877929688,81.70999908447266,65.01520538330078,7951600
2015-01-08,82.48999786376953,83.29000091552734,81.94000244140625,82.69999694824219,65.80294036865234,7911600
2015-01-09,83.27999877929688,83.37000274658203,80.58000183105469,81.22000122070312,64.62535858154297,7652400
2015-01-12,79.12999725341797,79.12999725341797,76.7300033569336,78.05000305175781,62.10300064086914,13257100
2015-01-13,78.0,79.0,77.02999877929688,77.77999877929688,61.88816452026367,11931600
2015-01-14,75.98999786376953,78.55999755859375,75.5999984741211,78.38999938964844,62.3735466003418,12226700
2015-01-15,78.73999786376953,79.16000366210938,76.43000030517578,76.62999725341797,60.97312545776367,10918900
2015-01-16,77.4800033569336,81.5199966430664,77.47000122070312,81.33000183105469,64.71284484863281,17587500
2015-01-20,80.37999725341797,80.94000244140625,78.9000015258789,80.4800033569336,64.0365219116211,10948600
2015-01-21,80.41999816894531,82.63999938964844,79.5999984741211,82.20999908447266,65.41304779052734,9178800
2015-01-22,82.94000244140625,83.12000274658203,80.70999908447266,82.13999938964844,65.35736083984375,9040000
2015-01-23,81.93000030517578,83.19999694824219,81.5999984741211,82.0,65.2459487915039,8032800
2015-01-26,82.05999755859375,84.0999984741211,81.55000305175781,83.68000030517578,66.58270263671875,7060500
2015-01-27,82.72000122070312,85.0,82.72000122070312,84.55000305175781,67.27491760253906,7332800
2015-01-28,84.19999694824219,84.23999786376953,80.52999877929688,80.75,64.25135803222656,10041700
2015-01-29,81.16000366210938,82.05999755859375,79.5199966430664,81.9000015258789,65.16638946533203,9037300
2015-01-30,81.33999633789062,83.81999969482422,80.7699966430664,82.38999938964844,65.55628204345703,9947200
2015-02-02,83.98999786376953,84.75,82.5,84.63999938964844,67.3465576171875,9426800
2015-02-03,85.98999786376953,88.08000183105469,85.87000274658203,87.08000183105469,69.28800964355469,15913300
2015-02-04,85.75,85.87000274658203,83.63999938964844,84.55000305175781,67.27491760253906,12071700
2015-02-05,85.63999938964844,86.44000244140625,84.91000366210938,85.91999816894531,68.36505889892578,7749700
2015-02-06,86.81999969482422,87.41999816894531,85.80000305175781,86.16000366210938,68.55599212646484,8577800
2015-02-09,86.16000366210938,86.87000274658203,85.52999877929688,85.81999969482422,68.6840591430664,7614600
2015-02-10,85.77999877929688,86.0999984741211,84.02999877929688,85.22000122070312,68.203857421875,7217600
2015-02-11,83.9000015258789,85.33000183105469,83.5,84.7300033569336,67.81170654296875,6630800
2015-02-12,86.16000366210938,87.4000015258789,85.4800033569336,85.95999908447266,68.79608917236328,6561100
2015-02-13,87.37000274658203,88.52999877929688,86.95999908447266,88.37999725341797,70.73287200927734,7562900
2015-02-17,88.43000030517578,89.0,87.27999877929688,88.88999938964844,71.14104461669922,7958300
2015-02-18,88.12000274658203,88.33000183105469,87.3499984741211,87.73999786376953,70.22069549560547,7182100
2015-02-19,85.23999786376953,87.58000183105469,85.12000274658203,86.9800033569336,69.61244201660156,6764800
2015-02-20,86.66999816894531,87.23999786376953,85.25,85.87999725341797,68.73206329345703,8123200
2015-02-23,84.79000091552734,86.19000244140625,84.38999938964844,85.54000091552734,68.45997619628906,6033800
2015-02-24,86.58999633789062,86.7300033569336,84.52999877929688,85.30999755859375,68.27587890625,8430700
2015-02-25,85.38999938964844,85.63999938964844,84.55000305175781,85.20999908447266,68.19584655761719,5597000
2015-02-26,84.4800033569336,84.62000274658203,83.2699966430664,83.88999938964844,67.13943481445312,8485400
2015-02-27,83.97000122070312,84.76000213623047,83.97000122070312,84.16000366210938,67.35552978515625,7836000
2015-03-02,83.69000244140625,84.86000061035156,83.16000366210938,84.62000274658203,67.7236557006836,7725600
2015-03-03,84.86000061035156,85.5,83.97000122070312,84.91000366210938,67.95574951171875,6774800
2015-03-04,85.05999755859375,85.29000091552734,83.76000213623047,85.13999938964844,68.13983154296875,8229900
2015-03-05,84.33999633789062,85.08000183105469,83.91999816894531,84.81999969482422,67.88372039794922,5798200
2015-03-06,84.0199966430664,84.4800033569336,82.9000015258789,83.11000061035156,66.5151596069336,9674500
2015-03-09,82.87000274658203,83.38999938964844,82.05000305175781,82.36000061035156,65.9149169921875,6296400
2015-03-10,81.31999969482422,82.44999694824219,81.23999786376953,81.30999755859375,65.07456970214844,8140600
2015-03-11,81.44000244140625,81.91999816894531,81.13999938964844,81.2699966430664,65.04254150390625,6157000
2015-03-12,81.45999908447266,81.63999938964844,80.7699966430664,80.94000244140625,64.77845764160156,7630200
2015-03-13,80.23999786376953,80.9000015258789,79.66999816894531,80.41999816894531,64.36228942871094,8836700
2015-03-16,79.91000366210938,81.4000015258789,79.66999816894531,81.26000213623047,65.03457641601562,8265500
2015-03-17,80.3499984741211,81.08999633789062,79.98999786376953,80.47000122070312,64.40229797363281,7954600
2015-03-18,80.05999755859375,82.66000366210938,79.38999938964844,82.05000305175781,65.66682434082031,11542100
2015-03-19,80.7300033569336,81.9000015258789,80.61000061035156,81.01000213623047,64.83448791503906,8425600
2015-03-20,81.61000061035156,83.18000030517578,81.54000091552734,82.37000274658203,65.92292785644531,14383800
2015-03-23,82.48999786376953,83.56999969482422,82.0,82.0,65.62678527832031,8932100
2015-03-24,81.9000015258789,82.51000213623047,81.66000366210938,81.8499984741211,65.50675201416016,6446100
2015-03-25,82.6500015258789,84.12000274658203,82.31999969482422,83.29000091552734,66.65922546386719,8243100
2015-03-26,84.0,84.5999984741211,82.76000213623047,83.16000366210938,66.55520629882812,8150500
2015-03-27,83.01000213623047,83.47000122070312,82.31999969482422,83.30999755859375,66.67523193359375,5729100
2015-03-30,83.87999725341797,84.7300033569336,83.41000366210938,84.4800033569336,67.61161804199219,6537900
2015-03-31,83.72000122070312,84.26000213623047,83.3499984741211,83.44000244140625,66.77928161621094,7304700
2015-04-01,84.0,84.80000305175781,83.5999984741211,84.27999877929688,67.4515609741211,7808400
2015-04-02,84.08999633789062,85.43000030517578,83.88999938964844,84.38999938964844,67.53959655761719,6039400
2015-04-06,84.95999908447266,87.04000091552734,84.80999755859375,85.91000366210938,68.7560806274414,8092500
2015-04-07,86.13999938964844,86.98999786376953,85.25,86.2699966430664,69.0442123413086,7175700
2015-04-08,86.55999755859375,87.08000183105469,85.26000213623047,86.12000274658203,68.92416381835938,8739200
2015-04-09,86.37999725341797,88.93000030517578,86.26000213623047,88.44999694824219,70.78890991210938,9207300
2015-04-10,88.77999877929688,89.37000274658203,88.19999694824219,89.11000061035156,71.31714630126953,7315700
2015-04-13,88.9800033569336,89.30000305175781,87.76000213623047,88.0199966430664,70.44476318359375,7936900
2015-04-14,88.58999633789062,89.33999633789062,88.3499984741211,88.80000305175781,71.06903076171875,12053100
2015-04-15,89.45999908447266,92.0,88.9000015258789,92.0,73.63007354736328,13207800
2015-04-16,91.25,93.26000213623047,90.2300033569336,91.88999938964844,73.54203796386719,17143200
2015-04-17,94.11000061035156,94.88999938964844,91.54000091552734,92.86000061035156,74.31834411621094,20002600
2015-04-20,92.58000183105469,93.80000305175781,92.20999908447266,92.47000122070312,74.0062255859375,8938000
2015-04-21,92.45999908447266,92.68000030517578,90.61000061035156,91.29000091552734,73.06184387207031,6850200
2015-04-22,91.87000274658203,92.45999908447266,91.11000061035156,92.16000366210938,73.75811767578125,5910200
2015-04-23,92.31999969482422,93.94000244140625,92.31999969482422,93.05000305175781,74.4704360961914,6192500
2015-04-24,92.51000213623047,92.69000244140625,91.16000366210938,91.61000061035156,73.31795501708984,7604000
2015-04-27,92.18000030517578,92.58999633789062,91.44999694824219,92.33000183105469,73.8941879272461,7422500
2015-04-28,92.08999633789062,92.80000305175781,91.4800033569336,92.66000366210938,74.15828704833984,4480500
2015-04-29,92.58000183105469,94.4000015258789,91.9000015258789,94.27999877929688,75.45481872558594,8134100
2015-04-30,94.2300033569336,95.12999725341797,93.43000030517578,94.61000061035156,75.71894073486328,8166600
2015-05-01,94.4800033569336,94.88999938964844,92.80999755859375,93.0,74.430419921875,6926700
2015-05-04,94.18000030517578,94.18000030517578,92.37999725341797,92.9800033569336,74.41439056396484,4993700
2015-05-05,93.66000366210938,94.41000366210938,92.02999877929688,92.04000091552734,73.66209411621094,7349800
2015-05-06,92.70999908447266,93.56999969482422,91.55000305175781,92.2699966430664,73.84613800048828,6665500
2015-05-07,91.61000061035156,91.68000030517578,89.56999969482422,90.2300033569336,72.21349334716797,8670100
2015-05-08,91.31999969482422,92.55999755859375,90.12999725341797,92.43000030517578,73.97421264648438,6078900
2015-05-11,93.38999938964844,93.41000366210938,91.66999816894531,91.7699966430664,73.44599914550781,7335800
2015-05-12,91.37999725341797,92.94000244140625,91.13999938964844,92.47000122070312,74.0062255859375,5088100
2015-05-13,93.12000274658203,93.16999816894531,91.7699966430664,92.51000213623047,74.03825378417969,5913600
2015-05-14,92.80000305175781,93.25,91.9000015258789,92.16999816894531,73.76614379882812,5266400
2015-05-15,91.8499984741211,92.69000244140625,91.16999816894531,92.13999938964844,73.74212646484375,4640500
2015-05-18,91.95999908447266,93.0,91.6500015258789,92.75,74.23031616210938,4023600
2015-05-19,91.73999786376953,91.73999786376953,89.94000244140625,90.55999755859375,72.47759246826172,6213000
2015-05-20,90.69999694824219,91.18000030517578,89.81999969482422,90.75,72.62964630126953,4476300
2015-05-21,91.36000061035156,92.66999816894531,90.77999877929688,92.02999877929688,73.65408325195312,5117000
2015-05-22,91.45999908447266,92.3499984741211,90.7699966430664,92.0199966430664,73.6460952758789,4104200
2015-05-26,91.12000274658203,91.69000244140625,90.25,90.73999786376953,72.62165069580078,6106700
2015-05-27,90.08999633789062,91.69000244140625,90.08999633789062,91.0,72.8297348022461,5406800
2015-05-28,90.66000366210938,90.83999633789062,89.72000122070312,90.6500015258789,72.54962921142578,4400300
2015-05-29,91.0199966430664,91.6500015258789,90.76000213623047,90.7699966430664,72.64566040039062,6089700
2015-06-01,90.19000244140625,91.05000305175781,89.68000030517578,90.6500015258789,72.95148468017578,5003300
2015-06-02,91.05999755859375,92.61000061035156,90.75,91.5,73.63551330566406,5290600
2015-06-03,91.27999877929688,92.47000122070312,91.08000183105469,91.36000061035156,73.52285766601562,3967200
2015-06-04,90.83999633789062,91.33999633789062,90.0,90.06999969482422,72.48472595214844,6451800
2015-06-05,89.69000244140625,91.72000122070312,89.54000091552734,90.16999816894531,72.565185546875,7120000
2015-06-08,89.83000183105469,90.66999816894531,89.13999938964844,89.37000274658203,71.92138671875,7115200
2015-06-09,90.16000366210938,90.62999725341797,89.79000091552734,89.86000061035156,72.31571960449219,5077800
2015-06-10,90.9800033569336,91.83000183105469,90.7300033569336,91.62999725341797,73.7401351928711,6045600
2015-06-11,91.62999725341797,91.68000030517578,90.55000305175781,90.66999816894531,72.96756744384766,5134600
2015-06-12,90.23999786376953,90.5999984741211,89.81999969482422,90.1500015258789,72.54911804199219,3997800
2015-06-15,89.41000366210938,89.80000305175781,88.69999694824219,89.43000030517578,71.96968078613281,5330500
2015-06-16,89.5999984741211,89.77999877929688,89.0999984741211,89.69000244140625,72.17892456054688,3731700
2015-06-17,90.02999877929688,90.62000274658203,89.19999694824219,89.66999816894531,72.16280364990234,4656400
2015-06-18,90.08999633789062,90.55000305175781,88.5999984741211,88.62999725341797,71.32585144042969,7862800
2015-06-19,87.56999969482422,87.7699966430664,86.2300033569336,86.62000274658203,69.70830535888672,13888600
2015-06-22,86.91000366210938,87.23999786376953,85.80000305175781,86.97000122070312,69.98997497558594,7415400
2015-06-23,86.68000030517578,88.08999633789062,86.48999786376953,88.0,70.81885528564453,5931000
2015-06-24,87.26000213623047,88.12000274658203,87.02999877929688,87.51000213623047,70.42452239990234,6565600
2015-06-25,87.36000061035156,87.72000122070312,86.66999816894531,86.66999816894531,69.74852752685547,5865800
2015-06-26,86.38999938964844,87.31999969482422,86.06999969482422,86.66999816894531,69.74852752685547,25487300
2015-06-29,85.5999984741211,86.61000061035156,85.55000305175781,85.66000366210938,68.93573760986328,7008400
2015-06-30,86.37999725341797,86.48999786376953,85.01000213623047,86.19000244140625,69.36223602294922,8043500
2015-07-01,86.41999816894531,86.69000244140625,83.91999816894531,84.30000305175781,67.84125518798828,10109000
2015-07-02,84.5999984741211,84.88999938964844,83.94000244140625,84.01000213623047,67.60786437988281,7607200
2015-07-06,82.87000274658203,84.2300033569336,82.4000015258789,83.48999786376953,67.18938446044922,7612700
2015-07-07,83.62999725341797,84.63999938964844,82.22000122070312,84.19999694824219,67.76078033447266,9442300
2015-07-08,83.94000244140625,84.45999908447266,82.58000183105469,82.91999816894531,66.73070526123047,6747000
2015-07-09,84.27999877929688,84.33999633789062,83.33000183105469,83.55000305175781,67.23770141601562,7410500
2015-07-10,84.27999877929688,84.55000305175781,83.23999786376953,83.95999908447266,67.567626953125,6512200
2015-07-13,84.0199966430664,84.4800033569336,83.47000122070312,84.29000091552734,67.83320617675781,5613700
2015-07-14,84.4000015258789,86.11000061035156,84.18000030517578,85.29000091552734,68.63797760009766,6151600
2015-07-15,84.76000213623047,84.9800033569336,83.5199966430664,83.62999725341797,67.30204772949219,8792900
2015-07-16,84.58000183105469,84.76000213623047,83.66999816894531,83.88999938964844,67.51131439208984,6623500
2015-07-17,84.20999908447266,84.94999694824219,83.16999816894531,83.70999908447266,67.366455078125,9097800
2015-07-20,84.23999786376953,84.52999877929688,83.44999694824219,83.5199966430664,67.21353149414062,7110800
2015-07-21,83.37999725341797,85.29000091552734,83.12000274658203,84.30000305175781,67.84125518798828,7809200
2015-07-22,83.9800033569336,85.86000061035156,83.55000305175781,85.26000213623047,68.61382293701172,10589000
2015-07-23,85.2300033569336,86.61000061035156,84.91999816894531,86.0199966430664,69.2254409790039,6419300
2015-07-24,85.75,85.80999755859375,82.66000366210938,82.9000015258789,66.71458435058594,8745800
2015-07-27,82.0,82.5,81.25,81.76000213623047,65.79716491699219,7186200
2015-07-28,82.54000091552734,83.05999755859375,81.1500015258789,82.5,66.39269256591797,8330600
2015-07-29,82.0,84.2699966430664,81.91999816894531,83.88999938964844,67.51131439208984,8491100
2015-07-30,84.05999755859375,84.41999816894531,83.08000183105469,83.5199966430664,67.21353149414062,4653500
2015-07-31,83.0999984741211,83.51000213623047,82.62999725341797,82.81999969482422,66.65022277832031,5568600
2015-08-03,82.04000091552734,83.1500015258789,81.66000366210938,82.08000183105469,66.0546875,6808800
2015-08-04,82.33999633789062,83.0,81.87000274658203,82.2699966430664,66.20759582519531,4707300
2015-08-05,82.94000244140625,83.94999694824219,82.12999725341797,82.5,66.39269256591797,5812500
2015-08-06,82.12999725341797,84.19000244140625,81.75,83.58999633789062,67.26985931396484,8265700
2015-08-07,83.22000122070312,83.8499984741211,81.94999694824219,82.25,66.19149780273438,6275900
2015-08-10,82.19999694824219,84.4800033569336,82.16000366210938,84.44000244140625,67.95391845703125,6776600
2015-08-11,82.97000122070312,84.44999694824219,82.55999755859375,84.36000061035156,67.88954162597656,6088400
2015-08-12,83.98999786376953,85.04000091552734,82.87000274658203,84.83000183105469,68.26776885986328,6682100
2015-08-13,84.38999938964844,84.69000244140625,83.44000244140625,84.08999633789062,67.67224884033203,5908500
2015-08-14,84.0199966430664,85.12000274658203,83.5199966430664,83.86000061035156,67.48715209960938,4201500
2015-08-17,83.05999755859375,83.8499984741211,83.05999755859375,83.5,67.19744110107422,4845400
2015-08-18,83.55000305175781,83.77999877929688,82.62000274658203,83.1500015258789,66.91576385498047,5106500
2015-08-19,82.37000274658203,82.94000244140625,80.4000015258789,80.66999816894531,64.91999816894531,9410300
2015-08-20,80.47000122070312,81.83000183105469,79.44000244140625,79.44000244140625,63.930110931396484,8483800
2015-08-21,78.80000305175781,79.9000015258789,77.5,77.5,62.36888122558594,11130500
2015-08-24,73.91999816894531,76.30000305175781,73.0199966430664,73.87000274658203,59.44760513305664,17350900
2015-08-25,76.5999984741211,76.61000061035156,72.5,72.5199966430664,58.36117172241211,12085200
2015-08-26,72.5199966430664,72.5199966430664,68.01000213623047,70.08999633789062,56.405601501464844,58004300
2015-08-27,72.30000305175781,73.98999786376953,70.9000015258789,73.8499984741211,59.431522369384766,28622100
2015-08-28,74.0999984741211,76.86000061035156,73.27999877929688,76.05999755859375,61.21003723144531,15702900
2015-08-31,75.12999725341797,77.70999908447266,74.61000061035156,77.37000274658203,62.67626953125,17008400
2015-09-01,75.30000305175781,76.56999969482422,74.83999633789062,75.41999816894531,61.493995666503906,14970000
2015-09-02,76.66000366210938,76.9000015258789,73.86000061035156,75.41000366210938,61.48586654663086,12993100
2015-09-03,76.16000366210938,77.5199966430664,75.0199966430664,76.26000213623047,62.17892074584961,11091000
2015-09-04,75.12999725341797,75.38999938964844,74.41999816894531,75.0,61.15156936645508,9072100
2015-09-08,75.30000305175781,75.86000061035156,74.73999786376953,75.54000091552734,61.59184646606445,7189500
2015-09-09,75.66000366210938,77.23999786376953,74.23999786376953,74.4000015258789,60.662353515625,10927200
2015-09-10,74.55000305175781,74.83999633789062,72.88999938964844,74.06999969482422,60.393280029296875,8261000
2015-09-11,73.47000122070312,73.72000122070312,72.2699966430664,73.69999694824219,60.091609954833984,8359800
2015-09-14,73.4000015258789,73.4000015258789,72.3499984741211,72.83999633789062,59.39039993286133,5997600
2015-09-15,73.27999877929688,73.81999969482422,72.69999694824219,73.58999633789062,60.00192642211914,8408800
2015-09-16,74.22000122070312,76.5,73.98999786376953,76.16000366210938,62.09738540649414,7685200
2015-09-17,76.16000366210938,76.81999969482422,75.08000183105469,75.30000305175781,61.396183013916016,8500100
2015-09-18,73.9800033569336,74.0999984741211,72.19999694824219,72.54000091552734,59.145790100097656,12646500
2015-09-21,73.26000213623047,73.4800033569336,72.27999877929688,72.87000274658203,59.41486740112305,5935900
2015-09-22,71.5199966430664,73.12000274658203,71.5,72.56999969482422,59.170265197753906,5894900
2015-09-23,73.20999908447266,73.37999725341797,71.9000015258789,71.94000244140625,58.65659713745117,5726700
2015-09-24,71.38999938964844,73.41999816894531,71.11000061035156,72.69000244140625,59.26810073852539,7655300
2015-09-25,73.25,73.30999755859375,72.2300033569336,72.9000015258789,59.439327239990234,5655600
2015-09-28,71.6500015258789,71.72000122070312,69.31999969482422,69.37000274658203,56.56112289428711,9189100
2015-09-29,69.61000061035156,69.88999938964844,68.02999877929688,69.0999984741211,56.34097671508789,11467000
2015-09-30,69.27999877929688,69.80000305175781,67.75,68.97000122070312,56.234989166259766,11785800
2015-10-01,70.11000061035156,70.98999786376953,67.41000366210938,67.6500015258789,55.158714294433594,12055400
2015-10-02,66.93000030517578,70.44999694824219,66.56999969482422,70.31999969482422,57.3357048034668,12738800
2015-10-05,71.25,72.7300033569336,71.05000305175781,72.08999633789062,58.77888488769531,8800800
2015-10-06,72.30000305175781,74.41000366210938,71.87999725341797,73.94000244140625,60.28729248046875,11672500
2015-10-07,75.43000030517578,76.9000015258789,74.55000305175781,75.3499984741211,61.43695068359375,12631100
2015-10-08,75.27999877929688,76.93000030517578,74.41000366210938,76.63999938964844,62.48874282836914,8446600
2015-10-09,77.1500015258789,77.37000274658203,75.86000061035156,76.36000061035156,62.26043701171875,6842500
2015-10-12,76.6500015258789,76.6500015258789,74.2699966430664,74.94000244140625,61.1026496887207,7575700
2015-10-13,74.19000244140625,76.08000183105469,74.0,74.63999938964844,60.85804748535156,6666300
2015-10-14,74.5999984741211,75.33999633789062,73.7699966430664,75.01000213623047,61.15972900390625,7187800
2015-10-15,75.36000061035156,76.2699966430664,73.87999725341797,76.16000366210938,62.09738540649414,11034700
2015-10-16,75.75,75.80000305175781,72.48999786376953,74.51000213623047,60.75205612182617,17828700
2015-10-19,73.3499984741211,75.41999816894531,73.20999908447266,74.13999938964844,60.45036315917969,7586000
2015-10-20,73.88999938964844,76.08999633789062,73.8499984741211,75.55000305175781,61.60002517700195,8901400
2015-10-21,75.30000305175781,76.9800033569336,75.11000061035156,75.62999725341797,61.66524124145508,7928600
2015-10-22,76.37000274658203,78.5199966430664,76.23999786376953,78.26000213623047,63.80961990356445,9091200
2015-10-23,77.83999633789062,79.23999786376953,77.4000015258789,78.3499984741211,63.88300323486328,8867400
2015-10-26,78.05999755859375,78.1500015258789,76.97000122070312,77.1500015258789,62.90459060668945,7887200
2015-10-27,75.45999908447266,77.41999816894531,75.3499984741211,76.94999694824219,62.74150848388672,9291600
2015-10-28,77.8499984741211,79.70999908447266,77.19999694824219,79.12999725341797,64.51896667480469,11293200
2015-10-29,78.7300033569336,79.94999694824219,78.37000274658203,78.69000244140625,64.16022491455078,6612800
2015-10-30,78.63999938964844,78.88999938964844,76.66000366210938,78.16000366210938,63.72809600830078,9474800
2015-11-02,77.6500015258789,79.7300033569336,77.44999694824219,79.43000030517578,64.76361083984375,8480100
2015-11-03,79.87000274658203,82.43000030517578,79.69000244140625,81.5199966430664,66.46766662597656,10257000
2015-11-04,81.44999694824219,81.70999908447266,79.80000305175781,80.30999755859375,65.48110961914062,8788400
2015-11-05,79.73999786376953,80.72000122070312,78.61000061035156,78.80000305175781,64.24991607666016,6730900
2015-11-06,78.05000305175781,79.06999969482422,77.0,79.05999755859375,64.46190643310547,7444300
2015-11-09,78.81999969482422,79.29000091552734,77.33000183105469,77.91000366210938,63.52427291870117,5860000
2015-11-10,77.4000015258789,78.87000274658203,77.27999877929688,78.7699966430664,64.22544860839844,5949900
2015-11-11,78.4800033569336,78.58999633789062,76.76000213623047,77.62999725341797,63.29594039916992,5575200
2015-11-12,76.3499984741211,77.79000091552734,75.91000366210938,76.5999984741211,62.45613479614258,8141900
2015-11-13,76.25,77.04000091552734,75.70999908447266,76.13999938964844,62.08107376098633,7311400
2015-11-16,76.2699966430664,78.5,75.7699966430664,78.33000183105469,63.866695404052734,6662500
2015-11-17,78.04000091552734,78.33999633789062,76.66000366210938,76.73999786376953,62.57027053833008,5579200
2015-11-18,77.0,78.68000030517578,76.76000213623047,78.55000305175781,64.04608154296875,6955100
2015-11-19,77.7300033569336,78.69999694824219,77.62999725341797,77.91999816894531,63.53239822387695,6674600
2015-11-20,77.91999816894531,78.12999725341797,76.2300033569336,77.1500015258789,62.90459060668945,8480500
2015-11-23,76.69000244140625,77.41999816894531,76.30999755859375,77.22000122070312,62.961666107177734,5859600
2015-11-24,77.51000213623047,78.9800033569336,77.05000305175781,78.18000030517578,63.7443962097168,6960500
2015-11-25,77.43000030517578,78.5,76.45999908447266,77.52999877929688,63.21439743041992,4055400
2015-11-27,76.79000091552734,77.5,76.44000244140625,77.33000183105469,63.05134201049805,3147300
2015-11-30,77.08999633789062,77.87000274658203,76.81999969482422,77.1500015258789,63.31396484375,7979400
2015-12-01,76.80999755859375,78.22000122070312,76.5,78.16999816894531,64.15103912353516,8172200
2015-12-02,77.38999938964844,78.19999694824219,75.62000274658203,75.80999755859375,62.21427536010742,9595000
2015-12-03,76.45999908447266,76.62000274658203,74.13999938964844,74.80999755859375,61.393611907958984,8292700
2015-12-04,73.83000183105469,75.05999755859375,73.16000366210938,74.70999908447266,61.31154251098633,8605300
2015-12-07,72.6500015258789,73.27999877929688,72.06999969482422,72.80000305175781,59.744083404541016,10563000
2015-12-08,71.22000122070312,72.98999786376953,69.69999694824219,71.5,58.67721939086914,8305200
2015-12-09,72.0999984741211,74.05000305175781,71.41999816894531,72.12000274658203,59.18603515625,9310300
2015-12-10,71.79000091552734,73.2300033569336,71.4000015258789,71.4800033569336,58.66082000732422,7200900
2015-12-11,71.4800033569336,71.4800033569336,69.72000122070312,69.81999969482422,57.29850769042969,9436100
2015-12-14,69.37999725341797,70.52999877929688,69.11000061035156,70.0199966430664,57.46265411376953,11322500
2015-12-15,71.0,72.12999725341797,70.55999755859375,71.83999633789062,58.95624542236328,10511800
2015-12-16,71.5,72.30000305175781,70.7699966430664,71.22000122070312,58.44743347167969,7865600
2015-12-17,71.11000061035156,71.47000122070312,69.13999938964844,69.19999694824219,56.789695739746094,8278600
2015-12-18,69.04000091552734,69.16999816894531,67.33000183105469,67.33999633789062,55.26327896118164,15152600
2015-12-21,67.44000244140625,68.33999633789062,67.1500015258789,67.94999694824219,55.76387023925781,7861300
2015-12-22,68.41999816894531,69.7699966430664,68.16999816894531,69.48999786376953,57.02768325805664,7950900
2015-12-23,70.61000061035156,71.04000091552734,69.9800033569336,71.01000213623047,58.27511215209961,7757700
2015-12-24,70.9000015258789,71.20999908447266,70.37000274658203,70.52999877929688,57.88118362426758,2968800
2015-12-28,69.5199966430664,70.44999694824219,69.02999877929688,70.41999816894531,57.790897369384766,6616900
2015-12-29,71.68000030517578,71.8499984741211,69.9000015258789,70.51000213623047,57.864768981933594,6987000
2015-12-30,69.41000366210938,70.52999877929688,69.37999725341797,69.63999938964844,57.15079879760742,5744600
2015-12-31,69.37000274658203,70.37999725341797,69.0,69.75,57.24107360839844,5271100
2016-01-04,69.44999694824219,70.0199966430664,67.95999908447266,69.18000030517578,56.7733039855957,9160200
2016-01-05,69.33999633789062,69.83999633789062,68.08999633789062,69.5,57.03590393066406,6783600
2016-01-06,67.91999816894531,69.4000015258789,67.47000122070312,67.69999694824219,55.55870819091797,11923000
2016-01-07,66.2300033569336,67.76000213623047,65.80000305175781,66.19000244140625,54.31951904296875,12041000
2016-01-08,66.36000061035156,66.80999755859375,64.88999938964844,65.08000183105469,53.40858459472656,9657900
2016-01-11,65.19000244140625,65.47000122070312,63.790000915527344,64.83000183105469,53.203426361083984,8693100
2016-01-12,65.94999694824219,66.11000061035156,63.189998626708984,64.73999786376953,53.12955856323242,10189000
2016-01-13,65.5999984741211,66.3499984741211,63.5099983215332,63.95000076293945,52.48124313354492,12729900
2016-01-14,64.36000061035156,65.3499984741211,61.75,64.68000030517578,53.080322265625,13814700
2016-01-15,62.060001373291016,63.83000183105469,61.709999084472656,63.0099983215332,51.70981979370117,14702300
2016-01-19,63.15999984741211,64.30000305175781,62.04999923706055,62.81999969482422,51.55389404296875,11463500
2016-01-20,61.400001525878906,62.27000045776367,59.599998474121094,61.060001373291016,50.10953140258789,16075400
2016-01-21,61.209999084472656,63.470001220703125,60.369998931884766,61.45000076293945,50.42959976196289,12999400
2016-01-22,64.5199966430664,66.25,62.970001220703125,65.19999694824219,53.507076263427734,19387700
2016-01-25,63.900001525878906,66.12999725341797,63.22999954223633,63.29999923706055,51.94780731201172,13865300
2016-01-26,64.38999938964844,65.7699966430664,63.41999816894531,65.33000183105469,53.613746643066406,13829900
2016-01-27,65.33999633789062,67.12999725341797,64.58000183105469,65.55000305175781,53.79430389404297,12629000
2016-01-28,68.2300033569336,69.5999984741211,67.23999786376953,69.51000213623047,57.04411315917969,16450700
2016-01-29,69.9800033569336,72.5,69.56999969482422,72.2699966430664,59.30913543701172,18255300
2016-02-01,71.12000274658203,71.66999816894531,70.04000091552734,71.45999908447266,58.644386291503906,12047100
2016-02-02,69.31999969482422,69.9800033569336,68.37000274658203,68.83999633789062,56.494266510009766,13600800
2016-02-03,70.02999877929688,70.86000061035156,67.63999938964844,70.83000183105469,58.12738800048828,12837100
2016-02-04,71.52999877929688,72.87000274658203,70.30999755859375,70.54000091552734,57.88938522338867,10892700
2016-02-05,69.73999786376953,70.06999969482422,68.08999633789062,68.80999755859375,56.469635009765625,16470500
2016-02-08,68.02999877929688,70.26000213623047,67.33999633789062,69.77999877929688,57.26567459106445,12547500
2016-02-09,68.91000366210938,69.70999908447266,67.0,67.80000305175781,55.64078903198242,11138200
2016-02-10,67.7699966430664,68.94999694824219,67.38999938964844,67.7300033569336,55.58332824707031,8324500
2016-02-11,66.30000305175781,69.44999694824219,66.0999984741211,68.83000183105469,56.4860725402832,12122900
2016-02-12,68.87999725341797,70.80999755859375,68.7699966430664,70.30999755859375,58.122859954833984,10756300
2016-02-16,71.3499984741211,72.23999786376953,70.38999938964844,71.75,59.313255310058594,9571800
2016-02-17,72.55000305175781,73.69000244140625,72.16999816894531,72.93000030517578,60.28872299194336,10132100
2016-02-18,73.7300033569336,73.7300033569336,72.31999969482422,72.68000030517578,60.08204650878906,8123700
2016-02-19,71.97000122070312,72.88999938964844,71.77999877929688,72.87000274658203,60.23911666870117,8339000
2016-02-22,73.81999969482422,74.62999725341797,73.58000183105469,74.37000274658203,61.47910690307617,7649900
2016-02-23,73.87999725341797,74.7699966430664,71.86000061035156,72.08000183105469,59.58604431152344,8201900
2016-02-24,70.88999938964844,72.31999969482422,70.4000015258789,72.20999908447266,59.69352340698242,7857700
2016-02-25,71.93000030517578,72.3499984741211,70.6500015258789,72.3499984741211,59.80925750732422,6358300
2016-02-26,73.12000274658203,73.61000061035156,72.19999694824219,72.47000122070312,59.9084587097168,6000700
2016-02-29,72.3499984741211,73.38999938964844,71.69000244140625,71.72000122070312,59.288448333740234,7726100
2016-03-01,72.45999908447266,74.05999755859375,72.27999877929688,74.01000213623047,61.18152618408203,8321000
2016-03-02,73.47000122070312,74.44000244140625,72.47000122070312,74.41000366210938,61.512184143066406,8584000
2016-03-03,74.04000091552734,74.97000122070312,73.77999877929688,74.8499984741211,61.87592697143555,7811500
2016-03-04,75.11000061035156,76.01000213623047,73.80999755859375,74.83000183105469,61.859397888183594,11415900
2016-03-07,74.30999755859375,76.16000366210938,73.25,76.16000366210938,62.95885467529297,9614000
2016-03-08,75.26000213623047,75.72000122070312,72.68000030517578,72.69999694824219,60.09858322143555,8727100
2016-03-09,73.75,73.93000030517578,72.5999984741211,72.75,60.139915466308594,6966600
2016-03-10,72.80000305175781,73.3499984741211,72.12000274658203,73.18000030517578,60.49538040161133,7058400
2016-03-11,73.9000015258789,75.13999938964844,73.30999755859375,75.0,61.99993133544922,8054500
2016-03-14,73.97000122070312,74.37000274658203,73.01000213623047,73.44000244140625,60.710304260253906,5949500
2016-03-15,72.4800033569336,73.25,71.94000244140625,73.2300033569336,60.53671646118164,6815400
2016-03-16,73.68000030517578,73.8499984741211,72.16000366210938,73.3499984741211,60.635929107666016,7173100
2016-03-17,74.11000061035156,75.0,73.54000091552734,74.54000091552734,61.61964797973633,7072100
2016-03-18,75.01000213623047,75.01000213623047,73.2699966430664,73.5199966430664,60.77643966674805,9549100
2016-03-21,72.37000274658203,75.04000091552734,72.18000030517578,74.88999938964844,61.90899658203125,7508500
2016-03-22,74.05000305175781,75.2300033569336,73.54000091552734,73.61000061035156,60.850860595703125,6230700
2016-03-23,73.04000091552734,73.5199966430664,72.62999725341797,72.95999908447266,60.313514709472656,5923600
2016-03-24,71.91000366210938,72.66000366210938,71.5,72.58000183105469,59.9993896484375,8185200
2016-03-28,72.88999938964844,73.02999877929688,71.9800033569336,72.80000305175781,60.181251525878906,8008800
2016-03-29,71.58000183105469,73.08999633789062,71.33999633789062,73.0,60.346595764160156,10450200
2016-03-30,73.66999816894531,74.62000274658203,73.2699966430664,74.41000366210938,61.512184143066406,8328700
2016-03-31,74.29000091552734,75.02999877929688,73.4800033569336,73.75,60.96658706665039,8608700
2016-04-01,72.37000274658203,73.19999694824219,71.76000213623047,72.12000274658203,59.61912155151367,21467800
2016-04-04,72.44000244140625,72.91999816894531,71.9000015258789,72.63999938964844,60.04899215698242,9265300
2016-04-05,72.01000213623047,73.1500015258789,71.95999908447266,72.66000366210938,60.06552505493164,9575200
2016-04-06,73.0,74.41999816894531,71.9000015258789,73.16000366210938,60.478851318359375,10080700
2016-04-07,72.51000213623047,72.94000244140625,71.69000244140625,72.01000213623047,59.52817916870117,7505800
2016-04-08,73.44000244140625,74.2699966430664,73.02999877929688,73.8499984741211,61.049259185791016,6129600
2016-04-11,74.36000061035156,74.91000366210938,73.87000274658203,73.87999725341797,61.07405471801758,7465100
2016-04-12,74.16999816894531,76.16000366210938,73.86000061035156,75.9000015258789,62.74393844604492,8227600
2016-04-13,75.9800033569336,77.55000305175781,75.69999694824219,77.37000274658203,63.9591178894043,8647500
2016-04-14,77.45999908447266,77.66000366210938,76.56999969482422,77.16000366210938,63.785518646240234,5349700
2016-04-15,77.16000366210938,77.16000366210938,75.94999694824219,76.26000213623047,63.04152297973633,6869900
2016-04-18,74.73999786376953,77.5,74.44000244140625,77.44999694824219,64.0252456665039,5947500
2016-04-19,77.98999786376953,79.66000366210938,77.8499984741211,79.63999938964844,65.83564758300781,10334200
2016-04-20,79.1500015258789,81.9000015258789,79.1500015258789,81.0999984741211,67.04256439208984,12106100
2016-04-21,80.87999725341797,81.95999908447266,80.16000366210938,80.2699966430664,66.3564453125,8294100
2016-04-22,77.72000122070312,81.0199966430664,77.72000122070312,79.93000030517578,66.07538604736328,9933400
2016-04-25,79.55999755859375,79.80000305175781,77.95999908447266,78.7699966430664,65.11644744873047,6684400
2016-04-26,79.12999725341797,79.3499984741211,78.41999816894531,79.19999694824219,65.47191619873047,5452600
2016-04-27,79.77999877929688,81.18000030517578,79.5999984741211,80.5999984741211,66.62924194335938,7311700
2016-04-28,79.98999786376953,81.31999969482422,79.43000030517578,79.77999877929688,65.9513931274414,6661100
2016-04-29,79.98999786376953,81.2699966430664,79.05000305175781,80.33999633789062,66.41433715820312,8606600
2016-05-02,79.94999694824219,80.72000122070312,78.29000091552734,79.4000015258789,65.63724517822266,7388100
2016-05-03,78.33000183105469,78.43000030517578,76.48999786376953,77.2300033569336,63.84337615966797,8861400
2016-05-04,77.20999908447266,77.69000244140625,75.19999694824219,75.7300033569336,62.60337829589844,7859000
2016-05-05,76.76000213623047,76.91000366210938,74.93000030517578,75.4000015258789,62.330589294433594,7306900
2016-05-06,75.02999877929688,76.01000213623047,74.5999984741211,75.12000274658203,62.09913635253906,8083800
2016-05-09,73.48999786376953,74.29000091552734,72.3499984741211,72.7699966430664,60.156455993652344,10161700
2016-05-10,73.33000183105469,74.54000091552734,73.08999633789062,74.26000213623047,61.3881950378418,7380900
2016-05-11,74.01000213623047,74.8499984741211,73.47000122070312,73.80999755859375,61.016212463378906,5815800
2016-05-12,74.23999786376953,74.83999633789062,73.5999984741211,74.08999633789062,61.247642517089844,5058100
2016-05-13,73.55999755859375,74.30000305175781,72.41999816894531,72.43000030517578,59.875389099121094,6090400
2016-05-16,73.30000305175781,74.44999694824219,73.0199966430664,74.0,61.173240661621094,5407100
2016-05-17,74.23999786376953,75.23999786376953,74.0999984741211,74.87999725341797,61.90071105957031,7226300
2016-05-18,74.5,74.69999694824219,72.6500015258789,73.16999816894531,60.48712158203125,6077900
2016-05-19,72.56999969482422,74.36000061035156,72.0,74.19999694824219,61.33858108520508,8874800
2016-05-20,74.66999816894531,75.13999938964844,74.18000030517578,74.95999908447266,61.966861724853516,7389400
2016-05-23,75.5199966430664,75.66000366210938,74.37999725341797,75.01000213623047,62.008201599121094,6250900
2016-05-24,75.5,76.05000305175781,75.11000061035156,75.62000274658203,62.51246643066406,6500600
2016-05-25,76.0,78.0,75.91999816894531,77.91000366210938,64.40552520751953,7489300
2016-05-26,78.37999725341797,78.97000122070312,77.68000030517578,77.87999725341797,64.3807144165039,7932200
2016-05-27,77.05000305175781,77.25,76.37999725341797,77.16999816894531,64.20599365234375,5050300
2016-05-31,77.06999969482422,77.5999984741211,75.80999755859375,76.30000305175781,63.482139587402344,5780000
2016-06-01,76.30000305175781,76.33999633789062,74.91000366210938,75.86000061035156,63.11606979370117,5542200
2016-06-02,75.47000122070312,75.70999908447266,74.61000061035156,75.44999694824219,62.77494812011719,4827300
2016-06-03,75.69999694824219,76.0999984741211,74.86000061035156,75.62999725341797,62.92470169067383,4342200
2016-06-06,76.55999755859375,79.27999877929688,76.22000122070312,79.08999633789062,65.80343627929688,8019200
2016-06-07,79.44999694824219,80.37000274658203,79.27999877929688,80.0999984741211,66.64376068115234,8546400
2016-06-08,80.7300033569336,81.41000366210938,80.01000213623047,80.80999755859375,67.23448181152344,6979900
2016-06-09,79.47000122070312,80.12000274658203,79.30999755859375,79.95999908447266,66.52729034423828,5030200
2016-06-10,78.69000244140625,79.48999786376953,78.26000213623047,78.52999877929688,65.33753204345703,5585100
2016-06-13,78.01000213623047,78.94000244140625,77.56999969482422,77.63999938964844,64.5970230102539,5115400
2016-06-14,77.18000030517578,77.88999938964844,76.62000274658203,77.45999908447266,64.4472885131836,5361900
2016-06-15,77.18000030517578,77.88999938964844,76.7300033569336,76.8499984741211,63.93975067138672,5384800
2016-06-16,76.1500015258789,76.4800033569336,74.91999816894531,76.33999633789062,63.51543045043945,6033100
2016-06-17,76.87999725341797,77.79000091552734,76.22000122070312,77.5,64.48053741455078,6583900
2016-06-20,78.87999725341797,79.12000274658203,77.5199966430664,77.58999633789062,64.55543518066406,5257200
2016-06-21,77.5,78.97000122070312,77.18000030517578,78.5199966430664,65.3292007446289,5634800
2016-06-22,79.01000213623047,79.13999938964844,78.19999694824219,78.2699966430664,65.12120056152344,5274000
2016-06-23,78.98999786376953,79.58999633789062,78.69000244140625,79.58999633789062,66.21944427490234,4734400
2016-06-24,76.62999725341797,77.7699966430664,76.2300033569336,76.66000366210938,63.781654357910156,9561500
2016-06-27,75.41000366210938,75.69999694824219,74.52999877929688,75.06999969482422,62.45878219604492,7036800
2016-06-28,75.95999908447266,76.7300033569336,75.5199966430664,76.62999725341797,63.75669479370117,5555300
2016-06-29,77.52999877929688,78.88999938964844,77.4000015258789,77.83000183105469,64.75511932373047,5854500
2016-06-30,77.95999908447266,79.13999938964844,77.8499984741211,79.08000183105469,65.79513549804688,4941300
2016-07-01,79.13999938964844,79.91000366210938,79.01000213623047,79.5199966430664,66.16121673583984,4050100
2016-07-05,78.7300033569336,78.95999908447266,76.87999725341797,77.62999725341797,64.5887222290039,5656900
2016-07-06,77.43000030517578,78.11000061035156,76.83000183105469,78.05999755859375,64.94649505615234,4562800
2016-07-07,78.30000305175781,79.22000122070312,77.01000213623047,77.69999694824219,64.64695739746094,4922500
2016-07-08,78.31999969482422,78.97000122070312,78.12000274658203,78.73999786376953,65.5122299194336,4217400
2016-07-11,79.0,79.20999908447266,77.95999908447266,78.0199966430664,64.91319274902344,4702800
2016-07-12,79.13999938964844,80.16000366210938,78.69000244140625,79.6500015258789,66.26936340332031,6356300
2016-07-13,79.6500015258789,80.12999725341797,78.30999755859375,78.87999725341797,65.62870025634766,5328900
2016-07-14,79.7699966430664,79.93000030517578,78.9800033569336,79.0999984741211,65.81178283691406,3817600
2016-07-15,79.81999969482422,79.95999908447266,79.02999877929688,79.3499984741211,66.0197525024414,4723400
2016-07-18,78.80999755859375,79.70999908447266,78.4800033569336,79.69999694824219,66.31098175048828,4333600
2016-07-19,79.58999633789062,80.30000305175781,79.51000213623047,79.80999755859375,66.4024658203125,5780700
2016-07-20,79.43000030517578,80.83000183105469,78.87000274658203,80.5999984741211,67.05977630615234,5937900
2016-07-21,80.51000213623047,81.36000061035156,79.66000366210938,80.0199966430664,66.57720184326172,6140700
2016-07-22,80.0199966430664,81.61000061035156,78.87000274658203,81.61000061035156,67.90013122558594,10027500
2016-07-25,81.30000305175781,81.5,80.0999984741211,80.70999908447266,67.15129089355469,11223400
2016-07-26,79.9000015258789,80.61000061035156,78.94999694824219,80.5999984741211,67.05977630615234,11685500
2016-07-27,80.68000030517578,80.97000122070312,79.66000366210938,79.87999725341797,66.4607162475586,8415100
2016-07-28,79.7699966430664,80.51000213623047,78.5999984741211,79.05000305175781,65.7701644897461,5567300
2016-07-29,78.2300033569336,80.62000274658203,78.11000061035156,80.5199966430664,66.99321746826172,6200600
2016-08-01,79.79000091552734,79.87999725341797,78.08000183105469,78.45999908447266,65.27926635742188,8197800
2016-08-02,78.80999755859375,78.91999816894531,77.91000366210938,78.88999938964844,65.63704681396484,6648300
2016-08-03,78.70999908447266,79.63999938964844,78.2699966430664,79.62000274658203,66.2444076538086,5416300
2016-08-04,79.5999984741211,80.41000366210938,79.11000061035156,80.38999938964844,66.88506317138672,8183100
2016-08-05,80.62000274658203,81.41999816894531,80.0199966430664,81.19999694824219,67.55899047851562,6838600
2016-08-08,81.63999938964844,82.98999786376953,81.56999969482422,82.5,68.6406021118164,6213900
2016-08-09,83.02999877929688,83.04000091552734,81.4800033569336,81.83000183105469,68.0831527709961,4143800
2016-08-10,82.02999877929688,82.33999633789062,80.63999938964844,80.8499984741211,67.26776885986328,3863100
2016-08-11,81.13999938964844,82.41000366210938,80.97000122070312,81.5,67.80859375,4385400
2016-08-12,81.80000305175781,82.08999633789062,80.93000030517578,81.19999694824219,67.55899047851562,3902400
2016-08-15,81.75,82.12999725341797,81.08999633789062,82.04000091552734,68.25786590576172,4016000
2016-08-16,81.93000030517578,82.37999725341797,81.44999694824219,81.91999816894531,68.15805053710938,3584400
2016-08-17,81.5999984741211,82.25,81.22000122070312,82.20999908447266,68.39932250976562,3905500
2016-08-18,82.4800033569336,83.97000122070312,82.36000061035156,83.86000061035156,69.7721176147461,5467000
2016-08-19,83.51000213623047,83.66999816894531,82.72000122070312,83.30999755859375,69.31451416015625,5185600
2016-08-22,82.6500015258789,82.70999908447266,81.61000061035156,82.05000305175781,68.26618957519531,5091600
2016-08-23,82.16999816894531,82.4000015258789,81.54000091552734,81.75,68.0166015625,4473700
2016-08-24,81.4800033569336,81.81999969482422,81.11000061035156,81.33000183105469,67.6671371459961,4462500
2016-08-25,81.38999938964844,81.7300033569336,81.02999877929688,81.33999633789062,67.67546844482422,3767100
2016-08-26,81.27999877929688,82.02999877929688,80.47000122070312,80.9000015258789,67.30937957763672,4535400
2016-08-29,80.61000061035156,81.5,80.61000061035156,81.13999938964844,67.50906372070312,3359000
2016-08-30,81.66999816894531,81.9000015258789,80.48999786376953,80.63999938964844,67.09306335449219,7873600
2016-08-31,80.1500015258789,80.33999633789062,78.62999725341797,79.0,65.72857666015625,8306100
2016-09-01,78.44000244140625,79.12999725341797,78.23999786376953,78.95999908447266,65.69529724121094,6705200
2016-09-02,79.25,79.69999694824219,78.51000213623047,78.55000305175781,65.77066040039062,4912100
2016-09-06,78.66000366210938,78.94999694824219,78.25,78.77999877929688,65.96321105957031,5560900
2016-09-07,78.83000183105469,79.05000305175781,78.4800033569336,78.61000061035156,65.82088470458984,3970700
2016-09-08,78.98999786376953,79.76000213623047,78.2300033569336,79.37999725341797,66.46560668945312,4845300
2016-09-09,78.76000213623047,79.22000122070312,77.55999755859375,77.55999755859375,64.94168853759766,7626600
2016-09-12,77.80999755859375,79.2699966430664,77.0999984741211,78.80000305175781,65.97998046875,6343100
2016-09-13,77.9800033569336,78.0999984741211,76.87999725341797,77.08000183105469,64.53980255126953,7482000
2016-09-14,76.9000015258789,77.9000015258789,76.16999816894531,76.37000274658203,63.945308685302734,5190400
2016-09-15,76.16000366210938,77.1500015258789,76.08999633789062,76.80000305175781,64.30535125732422,5177400
2016-09-16,76.0999984741211,77.0999984741211,75.93000030517578,76.33000183105469,63.91181945800781,7243200
2016-09-19,76.83999633789062,77.4000015258789,75.93000030517578,75.95999908447266,63.602027893066406,5925000
2016-09-20,76.08000183105469,76.19999694824219,75.37000274658203,75.37000274658203,63.10801315307617,6821800
2016-09-21,76.0,76.70999908447266,75.86000061035156,76.55999755859375,64.1043930053711,7152500
2016-09-22,77.19999694824219,77.63999938964844,76.91000366210938,77.01000213623047,64.48120880126953,5639400
2016-09-23,76.69000244140625,77.05999755859375,75.56999969482422,75.91999816894531,63.568504333496094,6847400
2016-09-26,76.12999725341797,76.61000061035156,75.4800033569336,75.58000183105469,63.283851623535156,5499300
2016-09-27,75.12999725341797,75.45999908447266,74.33000183105469,75.33000183105469,63.07450866699219,6457200
2016-09-28,75.58999633789062,78.0999984741211,75.06999969482422,78.01000213623047,65.31851196289062,9420800
2016-09-29,78.11000061035156,78.97000122070312,77.37000274658203,77.37000274658203,64.78262329101562,9859500
2016-09-30,77.83999633789062,78.98999786376953,77.61000061035156,78.63999938964844,65.84602355957031,6485700
2016-10-03,78.81999969482422,79.05999755859375,78.3499984741211,78.9000015258789,66.06370544433594,4854700
2016-10-04,78.9800033569336,79.0999984741211,78.33999633789062,78.54000091552734,65.76226043701172,5211100
2016-10-05,79.41000366210938,80.94999694824219,79.05999755859375,80.1500015258789,67.11034393310547,7249400
2016-10-06,80.43000030517578,81.58999633789062,80.2699966430664,81.41999816894531,68.17371368408203,6469500
2016-10-07,81.79000091552734,82.0999984741211,80.9800033569336,81.30999755859375,68.08162689208984,5305300
2016-10-10,81.7300033569336,82.44000244140625,81.7300033569336,82.33000183105469,68.93568420410156,4565100
2016-10-11,82.08000183105469,82.2300033569336,81.16000366210938,81.69000244140625,68.39978790283203,5063000
2016-10-12,81.76000213623047,81.79000091552734,81.02999877929688,81.44000244140625,68.19046783447266,4059400
2016-10-13,81.0199966430664,81.91999816894531,80.62000274658203,81.52999877929688,68.26582336425781,4656600
2016-10-14,81.97000122070312,82.36000061035156,81.30999755859375,81.31999969482422,68.09000396728516,4681500
2016-10-17,81.31999969482422,81.76000213623047,80.69000244140625,80.9800033569336,67.8053207397461,3710900
2016-10-18,81.58000183105469,81.80000305175781,80.66999816894531,81.38999938964844,68.14863586425781,3956800
2016-10-19,82.0,84.30000305175781,82.0,83.44000244140625,69.86508178710938,9926100
2016-10-20,82.75,83.36000061035156,81.87999725341797,82.98999786376953,69.48829650878906,7773200
2016-10-21,81.8499984741211,82.41999816894531,79.68000030517578,80.47000122070312,67.3782730102539,10221800
2016-10-24,80.55999755859375,80.73999786376953,79.51000213623047,80.30999755859375,67.24432373046875,5617400
2016-10-25,80.3499984741211,81.5,79.91999816894531,80.22000122070312,67.16895294189453,5436600
2016-10-26,79.48999786376953,80.6500015258789,79.31999969482422,80.0199966430664,67.00149536132812,4238200
2016-10-27,80.4000015258789,80.58000183105469,79.52999877929688,79.5999984741211,66.64981842041016,3919600
2016-10-28,79.76000213623047,80.19000244140625,78.62999725341797,79.19999694824219,66.31489562988281,5001000
2016-10-31,78.87999725341797,79.0999984741211,78.02999877929688,78.2300033569336,65.50270080566406,6225100
2016-11-01,78.66000366210938,78.80999755859375,77.70999908447266,78.69999694824219,65.8962173461914,6825500
2016-11-02,78.08000183105469,78.22000122070312,76.91999816894531,77.76000213623047,65.10917663574219,6395900
2016-11-03,77.93000030517578,78.66000366210938,77.80000305175781,78.45999908447266,65.69529724121094,4935800
2016-11-04,78.5199966430664,78.93000030517578,77.66000366210938,77.83999633789062,65.17613220214844,5178300
2016-11-07,78.9000015258789,79.80000305175781,78.70999908447266,79.75,66.77542114257812,4756400
2016-11-08,79.33000183105469,80.48999786376953,79.12999725341797,79.83999633789062,66.85078430175781,4012600
2016-11-09,79.26000213623047,80.43000030517578,78.8499984741211,79.94000244140625,66.93450927734375,6737600
2016-11-10,79.4800033569336,80.70999908447266,79.4800033569336,79.87999725341797,66.8842544555664,6798600
2016-11-11,79.19999694824219,79.43000030517578,78.06999969482422,78.66000366210938,65.8627700805664,4955700
2016-11-14,78.4000015258789,78.91999816894531,77.4800033569336,78.70999908447266,65.90463256835938,6060900
2016-11-15,79.44000244140625,81.55999755859375,79.4000015258789,81.16000366210938,67.95604705810547,5833900
2016-11-16,81.0199966430664,81.9000015258789,80.7699966430664,81.04000091552734,67.85553741455078,4501300
2016-11-17,81.51000213623047,81.87000274658203,79.87000274658203,80.0999984741211,67.0684814453125,4733600
2016-11-18,80.0999984741211,80.5199966430664,79.72000122070312,80.0,66.9847640991211,3951100
2016-11-21,81.11000061035156,81.91000366210938,81.02999877929688,81.70999908447266,68.41653442382812,5202100
2016-11-22,81.9800033569336,82.0,80.27999877929688,81.5,68.24070739746094,4646400
2016-11-23,81.06999969482422,81.91999816894531,81.01000213623047,81.4000015258789,68.15699768066406,3122000
2016-11-25,81.02999877929688,81.38999938964844,80.75,81.29000091552734,68.06487274169922,1819700
2016-11-28,81.41000366210938,82.02999877929688,80.83000183105469,81.05999755859375,67.87230682373047,5909400
2016-11-29,79.61000061035156,80.29000091552734,78.73999786376953,79.91999816894531,66.91777801513672,6326400
2016-11-30,82.47000122070312,84.37000274658203,82.05000305175781,84.05000305175781,70.37586212158203,13534300
2016-12-01,84.98999786376953,86.41000366210938,84.37000274658203,84.61000061035156,70.84475708007812,7991700
2016-12-02,84.5999984741211,85.44000244140625,84.26000213623047,85.01000213623047,71.1796646118164,5090300
2016-12-05,84.91999816894531,85.18000030517578,84.2300033569336,84.43000030517578,71.1122817993164,5976100
2016-12-06,83.76000213623047,84.29000091552734,83.16000366210938,83.95999908447266,70.7164306640625,4878600
2016-12-07,84.05000305175781,84.80000305175781,83.55999755859375,84.3499984741211,71.04490661621094,5138900
2016-12-08,84.44000244140625,84.76000213623047,83.80000305175781,84.47000122070312,71.14598846435547,4848400
2016-12-09,84.87000274658203,84.9800033569336,83.94000244140625,84.77999877929688,71.4070816040039,4829000
2016-12-12,86.08999633789062,86.81999969482422,84.66999816894531,85.01000213623047,71.60079193115234,8233600
2016-12-13,85.7300033569336,86.7300033569336,85.05000305175781,86.12999725341797,72.54413604736328,6273400
2016-12-14,85.52999877929688,86.45999908447266,84.80999755859375,85.16000366210938,71.72714233398438,5858700
2016-12-15,84.5,85.69999694824219,84.30000305175781,85.27999877929688,71.82821655273438,6171000
2016-12-16,85.5,85.55000305175781,84.9800033569336,85.5,72.01351928710938,9524800
2016-12-19,85.4000015258789,85.69999694824219,84.97000122070312,85.12000274658203,71.6934585571289,3155900
2016-12-20,85.61000061035156,85.87999725341797,85.02999877929688,85.27999877929688,71.82821655273438,5185600
2016-12-21,85.56999969482422,86.26000213623047,85.05999755859375,86.16000366210938,72.56939697265625,4825200
2016-12-22,85.79000091552734,87.0,85.58999633789062,86.37999725341797,72.75469970703125,3991700
2016-12-23,86.02999877929688,86.2699966430664,85.2300033569336,85.51000213623047,72.02193450927734,2894200
2016-12-27,85.80000305175781,85.94999694824219,85.2300033569336,85.44000244140625,71.96298217773438,2634200
2016-12-28,85.27999877929688,85.4800033569336,84.41000366210938,84.62999725341797,71.28074645996094,4222700
2016-12-29,84.26000213623047,84.8499984741211,83.79000091552734,84.19999694824219,70.9185791015625,3535400
2016-12-30,84.30000305175781,84.5,83.66000366210938,83.94999694824219,70.70799255371094,4149700
2017-01-03,84.86000061035156,85.11000061035156,83.70999908447266,84.80000305175781,71.42393493652344,6667100
2017-01-04,85.0,85.70999908447266,84.54000091552734,85.43000030517578,71.95455169677734,4655400
2017-01-05,85.58000183105469,85.87000274658203,85.19000244140625,85.30000305175781,71.84504699707031,4543000
2017-01-06,85.4800033569336,86.83000183105469,84.83999633789062,86.4800033569336,72.83891296386719,5689900
2017-01-09,85.98999786376953,86.4000015258789,85.43000030517578,85.7699966430664,72.24091339111328,4336500
2017-01-10,85.69000244140625,85.70999908447266,84.58000183105469,84.5999984741211,71.2554702758789,4306200
2017-01-11,84.98999786376953,85.80999755859375,84.62000274658203,85.66000366210938,72.14826965332031,4149600
2017-01-12,85.69000244140625,85.69999694824219,84.6500015258789,85.33000183105469,71.87032318115234,4286500
2017-01-13,84.94999694824219,85.73999786376953,84.77999877929688,84.81999969482422,71.44078063964844,5117000
2017-01-17,84.80999755859375,86.52999877929688,84.80000305175781,86.43000030517578,72.79680633544922,5795300
2017-01-18,85.79000091552734,87.54000091552734,85.79000091552734,87.4800033569336,73.68119812011719,8744900
2017-01-19,87.05000305175781,87.83999633789062,86.91000366210938,87.19999694824219,73.44536590576172,7261400
2017-01-20,87.12000274658203,87.77999877929688,85.56999969482422,86.48999786376953,72.84735107421875,10368600
2017-01-23,85.8499984741211,85.93000030517578,83.9000015258789,84.2699966430664,70.97750854492188,6870200
2017-01-24,84.38999938964844,84.9000015258789,83.80000305175781,84.58000183105469,71.23863220214844,6027400
2017-01-25,85.08000183105469,85.69000244140625,84.6500015258789,85.51000213623047,72.02193450927734,5939500
2017-01-26,85.93000030517578,86.05000305175781,84.43000030517578,84.87999725341797,71.4913101196289,5623600
2017-01-27,84.86000061035156,85.19000244140625,84.30999755859375,84.5,71.1712417602539,4758200
2017-01-30,84.16999816894531,84.47000122070312,83.19999694824219,83.61000061035156,70.42163848876953,5550700
2017-01-31,83.9000015258789,84.25,83.11000061035156,83.70999908447266,70.50584411621094,4567900
2017-02-01,84.05999755859375,84.44000244140625,82.69999694824219,83.16999816894531,70.05103302001953,5193600
2017-02-02,83.5999984741211,83.61000061035156,81.56999969482422,82.44000244140625,69.4361801147461,8857700
2017-02-03,82.63999938964844,83.20999908447266,82.38999938964844,82.5,69.4867172241211,5084000
2017-02-06,82.55000305175781,82.97000122070312,81.45999908447266,81.69000244140625,68.80445861816406,5958000
2017-02-07,81.20999908447266,81.73999786376953,80.48999786376953,81.06999969482422,68.28227996826172,5841700
2017-02-08,80.61000061035156,81.19000244140625,79.5199966430664,81.12000274658203,68.32438659667969,5366400
2017-02-09,81.12000274658203,81.76000213623047,81.12000274658203,81.20999908447266,68.40019226074219,6119000
2017-02-10,81.9800033569336,82.70999908447266,81.8499984741211,82.16000366210938,69.20036315917969,6199900
2017-02-13,81.75,82.12999725341797,81.48999786376953,81.81999969482422,69.33595275878906,4135800
2017-02-14,82.04000091552734,82.5,81.54000091552734,82.45999908447266,69.87828063964844,4672300
2017-02-15,82.0,82.37000274658203,81.62000274658203,81.75,69.276611328125,4947600
2017-02-16,82.12999725341797,82.16999816894531,81.0,81.12999725341797,68.751220703125,5097900
2017-02-17,80.94999694824219,81.12000274658203,80.54000091552734,80.6500015258789,68.34446716308594,4345600
2017-02-21,81.4800033569336,81.55000305175781,80.5999984741211,80.68000030517578,68.369873046875,4746100
2017-02-22,80.37999725341797,80.54000091552734,79.66000366210938,79.69999694824219,67.53939056396484,5905400
2017-02-23,80.47000122070312,80.70999908447266,79.87999725341797,80.47000122070312,68.19193267822266,5754100
2017-02-24,79.66000366210938,80.4000015258789,79.4800033569336,80.1500015258789,67.9207534790039,5464100
2017-02-27,80.2300033569336,81.81999969482422,80.16000366210938,81.05999755859375,68.69190216064453,8033000
2017-02-28,80.86000061035156,80.86000061035156,80.0,80.36000061035156,68.09870147705078,7842000
2017-03-01,80.91000366210938,82.69000244140625,80.5999984741211,82.2699966430664,69.71728515625,6692400
2017-03-02,81.63999938964844,82.16000366210938,80.81999969482422,80.94999694824219,68.59867858886719,5104500
2017-03-03,81.22000122070312,81.58000183105469,80.6500015258789,80.69999694824219,68.3868179321289,3357000
2017-03-06,80.33999633789062,80.88999938964844,80.02999877929688,80.72000122070312,68.40377044677734,5524600
2017-03-07,80.69000244140625,80.7699966430664,79.73999786376953,79.94999694824219,67.75126647949219,5807400
2017-03-08,79.54000091552734,79.91999816894531,77.91000366210938,78.0999984741211,66.18353271484375,10152900
2017-03-09,77.5199966430664,78.94000244140625,77.27999877929688,78.69999694824219,66.69197082519531,9411800
2017-03-10,79.36000061035156,79.4000015258789,78.44999694824219,78.69000244140625,66.68351745605469,5633400
2017-03-13,78.83000183105469,79.12999725341797,78.08000183105469,78.58999633789062,66.59878540039062,6708900
2017-03-14,78.0199966430664,78.55000305175781,77.30000305175781,78.37999725341797,66.42079162597656,6541800
2017-03-15,79.0,80.58999633789062,78.91000366210938,80.25,68.0054931640625,7968100
2017-03-16,80.27999877929688,80.4800033569336,79.26000213623047,79.6500015258789,67.49702453613281,6196400
2017-03-17,79.6500015258789,80.26000213623047,79.48999786376953,79.55000305175781,67.41229248046875,8645700
2017-03-20,79.06999969482422,79.06999969482422,78.16000366210938,78.91999816894531,66.87840270996094,7318900
2017-03-21,79.52999877929688,79.6500015258789,78.56999969482422,78.69000244140625,66.68351745605469,6210500
2017-03-22,78.3499984741211,78.62000274658203,77.75,78.37999725341797,66.42079162597656,5341500
2017-03-23,78.11000061035156,78.44999694824219,77.55999755859375,77.66999816894531,65.81913757324219,5804100
2017-03-24,77.76000213623047,77.94000244140625,76.7699966430664,76.95999908447266,65.21746826171875,9805900
2017-03-27,76.20999908447266,77.18000030517578,76.13999938964844,77.0199966430664,65.26831817626953,6435100
2017-03-28,77.4000015258789,78.58999633789062,76.94000244140625,78.30999755859375,66.36148834228516,7274600
2017-03-29,78.20999908447266,78.95999908447266,77.58000183105469,78.66999816894531,66.66655731201172,4403000
2017-03-30,78.7300033569336,78.87000274658203,77.55999755859375,77.83999633789062,65.96319580078125,5585100
2017-03-31,77.55000305175781,78.37000274658203,77.33000183105469,78.0999984741211,66.18353271484375,5858500
2017-04-03,78.30000305175781,78.33000183105469,77.12999725341797,77.69999694824219,65.84455108642578,6994700
2017-04-04,77.70999908447266,78.37999725341797,77.22000122070312,78.20999908447266,66.27674102783203,4687800
2017-04-05,78.66000366210938,79.4800033569336,78.26000213623047,78.30000305175781,66.35302734375,5290600
2017-04-06,78.69999694824219,78.93000030517578,78.36000061035156,78.62000274658203,66.62418365478516,5128500
2017-04-07,78.7300033569336,78.87000274658203,78.1500015258789,78.33000183105469,66.37843322753906,4265200
2017-04-10,78.66999816894531,78.94999694824219,78.4000015258789,78.70999908447266,66.7004623413086,3339900
2017-04-11,78.70999908447266,79.70999908447266,78.08000183105469,79.6500015258789,67.49702453613281,6722200
2017-04-12,79.7300033569336,80.88999938964844,79.25,79.56999969482422,67.42925262451172,6024200
2017-04-13,79.33000183105469,79.4000015258789,77.95999908447266,78.1500015258789,66.22592163085938,5030200
2017-04-17,77.81999969482422,78.41999816894531,77.79000091552734,78.23999786376953,66.30216217041016,5559300
2017-04-18,77.7699966430664,78.58999633789062,77.66999816894531,77.93000030517578,66.03948211669922,4078800
2017-04-19,78.29000091552734,78.4800033569336,76.16000366210938,76.4800033569336,64.81071472167969,8138400
2017-04-20,76.48999786376953,77.33999633789062,76.12999725341797,76.51000213623047,64.83612060546875,8053900
2017-04-21,73.97000122070312,75.16000366210938,73.1500015258789,74.83999633789062,63.42094039916992,14539700
2017-04-24,75.0,75.0999984741211,73.94000244140625,74.0999984741211,62.793846130371094,8461800
2017-04-25,74.22000122070312,74.33000183105469,73.7699966430664,74.08999633789062,62.785377502441406,9066400
2017-04-26,73.75,74.91000366210938,73.7300033569336,74.11000061035156,62.80232238769531,6064800
2017-04-27,73.8499984741211,73.93000030517578,72.0999984741211,72.83999633789062,61.7260856628418,10844900
2017-04-28,73.4000015258789,73.45999908447266,72.47000122070312,72.58999633789062,61.51424026489258,7214400
2017-05-01,72.69999694824219,73.08999633789062,72.13999938964844,72.30000305175781,61.26850128173828,6909400
2017-05-02,72.33999633789062,72.4000015258789,70.97000122070312,71.44999694824219,60.54817199707031,9142000
2017-05-03,71.41000366210938,71.94999694824219,70.97000122070312,71.52999877929688,60.615970611572266,7843600
2017-05-04,71.16000366210938,71.25,70.22000122070312,70.94000244140625,60.116004943847656,12175200
2017-05-05,71.04000091552734,72.19999694824219,70.9000015258789,71.97000122070312,60.98884201049805,11115400
2017-05-08,72.29000091552734,72.95999908447266,72.02999877929688,72.22000122070312,61.20069885253906,8160500
2017-05-09,72.33999633789062,72.5999984741211,71.88999938964844,72.27999877929688,61.25154495239258,6631900
2017-05-10,72.83999633789062,73.19999694824219,72.3499984741211,72.66999816894531,61.582027435302734,7021200
2017-05-11,73.04000091552734,73.08000183105469,71.6500015258789,71.77999877929688,60.827842712402344,7380200
2017-05-12,71.73999786376953,71.80999755859375,70.77999877929688,71.0199966430664,60.18379592895508,7308500
2017-05-15,72.4800033569336,72.69000244140625,71.94000244140625,72.0,61.01426696777344,8573000
2017-05-16,72.30000305175781,72.41000366210938,70.88999938964844,71.37000274658203,60.48039627075195,7029200
2017-05-17,71.37000274658203,71.63999938964844,70.80000305175781,70.98999786376953,60.15836715698242,6347700
2017-05-18,70.66000366210938,71.91999816894531,70.66000366210938,71.43000030517578,60.53123474121094,6073400
2017-05-19,71.7699966430664,72.30999755859375,71.55999755859375,71.75,60.802406311035156,7681800
2017-05-22,72.26000213623047,72.37999725341797,71.37000274658203,71.88999938964844,60.92104721069336,6209800
2017-05-23,72.16999816894531,72.30999755859375,71.5199966430664,72.08999633789062,61.09053421020508,4969900
2017-05-24,72.12999725341797,72.27999877929688,71.06999969482422,71.36000061035156,60.471920013427734,5257900
2017-05-25,71.2699966430664,71.69000244140625,68.94000244140625,69.38999938964844,58.80250549316406,14649400
2017-05-26,69.5,70.3499984741211,69.0,70.08999633789062,59.39569091796875,8960700
2017-05-30,69.22000122070312,69.48999786376953,68.6500015258789,68.73999786376953,58.67021560668945,7263500
2017-05-31,68.30999755859375,69.93000030517578,68.2300033569336,69.58999633789062,59.39567947387695,8944200
2017-06-01,69.66999816894531,70.19000244140625,69.22000122070312,69.77999877929688,59.55786895751953,5874800
2017-06-02,68.87999725341797,69.12000274658203,68.02999877929688,68.95999908447266,58.85797882080078,8646500
2017-06-05,68.79000091552734,69.5,68.62999725341797,69.2699966430664,59.12256622314453,4670800
2017-06-06,69.13999938964844,70.19000244140625,68.70999908447266,69.97000122070312,59.720035552978516,6588600
2017-06-07,69.55000305175781,69.86000061035156,67.91999816894531,68.66999816894531,58.61046600341797,10227700
2017-06-08,68.66999816894531,69.11000061035156,68.2300033569336,68.30999755859375,58.303199768066406,7739800
2017-06-09,68.3499984741211,70.38999938964844,68.31999969482422,69.68000030517578,59.47250747680664,8141100
2017-06-12,70.25,70.69000244140625,69.06999969482422,69.30999755859375,59.156700134277344,7999200
2017-06-13,69.30999755859375,69.69999694824219,68.83999633789062,69.3499984741211,59.19084548950195,7882700
2017-06-14,69.05999755859375,69.08999633789062,67.33999633789062,68.18000030517578,58.19224166870117,10261300
2017-06-15,67.95999908447266,68.08000183105469,67.0,67.33000183105469,57.466758728027344,9465900
2017-06-16,67.5999984741211,68.58000183105469,67.05000305175781,68.58000183105469,58.53364944458008,10179200
2017-06-19,68.52999877929688,68.77999877929688,67.9000015258789,68.0999984741211,58.123966217041016,5037600
2017-06-20,67.05000305175781,67.05000305175781,66.04000091552734,66.75,56.971736907958984,9580000
2017-06-21,66.4800033569336,66.48999786376953,65.26000213623047,65.47000122070312,55.87923049926758,11374200
2017-06-22,65.5,66.43000030517578,65.1500015258789,65.37000274658203,55.793888092041016,8088000
2017-06-23,65.33000183105469,66.16000366210938,65.1500015258789,65.93000030517578,56.27184295654297,7402500
2017-06-26,66.11000061035156,66.4000015258789,65.52999877929688,65.88999938964844,56.23770523071289,8042700
2017-06-27,65.6500015258789,66.04000091552734,65.12999725341797,65.36000061035156,55.78535461425781,6498400
2017-06-28,65.44000244140625,66.04000091552734,65.0999984741211,65.25,55.69146728515625,6243500
2017-06-29,65.5999984741211,66.30000305175781,65.30000305175781,65.37999725341797,55.80241012573242,7194800
2017-06-30,65.8499984741211,66.11000061035156,65.37999725341797,65.83999633789062,56.19503402709961,7981900
2017-07-03,66.12000274658203,67.4000015258789,65.9000015258789,66.97000122070312,57.15949630737305,5201400
2017-07-05,67.26000213623047,67.26000213623047,65.33999633789062,65.73999786376953,56.109676361083984,8872900
2017-07-06,66.16000366210938,66.5,65.0199966430664,65.12999725341797,55.58903503417969,6503800
2017-07-07,64.98999786376953,65.18000030517578,64.1500015258789,65.08000183105469,55.54636764526367,6743400
2017-07-10,64.81999969482422,65.69000244140625,64.77999877929688,65.3499984741211,55.77680206298828,5873600
2017-07-11,65.3499984741211,66.23999786376953,65.06999969482422,65.79000091552734,56.15235900878906,5534000
2017-07-12,66.5199966430664,66.5999984741211,65.33999633789062,65.58000183105469,55.973121643066406,6497600
2017-07-13,65.47000122070312,66.54000091552734,65.44000244140625,66.48999786376953,56.74980926513672,6252300
2017-07-14,66.5,67.08999633789062,66.37000274658203,66.8499984741211,57.057071685791016,5340600
2017-07-17,66.75,67.54000091552734,66.6500015258789,66.83000183105469,57.040016174316406,6438500
2017-07-18,67.30999755859375,67.31999969482422,65.9800033569336,66.18000030517578,56.485233306884766,5359800
2017-07-19,66.12999725341797,67.63999938964844,66.0999984741211,67.44000244140625,57.56064987182617,6642300
2017-07-20,67.7699966430664,67.9000015258789,66.76000213623047,67.0199966430664,57.20217514038086,7458200
2017-07-21,67.80000305175781,68.95999908447266,66.19999694824219,66.52999877929688,56.78395462036133,10910300
2017-07-24,66.68000030517578,66.83999633789062,65.8499984741211,66.41999816894531,56.6900634765625,6211000
2017-07-25,67.0,67.55000305175781,66.93000030517578,67.01000213623047,57.193634033203125,6947200
2017-07-26,67.4800033569336,68.16000366210938,66.72000122070312,66.98999786376953,57.17657470703125,8350800
2017-07-27,66.95999908447266,67.80000305175781,66.38999938964844,67.77999877929688,57.850833892822266,6968600
2017-07-28,67.54000091552734,69.04000091552734,67.5,68.45999908447266,58.43122863769531,10545600
2017-07-31,68.44000244140625,68.79000091552734,67.69000244140625,68.5999984741211,58.550716400146484,10621100
2017-08-01,68.5,69.01000213623047,68.05000305175781,69.01000213623047,58.90066146850586,10295700
2017-08-02,68.87999725341797,69.37000274658203,68.41999816894531,69.12999725341797,59.00307083129883,7973400
2017-08-03,68.95999908447266,69.25,67.75,68.22000122070312,58.22637939453125,9869700
2017-08-04,68.1500015258789,68.38999938964844,67.45999908447266,67.54000091552734,57.645992279052734,5411600
2017-08-07,67.25,67.5,66.52999877929688,66.55000305175781,56.801025390625,5756600
2017-08-08,66.25,66.62999725341797,65.26000213623047,65.48999786376953,55.896305084228516,8700100
2017-08-09,65.7300033569336,65.9000015258789,65.06999969482422,65.48999786376953,55.896305084228516,6274900
2017-08-10,65.55000305175781,65.77999877929688,64.19000244140625,64.4000015258789,54.96598434448242,8060500
2017-08-11,64.0999984741211,64.66999816894531,63.7400016784668,63.83000183105469,54.4794807434082,4627500
2017-08-14,64.0,64.27999877929688,63.66999816894531,63.95000076293945,54.58190155029297,4961000
2017-08-15,63.939998626708984,63.939998626708984,63.029998779296875,63.439998626708984,54.1466178894043,6850800
2017-08-16,63.63999938964844,63.95000076293945,63.22999954223633,63.709999084472656,54.37705993652344,6329600
2017-08-17,63.459999084472656,63.79999923706055,62.95000076293945,63.029998779296875,53.79667282104492,5292100
2017-08-18,63.06999969482422,63.810001373291016,62.93000030517578,63.31999969482422,54.044193267822266,9096300
2017-08-21,63.11000061035156,63.40999984741211,62.9900016784668,63.0,53.77107620239258,4498200
2017-08-22,63.15999984741211,63.63999938964844,63.11000061035156,63.349998474121094,54.069801330566406,4710200
2017-08-23,63.099998474121094,63.5,62.869998931884766,63.189998626708984,53.9332275390625,4433400
2017-08-24,63.099998474121094,63.2400016784668,62.560001373291016,62.880001068115234,53.66865921020508,5674100
2017-08-25,63.11000061035156,64.12999725341797,62.9900016784668,63.880001068115234,54.522159576416016,5712600
2017-08-28,63.84000015258789,64.08000183105469,63.0,63.45000076293945,54.155147552490234,4505600
2017-08-29,63.2599983215332,63.619998931884766,62.810001373291016,63.5,54.19782257080078,4076300
2017-08-30,63.400001525878906,63.7599983215332,63.06999969482422,63.38999938964844,54.10393524169922,4629100
2017-08-31,63.599998474121094,63.779998779296875,63.15999984741211,63.5099983215332,54.206363677978516,5833500
2017-09-01,63.20000076293945,63.91999816894531,62.970001220703125,63.349998474121094,54.49885940551758,4907400
2017-09-05,63.47999954223633,65.25,63.349998474121094,65.0999984741211,56.00434494018555,7517600
2017-09-06,65.29000091552734,66.23999786376953,65.27999877929688,65.72000122070312,56.537715911865234,6806200
2017-09-07,65.72000122070312,66.12999725341797,65.36000061035156,65.87000274658203,56.66675567626953,4236400
2017-09-08,65.72000122070312,65.76000213623047,64.54000091552734,64.86000061035156,55.797882080078125,5487000
2017-09-11,65.19000244140625,65.88999938964844,64.9800033569336,65.7699966430664,56.58073425292969,5617100
2017-09-12,65.76000213623047,66.62000274658203,65.33999633789062,66.43000030517578,57.14851760864258,5308600
2017-09-13,66.5199966430664,67.47000122070312,66.43000030517578,66.91999816894531,57.5700569152832,5728200
2017-09-14,67.41999816894531,67.94000244140625,67.16999816894531,67.69999694824219,58.24107360839844,5954100
2017-09-15,67.69000244140625,67.9000015258789,66.75,67.23999786376953,57.84535598754883,11428400
2017-09-18,67.08000183105469,68.0,67.0,67.87000274658203,58.3873291015625,6688900
2017-09-19,68.0,68.26000213623047,67.47000122070312,67.88999938964844,58.40452575683594,6817200
2017-09-20,68.13999938964844,68.16000366210938,67.47000122070312,67.62000274658203,58.1722526550293,6766000
2017-09-21,67.52999877929688,68.5,67.01000213623047,68.08999633789062,58.57658004760742,8315100
2017-09-22,67.7300033569336,68.94000244140625,67.7300033569336,68.80000305175781,59.18738555908203,6797600
2017-09-25,69.0999984741211,70.01000213623047,69.08000183105469,69.6500015258789,59.91862869262695,6914300
2017-09-26,69.2699966430664,69.55999755859375,68.54000091552734,68.81999969482422,59.20459747314453,6393400
2017-09-27,68.94000244140625,69.19000244140625,68.29000091552734,69.08000183105469,59.42826461791992,6043100
2017-09-28,69.33000183105469,69.66000366210938,68.55000305175781,69.16000366210938,59.49708938598633,6464300
2017-09-29,69.02999877929688,69.7699966430664,68.26000213623047,69.76000213623047,60.01326370239258,6559100
2017-10-02,68.7300033569336,69.31999969482422,68.54000091552734,69.31999969482422,59.63473892211914,7254800
2017-10-03,69.26000213623047,69.56999969482422,68.8499984741211,69.05999755859375,59.41106033325195,6124500
2017-10-04,69.12000274658203,69.33000183105469,68.66999816894531,68.81999969482422,59.20459747314453,6319700
2017-10-05,69.1500015258789,69.18000030517578,68.56999969482422,68.87000274658203,59.24760818481445,6293100
2017-10-06,68.72000122070312,68.72000122070312,67.87000274658203,68.33999633789062,58.79165267944336,5717400
2017-10-09,68.36000061035156,68.80000305175781,68.23999786376953,68.33000183105469,58.78306198120117,3587100
2017-10-10,68.76000213623047,69.02999877929688,68.2699966430664,68.33000183105469,58.78306198120117,3824700
2017-10-11,67.31999969482422,67.80000305175781,66.83999633789062,67.73999786376953,58.275489807128906,8060500
2017-10-12,67.22000122070312,67.41999816894531,66.79000091552734,67.29000091552734,57.888370513916016,6225800
2017-10-13,67.62999725341797,68.08000183105469,67.12999725341797,67.16999816894531,57.78513717651367,4248700
2017-10-16,67.55999755859375,67.83000183105469,66.77999877929688,66.80000305175781,57.46682357788086,4846100
2017-10-17,66.87999725341797,67.19000244140625,66.26000213623047,66.5,57.20873260498047,6621400
2017-10-18,66.45999908447266,66.6500015258789,65.68000030517578,65.91000366210938,56.701168060302734,5936500
2017-10-19,65.36000061035156,65.70999908447266,64.47000122070312,64.5,55.48817825317383,13577600
2017-10-20,63.56999969482422,63.95000076293945,61.400001525878906,63.150001525878906,54.32679748535156,19259600
2017-10-23,63.150001525878906,63.47999954223633,61.810001373291016,61.90999984741211,53.26005554199219,14054100
2017-10-24,62.529998779296875,62.84000015258789,61.91999816894531,62.439998626708984,53.71601104736328,9639500
2017-10-25,62.5,63.619998931884766,62.400001525878906,63.439998626708984,54.57628631591797,10748200
2017-10-26,63.45000076293945,63.810001373291016,63.060001373291016,63.369998931884766,54.51606369018555,8668300
2017-10-27,63.11000061035156,63.869998931884766,62.880001068115234,63.54999923706055,54.67090606689453,12972700
2017-10-30,63.75,64.5,63.529998779296875,64.11000061035156,55.15266799926758,6632800
2017-10-31,63.9900016784668,64.73999786376953,63.93000030517578,64.0,55.05803298950195,8519500
2017-11-01,64.62000274658203,64.95999908447266,63.9900016784668,64.27999877929688,55.29891586303711,11329300
2017-11-02,64.33999633789062,64.33999633789062,63.099998474121094,63.25,54.41282653808594,8984100
2017-11-03,63.13999938964844,63.72999954223633,62.91999816894531,63.58000183105469,54.696720123291016,10035100
2017-11-06,64.0999984741211,67.41999816894531,63.93000030517578,67.08000183105469,57.70769500732422,14246300
2017-11-07,67.56999969482422,67.68000030517578,66.26000213623047,66.43000030517578,57.14851760864258,7147400
2017-11-08,66.6500015258789,67.58000183105469,66.08000183105469,67.05999755859375,57.69050216674805,8008300
2017-11-09,66.8499984741211,67.0999984741211,66.5,66.88999938964844,57.544254302978516,6163400
2017-11-10,66.58999633789062,66.62000274658203,65.18000030517578,65.73999786376953,56.55492401123047,6577000
2017-11-13,65.25,65.54000091552734,64.86000061035156,65.04000091552734,55.952728271484375,5506300
2017-11-14,64.63999938964844,64.63999938964844,62.72999954223633,62.779998779296875,54.00848388671875,10606800
2017-11-15,62.150001525878906,62.43000030517578,61.11000061035156,61.54999923706055,52.950340270996094,11273200
2017-11-16,61.599998474121094,61.650001525878906,61.02000045776367,61.310001373291016,52.74388885498047,7791600
2017-11-17,61.36000061035156,62.33000183105469,61.2599983215332,61.959999084472656,53.30305862426758,8088700
2017-11-20,61.709999084472656,62.099998474121094,61.220001220703125,61.720001220703125,53.09659194946289,7103500
2017-11-21,61.970001220703125,62.150001525878906,61.439998626708984,61.880001068115234,53.2342414855957,8491100
2017-11-22,62.439998626708984,62.599998474121094,61.84000015258789,62.13999938964844,53.457916259765625,7610300
2017-11-24,62.400001525878906,62.45000076293945,61.849998474121094,61.93000030517578,53.27725601196289,2967500
2017-11-27,61.72999954223633,61.91999816894531,61.04999923706055,61.36000061035156,52.78689193725586,6741600
2017-11-28,61.2400016784668,62.470001220703125,61.209999084472656,62.290000915527344,53.58695983886719,8737700
2017-11-29,62.400001525878906,63.29999923706055,61.93000030517578,62.150001525878906,53.466514587402344,8805900
2017-11-30,62.56999969482422,63.650001525878906,62.5,62.849998474121094,54.06871795654297,11308900
2017-12-01,63.22999954223633,65.12999725341797,63.02000045776367,64.7300033569336,55.6860466003418,11964000
2017-12-04,64.79000091552734,65.98999786376953,64.4800033569336,64.5999984741211,55.57421112060547,9505000
2017-12-05,64.12999725341797,65.0,63.439998626708984,63.45000076293945,55.01066207885742,8212800
2017-12-06,63.279998779296875,63.279998779296875,61.779998779296875,62.06999969482422,53.814212799072266,9299300
2017-12-07,62.060001373291016,62.52000045776367,61.959999084472656,62.06999969482422,53.814212799072266,7862500
2017-12-08,62.380001068115234,63.540000915527344,62.099998474121094,63.540000915527344,55.08868408203125,11030100
2017-12-11,63.380001068115234,64.94000244140625,63.0099983215332,64.55999755859375,55.9730224609375,11702900
2017-12-12,64.41000366210938,65.0,64.0999984741211,64.18000030517578,55.6435661315918,6487800
2017-12-13,64.12000274658203,64.52999877929688,63.279998779296875,63.29999923706055,54.88060760498047,7485600
2017-12-14,62.95000076293945,63.349998474121094,62.36000061035156,62.369998931884766,54.074310302734375,8550100
2017-12-15,62.720001220703125,62.95000076293945,62.0099983215332,62.09000015258789,53.8315544128418,15834700
2017-12-18,62.290000915527344,64.04000091552734,62.25,63.599998474121094,55.140716552734375,10716600
2017-12-19,63.790000915527344,64.9800033569336,63.58000183105469,64.38999938964844,55.82563400268555,8949500
2017-12-20,64.44000244140625,65.5199966430664,64.25,65.27999877929688,56.597259521484375,9227500
2017-12-21,65.4800033569336,68.31999969482422,65.25,67.86000061035156,58.83408737182617,15943700
2017-12-22,67.66000366210938,68.33000183105469,67.16000366210938,67.44000244140625,58.46995544433594,6695900
2017-12-26,67.5,68.08000183105469,67.41999816894531,67.61000061035156,58.61735153198242,5028200
2017-12-27,67.76000213623047,68.4000015258789,67.61000061035156,67.91999816894531,58.8861198425293,7107900
2017-12-28,67.94999694824219,68.22000122070312,67.29000091552734,67.45999908447266,58.487300872802734,4386800
2017-12-29,67.45999908447266,67.72000122070312,66.80000305175781,67.38999938964844,58.42661666870117,5918800
2018-01-02,68.06999969482422,69.83000183105469,67.5999984741211,69.5199966430664,60.27329635620117,8678200
2018-01-03,69.97000122070312,71.63999938964844,69.12999725341797,71.33000183105469,61.84255599975586,9529200
2018-01-04,71.76000213623047,73.19000244140625,71.26000213623047,73.0999984741211,63.37714385986328,12252300
2018-01-05,72.94999694824219,73.68000030517578,72.25,73.5999984741211,63.810638427734375,8552700
2018-01-08,73.3499984741211,74.91999816894531,72.70999908447266,74.80000305175781,64.85102844238281,9778900
2018-01-09,74.77999877929688,75.30000305175781,74.55999755859375,74.9000015258789,64.93771362304688,9370300
2018-01-10,75.12000274658203,76.06999969482422,75.0,75.5999984741211,65.54460144042969,10017600
2018-01-11,75.66999816894531,77.22000122070312,75.41999816894531,77.05000305175781,66.80175018310547,10248700
2018-01-12,77.37000274658203,78.08999633789062,77.05000305175781,77.97000122070312,67.59939575195312,9211500
2018-01-16,77.75,78.0,76.94999694824219,77.16999816894531,66.90579986572266,11902500
2018-01-17,77.0,77.79000091552734,76.41000366210938,77.20999908447266,66.94048309326172,8009600
2018-01-18,76.56999969482422,77.47000122070312,75.69000244140625,76.37000274658203,66.21221160888672,10588500
2018-01-19,75.0,77.18000030517578,74.25,76.41999816894531,66.25554656982422,13389800
2018-01-22,77.04000091552734,79.87999725341797,76.83999633789062,79.79000091552734,69.17731475830078,13192700
2018-01-23,79.81999969482422,80.3499984741211,78.58000183105469,79.20999908447266,68.6744613647461,9332600
2018-01-24,78.95999908447266,79.25,77.66999816894531,78.18000030517578,67.78145599365234,10369000
2018-01-25,78.9800033569336,79.08999633789062,77.2300033569336,77.33000183105469,67.04450988769531,7142000
2018-01-26,77.69000244140625,78.18000030517578,77.38999938964844,77.61000061035156,67.28726196289062,6055300
2018-01-29,77.08999633789062,77.41000366210938,76.0999984741211,76.37999725341797,66.22087097167969,7877900
2018-01-30,75.4000015258789,75.79000091552734,73.93000030517578,74.54000091552734,64.62561798095703,11371000
2018-01-31,74.88999938964844,74.94999694824219,73.11000061035156,73.58000183105469,63.793296813964844,10198700
2018-02-01,73.79000091552734,75.55999755859375,73.79000091552734,75.51000213623047,65.46658325195312,8671600
2018-02-02,74.87999725341797,75.25,73.36000061035156,73.69000244140625,63.8886604309082,9066600
2018-02-05,72.8499984741211,74.37999725341797,70.58999633789062,71.3499984741211,61.859893798828125,11310300
2018-02-06,69.51000213623047,72.55999755859375,69.0,71.04000091552734,62.02579879760742,12391900
2018-02-07,71.1500015258789,72.52999877929688,69.62000274658203,69.75,60.899478912353516,7345000
2018-02-08,69.80000305175781,69.9000015258789,67.3499984741211,67.4000015258789,58.8476676940918,12186000
2018-02-09,68.18000030517578,68.37000274658203,63.369998931884766,65.19000244140625,56.918094635009766,19725600
2018-02-12,66.37000274658203,67.68000030517578,66.2699966430664,66.83999633789062,58.35871505737305,11382800
2018-02-13,66.62999725341797,66.86000061035156,65.68000030517578,65.91999816894531,57.555458068847656,7959900
2018-02-14,65.33999633789062,66.2699966430664,64.56999969482422,65.87000274658203,57.511810302734375,13030900
2018-02-15,66.25,66.25,64.81999969482422,66.20999908447266,57.80866622924805,8844500
2018-02-16,66.1500015258789,67.29000091552734,65.9000015258789,66.27999877929688,57.86977767944336,7512500
2018-02-20,66.70999908447266,67.19999694824219,65.26000213623047,65.61000061035156,57.284793853759766,6840700
2018-02-21,65.3499984741211,66.08999633789062,64.37999725341797,64.4000015258789,56.22834396362305,7855000
2018-02-22,64.83999633789062,65.97000122070312,64.69999694824219,64.95999908447266,56.71727752685547,8393800
2018-02-23,65.30000305175781,66.69999694824219,65.06999969482422,66.5,58.061866760253906,7652000
2018-02-26,67.1500015258789,67.2699966430664,66.30000305175781,66.7300033569336,58.26268768310547,6605000
2018-02-27,67.30000305175781,69.05000305175781,66.86000061035156,66.91000366210938,58.419837951660156,8736100
2018-02-28,67.38999938964844,67.68000030517578,65.62000274658203,65.63999938964844,57.31099319458008,10144600
2018-03-01,65.48999786376953,66.72000122070312,65.02999877929688,65.22000122070312,56.94429016113281,9674000
2018-03-02,64.6500015258789,65.72000122070312,63.900001525878906,65.47000122070312,57.16256332397461,6797200
2018-03-05,64.93000030517578,66.58999633789062,64.91000366210938,66.16000366210938,57.7650146484375,5274300
2018-03-06,66.83999633789062,67.12000274658203,66.08999633789062,66.62999725341797,58.17536926269531,5131400
2018-03-07,65.87000274658203,66.5,65.22000122070312,66.2300033569336,57.82612609863281,5851900
2018-03-08,66.33999633789062,66.77999877929688,65.77999877929688,66.73999786376953,58.27142333984375,6099100
2018-03-09,67.29000091552734,69.06999969482422,67.25,68.77999877929688,60.05256652832031,8309700
2018-03-12,68.7300033569336,69.20999908447266,67.8499984741211,68.08999633789062,59.45011520385742,5226700
2018-03-13,68.33999633789062,68.45999908447266,66.76000213623047,67.13999938964844,58.62065505981445,6964300
2018-03-14,67.27999877929688,67.6500015258789,66.26000213623047,66.43000030517578,58.00074005126953,5963300
2018-03-15,66.5999984741211,66.9000015258789,65.01000213623047,65.3499984741211,57.05778503417969,6310900
2018-03-16,65.37000274658203,66.63999938964844,65.31999969482422,66.0999984741211,57.71261978149414,9394300
2018-03-19,66.08999633789062,66.12000274658203,64.13999938964844,64.69999694824219,56.490264892578125,6097500
2018-03-20,65.12999725341797,66.0999984741211,65.12999725341797,65.55999755859375,57.24113845825195,5446300
2018-03-21,65.91999816894531,68.2699966430664,65.77999877929688,67.73999786376953,59.14452362060547,7240300
2018-03-22,66.75,66.97000122070312,65.19000244140625,65.5199966430664,57.206214904785156,7500000
2018-03-23,65.54000091552734,66.69999694824219,64.0,64.13999938964844,56.00133514404297,8622100
2018-03-26,64.8499984741211,65.22000122070312,63.560001373291016,64.45999908447266,56.28072738647461,7386100
2018-03-27,64.91000366210938,66.08999633789062,63.970001220703125,64.4800033569336,56.298187255859375,6318000
2018-03-28,64.3499984741211,64.62999725341797,62.66999816894531,63.209999084472656,55.18933868408203,7702900
2018-03-29,63.66999816894531,65.20999908447266,63.47999954223633,64.77999877929688,56.560115814208984,7282800
2018-04-02,64.37000274658203,64.66000366210938,62.02000045776367,63.47999954223633,55.42507553100586,7598600
2018-04-03,63.93000030517578,64.8499984741211,62.689998626708984,64.79000091552734,56.568851470947266,8844500
2018-04-04,63.5,64.98999786376953,63.06999969482422,64.80999755859375,56.5863037109375,6645700
2018-04-05,65.12000274658203,66.38999938964844,65.06999969482422,65.7699966430664,57.42448806762695,6032900
2018-04-06,65.54000091552734,65.54000091552734,63.45000076293945,64.36000061035156,56.193416595458984,7515900
2018-04-09,64.77999877929688,65.08000183105469,64.11000061035156,64.26000213623047,56.106109619140625,6369700
2018-04-10,65.44999694824219,67.43000030517578,65.25,66.70999908447266,58.245216369628906,8172300
2018-04-11,66.62000274658203,67.9800033569336,66.37999725341797,67.55000305175781,58.978633880615234,8141900
2018-04-12,67.68000030517578,68.04000091552734,67.20999908447266,67.55999755859375,58.98736572265625,5845300
2018-04-13,67.58999633789062,68.0999984741211,67.30999755859375,67.94999694824219,59.3278694152832,7853500
2018-04-16,68.27999877929688,68.73999786376953,67.43000030517578,68.5199966430664,59.82555389404297,9026400
2018-04-17,68.5199966430664,68.9800033569336,67.94999694824219,68.66000366210938,59.947792053222656,6490400
2018-04-18,69.62000274658203,71.0,69.55000305175781,70.33999633789062,61.414608001708984,8640300
2018-04-19,70.37000274658203,70.91999816894531,69.69999694824219,70.27999877929688,61.36223220825195,7184700
2018-04-20,70.80999755859375,71.25,68.62999725341797,69.2300033569336,60.445465087890625,9967400
2018-04-23,68.69999694824219,68.97000122070312,67.51000213623047,68.91000366210938,60.16606140136719,6792000
2018-04-24,69.05999755859375,69.80000305175781,67.72000122070312,68.27999877929688,59.61599349975586,7474500
2018-04-25,67.9800033569336,69.2699966430664,67.87999725341797,69.0999984741211,60.33195495605469,5994000
2018-04-26,69.4800033569336,70.0999984741211,69.18000030517578,69.47000122070312,60.654998779296875,8145000
2018-04-27,69.05999755859375,69.69999694824219,68.9000015258789,69.08000183105469,60.31449890136719,4559500
2018-04-30,69.0,69.37999725341797,68.43000030517578,68.55999755859375,59.860469818115234,6249900
2018-05-01,68.11000061035156,68.41999816894531,67.08000183105469,68.4000015258789,59.72078323364258,6197600
2018-05-02,67.9800033569336,69.18000030517578,67.9000015258789,68.66000366210938,59.947792053222656,6460300
2018-05-03,68.48999786376953,68.58000183105469,66.88999938964844,67.72000122070312,59.12705993652344,6563900
2018-05-04,67.48999786376953,69.19000244140625,67.12999725341797,68.79000091552734,60.06129837036133,5620900
2018-05-07,69.23999786376953,70.8499984741211,69.08000183105469,69.20999908447266,60.42799377441406,6388900
2018-05-08,69.44999694824219,69.62000274658203,67.69999694824219,69.54000091552734,60.71614074707031,6142300
2018-05-09,70.51000213623047,71.77999877929688,70.41999816894531,70.87999725341797,61.886077880859375,7774400
2018-05-10,71.41999816894531,71.56999969482422,70.23999786376953,71.12000274658203,62.095645904541016,5650400
2018-05-11,71.33000183105469,71.52999877929688,70.87000274658203,71.08000183105469,62.06072998046875,5449200
2018-05-14,71.18000030517578,72.05000305175781,71.16999816894531,71.5999984741211,62.51472473144531,5142400
2018-05-15,71.5,71.75,70.91000366210938,71.5999984741211,62.51472473144531,3571600
2018-05-16,71.5999984741211,73.20999908447266,71.5999984741211,73.11000061035156,63.83314514160156,7121700
2018-05-17,73.5,75.43000030517578,73.4800033569336,74.43000030517578,64.98564147949219,10825700
2018-05-18,74.19000244140625,74.86000061035156,74.16000366210938,74.29000091552734,64.86339569091797,5715400
2018-05-21,74.7699966430664,75.05999755859375,73.95999908447266,75.02999877929688,65.50950622558594,4641200
2018-05-22,75.0,75.25,73.38999938964844,73.7300033569336,64.37446594238281,5881200
2018-05-23,73.0,73.47000122070312,72.3499984741211,73.44999694824219,64.1299819946289,5737200
2018-05-24,72.5999984741211,72.72000122070312,71.08999633789062,71.22000122070312,62.182960510253906,8648500
2018-05-25,69.80000305175781,69.9000015258789,68.02999877929688,68.5999984741211,59.8953971862793,10719800
2018-05-29,67.62999725341797,68.37000274658203,67.16999816894531,68.06999969482422,59.432647705078125,8369200
2018-05-30,68.72000122070312,69.83000183105469,68.44999694824219,69.4800033569336,60.66374206542969,7710300
2018-05-31,69.08000183105469,69.31999969482422,68.25,68.66999816894531,59.95651626586914,8419700
2018-06-01,68.63999938964844,69.08000183105469,68.37000274658203,68.95999908447266,60.2097282409668,6512800
2018-06-04,69.16000366210938,69.48999786376953,68.68000030517578,69.06999969482422,60.305763244628906,8104200
2018-06-05,68.48999786376953,68.86000061035156,67.9000015258789,68.45999908447266,60.20902633666992,7058000
2018-06-06,68.83000183105469,69.05999755859375,68.06999969482422,68.88999938964844,60.587196350097656,6387900
2018-06-07,69.37000274658203,70.29000091552734,69.12999725341797,69.5999984741211,61.21162033081055,8330600
2018-06-08,69.9000015258789,70.08999633789062,68.97000122070312,69.43000030517578,61.062110900878906,5125200
2018-06-11,69.4800033569336,70.44000244140625,69.11000061035156,69.87000274658203,61.4490852355957,6970700
2018-06-12,70.0,70.47000122070312,68.08000183105469,68.5999984741211,60.33214569091797,9664000
2018-06-13,67.76000213623047,68.75,67.43000030517578,67.97000122070312,59.77808380126953,7161000
2018-06-14,68.16000366210938,68.56999969482422,67.66000366210938,68.33000183105469,60.094688415527344,7104000
2018-06-15,67.91999816894531,67.9800033569336,66.54000091552734,66.83000183105469,58.77547073364258,15094700
2018-06-18,66.26000213623047,67.30000305175781,66.19999694824219,67.04000091552734,58.96016311645508,6110400
2018-06-19,66.01000213623047,66.1500015258789,65.19999694824219,65.69999694824219,57.78165817260742,11577800
2018-06-20,65.94000244140625,66.06999969482422,65.27999877929688,65.55000305175781,57.64974594116211,7567700
2018-06-21,65.41999816894531,65.58000183105469,64.51000213623047,64.79000091552734,56.98133850097656,6371400
2018-06-22,67.12999725341797,67.94999694824219,66.4000015258789,66.58000183105469,58.55560302734375,10995000
2018-06-25,66.29000091552734,66.36000061035156,64.9000015258789,65.43000030517578,57.5442008972168,7608700
2018-06-26,65.4000015258789,66.30000305175781,65.04000091552734,66.0199966430664,58.06309127807617,5618500
2018-06-27,66.73999786376953,67.69000244140625,66.45999908447266,66.80999755859375,58.75789260864258,6856500
2018-06-28,67.11000061035156,67.2300033569336,66.2699966430664,67.01000213623047,58.93377685546875,5827800
2018-06-29,67.0199966430664,67.8499984741211,67.01000213623047,67.02999877929688,58.951377868652344,5350900
2018-07-02,66.44999694824219,66.72000122070312,65.01000213623047,65.20999908447266,57.3507194519043,9404700
2018-07-03,66.23999786376953,66.30000305175781,65.2300033569336,65.83999633789062,57.904788970947266,5207700
2018-07-05,66.37999725341797,66.94999694824219,65.94000244140625,66.43000030517578,58.42367935180664,6492800
2018-07-06,65.95999908447266,67.25,65.7300033569336,67.02999877929688,58.951377868652344,4303400
2018-07-09,67.5,68.62000274658203,67.5,68.33999633789062,60.103485107421875,5230900
2018-07-10,68.9000015258789,69.61000061035156,68.76000213623047,69.48999786376953,61.11488342285156,6343100
2018-07-11,68.62999725341797,69.27999877929688,68.0999984741211,68.33999633789062,60.103485107421875,7497400
2018-07-12,68.6500015258789,68.70999908447266,67.0,67.47000122070312,59.33834457397461,6217000
2018-07-13,67.75,68.33999633789062,67.41000366210938,68.08000183105469,59.874820709228516,4607000
2018-07-16,67.08999633789062,67.5199966430664,66.86000061035156,67.41999816894531,59.29435729980469,4544100
2018-07-17,67.08999633789062,67.19999694824219,66.36000061035156,66.73999786376953,58.696319580078125,6614300
2018-07-18,66.4000015258789,67.44999694824219,65.88999938964844,67.05999755859375,58.97774887084961,6493200
2018-07-19,66.5999984741211,67.55000305175781,66.5,66.91999816894531,58.85462188720703,7049000
2018-07-20,68.33999633789062,68.43000030517578,66.02999877929688,66.08999633789062,58.124656677246094,7510300
2018-07-23,65.97000122070312,66.5999984741211,65.47000122070312,65.73999786376953,57.81684494018555,8542800
2018-07-24,66.01000213623047,66.41000366210938,65.38999938964844,65.5199966430664,57.62335968017578,8872000
2018-07-25,65.5999984741211,65.86000061035156,64.7300033569336,65.77999877929688,57.852012634277344,7586700
2018-07-26,66.22000122070312,67.0199966430664,65.5199966430664,66.86000061035156,58.801849365234375,6497500
2018-07-27,66.33000183105469,67.4000015258789,66.33000183105469,67.04000091552734,58.96016311645508,5888100
2018-07-30,67.51000213623047,68.30000305175781,67.30999755859375,67.58000183105469,59.435081481933594,5816900
2018-07-31,67.62999725341797,67.88999938964844,67.08000183105469,67.5199966430664,59.38230514526367,5986900
2018-08-01,67.0,67.16000366210938,66.01000213623047,66.66000366210938,58.625953674316406,4834900
2018-08-02,66.04000091552734,66.41999816894531,65.62999725341797,65.94000244140625,57.99273681640625,4985000
2018-08-03,65.83999633789062,66.6500015258789,65.63999938964844,65.88999938964844,57.94876480102539,4588300
2018-08-06,65.97000122070312,66.12999725341797,65.55000305175781,65.73999786376953,57.81684494018555,4348800
2018-08-07,66.41999816894531,67.30999755859375,65.72000122070312,66.68000030517578,58.643550872802734,5745200
2018-08-08,66.2300033569336,66.62999725341797,65.9800033569336,66.41000366210938,58.406089782714844,3549300
2018-08-09,66.56999969482422,66.66999816894531,65.12000274658203,65.4000015258789,57.51782989501953,4760800
2018-08-10,65.36000061035156,66.0999984741211,64.87999725341797,66.04000091552734,58.0806884765625,4851200
2018-08-13,65.94999694824219,66.04000091552734,64.69999694824219,64.97000122070312,57.139644622802734,4563400
2018-08-14,65.27999877929688,65.73999786376953,64.79000091552734,64.80000305175781,56.990135192871094,4851000
2018-08-15,64.31999969482422,64.36000061035156,61.81999969482422,62.290000915527344,54.782649993896484,9831900
2018-08-16,62.61000061035156,63.08000183105469,62.400001525878906,62.4900016784668,54.95854568481445,6080800
2018-08-17,62.470001220703125,63.02000045776367,62.060001373291016,62.83000183105469,55.25756072998047,5657500
2018-08-20,63.060001373291016,63.65999984741211,62.7400016784668,63.5,55.84681701660156,3670300
2018-08-21,64.26000213623047,65.22000122070312,64.13999938964844,64.76000213623047,56.9549560546875,6092600
2018-08-22,65.29000091552734,65.61000061035156,64.91000366210938,65.08999633789062,57.24517059326172,5134400
2018-08-23,64.7699966430664,64.97000122070312,64.2699966430664,64.6500015258789,56.85822296142578,4430200
2018-08-24,64.9800033569336,65.36000061035156,64.9800033569336,65.25,57.385902404785156,6418000
2018-08-27,65.36000061035156,65.56999969482422,64.61000061035156,64.8499984741211,57.03411102294922,8459200
2018-08-28,64.94000244140625,65.5199966430664,64.02999877929688,64.06999969482422,56.348114013671875,9470700
2018-08-29,64.2300033569336,64.63999938964844,63.90999984741211,64.48999786376953,56.71749496459961,7611600
2018-08-30,64.5999984741211,65.08000183105469,64.05999755859375,64.33999633789062,56.585575103759766,6300100
2018-08-31,64.06999969482422,64.13999938964844,62.970001220703125,63.15999984741211,55.547794342041016,7953200
2018-09-04,63.060001373291016,63.13999938964844,61.7400016784668,61.91999816894531,54.89178466796875,8287000
2018-09-05,61.470001220703125,61.54999923706055,60.189998626708984,61.02000045776367,54.09394073486328,10127200
2018-09-06,60.79999923706055,60.959999084472656,59.79999923706055,60.209999084472656,53.375877380371094,9684100
2018-09-07,59.790000915527344,60.189998626708984,59.25,59.70000076293945,52.92376708984375,11056200
2018-09-10,60.0,60.779998779296875,59.959999084472656,59.97999954223633,53.17198181152344,6954600
2018-09-11,60.08000183105469,60.79999923706055,59.43000030517578,60.31999969482422,53.473392486572266,9782200
2018-09-12,60.70000076293945,61.599998474121094,60.70000076293945,60.81999969482422,53.91664505004883,7931700
2018-09-13,60.709999084472656,61.310001373291016,60.43000030517578,61.02000045776367,54.09394073486328,6006300
2018-09-14,61.0,61.560001373291016,60.7599983215332,61.22999954223633,54.28010559082031,8059100
2018-09-17,61.59000015258789,61.66999816894531,60.68000030517578,60.970001220703125,54.04961395263672,6825400
2018-09-18,61.619998931884766,61.970001220703125,60.95000076293945,60.9900016784668,54.06734848022461,6779700
2018-09-19,60.83000183105469,61.709999084472656,60.5099983215332,61.22999954223633,54.28010559082031,9367100
2018-09-20,61.95000076293945,62.27000045776367,61.560001373291016,61.56999969482422,54.581512451171875,7364100
2018-09-21,61.75,61.84000015258789,61.130001068115234,61.130001068115234,54.19145202636719,21545100
2018-09-24,61.81999969482422,62.08000183105469,61.40999984741211,61.599998474121094,54.608116149902344,8715200
2018-09-25,62.20000076293945,62.880001068115234,62.06999969482422,62.529998779296875,55.432552337646484,8517500
2018-09-26,61.90999984741211,62.16999816894531,60.79999923706055,60.880001068115234,53.9698371887207,10408600
2018-09-27,61.13999938964844,61.689998626708984,60.400001525878906,61.16999816894531,54.22691345214844,6553000
2018-09-28,61.029998779296875,61.709999084472656,60.86000061035156,60.91999816894531,54.005287170410156,7206600
2018-10-01,61.20000076293945,62.369998931884766,60.880001068115234,61.59000015258789,54.599246978759766,7667000
2018-10-02,61.29999923706055,62.099998474121094,60.869998931884766,61.88999938964844,54.86518478393555,5660200
2018-10-03,62.150001525878906,62.90999984741211,61.59000015258789,62.619998931884766,55.512325286865234,7315700
2018-10-04,62.689998626708984,63.290000915527344,62.29999923706055,62.849998474121094,55.716224670410156,6920100
2018-10-05,62.75,63.36000061035156,62.439998626708984,63.0,55.849205017089844,7358200
2018-10-08,62.220001220703125,63.08000183105469,62.09000015258789,62.939998626708984,55.79601287841797,4725700
2018-10-09,63.189998626708984,63.650001525878906,62.29999923706055,63.11000061035156,55.94671630859375,6410500
2018-10-10,62.779998779296875,63.040000915527344,60.66999816894531,60.81999969482422,53.91664505004883,10393700
2018-10-11,60.31999969482422,60.58000183105469,58.650001525878906,59.119998931884766,52.409603118896484,12620400
2018-10-12,59.779998779296875,60.13999938964844,58.29999923706055,59.33000183105469,52.595767974853516,9737400
2018-10-15,59.400001525878906,60.11000061035156,58.86000061035156,59.54999923706055,52.79079055786133,7302100
2018-10-16,59.88999938964844,60.130001068115234,59.52000045776367,59.68000030517578,52.906036376953125,6310100
2018-10-17,59.25,59.529998779296875,58.68000030517578,59.2400016784668,52.51598358154297,6484100
2018-10-18,58.81999969482422,59.310001373291016,58.08000183105469,58.43000030517578,51.79792022705078,11215300
2018-10-19,58.0,61.189998626708984,57.59000015258789,58.470001220703125,51.8333854675293,11347900
2018-10-22,58.45000076293945,58.61000061035156,56.16999816894531,56.810001373291016,50.36178970336914,13371500
2018-10-23,55.619998931884766,55.75,54.47999954223633,55.09000015258789,48.83702087402344,13516700
2018-10-24,55.5099983215332,55.61000061035156,52.970001220703125,53.0099983215332,46.99311447143555,16957500
2018-10-25,53.779998779296875,54.25,52.77000045776367,53.29999923706055,47.25020217895508,9850400
2018-10-26,52.560001373291016,53.84000015258789,51.84000015258789,52.900001525878906,46.89560317993164,11131300
2018-10-29,53.20000076293945,53.20000076293945,50.79999923706055,51.45000076293945,45.61018371582031,11125100
2018-10-30,51.36000061035156,52.54999923706055,50.81999969482422,52.31999969482422,46.381431579589844,12235800
2018-10-31,52.849998474121094,53.0099983215332,51.2400016784668,51.310001373291016,45.48607635498047,13260600
2018-11-01,51.599998474121094,52.189998626708984,50.810001373291016,51.65999984741211,45.79634475708008,10799400
2018-11-02,52.220001220703125,52.279998779296875,50.720001220703125,51.400001525878906,45.565853118896484,8458000
2018-11-05,51.95000076293945,52.279998779296875,51.29999923706055,51.959999084472656,46.06229019165039,8644900
2018-11-06,52.0,52.2400016784668,51.5,52.08000183105469,46.168678283691406,6433500
2018-11-07,52.599998474121094,52.939998626708984,51.70000076293945,52.31999969482422,46.381431579589844,9417300
2018-11-08,52.209999084472656,52.59000015258789,51.470001220703125,51.58000183105469,45.72542953491211,10936000
2018-11-09,50.70000076293945,51.290000915527344,50.0,50.400001525878906,44.67937088012695,13347100
2018-11-12,50.939998626708984,50.95000076293945,49.349998474121094,49.45000076293945,43.83719253540039,10256900
2018-11-13,49.349998474121094,49.369998931884766,47.25,47.34000015258789,41.9666862487793,19044100
2018-11-14,48.209999084472656,48.880001068115234,47.349998474121094,47.810001373291016,42.38333511352539,17285400
2018-11-15,47.61000061035156,48.380001068115234,47.06999969482422,48.08000183105469,42.62269592285156,16015200
2018-11-16,48.279998779296875,48.75,47.72999954223633,48.220001220703125,42.74679946899414,11775800
2018-11-19,47.970001220703125,49.18000030517578,47.869998931884766,48.310001373291016,42.82658767700195,9449600
2018-11-20,47.5099983215332,47.70000076293945,46.34000015258789,46.900001525878906,41.57663345336914,12276800
2018-11-21,47.599998474121094,48.0,47.189998626708984,47.63999938964844,42.23263931274414,9262500
2018-11-23,46.20000076293945,46.61000061035156,45.79999923706055,46.369998931884766,41.10677719116211,8001400
2018-11-26,47.0099983215332,47.540000915527344,46.279998779296875,46.630001068115234,41.337276458740234,11263600
2018-11-27,46.54999923706055,46.709999084472656,45.540000915527344,46.20000076293945,40.956085205078125,11644400
2018-11-28,46.29999923706055,46.5099983215332,45.2599983215332,46.40999984741211,41.142250061035156,10630200
2018-11-29,46.529998779296875,46.650001525878906,45.81999969482422,45.900001525878906,40.69013595581055,13565000
2018-11-30,45.47999954223633,45.54999923706055,44.68000030517578,45.099998474121094,39.980934143066406,16183600
2018-12-03,46.279998779296875,46.61000061035156,45.79999923706055,46.29999923706055,41.04473114013672,12790700
2018-12-04,45.790000915527344,45.88999938964844,44.02000045776367,44.119998931884766,39.53915786743164,12979400
2018-12-06,42.79999923706055,42.97999954223633,41.869998931884766,42.31999969482422,37.92604064941406,23678300
2018-12-07,43.15999984741211,44.650001525878906,43.0099983215332,43.040000915527344,38.571292877197266,14196900
2018-12-10,41.790000915527344,42.91999816894531,41.02000045776367,41.970001220703125,37.612388610839844,15376600
2018-12-11,42.33000183105469,42.5,40.529998779296875,41.2400016784668,36.95817947387695,19863000
2018-12-12,41.61000061035156,42.540000915527344,41.380001068115234,41.439998626708984,37.137413024902344,13509300
2018-12-13,41.2599983215332,41.36000061035156,40.380001068115234,41.02000045776367,36.76102066040039,15276200
2018-12-14,40.560001373291016,40.59000015258789,38.81999969482422,39.099998474121094,35.04036331176758,18278300
2018-12-17,39.0,39.900001525878906,38.810001373291016,39.04999923706055,34.99555587768555,20140600
2018-12-18,38.97999954223633,39.0,37.66999816894531,37.84000015258789,33.91119384765625,20384400
2018-12-19,37.880001068115234,38.959999084472656,37.310001373291016,37.790000915527344,33.86638641357422,25769400
2018-12-20,37.34000015258789,38.029998779296875,36.060001373291016,36.20000076293945,32.441463470458984,24543700
2018-12-21,35.470001220703125,36.68000030517578,35.22999954223633,35.70000076293945,31.993383407592773,30594300
2018-12-24,35.45000076293945,35.880001068115234,35.0,35.189998626708984,31.53632926940918,14037400
2018-12-26,35.40999984741211,36.630001068115234,34.9900016784668,36.61000061035156,32.808895111083984,19950500
2018-12-27,36.099998474121094,36.470001220703125,35.02000045776367,36.33000183105469,32.55796813964844,16779100
2018-12-28,36.52000045776367,37.15999984741211,36.34000015258789,36.599998474121094,32.79993438720703,15785500
2018-12-31,36.65999984741211,36.810001373291016,35.2599983215332,36.08000183105469,32.333927154541016,19349800
2019-01-02,35.4900016784668,37.75,35.34000015258789,37.20000076293945,33.33763885498047,15926100
2019-01-03,37.310001373291016,38.59000015258789,36.86000061035156,37.599998474121094,33.69610595703125,20007900
2019-01-04,38.29999923706055,39.22999954223633,38.029998779296875,39.09000015258789,35.031410217285156,19506600
2019-01-07,39.209999084472656,40.470001220703125,38.95000076293945,40.16999816894531,35.999267578125,15736900
2019-01-08,40.77000045776367,41.0,40.22999954223633,40.66999816894531,36.44736099243164,13070200
2019-01-09,41.2599983215332,41.619998931884766,40.7400016784668,41.2400016784668,36.95817947387695,17909200
2019-01-10,40.93000030517578,41.84000015258789,40.75,41.650001525878906,37.325618743896484,13299600
2019-01-11,41.11000061035156,41.77000045776367,40.689998626708984,41.7400016784668,37.40626525878906,13330500
2019-01-14,41.099998474121094,41.56999969482422,40.9900016784668,41.31999969482422,37.029869079589844,11804200
2019-01-15,41.84000015258789,42.20000076293945,41.43000030517578,41.720001220703125,37.388336181640625,9398400
2019-01-16,41.5,41.7400016784668,41.20000076293945,41.25,36.96714401245117,12481600
2019-01-17,40.88999938964844,41.7400016784668,40.529998779296875,41.369998931884766,37.07468032836914,13889800
2019-01-18,43.849998474121094,44.939998626708984,43.0,44.72999954223633,40.0858268737793,26638600
2019-01-22,43.88999938964844,44.27000045776367,43.31999969482422,43.959999084472656,39.39577102661133,21523500
2019-01-23,44.060001373291016,44.189998626708984,42.709999084472656,43.310001373291016,38.81325912475586,13765800
2019-01-24,43.4900016784668,44.380001068115234,43.189998626708984,43.560001373291016,39.03730010986328,10990900
2019-01-25,44.0,45.04999923706055,43.97999954223633,45.0,40.327789306640625,15921400
2019-01-28,44.27000045776367,44.54999923706055,43.77000045776367,44.2400016784668,39.646697998046875,11225300
2019-01-29,44.68000030517578,44.84000015258789,43.84000015258789,44.0,39.43162155151367,8097500
2019-01-30,44.16999816894531,45.04999923706055,43.939998626708984,45.0,40.327789306640625,7961500
2019-01-31,45.0,45.0099983215332,43.72999954223633,44.209999084472656,39.619815826416016,15458100
2019-02-01,44.400001525878906,44.970001220703125,44.20000076293945,44.560001373291016,39.933475494384766,8583700
2019-02-04,44.220001220703125,44.650001525878906,43.880001068115234,44.599998474121094,39.96932601928711,12786700
2019-02-05,44.599998474121094,45.27000045776367,44.38999938964844,45.13999938964844,40.4532585144043,10662700
2019-02-06,44.970001220703125,45.220001220703125,44.779998779296875,45.06999969482422,40.39052963256836,6945800
2019-02-07,44.689998626708984,44.869998931884766,42.900001525878906,43.459999084472656,38.94768524169922,12647300
2019-02-08,43.31999969482422,43.5,42.22999954223633,42.779998779296875,38.33828353881836,9173500
2019-02-11,42.47999954223633,43.7400016784668,42.459999084472656,43.689998626708984,39.15380096435547,9541800
2019-02-12,43.86000061035156,44.36000061035156,43.7400016784668,44.060001373291016,39.942501068115234,8981100
2019-02-13,44.16999816894531,45.130001068115234,44.06999969482422,44.41999816894531,40.268856048583984,11036100
2019-02-14,44.279998779296875,44.52000045776367,44.119998931884766,44.13999938964844,40.0150260925293,9671200
2019-02-15,44.630001068115234,45.099998474121094,44.470001220703125,44.95000076293945,40.749332427978516,8174900
2019-02-19,44.52000045776367,45.79999923706055,44.439998626708984,45.540000915527344,41.2841911315918,10039200
2019-02-20,45.349998474121094,46.349998474121094,45.349998474121094,45.900001525878906,41.61055374145508,8565600
2019-02-21,45.86000061035156,45.95000076293945,44.599998474121094,44.720001220703125,40.54082489013672,9527400
2019-02-22,45.08000183105469,45.13999938964844,44.189998626708984,44.36000061035156,40.21446228027344,5716500
2019-02-25,44.33000183105469,45.0099983215332,44.25,44.790000915527344,40.60428237915039,6033300
2019-02-26,44.79999923706055,45.150001525878906,44.2599983215332,44.310001373291016,40.16913986206055,5853200
2019-02-27,44.400001525878906,44.779998779296875,44.08000183105469,44.349998474121094,40.20539855957031,7442700
2019-02-28,44.459999084472656,44.540000915527344,43.41999816894531,44.060001373291016,39.942501068115234,8846900
2019-03-01,44.220001220703125,45.189998626708984,44.220001220703125,45.189998626708984,40.96689987182617,8811700
2019-03-04,45.43000030517578,45.65999984741211,44.56999969482422,45.2400016784668,41.012229919433594,6946300
2019-03-05,45.20000076293945,45.27000045776367,44.310001373291016,44.790000915527344,40.60428237915039,7391100
2019-03-06,44.5099983215332,44.709999084472656,43.20000076293945,43.369998931884766,39.316978454589844,9948900
2019-03-07,43.41999816894531,43.459999084472656,42.45000076293945,42.4900016784668,38.519222259521484,8086500
2019-03-08,41.72999954223633,41.790000915527344,40.880001068115234,41.290000915527344,37.431373596191406,12739200
2019-03-11,41.790000915527344,42.31999969482422,41.439998626708984,42.08000183105469,38.14754104614258,9494500
2019-03-12,42.150001525878906,42.91999816894531,42.119998931884766,42.59000015258789,38.6098747253418,8230600
2019-03-13,43.0099983215332,43.29999923706055,42.83000183105469,43.150001525878906,39.11754608154297,8822800
2019-03-14,43.150001525878906,43.5,43.04999923706055,43.09000015258789,39.063148498535156,7934400
2019-03-15,42.70000076293945,43.15999984741211,42.34000015258789,42.38999938964844,38.42856979370117,14144900
2019-03-18,42.70000076293945,43.650001525878906,42.470001220703125,43.36000061035156,39.307918548583984,13518800
2019-03-19,43.779998779296875,43.9900016784668,43.09000015258789,43.25,39.20819854736328,8834700
2019-03-20,43.22999954223633,44.599998474121094,43.08000183105469,44.290000915527344,40.151004791259766,9512500
2019-03-21,44.11000061035156,44.38999938964844,43.779998779296875,44.220001220703125,40.08754348754883,6168400
2019-03-22,43.75,43.970001220703125,42.310001373291016,42.470001220703125,38.501094818115234,7892200
2019-03-25,41.7599983215332,42.54999923706055,41.720001220703125,42.470001220703125,38.501094818115234,6390000
2019-03-26,42.91999816894531,43.720001220703125,42.77000045776367,43.04999923706055,39.02688980102539,6500500
2019-03-27,43.029998779296875,43.279998779296875,42.38999938964844,42.68000030517578,38.69145965576172,5254400
2019-03-28,42.4900016784668,43.68000030517578,42.33000183105469,43.619998931884766,39.54362106323242,7419800
2019-03-29,44.22999954223633,44.349998474121094,43.220001220703125,43.56999969482422,39.498294830322266,7984800
2019-04-01,43.97999954223633,44.9900016784668,43.720001220703125,44.7599983215332,40.57708740234375,9717800
2019-04-02,44.900001525878906,45.45000076293945,44.349998474121094,44.4900016784668,40.33232116699219,6899400
2019-04-03,44.790000915527344,44.83000183105469,43.38999938964844,43.59000015258789,39.51642608642578,7230600
2019-04-04,43.40999984741211,44.11000061035156,43.060001373291016,44.099998474121094,39.978763580322266,6670900
2019-04-05,44.40999984741211,45.540000915527344,44.2599983215332,45.0,40.794654846191406,9149600
2019-04-08,45.150001525878906,46.2400016784668,45.099998474121094,46.16999816894531,41.85531234741211,11421400
2019-04-09,45.86000061035156,46.040000915527344,45.220001220703125,45.58000183105469,41.32045364379883,7577500
2019-04-10,45.79999923706055,46.0,45.400001525878906,45.54999923706055,41.293251037597656,6148800
2019-04-11,45.54999923706055,45.90999984741211,44.90999984741211,45.310001373291016,41.07569122314453,5291400
2019-04-12,46.0,46.45000076293945,45.58000183105469,45.650001525878906,41.383914947509766,8667000
2019-04-15,45.560001373291016,46.83000183105469,45.25,46.400001525878906,42.06382751464844,11178400
2019-04-16,46.63999938964844,47.54999923706055,46.61000061035156,47.34000015258789,42.91598129272461,7654400
2019-04-17,47.810001373291016,47.959999084472656,47.130001068115234,47.40999984741211,42.979434967041016,8346300
2019-04-18,48.130001068115234,48.880001068115234,45.5099983215332,45.560001373291016,41.30231857299805,15721600
2019-04-22,45.63999938964844,46.18000030517578,45.209999084472656,45.849998474121094,41.56521987915039,7901000
2019-04-23,45.66999816894531,46.09000015258789,45.27000045776367,45.88999938964844,41.60148239135742,8539400
2019-04-24,45.720001220703125,45.810001373291016,44.2400016784668,44.2400016784668,40.105682373046875,8941800
2019-04-25,44.150001525878906,44.189998626708984,43.16999816894531,43.29999923706055,39.25352478027344,9404900
2019-04-26,42.95000076293945,43.470001220703125,42.459999084472656,43.29999923706055,39.25352478027344,8527500
2019-04-29,43.34000015258789,44.369998931884766,43.25,43.43000030517578,39.371376037597656,8927300
2019-04-30,43.86000061035156,43.900001525878906,42.38999938964844,42.68000030517578,38.69145965576172,12163700
2019-05-01,42.630001068115234,42.88999938964844,41.34000015258789,41.369998931884766,37.50388717651367,10523300
2019-05-02,40.97999954223633,41.54999923706055,40.66999816894531,41.119998931884766,37.277252197265625,9108300
2019-05-03,41.560001373291016,41.810001373291016,41.11000061035156,41.279998779296875,37.42229461669922,7184800
2019-05-06,40.84000015258789,41.4900016784668,40.70000076293945,41.2400016784668,37.38603591918945,6571600
2019-05-07,40.7599983215332,40.7599983215332,39.970001220703125,40.599998474121094,36.80584716796875,10438900
2019-05-08,40.52000045776367,40.599998474121094,39.91999816894531,40.27000045776367,36.506683349609375,9237900
2019-05-09,39.91999816894531,40.45000076293945,39.4900016784668,40.27000045776367,36.506683349609375,12928500
2019-05-10,39.900001525878906,40.119998931884766,38.650001525878906,39.560001373291016,35.863037109375,12810800
2019-05-13,38.880001068115234,39.150001525878906,37.630001068115234,38.15999984741211,34.593868255615234,16732200
2019-05-14,38.4900016784668,39.970001220703125,38.36000061035156,39.0,35.35537338256836,12042900
2019-05-15,38.40999984741211,39.439998626708984,38.400001525878906,39.33000183105469,35.65453338623047,10558400
2019-05-16,39.59000015258789,40.0099983215332,39.470001220703125,39.86000061035156,36.13500213623047,7632500
2019-05-17,39.5,39.75,38.939998626708984,39.02000045776367,35.373504638671875,7252400
2019-05-20,38.83000183105469,39.15999984741211,38.65999984741211,39.119998931884766,35.46415710449219,5922600
2019-05-21,39.290000915527344,39.72999954223633,38.959999084472656,39.5,35.808650970458984,6716300
2019-05-22,39.15999984741211,39.2599983215332,38.0099983215332,38.34000015258789,34.757049560546875,7429900
2019-05-23,37.529998779296875,37.529998779296875,36.79999923706055,37.4900016784668,33.986480712890625,12398900
2019-05-24,37.650001525878906,37.900001525878906,36.93000030517578,37.0,33.542274475097656,7665200
2019-05-28,37.099998474121094,37.130001068115234,36.439998626708984,36.5,33.08899688720703,11869600
2019-05-29,36.0,36.27000045776367,35.459999084472656,36.18000030517578,32.79890441894531,10072100
2019-05-30,36.040000915527344,36.279998779296875,35.119998931884766,35.18000030517578,31.892353057861328,11763600
2019-05-31,34.720001220703125,34.939998626708984,34.459999084472656,34.689998626708984,31.448150634765625,11445600
2019-06-03,34.9900016784668,35.650001525878906,34.83000183105469,35.4900016784668,32.17338943481445,9878700
2019-06-04,35.5099983215332,35.97999954223633,35.15999984741211,35.72999954223633,32.853816986083984,8021100
2019-06-05,35.810001373291016,35.849998474121094,34.689998626708984,34.939998626708984,32.12740707397461,9098900
2019-06-06,34.93000030517578,35.56999969482422,34.65999984741211,35.04999923706055,32.22855758666992,12356100
2019-06-07,35.40999984741211,36.150001525878906,35.209999084472656,35.599998474121094,32.73427963256836,12881200
2019-06-10,35.810001373291016,36.220001220703125,35.380001068115234,35.470001220703125,32.614742279052734,12121000
2019-06-11,36.09000015258789,37.02000045776367,35.79999923706055,36.689998626708984,33.73653793334961,12121500
2019-06-12,36.79999923706055,36.79999923706055,35.5,35.58000183105469,32.71589660644531,12258800
2019-06-13,36.18000030517578,36.959999084472656,35.91999816894531,36.790000915527344,33.8284912109375,14336200
2019-06-14,36.66999816894531,36.70000076293945,35.63999938964844,35.93000030517578,33.03771209716797,11571500
2019-06-17,35.77000045776367,36.72999954223633,35.689998626708984,36.65999984741211,33.70895004272461,7574600
2019-06-18,36.689998626708984,37.380001068115234,36.540000915527344,36.93000030517578,33.957218170166016,10127400
2019-06-19,37.099998474121094,37.130001068115234,36.310001373291016,36.5099983215332,33.571022033691406,10273200
2019-06-20,37.38999938964844,38.349998474121094,37.279998779296875,38.25,35.170963287353516,13067900
2019-06-21,38.36000061035156,38.90999984741211,38.08000183105469,38.880001068115234,35.750244140625,16111400
2019-06-24,38.70000076293945,39.18000030517578,38.41999816894531,38.650001525878906,35.53876495361328,9348100
2019-06-25,38.58000183105469,38.7400016784668,38.099998474121094,38.58000183105469,35.474395751953125,7969100
2019-06-26,39.029998779296875,39.75,38.7599983215332,39.02000045776367,35.87897491455078,8362900
2019-06-27,39.18000030517578,39.349998474121094,38.849998474121094,39.11000061035156,35.96173858642578,6417500
2019-06-28,39.22999954223633,39.779998779296875,39.189998626708984,39.7400016784668,36.54102325439453,9742700
2019-07-01,40.41999816894531,40.630001068115234,39.2599983215332,39.31999969482422,36.15481948852539,13048500
2019-07-02,39.439998626708984,39.439998626708984,38.630001068115234,39.18000030517578,36.02609634399414,8732500
2019-07-03,39.13999938964844,39.5099983215332,38.900001525878906,39.4900016784668,36.3111457824707,4954500
2019-07-05,39.20000076293945,39.599998474121094,39.08000183105469,39.56999969482422,36.38470458984375,5885500
2019-07-08,39.43000030517578,40.099998474121094,39.279998779296875,39.88999938964844,36.67894744873047,10899100
2019-07-09,39.779998779296875,40.220001220703125,39.54999923706055,40.20000076293945,36.96399688720703,8699200
2019-07-10,40.61000061035156,40.88999938964844,40.290000915527344,40.619998931884766,37.350189208984375,7003300
2019-07-11,40.599998474121094,41.0,40.06999969482422,40.970001220703125,37.6720085144043,9695200
2019-07-12,41.11000061035156,41.400001525878906,40.70000076293945,40.810001373291016,37.52488708496094,6788100
2019-07-15,40.849998474121094,41.0,40.34000015258789,40.470001220703125,37.21226119995117,6903800
2019-07-16,40.349998474121094,40.7599983215332,39.880001068115234,40.06999969482422,36.844459533691406,9257000
2019-07-17,39.81999969482422,40.06999969482422,38.54999923706055,38.630001068115234,35.52037811279297,12523600
2019-07-18,38.189998626708984,38.779998779296875,37.959999084472656,38.779998779296875,35.658294677734375,13563000
2019-07-19,39.34000015258789,39.34000015258789,37.290000915527344,38.709999084472656,35.59393310546875,12811700
2019-07-22,39.119998931884766,39.7599983215332,38.619998931884766,39.4900016784668,36.3111457824707,10961200
2019-07-23,39.54999923706055,40.16999816894531,39.25,39.75,36.55021667480469,10610500
2019-07-24,39.63999938964844,40.689998626708984,39.58000183105469,40.33000183105469,37.08353042602539,10763300
2019-07-25,40.59000015258789,40.59000015258789,39.560001373291016,39.95000076293945,36.73411560058594,7701100
2019-07-26,39.900001525878906,40.310001373291016,39.68000030517578,40.0099983215332,36.78928756713867,6731100
2019-07-29,39.9900016784668,40.0,38.650001525878906,39.209999084472656,36.05368423461914,6549500
2019-07-30,38.9900016784668,39.7599983215332,38.59000015258789,39.54999923706055,36.36631393432617,9256500
2019-07-31,39.66999816894531,40.61000061035156,39.310001373291016,39.970001220703125,36.752506256103516,10673300
2019-08-01,39.380001068115234,39.45000076293945,38.06999969482422,38.5099983215332,35.41002655029297,13280000
2019-08-02,38.5099983215332,38.72999954223633,37.189998626708984,37.41999816894531,34.40776824951172,8738200
2019-08-05,36.689998626708984,36.79999923706055,35.900001525878906,35.9900016784668,33.092891693115234,10771600
2019-08-06,36.130001068115234,36.38999938964844,34.709999084472656,35.459999084472656,32.60554885864258,11639900
2019-08-07,34.619998931884766,35.0099983215332,33.939998626708984,34.7400016784668,31.943510055541992,12162700
2019-08-08,34.939998626708984,35.22999954223633,34.36000061035156,35.209999084472656,32.37567138671875,10805500
2019-08-09,35.209999084472656,35.290000915527344,34.25,34.529998779296875,31.750417709350586,7866600
2019-08-12,34.369998931884766,34.529998779296875,34.02000045776367,34.27000045776367,31.511341094970703,8030000
2019-08-13,34.099998474121094,35.7599983215332,33.86000061035156,34.630001068115234,31.84235954284668,11075400
2019-08-14,33.77000045776367,33.810001373291016,32.20000076293945,32.34000015258789,29.736705780029297,12761500
2019-08-15,32.099998474121094,32.150001525878906,31.110000610351562,31.649999618530273,29.102243423461914,20155700
2019-08-16,31.639999389648438,32.779998779296875,31.600000381469727,32.720001220703125,30.086118698120117,13561300
2019-08-19,33.529998779296875,34.31999969482422,33.439998626708984,34.099998474121094,31.35502815246582,11073600
2019-08-20,33.810001373291016,34.16999816894531,33.540000915527344,33.900001525878906,31.17112922668457,7770100
2019-08-21,34.2400016784668,34.43000030517578,33.619998931884766,33.689998626708984,30.97802734375,6427200
2019-08-22,33.959999084472656,34.369998931884766,33.66999816894531,33.709999084472656,30.99641990661621,6975600
2019-08-23,33.150001525878906,33.33000183105469,31.899999618530273,32.029998779296875,29.451656341552734,13952100
2019-08-26,32.5099983215332,32.63999938964844,31.34000015258789,31.59000015258789,29.047077178955078,11611200
2019-08-27,31.93000030517578,32.0099983215332,31.149999618530273,31.25,28.73444938659668,10000600
2019-08-28,31.3799991607666,32.099998474121094,31.030000686645508,31.6200008392334,29.074663162231445,11557000
2019-08-29,31.969999313354492,32.689998626708984,31.84000015258789,32.2599983215332,29.66313934326172,12614300
2019-08-30,32.5,33.119998931884766,32.130001068115234,32.43000030517578,29.819454193115234,12443800
2019-09-03,31.18000030517578,31.860000610351562,31.110000610351562,31.719999313354492,29.623336791992188,9366900
2019-09-04,32.279998779296875,33.43000030517578,31.940000534057617,32.97999954223633,30.8000545501709,11018400
2019-09-05,33.369998931884766,34.79999923706055,33.279998779296875,34.060001373291016,31.808666229248047,12117900
2019-09-06,33.79999923706055,34.47999954223633,33.2599983215332,34.20000076293945,31.939416885375977,11976700
2019-09-09,34.5,36.459999084472656,34.33000183105469,36.22999954223633,33.83523178100586,13461600
2019-09-10,37.04999923706055,38.38999938964844,36.83000183105469,37.459999084472656,34.98392868041992,19638200
2019-09-11,37.63999938964844,38.83000183105469,37.08000183105469,37.31999969482422,34.85318374633789,17918600
2019-09-12,36.529998779296875,37.060001373291016,35.5,36.900001525878906,34.46094512939453,13089500
2019-09-13,37.43000030517578,38.08000183105469,36.79999923706055,37.33000183105469,34.862525939941406,8453300
2019-09-16,40.029998779296875,40.25,38.84000015258789,39.310001373291016,36.711647033691406,22533100
2019-09-17,38.91999816894531,38.970001220703125,37.5099983215332,38.16999816894531,35.64699935913086,13493400
2019-09-18,37.630001068115234,38.439998626708984,37.540000915527344,38.029998779296875,35.51625442504883,6949000
2019-09-19,38.5,38.58000183105469,37.63999938964844,37.7599983215332,35.26409912109375,6234900
2019-09-20,37.880001068115234,38.04999923706055,37.16999816894531,37.29999923706055,34.83450698852539,17917800
2019-09-23,36.810001373291016,37.5,36.599998474121094,37.33000183105469,34.862525939941406,5849400
2019-09-24,37.130001068115234,37.220001220703125,35.41999816894531,35.560001373291016,33.20952224731445,12212700
2019-09-25,35.29999923706055,35.54999923706055,34.83000183105469,35.2400016784668,32.910667419433594,11344800
2019-09-26,35.0,35.099998474121094,34.290000915527344,34.540000915527344,32.25694274902344,12359300
2019-09-27,34.2599983215332,34.93000030517578,34.11000061035156,34.33000183105469,32.060821533203125,9969900
2019-09-30,34.150001525878906,34.470001220703125,33.810001373291016,34.16999816894531,31.911396026611328,9583500
2019-10-01,34.36000061035156,34.56999969482422,32.66999816894531,32.70000076293945,30.538562774658203,12617900
2019-10-02,32.63999938964844,32.75,31.649999618530273,31.760000228881836,29.660696029663086,13468900
2019-10-03,31.59000015258789,32.310001373291016,31.459999084472656,32.04999923706055,29.931528091430664,11557200
2019-10-04,32.08000183105469,32.40999984741211,31.690000534057617,31.8799991607666,29.772762298583984,10554400
2019-10-07,32.11000061035156,32.619998931884766,31.790000915527344,31.799999237060547,29.698047637939453,15854500
2019-10-08,31.489999771118164,31.860000610351562,30.649999618530273,30.709999084472656,28.680099487304688,16807100
2019-10-09,30.940000534057617,31.15999984741211,30.719999313354492,30.899999618530273,28.857542037963867,12176900
2019-10-10,31.010000228881836,31.389999389648438,30.709999084472656,31.06999969482422,29.01630210876465,12784900
2019-10-11,31.5,32.91999816894531,31.270000457763672,32.47999954223633,30.333101272583008,12652600
2019-10-14,31.989999771118164,32.83000183105469,31.739999771118164,32.56999969482422,30.417158126831055,9294400
2019-10-15,32.470001220703125,33.5099983215332,32.36000061035156,32.810001373291016,30.641292572021484,8943600
2019-10-16,32.79999923706055,33.06999969482422,31.950000762939453,31.950000762939453,29.838136672973633,22004600
2019-10-17,32.220001220703125,32.310001373291016,31.770000457763672,31.889999389648438,29.7820987701416,15730800
2019-10-18,32.189998626708984,33.20000076293945,32.09000015258789,32.310001373291016,30.17434310913086,17218300
2019-10-21,32.220001220703125,33.79999923706055,32.220001220703125,33.59000015258789,31.369735717773438,16441100
2019-10-22,33.7599983215332,35.189998626708984,33.459999084472656,34.81999969482422,32.518428802490234,17598700
2019-10-23,34.56999969482422,35.650001525878906,34.220001220703125,35.33000183105469,32.99471664428711,12862300
2019-10-24,35.400001525878906,35.52000045776367,34.279998779296875,35.11000061035156,32.78926086425781,11551700
2019-10-25,35.0,35.310001373291016,34.59000015258789,35.09000015258789,32.77058410644531,12385700
2019-10-28,35.38999938964844,35.560001373291016,34.810001373291016,35.02000045776367,32.70520782470703,12727500
2019-10-29,34.75,35.0099983215332,34.20000076293945,34.790000915527344,32.490413665771484,10309100
2019-10-30,34.65999984741211,34.75,33.0,33.099998474121094,30.912118911743164,13940300
2019-10-31,33.119998931884766,33.119998931884766,32.349998474121094,32.689998626708984,30.529218673706055,10079200
2019-11-01,33.04999923706055,34.529998779296875,32.970001220703125,34.439998626708984,32.16354751586914,11094400
2019-11-04,34.900001525878906,36.459999084472656,34.779998779296875,36.2400016784668,33.844573974609375,14206000
2019-11-05,36.43000030517578,37.06999969482422,36.41999816894531,36.720001220703125,34.292842864990234,15720300
2019-11-06,36.599998474121094,36.720001220703125,35.33000183105469,35.560001373291016,33.20952224731445,10647900
2019-11-07,36.13999938964844,36.779998779296875,35.81999969482422,36.08000183105469,33.69514846801758,8832400
2019-11-08,35.7599983215332,36.5099983215332,35.02000045776367,36.34000015258789,33.937965393066406,8382200
2019-11-11,35.75,36.5,35.310001373291016,36.40999984741211,34.003334045410156,8804100
2019-11-12,36.5,37.20000076293945,36.029998779296875,36.209999084472656,33.81656265258789,11652100
2019-11-13,36.0,36.060001373291016,34.97999954223633,35.029998779296875,32.71454620361328,9728100
2019-11-14,34.959999084472656,35.349998474121094,34.5,34.709999084472656,32.41569519042969,14068000
2019-11-15,34.939998626708984,35.720001220703125,34.93000030517578,35.36000061035156,33.02273941040039,9017400
2019-11-18,34.97999954223633,35.0,34.13999938964844,34.689998626708984,32.397029876708984,11671500
2019-11-19,34.52000045776367,34.68000030517578,34.040000915527344,34.310001373291016,32.04214859008789,10174100
2019-11-20,34.36000061035156,36.22999954223633,34.13999938964844,36.13999938964844,33.75118637084961,15805500
2019-11-21,36.41999816894531,36.91999816894531,36.040000915527344,36.619998931884766,34.19945526123047,11451700
2019-11-22,36.70000076293945,37.09000015258789,36.2400016784668,36.61000061035156,34.19010925292969,7515000
2019-11-25,36.29999923706055,37.20000076293945,36.029998779296875,37.08000183105469,34.62905502319336,8711700
2019-11-26,36.97999954223633,37.220001220703125,36.220001220703125,36.38999938964844,33.98464584350586,9578300
2019-11-27,36.40999984741211,36.939998626708984,36.130001068115234,36.77000045776367,34.339542388916016,6538200
2019-11-29,36.279998779296875,36.47999954223633,35.91999816894531,36.20000076293945,33.807220458984375,5445400
2019-12-02,36.45000076293945,37.02000045776367,36.33000183105469,36.36000061035156,33.95663833618164,8583000
2019-12-03,35.15999984741211,35.38999938964844,34.52000045776367,34.9900016784668,33.13282012939453,10351800
2019-12-04,35.47999954223633,36.36000061035156,35.279998779296875,36.189998626708984,34.26912307739258,9780100
2019-12-05,36.400001525878906,36.470001220703125,35.560001373291016,35.849998474121094,33.94717025756836,6836700
2019-12-06,36.060001373291016,37.029998779296875,36.0099983215332,36.88999938964844,34.931968688964844,8525400
2019-12-09,36.540000915527344,37.459999084472656,36.540000915527344,37.15999984741211,35.18764114379883,8713500
2019-12-10,37.22999954223633,37.47999954223633,36.709999084472656,37.34000015258789,35.358089447021484,9497000
2019-12-11,37.5,38.5,37.47999954223633,38.400001525878906,36.3618278503418,15742800
2019-12-12,38.41999816894531,39.63999938964844,38.33000183105469,39.06999969482422,36.99625778198242,13609000
2019-12-13,39.349998474121094,39.5099983215332,38.54999923706055,39.0,36.92998123168945,11981100
2019-12-16,39.11000061035156,39.84000015258789,39.11000061035156,39.400001525878906,37.30874252319336,12149000
2019-12-17,39.5,39.91999816894531,39.29999923706055,39.459999084472656,37.36555480957031,9658500
2019-12-18,39.20000076293945,40.0,38.970001220703125,39.619998931884766,37.51707077026367,9204400
2019-12-19,39.59000015258789,39.83000183105469,39.47999954223633,39.61000061035156,37.507598876953125,7048600
2019-12-20,39.93000030517578,39.970001220703125,39.18000030517578,39.43000030517578,37.337154388427734,13465800
2019-12-23,39.439998626708984,40.88999938964844,39.43000030517578,40.790000915527344,38.624969482421875,9911300
2019-12-24,40.7400016784668,40.93000030517578,40.349998474121094,40.650001525878906,38.49239730834961,3860400
2019-12-26,40.86000061035156,40.880001068115234,39.93000030517578,40.06999969482422,37.94318771362305,7629700
2019-12-27,40.130001068115234,40.380001068115234,39.83000183105469,40.0,37.87689971923828,6769100
2019-12-30,40.0099983215332,40.75,40.0,40.400001525878906,38.25566482543945,8155800
2019-12-31,40.0099983215332,40.220001220703125,39.529998779296875,40.20000076293945,38.066287994384766,10649000
2020-01-02,40.52000045776367,40.720001220703125,40.08000183105469,40.16999816894531,38.037872314453125,9147400
2020-01-03,41.0,41.13999938964844,40.0,40.560001373291016,38.40718078613281,9752000
2020-01-06,40.61000061035156,41.08000183105469,40.189998626708984,40.81999969482422,38.653377532958984,15534100
2020-01-07,40.529998779296875,40.61000061035156,39.72999954223633,40.61000061035156,38.45452880859375,10971700
2020-01-08,40.279998779296875,40.439998626708984,39.310001373291016,39.40999984741211,37.318214416503906,11327600
2020-01-09,39.52000045776367,40.09000015258789,38.72999954223633,39.86000061035156,37.74433135986328,12186000
2020-01-10,39.72999954223633,40.09000015258789,39.5099983215332,39.83000183105469,37.715919494628906,8089700
2020-01-13,39.83000183105469,39.84000015258789,38.970001220703125,39.22999954223633,37.147769927978516,11665600
2020-01-14,38.97999954223633,39.529998779296875,38.38999938964844,39.529998779296875,37.431846618652344,13958700
2020-01-15,39.20000076293945,39.36000061035156,38.13999938964844,38.33000183105469,36.2955436706543,13737700
2020-01-16,38.56999969482422,38.93000030517578,38.349998474121094,38.779998779296875,36.721656799316406,11771100
2020-01-17,39.0099983215332,39.970001220703125,38.18000030517578,38.369998931884766,36.33341598510742,17644600
2020-01-21,37.630001068115234,37.72999954223633,36.88999938964844,36.95000076293945,34.98878479003906,16710200
2020-01-22,36.79999923706055,36.81999969482422,36.22999954223633,36.68000030517578,34.73311996459961,12796800
2020-01-23,36.06999969482422,36.529998779296875,35.56999969482422,36.43000030517578,34.49638748168945,11844000
2020-01-24,36.220001220703125,36.220001220703125,35.349998474121094,35.77000045776367,33.87141799926758,10408600
2020-01-27,34.54999923706055,34.7400016784668,33.869998931884766,33.959999084472656,32.15748977661133,17360600
2020-01-28,34.220001220703125,34.22999954223633,33.4900016784668,33.959999084472656,32.15748977661133,10938000
2020-01-29,34.29999923706055,34.630001068115234,33.720001220703125,33.72999954223633,31.939693450927734,9003800
2020-01-30,33.13999938964844,34.08000183105469,33.0,34.040000915527344,32.233245849609375,10489600
2020-01-31,33.4900016784668,33.86000061035156,33.18000030517578,33.5099983215332,31.73137664794922,16887900
2020-02-03,33.439998626708984,33.70000076293945,33.189998626708984,33.459999084472656,31.68402862548828,9202500
2020-02-04,34.22999954223633,34.72999954223633,33.95000076293945,34.06999969482422,32.26165008544922,12373600
2020-02-05,34.77000045776367,35.65999984741211,34.72999954223633,35.06999969482422,33.20857238769531,11399900
2020-02-06,35.220001220703125,35.220001220703125,34.41999816894531,34.5099983215332,32.67829132080078,7980300
2020-02-07,34.0,34.7599983215332,33.880001068115234,34.41999816894531,32.59307098388672,8582100
2020-02-10,34.119998931884766,34.369998931884766,33.810001373291016,34.349998474121094,32.52678680419922,7197400
2020-02-11,34.150001525878906,34.349998474121094,33.869998931884766,34.290000915527344,32.949588775634766,8825600
2020-02-12,35.220001220703125,35.380001068115234,34.439998626708984,35.04999923706055,33.67988586425781,9094900
2020-02-13,34.84000015258789,35.02000045776367,33.970001220703125,34.66999816894531,33.31473159790039,11718000
2020-02-14,34.810001373291016,34.869998931884766,34.13999938964844,34.41999816894531,33.074501037597656,7904500
2020-02-18,33.900001525878906,33.9900016784668,32.880001068115234,33.650001525878906,32.33460235595703,11792800
2020-02-19,33.880001068115234,34.34000015258789,33.63999938964844,34.290000915527344,32.949588775634766,6592300
2020-02-20,34.4900016784668,34.709999084472656,33.779998779296875,33.83000183105469,32.507568359375,7836000
2020-02-21,33.470001220703125,33.54999923706055,32.869998931884766,33.38999938964844,32.08476638793945,7246300
2020-02-24,31.889999389648438,31.989999771118164,30.809999465942383,30.93000030517578,29.720932006835938,16714900
2020-02-25,30.989999771118164,31.049999237060547,29.219999313354492,29.34000015258789,28.193086624145508,18709700
2020-02-26,29.59000015258789,29.739999771118164,28.3799991607666,28.3799991607666,27.270610809326172,19240700
2020-02-27,27.530000686645508,28.280000686645508,26.81999969482422,26.84000015258789,25.79081153869629,23765700
2020-02-28,25.809999465942383,27.15999984741211,25.450000762939453,27.09000015258789,26.031042098999023,26830600
2020-03-02,27.649999618530273,27.790000915527344,26.170000076293945,27.790000915527344,26.703676223754883,23253000
2020-03-03,27.6200008392334,27.90999984741211,26.270000457763672,26.809999465942383,25.76198387145996,22020400
2020-03-04,27.209999084472656,27.3799991607666,26.260000228881836,27.079999923706055,26.021427154541016,16155900
2020-03-05,26.1299991607666,26.25,25.239999771118164,25.829999923706055,24.82029151916504,15754600
2020-03-06,24.8799991607666,25.15999984741211,23.520000457763672,23.850000381469727,22.917694091796875,23793200
2020-03-09,17.899999618530273,17.899999618530273,12.90999984741211,17.309999465942383,16.63334846496582,86148000
2020-03-10,19.139999389648438,19.229999542236328,17.1299991607666,18.190000534057617,17.47894287109375,40409000
2020-03-11,17.31999969482422,18.139999389648438,17.049999237060547,17.3799991607666,16.70060920715332,33291900
2020-03-12,15.619999885559082,16.690000534057617,14.40999984741211,14.420000076293945,13.856315612792969,47922900
2020-03-13,15.720000267028809,16.170000076293945,14.319999694824219,16.15999984741211,15.528297424316406,29182100
2020-03-16,14.020000457763672,16.040000915527344,13.260000228881836,14.40999984741211,13.84670639038086,24971100
2020-03-17,14.539999961853027,14.5600004196167,13.109999656677246,14.0,13.452733039855957,25536500
2020-03-18,13.0,13.720000267028809,11.890000343322754,12.050000190734863,11.578959465026855,28198200
2020-03-19,12.170000076293945,14.279999732971191,11.869999885559082,13.869999885559082,13.3278169631958,25449300
2020-03-20,14.300000190734863,14.579999923706055,13.100000381469727,14.279999732971191,13.72178840637207,32875200
2020-03-23,14.170000076293945,14.430000305175781,12.600000381469727,12.829999923706055,12.328469276428223,24393500
2020-03-24,13.539999961853027,14.930000305175781,13.5,14.649999618530273,14.077324867248535,25812600
2020-03-25,14.989999771118164,15.869999885559082,13.579999923706055,14.600000381469727,14.029279708862305,24201200
2020-03-26,14.510000228881836,15.640000343322754,14.380000114440918,15.520000457763672,14.913315773010254,22180200
2020-03-27,14.539999961853027,14.699999809265137,13.739999771118164,13.760000228881836,13.222114562988281,21794500
2020-03-30,13.350000381469727,13.6899995803833,12.949999809265137,13.279999732971191,12.760876655578613,25981500
2020-03-31,13.880000114440918,13.890000343322754,13.300000190734863,13.489999771118164,12.96267032623291,25754200
2020-04-01,13.09000015258789,13.1899995803833,12.170000076293945,12.59000015258789,12.097850799560547,25393800
2020-04-02,13.100000381469727,14.989999771118164,12.949999809265137,13.880000114440918,13.337425231933594,33976500
2020-04-03,14.479999542236328,14.600000381469727,13.779999732971191,14.289999961853027,13.73139762878418,24822900
2020-04-06,14.960000038146973,15.819999694824219,14.529999732971191,15.670000076293945,15.057452201843262,24572200
2020-04-07,16.93000030517578,17.700000762939453,16.25,16.469999313354492,15.826181411743164,29091500
2020-04-08,16.899999618530273,17.389999389648438,16.43000030517578,17.280000686645508,16.60451889038086,16039000
2020-04-09,18.3799991607666,18.600000381469727,15.880000114440918,16.469999313354492,15.826181411743164,25065500
2020-04-13,16.6200008392334,16.81999969482422,15.699999809265137,15.949999809265137,15.326508522033691,16740700
2020-04-14,16.0,16.450000762939453,15.449999809265137,15.539999961853027,14.932533264160156,20214400
2020-04-15,14.670000076293945,14.979999542236328,14.020000457763672,14.729999542236328,14.154197692871094,22681400
2020-04-16,14.640000343322754,14.789999961853027,13.960000038146973,14.050000190734863,13.500779151916504,18242900
2020-04-17,14.720000267028809,15.399999618530273,14.199999809265137,15.279999732971191,14.682697296142578,33939700
2020-04-20,14.069999694824219,15.739999771118164,14.010000228881836,15.210000038146973,14.615433692932129,21290600
2020-04-21,14.84000015258789,15.619999885559082,14.369999885559082,14.6899995803833,14.115761756896973,22926600
2020-04-22,15.460000038146973,16.040000915527344,14.9399995803833,15.34000015258789,14.740352630615234,20596000
2020-04-23,15.850000381469727,16.850000381469727,15.75,16.520000457763672,15.874222755432129,20619600
2020-04-24,16.850000381469727,17.399999618530273,15.979999542236328,16.110000610351562,15.48025131225586,22709600
2020-04-27,15.75,16.389999389648438,15.180000305175781,16.049999237060547,15.422597885131836,17717100
2020-04-28,16.399999618530273,16.65999984741211,15.899999618530273,16.149999618530273,15.51868724822998,18234000
2020-04-29,16.950000762939453,18.25,16.770000457763672,18.200000762939453,17.488555908203125,19406700
2020-04-30,18.25,18.25,16.670000076293945,16.81999969482422,16.162498474121094,25829800
2020-05-01,16.31999969482422,16.649999618530273,15.510000228881836,15.75,15.134325981140137,18752100
2020-05-04,15.260000228881836,16.260000228881836,15.109999656677246,16.229999542236328,15.595561027526855,23079600
2020-05-05,16.969999313354492,17.329999923706055,16.1200008392334,16.25,15.61478042602539,15936300
2020-05-06,16.239999771118164,16.559999465942383,15.8100004196167,15.819999694824219,15.20158863067627,8990700
2020-05-07,16.309999465942383,17.049999237060547,16.290000915527344,16.729999542236328,16.07601547241211,14609800
2020-05-08,17.1200008392334,18.100000381469727,17.09000015258789,18.049999237060547,17.34441566467285,16418000
2020-05-11,17.700000762939453,17.940000534057617,17.110000610351562,17.360000610351562,16.6813907623291,12661300
2020-05-12,17.5,17.81999969482422,16.899999618530273,17.079999923706055,16.412336349487305,14169600
2020-05-13,16.8700008392334,16.959999084472656,15.75,15.850000381469727,15.230415344238281,15827300
2020-05-14,15.5,16.530000686645508,15.140000343322754,16.100000381469727,15.470643997192383,13323200
2020-05-15,15.979999542236328,16.510000228881836,15.829999923706055,15.949999809265137,15.326508522033691,10347800
2020-05-18,17.040000915527344,18.09000015258789,17.0,17.950000762939453,17.24832534790039,22646700
2020-05-19,17.809999465942383,17.860000610351562,17.049999237060547,17.110000610351562,16.441162109375,12776600
2020-05-20,17.469999313354492,18.25,17.299999237060547,18.209999084472656,17.498159408569336,14142800
2020-05-21,18.219999313354492,18.5,17.540000915527344,17.790000915527344,17.094581604003906,17533800
2020-05-22,17.56999969482422,17.719999313354492,17.09000015258789,17.579999923706055,16.89278793334961,9974700
2020-05-26,18.309999465942383,18.670000076293945,18.170000076293945,18.399999618530273,17.680736541748047,11760900
2020-05-27,18.889999389648438,19.270000457763672,18.190000534057617,19.049999237060547,18.305326461791992,13778600
2020-05-28,19.139999389648438,19.360000610351562,18.639999389648438,18.790000915527344,18.055492401123047,10372900
2020-05-29,18.549999237060547,18.729999542236328,17.790000915527344,18.469999313354492,17.74799919128418,21018100
2020-06-01,18.510000228881836,18.860000610351562,18.239999771118164,18.43000030517578,17.709564208984375,10251700
2020-06-02,18.5,19.040000915527344,18.459999084472656,18.860000610351562,18.246509552001953,16286900
2020-06-03,19.329999923706055,19.709999084472656,19.09000015258789,19.610000610351562,18.972116470336914,13986600
2020-06-04,19.6299991607666,20.610000610351562,19.360000610351562,20.329999923706055,19.668691635131836,20361300
2020-06-05,22.329999923706055,23.09000015258789,21.56999969482422,21.989999771118164,21.274694442749023,26486400
2020-06-08,23.3700008392334,23.739999771118164,22.540000915527344,23.649999618530273,22.880699157714844,21082500
2020-06-09,22.559999465942383,22.8799991607666,21.709999084472656,22.510000228881836,21.77777862548828,17914700
2020-06-10,21.979999542236328,22.059999465942383,20.940000534057617,20.959999084472656,20.2781982421875,16602500
2020-06-11,19.1200008392334,19.719999313354492,18.450000762939453,18.510000228881836,17.907896041870117,19638300
2020-06-12,19.56999969482422,19.81999969482422,18.440000534057617,19.0,18.381954193115234,14646700
2020-06-15,17.979999542236328,19.610000610351562,17.709999084472656,19.31999969482422,18.691547393798828,12742000
2020-06-16,20.579999923706055,20.670000076293945,19.170000076293945,19.549999237060547,18.9140625,17831200
2020-06-17,19.510000228881836,20.040000915527344,19.270000457763672,19.829999923706055,19.18495750427246,15816600
2020-06-18,19.309999465942383,20.229999542236328,19.190000534057617,20.18000030517578,19.523571014404297,15867700
2020-06-19,20.940000534057617,20.959999084472656,19.450000762939453,19.709999084472656,19.06886100769043,22249100
2020-06-22,19.479999542236328,20.0,19.360000610351562,19.81999969482422,19.175281524658203,9110100
2020-06-23,19.969999313354492,20.1299991607666,19.440000534057617,19.56999969482422,18.933414459228516,18440100
2020-06-24,19.09000015258789,19.200000762939453,17.850000381469727,17.860000610351562,17.279041290283203,17967800
2020-06-25,17.639999389648438,18.59000015258789,17.5,18.420000076293945,17.820823669433594,18885600
2020-06-26,18.18000030517578,18.190000534057617,17.299999237060547,17.440000534057617,16.872699737548828,18480300
2020-06-29,17.6299991607666,18.290000915527344,17.459999084472656,18.010000228881836,17.424158096313477,14061300
2020-06-30,17.780000686645508,18.510000228881836,17.59000015258789,18.389999389648438,17.79179573059082,18613000
2020-07-01,18.5,18.780000686645508,17.700000762939453,17.719999313354492,17.143590927124023,13923300
2020-07-02,18.18000030517578,18.489999771118164,17.899999618530273,17.979999542236328,17.395132064819336,10301000
2020-07-06,18.469999313354492,18.93000030517578,18.309999465942383,18.75,18.140085220336914,11469600
2020-07-07,18.6299991607666,18.6299991607666,18.139999389648438,18.18000030517578,17.58863067626953,9742500
2020-07-08,18.200000762939453,18.610000610351562,17.940000534057617,18.06999969482422,17.482206344604492,10031300
2020-07-09,18.0,18.239999771118164,17.09000015258789,17.1299991607666,16.572784423828125,12015300
2020-07-10,17.09000015258789,17.81999969482422,16.959999084472656,17.790000915527344,17.211313247680664,9806200
2020-07-13,17.989999771118164,18.0,17.350000381469727,17.3799991607666,16.814653396606445,10945400
2020-07-14,17.270000457763672,18.440000534057617,17.1200008392334,18.389999389648438,17.79179573059082,13525000
2020-07-15,19.0,19.270000457763672,18.549999237060547,18.899999618530273,18.285207748413086,13852400
2020-07-16,18.760000228881836,19.219999313354492,18.530000686645508,18.81999969482422,18.20781135559082,9806100
2020-07-17,18.959999084472656,19.18000030517578,18.450000762939453,18.6200008392334,18.014318466186523,8818600
2020-07-20,18.600000381469727,18.950000762939453,18.389999389648438,18.440000534057617,17.840173721313477,13673700
2020-07-21,18.860000610351562,19.920000076293945,18.760000228881836,19.559999465942383,18.923736572265625,18805000
2020-07-22,19.299999237060547,19.450000762939453,18.90999984741211,19.170000076293945,18.54642677307129,12653600
2020-07-23,18.979999542236328,19.360000610351562,18.780000686645508,19.299999237060547,18.672197341918945,13233200
2020-07-24,19.5,19.65999984741211,18.899999618530273,19.479999542236328,18.846338272094727,16738200
2020-07-27,19.700000762939453,19.729999542236328,19.139999389648438,19.68000030517578,19.03983497619629,15020100
2020-07-28,19.489999771118164,19.600000381469727,18.989999771118164,19.149999618530273,18.527074813842773,14551100
2020-07-29,19.100000381469727,19.479999542236328,18.950000762939453,19.43000030517578,18.7979679107666,7444900
2020-07-30,19.049999237060547,19.15999984741211,18.200000762939453,18.440000534057617,17.840173721313477,15563300
2020-07-31,18.110000610351562,18.559999465942383,17.920000076293945,18.139999389648438,17.549928665161133,15338900
2020-08-03,18.100000381469727,18.969999313354492,17.8700008392334,18.719999313354492,18.111061096191406,9618800
2020-08-04,18.68000030517578,19.360000610351562,18.600000381469727,19.229999542236328,18.604475021362305,10141800
2020-08-05,19.65999984741211,19.950000762939453,19.3700008392334,19.5,18.865692138671875,9127500
2020-08-06,19.450000762939453,19.690000534057617,19.209999084472656,19.31999969482422,18.691547393798828,6751100
2020-08-07,19.190000534057617,19.649999618530273,19.020000457763672,19.6299991607666,18.9914608001709,7084800
2020-08-10,19.559999465942383,20.389999389648438,19.479999542236328,20.219999313354492,19.562271118164062,11555800
2020-08-11,20.860000610351562,21.270000457763672,20.190000534057617,20.299999237060547,19.639667510986328,12373700
2020-08-12,20.65999984741211,20.760000228881836,19.809999465942383,20.360000610351562,19.697715759277344,14560900
2020-08-13,20.290000915527344,20.290000915527344,19.729999542236328,19.8700008392334,19.22365379333496,8551500
2020-08-14,19.670000076293945,20.170000076293945,19.59000015258789,20.06999969482422,19.417150497436523,7290300
2020-08-17,19.950000762939453,20.239999771118164,19.860000610351562,20.010000228881836,19.35910415649414,8658100
2020-08-18,19.860000610351562,20.149999618530273,19.68000030517578,19.770000457763672,19.12690544128418,7845500
2020-08-19,19.739999771118164,20.1299991607666,19.6299991607666,19.719999313354492,19.078536987304688,8055100
2020-08-20,19.389999389648438,19.579999923706055,18.770000457763672,18.770000457763672,18.159435272216797,10240700
2020-08-21,18.549999237060547,18.700000762939453,18.3700008392334,18.579999923706055,17.975614547729492,8913900
2020-08-24,18.719999313354492,19.729999542236328,18.670000076293945,19.549999237060547,18.9140625,8702700
2020-08-25,19.969999313354492,19.979999542236328,19.110000610351562,19.260000228881836,18.633495330810547,11012500
2020-08-26,19.229999542236328,19.270000457763672,18.639999389648438,18.670000076293945,18.062686920166016,7982000
2020-08-27,18.75,18.8700008392334,18.440000534057617,18.700000762939453,18.09171485900879,8549000
2020-08-28,18.799999237060547,19.459999084472656,18.770000457763672,19.420000076293945,18.78829574584961,12613700
2020-08-31,19.5,19.540000915527344,18.940000534057617,19.010000228881836,18.391632080078125,13596300
2020-09-01,18.520000457763672,18.920000076293945,18.459999084472656,18.6299991607666,18.143287658691406,9446800
2020-09-02,18.530000686645508,18.790000915527344,18.360000610351562,18.770000457763672,18.27963638305664,10875100
2020-09-03,18.770000457763672,19.559999465942383,18.670000076293945,19.1200008392334,18.62049102783203,16863200
2020-09-04,19.350000381469727,19.68000030517578,18.889999389648438,19.309999465942383,18.805524826049805,15384300
2020-09-08,18.899999618530273,19.020000457763672,17.93000030517578,18.3799991607666,17.899822235107422,15677400
2020-09-09,18.479999542236328,18.739999771118164,18.3700008392334,18.610000610351562,18.123815536499023,9925300
2020-09-10,18.649999618530273,18.649999618530273,17.639999389648438,17.709999084472656,17.247323989868164,16190800
2020-09-11,17.760000228881836,17.969999313354492,17.489999771118164,17.8700008392334,17.403148651123047,8634200
2020-09-14,17.889999389648438,18.209999084472656,17.639999389648438,18.030000686645508,17.55896759033203,9913100
2020-09-15,18.06999969482422,18.450000762939453,17.969999313354492,18.200000762939453,17.724525451660156,10611400
2020-09-16,18.540000915527344,19.389999389648438,18.219999313354492,19.18000030517578,18.678922653198242,14177400
2020-09-17,18.809999465942383,19.1299991607666,18.450000762939453,19.079999923706055,18.58153533935547,11677400
2020-09-18,18.790000915527344,19.34000015258789,18.520000457763672,18.729999542236328,18.240678787231445,19118700
2020-09-21,18.100000381469727,18.190000534057617,17.09000015258789,17.270000457763672,16.818822860717773,16106800
2020-09-22,17.40999984741211,17.739999771118164,17.170000076293945,17.329999923706055,16.877254486083984,8862700
2020-09-23,17.280000686645508,17.6200008392334,16.59000015258789,16.610000610351562,16.17606544494629,10684200
2020-09-24,16.34000015258789,17.079999923706055,15.930000305175781,16.6200008392334,16.18580436706543,17772300
2020-09-25,16.280000686645508,16.40999984741211,15.819999694824219,15.920000076293945,15.504090309143066,16290200
2020-09-28,16.360000610351562,16.850000381469727,16.260000228881836,16.450000762939453,16.020244598388672,11912400
2020-09-29,16.350000381469727,16.399999618530273,15.470000267028809,15.600000381469727,15.192450523376465,15827200
2020-09-30,15.8100004196167,16.020000457763672,15.420000076293945,15.5600004196167,15.153495788574219,15527200
2020-10-01,15.359999656677246,15.529999732971191,14.880000114440918,15.010000228881836,14.617863655090332,17901600
2020-10-02,14.569999694824219,15.729999542236328,14.520000457763672,15.569999694824219,15.16323471069336,14625800
2020-10-05,15.770000457763672,16.1299991607666,15.630000114440918,16.06999969482422,15.650171279907227,12192000
2020-10-06,16.440000534057617,16.559999465942383,15.640000343322754,15.670000076293945,15.260622024536133,13187300
2020-10-07,15.720000267028809,16.030000686645508,15.579999923706055,15.949999809265137,15.533305168151855,10374000
2020-10-08,16.1200008392334,16.440000534057617,15.9399995803833,16.43000030517578,16.00076675415039,10855600
2020-10-09,16.579999923706055,16.600000381469727,16.049999237060547,16.229999542236328,15.805989265441895,11704100
2020-10-12,16.030000686645508,16.200000762939453,15.760000228881836,16.1200008392334,15.698866844177246,12381400
2020-10-13,15.960000038146973,16.139999389648438,15.520000457763672,15.729999542236328,15.319053649902344,14015000
2020-10-14,15.75,16.510000228881836,15.739999771118164,15.949999809265137,15.533305168151855,15875200
2020-10-15,15.75,16.440000534057617,15.550000190734863,16.420000076293945,15.991029739379883,15709600
2020-10-16,15.619999885559082,16.260000228881836,14.899999618530273,14.970000267028809,14.578908920288086,39866400
2020-10-19,15.15999984741211,15.4399995803833,14.90999984741211,15.010000228881836,14.617863655090332,18285500
2020-10-20,15.239999771118164,15.649999618530273,15.180000305175781,15.489999771118164,15.085323333740234,20802200
2020-10-21,15.359999656677246,15.59000015258789,14.979999542236328,15.010000228881836,14.617863655090332,18537500
2020-10-22,15.0600004196167,15.420000076293945,14.90999984741211,15.300000190734863,14.900287628173828,15937500
2020-10-23,15.460000038146973,15.779999732971191,15.170000076293945,15.399999618530273,14.997674942016602,13862100
2020-10-26,15.149999618530273,15.260000228881836,14.859999656677246,15.170000076293945,14.77368450164795,17382400
2020-10-27,15.109999656677246,15.229999542236328,14.75,15.09000015258789,14.695773124694824,14749700
2020-10-28,14.5,14.75,14.149999618530273,14.180000305175781,13.809548377990723,18198000
2020-10-29,13.899999618530273,14.489999771118164,13.699999809265137,14.449999809265137,14.072494506835938,16151800
2020-10-30,14.40999984741211,14.960000038146973,14.319999694824219,14.9399995803833,14.549692153930664,17496700
2020-11-02,15.119999885559082,15.800000190734863,14.779999732971191,15.579999923706055,15.172972679138184,18490900
2020-11-03,15.920000076293945,16.049999237060547,15.5600004196167,15.760000228881836,15.348270416259766,13028200
2020-11-04,15.699999809265137,16.200000762939453,15.069999694824219,15.970000267028809,15.55278491973877,17689400
2020-11-05,15.899999618530273,16.1299991607666,15.5,15.520000457763672,15.114541053771973,15004600
2020-11-06,15.489999771118164,15.829999923706055,15.140000343322754,15.220000267028809,14.822378158569336,10324200
2020-11-09,17.020000457763672,18.760000228881836,16.93000030517578,18.25,17.773216247558594,31835600
2020-11-10,18.770000457763672,18.90999984741211,18.0,18.309999465942383,17.83165168762207,19098500
2020-11-11,18.5,18.510000228881836,17.399999618530273,17.709999084472656,17.247323989868164,16402100
2020-11-12,17.350000381469727,17.8799991607666,17.15999984741211,17.299999237060547,16.848037719726562,10762200
2020-11-13,17.440000534057617,18.110000610351562,17.420000076293945,18.0,17.52975082397461,9321400
2020-11-16,18.889999389648438,20.049999237060547,18.559999465942383,20.040000915527344,19.516456604003906,23092800
2020-11-17,19.440000534057617,20.100000381469727,19.270000457763672,20.09000015258789,19.565147399902344,13972500
2020-11-18,20.18000030517578,20.56999969482422,19.920000076293945,19.969999313354492,19.448284149169922,15408300
2020-11-19,19.690000534057617,20.5,19.549999237060547,20.459999084472656,19.92548370361328,11924300
2020-11-20,20.360000610351562,20.5,19.979999542236328,20.209999084472656,19.6820125579834,10300900
2020-11-23,20.600000381469727,21.649999618530273,20.450000762939453,21.610000610351562,21.045440673828125,14791600
2020-11-24,22.440000534057617,22.5,21.920000076293945,22.229999542236328,21.649240493774414,20774100
2020-11-25,21.729999542236328,22.309999465942383,21.65999984741211,22.100000381469727,21.522640228271484,12188700
2020-11-27,21.969999313354492,22.110000610351562,21.709999084472656,21.8799991607666,21.30838394165039,6550900
2020-11-30,21.959999084472656,21.979999542236328,20.780000686645508,20.790000915527344,20.24686050415039,21516100
2020-12-01,21.3700008392334,21.579999923706055,20.8700008392334,21.06999969482422,20.643667221069336,12717300
2020-12-02,20.950000762939453,22.06999969482422,20.8700008392334,21.639999389648438,21.202133178710938,9741900
2020-12-03,21.850000381469727,22.440000534057617,21.739999771118164,22.06999969482422,21.623432159423828,12517400
2020-12-04,22.559999465942383,23.5,22.459999084472656,23.450000762939453,22.975509643554688,16201300
2020-12-07,23.299999237060547,23.360000610351562,22.709999084472656,22.829999923706055,22.368053436279297,10067500
2020-12-08,22.5,23.299999237060547,22.440000534057617,23.229999542236328,22.759960174560547,8064600
2020-12-09,23.299999237060547,23.790000915527344,22.969999313354492,23.3700008392334,22.89712905883789,15063300
2020-12-10,22.469999313354492,23.889999389648438,22.219999313354492,23.3799991607666,22.906925201416016,13977800
2020-12-11,23.1299991607666,23.190000534057617,22.479999542236328,22.940000534057617,22.475828170776367,14589200
2020-12-14,23.309999465942383,23.399999618530273,21.989999771118164,22.18000030517578,21.7312068939209,11809700
2020-12-15,22.459999084472656,23.06999969482422,22.239999771118164,22.969999313354492,22.505220413208008,12686700
2020-12-16,22.920000076293945,23.06999969482422,22.450000762939453,22.84000015258789,22.377851486206055,11062700
2020-12-17,22.989999771118164,23.1200008392334,22.65999984741211,22.93000030517578,22.466033935546875,8481200
2020-12-18,22.850000381469727,22.959999084472656,22.239999771118164,22.309999465942383,21.858577728271484,20038600
2020-12-21,21.40999984741211,21.979999542236328,21.079999923706055,21.780000686645508,21.33930015563965,10778300
2020-12-22,21.780000686645508,21.81999969482422,21.239999771118164,21.360000610351562,20.927797317504883,17182900
2020-12-23,21.5,22.299999237060547,21.450000762939453,21.920000076293945,21.47646713256836,9474500
2020-12-24,21.979999542236328,21.989999771118164,21.459999084472656,21.639999389648438,21.202133178710938,3664900
2020-12-28,21.610000610351562,22.030000686645508,21.459999084472656,21.56999969482422,21.133548736572266,6461100
2020-12-29,21.709999084472656,21.770000457763672,21.1299991607666,21.3799991607666,20.9473934173584,7140300
2020-12-30,21.420000076293945,21.979999542236328,21.290000915527344,21.8799991607666,21.43727684020996,7077100
2020-12-31,21.469999313354492,21.969999313354492,21.440000534057617,21.829999923706055,21.388288497924805,7844300
2021-01-04,22.079999923706055,22.3799991607666,21.59000015258789,21.950000762939453,21.505859375,8743400
2021-01-05,22.219999313354492,23.809999465942383,22.209999084472656,23.1299991607666,22.661983489990234,16256600
2021-01-06,23.959999084472656,25.030000686645508,23.709999084472656,24.40999984741211,23.916086196899414,19456300
2021-01-07,24.540000915527344,25.469999313354492,24.469999313354492,24.8799991607666,24.37657356262207,14502400
2021-01-08,25.0,25.3700008392334,24.479999542236328,24.84000015258789,24.337383270263672,11951900
2021-01-11,24.200000762939453,25.1200008392334,24.049999237060547,24.989999771118164,24.48434829711914,16877000
2021-01-12,25.5,26.729999542236328,25.170000076293945,26.139999389648438,25.611080169677734,20803200
2021-01-13,26.18000030517578,26.450000762939453,25.25,25.459999084472656,24.944835662841797,11276800
2021-01-14,25.530000686645508,26.3799991607666,25.450000762939453,25.959999084472656,25.434720993041992,10285800
2021-01-15,25.450000762939453,25.690000534057617,24.639999389648438,24.90999984741211,24.40596580505371,13449000
2021-01-19,25.200000762939453,25.899999618530273,25.110000610351562,25.420000076293945,24.90564727783203,21249400
2021-01-20,25.549999237060547,25.68000030517578,24.920000076293945,25.350000381469727,24.837064743041992,10571800
2021-01-21,25.1200008392334,25.329999923706055,23.950000762939453,24.190000534057617,23.70053482055664,21086200
2021-01-22,23.709999084472656,24.530000686645508,23.450000762939453,24.40999984741211,23.916086196899414,13559500
2021-01-25,24.3700008392334,24.3700008392334,23.209999084472656,23.739999771118164,23.259639739990234,15541000
2021-01-26,24.06999969482422,24.389999389648438,22.729999542236328,22.739999771118164,22.27987289428711,20225800
2021-01-27,22.450000762939453,22.6200008392334,21.229999542236328,21.809999465942383,21.368690490722656,17044000
2021-01-28,22.1200008392334,22.950000762939453,21.969999313354492,22.639999389648438,22.18189811706543,12418200
2021-01-29,22.399999618530273,22.829999923706055,22.0,22.209999084472656,21.76059913635254,15573600
2021-02-01,22.5,22.579999923706055,21.799999237060547,22.15999984741211,21.711612701416016,10081500
2021-02-02,22.75,23.09000015258789,22.350000381469727,22.510000228881836,22.05453109741211,11058000
2021-02-03,22.700000762939453,24.25,22.639999389648438,24.18000030517578,23.690736770629883,15843700
2021-02-04,24.34000015258789,24.950000762939453,23.739999771118164,24.809999465942383,24.30799102783203,12894700
2021-02-05,25.229999542236328,25.649999618530273,24.860000610351562,25.010000228881836,24.503944396972656,11370200
2021-02-08,25.450000762939453,26.170000076293945,25.34000015258789,25.989999771118164,25.464115142822266,11496300
2021-02-09,25.75,26.299999237060547,25.43000030517578,26.0,25.47391128540039,10799800
2021-02-10,26.239999771118164,26.729999542236328,25.969999313354492,26.6200008392334,26.08136749267578,11602000
2021-02-11,26.389999389648438,26.780000686645508,25.940000534057617,26.3700008392334,25.83642578125,9773300
2021-02-12,26.059999465942383,26.790000915527344,25.950000762939453,26.770000457763672,26.228330612182617,9063400
2021-02-16,27.0,27.549999237060547,26.799999237060547,26.809999465942383,26.390748977661133,14337900
2021-02-17,27.149999618530273,27.149999618530273,26.350000381469727,26.8700008392334,26.44981575012207,11554300
2021-02-18,26.600000381469727,26.739999771118164,25.549999237060547,25.579999923706055,25.17998695373535,11173100
2021-02-19,25.639999389648438,26.440000534057617,25.559999465942383,26.1200008392334,25.7115421295166,10063700
2021-02-22,26.0,28.18000030517578,25.979999542236328,27.540000915527344,27.109336853027344,13964700
2021-02-23,27.760000228881836,27.899999618530273,26.389999389648438,27.739999771118164,27.30620765686035,13549000
2021-02-24,28.079999923706055,29.68000030517578,27.770000457763672,29.40999984741211,28.950092315673828,21674000
2021-02-25,29.399999618530273,29.8700008392334,28.200000762939453,28.510000228881836,28.06416893005371,20387400
2021-02-26,27.81999969482422,28.350000381469727,26.540000915527344,27.90999984741211,27.47355079650879,22478700
2021-03-01,28.760000228881836,29.100000381469727,28.3700008392334,28.719999313354492,28.270883560180664,17121600
2021-03-02,28.75,29.200000762939453,28.1200008392334,28.139999389648438,27.699953079223633,13582700
2021-03-03,28.34000015258789,29.020000457763672,28.31999969482422,28.3700008392334,27.92635726928711,20695600
2021-03-04,28.700000762939453,29.309999465942383,27.670000076293945,28.579999923706055,28.133073806762695,21586700
2021-03-05,29.670000076293945,29.709999084472656,27.90999984741211,29.06999969482422,28.61540985107422,26809000
2021-03-08,29.360000610351562,30.06999969482422,28.799999237060547,29.709999084472656,29.24540138244629,14971200
2021-03-09,29.790000915527344,29.979999542236328,28.959999084472656,29.350000381469727,28.891033172607422,20585200
2021-03-10,29.34000015258789,30.06999969482422,29.0,29.950000762939453,29.481651306152344,18685600
2021-03-11,30.079999923706055,30.40999984741211,29.329999923706055,29.399999618530273,28.940250396728516,13239500
2021-03-12,29.420000076293945,29.600000381469727,28.8799991607666,29.010000228881836,28.556350708007812,12829500
2021-03-15,29.149999618530273,29.489999771118164,28.65999984741211,29.1200008392334,28.664628982543945,7888000
2021-03-16,28.739999771118164,28.790000915527344,27.829999923706055,28.059999465942383,27.621204376220703,11347200
2021-03-17,27.829999923706055,28.420000076293945,27.56999969482422,28.309999465942383,27.867292404174805,11302800
2021-03-18,28.010000228881836,28.799999237060547,27.170000076293945,27.25,26.823871612548828,14585300
2021-03-19,27.260000228881836,27.600000381469727,26.829999923706055,27.049999237060547,26.626998901367188,22577500
2021-03-22,27.049999237060547,27.8700008392334,26.75,27.649999618530273,27.21761703491211,19700200
2021-03-23,26.979999542236328,27.790000915527344,26.479999542236328,26.670000076293945,26.252941131591797,14459000
2021-03-24,27.280000686645508,28.0,27.15999984741211,27.420000076293945,26.991214752197266,13642400
2021-03-25,26.770000457763672,27.530000686645508,26.190000534057617,27.399999618530273,26.971525192260742,14595800
2021-03-26,27.84000015258789,28.350000381469727,27.600000381469727,28.309999465942383,27.867292404174805,11722600
2021-03-29,28.229999542236328,28.520000457763672,27.489999771118164,27.700000762939453,27.266834259033203,11397400
2021-03-30,27.3799991607666,27.790000915527344,27.139999389648438,27.219999313354492,26.794340133666992,11439700
2021-03-31,27.219999313354492,27.3799991607666,26.90999984741211,27.190000534057617,26.76481056213379,11046300
2021-04-01,27.450000762939453,28.139999389648438,27.110000610351562,28.100000381469727,27.660581588745117,10463300
2021-04-05,28.280000686645508,28.299999237060547,27.350000381469727,27.549999237060547,27.11918067932129,9880900
2021-04-06,27.610000610351562,28.34000015258789,27.389999389648438,27.440000534057617,27.010900497436523,9306600
2021-04-07,27.510000228881836,27.700000762939453,27.149999618530273,27.350000381469727,26.92230796813965,7973300
2021-04-08,27.0,27.18000030517578,26.440000534057617,27.059999465942383,26.636842727661133,10548700
2021-04-09,27.110000610351562,27.229999542236328,26.420000076293945,26.760000228881836,26.341535568237305,8624800
2021-04-12,26.8700008392334,27.100000381469727,26.31999969482422,26.540000915527344,26.124975204467773,10969200
2021-04-13,26.239999771118164,26.469999313354492,25.860000610351562,26.040000915527344,25.632793426513672,13688500
2021-04-14,26.260000228881836,27.780000686645508,26.260000228881836,27.309999465942383,26.8829345703125,14755400
2021-04-15,27.209999084472656,27.360000610351562,26.56999969482422,26.65999984741211,26.24309730529785,9107100
2021-04-16,26.889999389648438,26.959999084472656,26.25,26.290000915527344,25.878883361816406,9234300
2021-04-19,26.389999389648438,26.780000686645508,26.25,26.530000686645508,26.115131378173828,7711200
2021-04-20,26.15999984741211,26.329999923706055,25.020000457763672,25.25,24.855148315429688,12657300
2021-04-21,24.75,25.790000915527344,24.520000457763672,25.729999542236328,25.327640533447266,13113300
2021-04-22,25.700000762939453,25.770000457763672,25.200000762939453,25.25,24.855148315429688,16091800
2021-04-23,24.809999465942383,25.979999542236328,24.56999969482422,25.709999084472656,25.307950973510742,12875200
2021-04-26,25.860000610351562,26.68000030517578,25.75,26.3700008392334,25.95763397216797,13934000
2021-04-27,26.399999618530273,26.610000610351562,25.649999618530273,26.18000030517578,25.770605087280273,13033500
2021-04-28,26.3700008392334,27.489999771118164,26.15999984741211,27.360000610351562,26.932151794433594,10643900
2021-04-29,27.719999313354492,28.09000015258789,27.270000457763672,27.81999969482422,27.384958267211914,13827900
2021-04-30,27.479999542236328,27.809999465942383,26.959999084472656,27.049999237060547,26.626998901367188,13237300
2021-05-03,27.530000686645508,28.5,27.479999542236328,28.219999313354492,27.778703689575195,12395600
2021-05-04,28.239999771118164,28.68000030517578,27.829999923706055,28.389999389648438,27.946043014526367,15195400
2021-05-05,28.770000457763672,30.350000381469727,28.56999969482422,30.34000015258789,29.865549087524414,22805400
2021-05-06,30.229999542236328,30.770000457763672,29.6200008392334,30.729999542236328,30.249452590942383,15034800
2021-05-07,30.290000915527344,32.0,30.190000534057617,31.889999389648438,31.391313552856445,16483400
2021-05-10,32.220001220703125,32.869998931884766,31.610000610351562,31.6299991607666,31.1353759765625,16905900
2021-05-11,30.93000030517578,31.56999969482422,30.639999389648438,31.260000228881836,30.771163940429688,18232800
2021-05-12,31.350000381469727,32.63999938964844,31.25,32.099998474121094,31.598024368286133,23375400
2021-05-13,31.68000030517578,32.470001220703125,31.31999969482422,31.760000228881836,31.263343811035156,16385800
2021-05-14,32.2400016784668,32.97999954223633,32.189998626708984,32.810001373291016,32.29692459106445,11637200
2021-05-17,32.529998779296875,34.099998474121094,32.400001525878906,34.04999923706055,33.51753234863281,14531300
2021-05-18,34.119998931884766,34.33000183105469,33.0099983215332,33.06999969482422,32.552860260009766,12438600
2021-05-19,32.400001525878906,32.52000045776367,31.65999984741211,32.0,31.49959373474121,13633600
2021-05-20,31.989999771118164,32.0,31.200000762939453,31.770000457763672,31.273189544677734,12478300
2021-05-21,32.27000045776367,32.459999084472656,31.860000610351562,31.950000762939453,31.450374603271484,8573800
2021-05-24,32.130001068115234,32.130001068115234,31.559999465942383,31.700000762939453,31.20428466796875,9755900
2021-05-25,31.6299991607666,31.809999465942383,31.079999923706055,31.239999771118164,30.751476287841797,10064400
2021-05-26,31.1299991607666,31.84000015258789,30.969999313354492,31.549999237060547,31.056629180908203,9358100
2021-05-27,31.81999969482422,32.029998779296875,31.309999465942383,31.34000015258789,30.84991455078125,14893200
2021-05-28,31.639999389648438,31.649999618530273,31.09000015258789,31.329999923706055,30.840068817138672,8307800
2021-06-01,31.959999084472656,33.09000015258789,31.950000762939453,32.93000030517578,32.544898986816406,15701900
2021-06-02,33.38999938964844,35.599998474121094,32.709999084472656,35.459999084472656,35.045310974121094,28422100
2021-06-03,35.25,36.58000183105469,35.20000076293945,36.52000045776367,36.09291458129883,19992700
2021-06-04,36.61000061035156,36.869998931884766,35.56999969482422,36.41999816894531,35.99407958984375,13756400
2021-06-07,36.52000045776367,36.779998779296875,35.65999984741211,35.83000183105469,35.41098403930664,10082500
2021-06-08,35.59000015258789,36.209999084472656,35.220001220703125,35.900001525878906,35.48016357421875,12822000
2021-06-09,35.90999984741211,36.13999938964844,35.4900016784668,35.7599983215332,35.341800689697266,9229900
2021-06-10,36.15999984741211,36.22999954223633,34.7400016784668,34.939998626708984,34.53139114379883,11364300
2021-06-11,35.380001068115234,35.65999984741211,34.7599983215332,34.88999938964844,34.48197555541992,7243600
2021-06-14,34.869998931884766,35.16999816894531,33.7599983215332,34.04999923706055,33.65179443359375,10015500
2021-06-15,34.060001373291016,34.720001220703125,34.0,34.189998626708984,33.790157318115234,9834000
2021-06-16,33.849998474121094,34.65999984741211,33.529998779296875,34.040000915527344,33.64191818237305,10924400
2021-06-17,33.970001220703125,34.2599983215332,31.889999389648438,32.470001220703125,32.09027862548828,14511300
2021-06-18,31.790000915527344,32.09000015258789,31.280000686645508,31.290000915527344,30.924076080322266,24774200
2021-06-21,31.75,33.2400016784668,31.670000076293945,33.119998931884766,32.73267364501953,11198400
2021-06-22,32.84000015258789,33.36000061035156,32.630001068115234,33.02000045776367,32.633846282958984,7675200
2021-06-23,33.54999923706055,34.08000183105469,32.869998931884766,32.880001068115234,32.495479583740234,8113100
2021-06-24,33.04999923706055,33.349998474121094,32.529998779296875,33.2599983215332,32.871036529541016,6238300
2021-06-25,33.310001373291016,33.4900016784668,33.060001373291016,33.349998474121094,32.959983825683594,7823400
2021-06-28,33.150001525878906,33.2400016784668,31.770000457763672,32.02000045776367,31.645538330078125,11191500
2021-06-29,32.279998779296875,32.65999984741211,31.84000015258789,31.8799991607666,31.50717544555664,7321600
2021-06-30,32.099998474121094,32.380001068115234,31.8700008392334,32.0099983215332,31.635656356811523,10883200
2021-07-01,33.0,33.560001373291016,32.779998779296875,33.06999969482422,32.68326187133789,9819000
2021-07-02,32.79999923706055,32.93000030517578,32.529998779296875,32.790000915527344,32.40653610229492,7582700
2021-07-06,32.970001220703125,32.970001220703125,31.040000915527344,31.170000076293945,30.805479049682617,13943600
2021-07-07,31.1200008392334,31.360000610351562,30.06999969482422,30.68000030517578,30.321208953857422,10579700
2021-07-08,29.959999084472656,30.850000381469727,29.8700008392334,30.530000686645508,30.17296600341797,8903000
2021-07-09,31.0,31.540000915527344,30.639999389648438,31.190000534057617,30.825244903564453,8547300
2021-07-12,30.770000457763672,31.510000228881836,30.5,31.219999313354492,30.85489273071289,5799700
2021-07-13,30.920000076293945,31.1299991607666,30.459999084472656,30.610000610351562,30.252029418945312,8169700
2021-07-14,30.979999542236328,31.450000762939453,29.329999923706055,29.549999237060547,29.204423904418945,11845600
2021-07-15,29.229999542236328,29.610000610351562,28.530000686645508,28.729999542236328,28.394014358520508,12341400
2021-07-16,29.1299991607666,29.200000762939453,27.600000381469727,27.8700008392334,27.5440731048584,12381500
2021-07-19,26.530000686645508,26.920000076293945,25.90999984741211,26.649999618530273,26.33833885192871,18636600
2021-07-20,26.700000762939453,27.670000076293945,26.440000534057617,27.239999771118164,26.921438217163086,11854700
2021-07-21,28.030000686645508,28.68000030517578,28.020000457763672,28.43000030517578,28.097524642944336,12423400
2021-07-22,28.34000015258789,28.459999084472656,27.719999313354492,27.979999542236328,27.65278434753418,11761400
2021-07-23,28.280000686645508,28.780000686645508,27.6200008392334,28.40999984741211,28.077756881713867,12759200
2021-07-26,29.06999969482422,29.6299991607666,28.670000076293945,29.459999084472656,29.115476608276367,12815500
2021-07-27,29.030000686645508,29.440000534057617,28.540000915527344,29.18000030517578,28.8387508392334,9333500
2021-07-28,29.290000915527344,29.68000030517578,28.809999465942383,29.31999969482422,28.977113723754883,7088100
2021-07-29,29.860000610351562,29.979999542236328,29.329999923706055,29.639999389648438,29.293373107910156,7420800
2021-07-30,29.34000015258789,29.549999237060547,28.649999618530273,28.829999923706055,28.492843627929688,9241600
2021-08-02,28.850000381469727,29.709999084472656,28.399999618530273,28.5,28.166706085205078,12466300
2021-08-03,28.309999465942383,28.920000076293945,27.690000534057617,28.899999618530273,28.56202507019043,8724900
2021-08-04,28.510000228881836,28.75,27.610000610351562,27.6299991607666,27.3068790435791,14324200
2021-08-05,27.860000610351562,28.309999465942383,27.579999923706055,27.920000076293945,27.593488693237305,10146900
2021-08-06,28.350000381469727,28.75,28.15999984741211,28.420000076293945,28.0876407623291,6061000
2021-08-09,27.780000686645508,28.1299991607666,27.440000534057617,27.989999771118164,27.662668228149414,7758700
2021-08-10,28.190000534057617,28.6200008392334,28.06999969482422,28.420000076293945,28.0876407623291,9416000
2021-08-11,28.3799991607666,29.139999389648438,28.15999984741211,28.979999542236328,28.641090393066406,7649400
2021-08-12,28.739999771118164,29.030000686645508,28.100000381469727,28.549999237060547,28.21611785888672,7432700
2021-08-13,28.530000686645508,28.6299991607666,28.18000030517578,28.350000381469727,28.01845932006836,7430800
2021-08-16,27.93000030517578,27.979999542236328,27.3700008392334,27.780000686645508,27.45512580871582,9864300
2021-08-17,27.479999542236328,27.84000015258789,26.799999237060547,27.190000534057617,26.872024536132812,10539800
2021-08-18,27.260000228881836,27.540000915527344,26.790000915527344,26.809999465942383,26.4964656829834,9697100
2021-08-19,26.149999618530273,26.5,25.899999618530273,26.440000534057617,26.130794525146484,18962600
2021-08-20,26.100000381469727,26.579999923706055,25.920000076293945,26.459999084472656,26.15056037902832,12082300
2021-08-23,26.989999771118164,27.690000534057617,26.899999618530273,27.489999771118164,27.168516159057617,8298000
2021-08-24,27.690000534057617,28.469999313354492,27.68000030517578,28.219999313354492,27.88998031616211,8183200
2021-08-25,28.219999313354492,28.770000457763672,27.920000076293945,28.450000762939453,28.117290496826172,6545200
2021-08-26,28.25,28.600000381469727,28.020000457763672,28.1299991607666,27.8010311126709,6150300
2021-08-27,28.479999542236328,29.299999237060547,28.479999542236328,29.079999923706055,28.73992156982422,7534300
2021-08-30,29.270000457763672,29.34000015258789,28.239999771118164,28.280000686645508,27.949277877807617,6887200
2021-08-31,27.959999084472656,28.489999771118164,27.889999389648438,28.040000915527344,27.835119247436523,9872700
2021-09-01,28.06999969482422,28.399999618530273,27.809999465942383,27.979999542236328,27.775554656982422,9724400
2021-09-02,28.309999465942383,28.760000228881836,28.209999084472656,28.610000610351562,28.40095329284668,9514100
2021-09-03,28.540000915527344,28.75,27.93000030517578,28.09000015258789,27.88475227355957,6174700
2021-09-07,27.6200008392334,28.200000762939453,27.3799991607666,27.829999923706055,27.626651763916016,8178400
2021-09-08,27.959999084472656,28.1299991607666,26.600000381469727,26.65999984741211,26.465200424194336,13279700
2021-09-09,26.59000015258789,27.239999771118164,26.440000534057617,26.6200008392334,26.425493240356445,10975000
2021-09-10,27.040000915527344,27.1299991607666,26.479999542236328,26.780000686645508,26.584325790405273,7712200
2021-09-13,27.270000457763672,28.25,27.25,28.110000610351562,27.90460777282715,9877900
2021-09-14,28.469999313354492,28.489999771118164,27.549999237060547,27.670000076293945,27.46782112121582,7106200
2021-09-15,28.200000762939453,29.299999237060547,28.030000686645508,29.239999771118164,29.026350021362305,11912200
2021-09-16,28.989999771118164,29.290000915527344,28.559999465942383,28.860000610351562,28.649126052856445,8079200
2021-09-17,28.700000762939453,29.260000228881836,28.0,28.309999465942383,28.1031436920166,17376500
2021-09-20,27.3700008392334,27.709999084472656,26.709999084472656,27.25,27.05088996887207,10708200
2021-09-21,27.610000610351562,27.780000686645508,26.639999389648438,26.93000030517578,26.73322868347168,10499100
2021-09-22,27.510000228881836,27.809999465942383,27.1200008392334,27.149999618530273,26.95162010192871,10547600
2021-09-23,27.31999969482422,29.1299991607666,27.229999542236328,28.8799991607666,28.66897964477539,13562300
2021-09-24,28.709999084472656,29.3700008392334,28.56999969482422,29.010000228881836,28.798030853271484,7414100
2021-09-27,29.799999237060547,30.639999389648438,29.760000228881836,30.190000534057617,29.969409942626953,13469000
2021-09-28,30.809999465942383,31.579999923706055,30.65999984741211,30.90999984741211,30.684146881103516,19922800
2021-09-29,30.959999084472656,30.959999084472656,30.139999389648438,30.329999923706055,30.10838508605957,13176500
2021-09-30,30.270000457763672,30.350000381469727,29.40999984741211,29.639999389648438,29.42342758178711,13322800
2021-10-01,29.84000015258789,31.6299991607666,29.600000381469727,30.360000610351562,30.138166427612305,12079600
2021-10-04,30.93000030517578,31.469999313354492,30.649999618530273,30.8799991607666,30.65436553955078,16285600
2021-10-05,31.260000228881836,31.690000534057617,30.549999237060547,30.59000015258789,30.366485595703125,12264600
2021-10-06,30.09000015258789,30.540000915527344,29.479999542236328,29.940000534057617,29.721235275268555,12070700
2021-10-07,30.6299991607666,31.200000762939453,30.549999237060547,31.020000457763672,30.793344497680664,15928000
2021-10-08,31.389999389648438,31.959999084472656,31.1200008392334,31.65999984741211,31.428667068481445,11854100
2021-10-11,32.290000915527344,33.2400016784668,32.04999923706055,32.459999084472656,32.22282028198242,16941800
2021-10-12,32.45000076293945,33.459999084472656,32.220001220703125,32.880001068115234,32.63975143432617,18377900
2021-10-13,32.459999084472656,32.93000030517578,31.899999618530273,32.7599983215332,32.520626068115234,12504100
2021-10-14,33.2599983215332,33.58000183105469,32.939998626708984,33.52000045776367,33.27507781982422,8671200
2021-10-15,33.97999954223633,34.209999084472656,33.7599983215332,34.0,33.75156784057617,9352100
2021-10-18,34.13999938964844,34.63999938964844,33.810001373291016,34.15999984741211,33.910400390625,11548300
2021-10-19,34.400001525878906,34.77000045776367,33.70000076293945,34.540000915527344,34.28762435913086,10417100
2021-10-20,34.029998779296875,34.7599983215332,33.79999923706055,34.7400016784668,34.48616409301758,10818700
2021-10-21,34.349998474121094,34.61000061035156,33.849998474121094,34.29999923706055,34.04937744140625,12151400
2021-10-22,33.849998474121094,34.54999923706055,33.38999938964844,33.90999984741211,33.66222381591797,12077000
2021-10-25,34.43000030517578,34.77000045776367,34.029998779296875,34.36000061035156,34.10894012451172,9768400
2021-10-26,34.70000076293945,34.9900016784668,34.2400016784668,34.2599983215332,34.00967025756836,11666500
2021-10-27,33.869998931884766,34.18000030517578,32.4900016784668,32.540000915527344,32.30223846435547,13929600
2021-10-28,32.52000045776367,33.310001373291016,32.5,33.29999923706055,33.05668640136719,11364300
2021-10-29,33.189998626708984,33.189998626708984,32.16999816894531,32.2599983215332,32.0242805480957,13940600
2021-11-01,32.75,33.56999969482422,32.58000183105469,33.29999923706055,33.05668640136719,8514000
2021-11-02,33.0,33.59000015258789,32.90999984741211,33.20000076293945,32.95741653442383,7293900
2021-11-03,32.560001373291016,33.369998931884766,32.189998626708984,32.97999954223633,32.73902130126953,10448800
2021-11-04,33.619998931884766,33.7400016784668,32.7400016784668,33.150001525878906,32.90778350830078,12516200
2021-11-05,33.70000076293945,34.060001373291016,33.43000030517578,33.5099983215332,33.2651481628418,11279200
2021-11-08,33.689998626708984,34.63999938964844,33.560001373291016,34.29999923706055,34.04937744140625,14225900
2021-11-09,34.209999084472656,34.290000915527344,33.31999969482422,34.13999938964844,33.89054489135742,10925500
2021-11-10,33.939998626708984,34.08000183105469,32.4900016784668,32.72999954223633,32.490848541259766,10311700
2021-11-11,32.880001068115234,33.130001068115234,32.599998474121094,32.779998779296875,32.54048156738281,6363900
2021-11-12,32.47999954223633,32.869998931884766,32.34000015258789,32.7599983215332,32.520626068115234,7346100
2021-11-15,32.689998626708984,32.95000076293945,32.220001220703125,32.720001220703125,32.480926513671875,8358900
2021-11-16,32.81999969482422,33.349998474121094,32.470001220703125,32.88999938964844,32.64967727661133,7683800
2021-11-17,32.5099983215332,33.060001373291016,31.829999923706055,32.060001373291016,31.82574462890625,9716800
2021-11-18,31.979999542236328,32.33000183105469,31.299999237060547,31.860000610351562,31.627206802368164,8860200
2021-11-19,31.200000762939453,31.209999084472656,29.8799991607666,30.049999237060547,29.830429077148438,19098700
2021-11-22,30.010000228881836,30.899999618530273,29.950000762939453,30.34000015258789,30.118310928344727,12772600
2021-11-23,30.920000076293945,31.559999465942383,30.81999969482422,31.18000030517578,30.952173233032227,10914800
2021-11-24,30.81999969482422,31.93000030517578,30.81999969482422,31.40999984741211,31.18049430847168,9490500
2021-11-26,29.25,29.809999465942383,28.40999984741211,29.700000762939453,29.482988357543945,12412300
2021-11-29,30.440000534057617,30.739999771118164,29.530000686645508,29.649999618530273,29.433353424072266,12588500
2021-11-30,28.920000076293945,29.360000610351562,28.34000015258789,28.68000030517578,28.59097671508789,39947700
2021-12-01,29.579999923706055,29.959999084472656,28.34000015258789,28.3799991607666,28.291906356811523,14888300
2021-12-02,28.459999084472656,29.489999771118164,28.059999465942383,29.31999969482422,29.228988647460938,12517300
2021-12-03,29.829999923706055,29.950000762939453,28.809999465942383,29.239999771118164,29.14923858642578,9816300
2021-12-06,29.75,30.43000030517578,29.3700008392334,30.010000228881836,29.91684913635254,8977600
2021-12-07,30.5,31.1200008392334,30.34000015258789,30.760000228881836,30.664520263671875,9153800
2021-12-08,30.920000076293945,31.270000457763672,30.670000076293945,31.059999465942383,30.96358871459961,8963300
2021-12-09,30.530000686645508,30.739999771118164,30.280000686645508,30.6200008392334,30.52495574951172,6726700
2021-12-10,31.09000015258789,31.170000076293945,30.399999618530273,30.989999771118164,30.89380645751953,7445900
2021-12-13,30.559999465942383,30.760000228881836,29.59000015258789,29.829999923706055,29.73740577697754,8387000
2021-12-14,29.690000534057617,30.280000686645508,29.559999465942383,29.670000076293945,29.577903747558594,8515900
2021-12-15,29.59000015258789,29.65999984741211,28.530000686645508,29.309999465942383,29.21902084350586,9370000
2021-12-16,29.709999084472656,30.459999084472656,29.579999923706055,29.700000762939453,29.607810974121094,8547600
2021-12-17,29.579999923706055,29.6200008392334,28.639999389648438,28.969999313354492,28.880075454711914,17089100
2021-12-20,28.100000381469727,28.549999237060547,27.649999618530273,28.469999313354492,28.381628036499023,10479400
2021-12-21,28.950000762939453,29.600000381469727,28.81999969482422,29.450000762939453,29.35858726501465,8440200
2021-12-22,29.40999984741211,29.75,29.030000686645508,29.5,29.408432006835938,9699500
2021-12-23,29.5,29.8799991607666,29.43000030517578,29.56999969482422,29.478214263916016,7160100
2021-12-27,29.510000228881836,29.860000610351562,28.959999084472656,29.84000015258789,29.74737548828125,6891400
2021-12-28,29.799999237060547,30.239999771118164,29.700000762939453,30.110000610351562,30.016538619995117,7146300
2021-12-29,29.950000762939453,30.049999237060547,29.510000228881836,29.649999618530273,29.557964324951172,6817700
2021-12-30,29.700000762939453,30.049999237060547,29.639999389648438,29.81999969482422,29.72743797302246,7205000
2021-12-31,29.56999969482422,30.15999984741211,29.489999771118164,29.950000762939453,29.85703468322754,7785200
2022-01-03,30.06999969482422,31.969999313354492,29.979999542236328,31.719999313354492,31.621540069580078,18781000
2022-01-04,32.13999938964844,33.529998779296875,32.130001068115234,33.2599983215332,33.15675735473633,17954000
2022-01-05,33.619998931884766,34.06999969482422,33.2400016784668,33.2599983215332,33.15675735473633,15846900
2022-01-06,34.369998931884766,34.41999816894531,33.439998626708984,34.04999923706055,33.944305419921875,11163900
2022-01-07,34.02000045776367,35.13999938964844,34.0,35.029998779296875,34.9212646484375,14324300
2022-01-10,34.970001220703125,35.38999938964844,34.47999954223633,35.119998931884766,35.010986328125,15515600
2022-01-11,35.400001525878906,36.529998779296875,35.22999954223633,36.47999954223633,36.366764068603516,15432500
2022-01-12,36.52000045776367,36.7599983215332,35.95000076293945,36.45000076293945,36.33686065673828,13196800
2022-01-13,36.470001220703125,37.119998931884766,36.029998779296875,36.16999816894531,36.05772399902344,12799600
2022-01-14,36.22999954223633,37.900001525878906,36.130001068115234,37.810001373291016,37.6926383972168,17414000
2022-01-18,38.11000061035156,38.529998779296875,36.9900016784668,37.540000915527344,37.42347717285156,19101100
2022-01-19,37.83000183105469,37.9900016784668,36.630001068115234,37.099998474121094,36.984840393066406,11154600
2022-01-20,36.66999816894531,38.33000183105469,36.66999816894531,37.04999923706055,36.934993743896484,14720200
2022-01-21,37.54999923706055,37.599998474121094,35.68000030517578,36.36000061035156,36.24713897705078,15762200
2022-01-24,35.290000915527344,36.68000030517578,34.68000030517578,36.599998474121094,36.48638916015625,17956500
2022-01-25,36.5099983215332,39.0,35.7599983215332,38.790000915527344,38.669593811035156,24167100
2022-01-26,39.060001373291016,40.279998779296875,38.41999816894531,39.79999923706055,39.67646026611328,25985100
2022-01-27,40.2599983215332,41.040000915527344,38.220001220703125,38.86000061035156,38.739376068115234,24350400
2022-01-28,38.91999816894531,40.34000015258789,38.689998626708984,39.68000030517578,39.55683135986328,18155000
2022-01-31,39.22999954223633,39.58000183105469,38.630001068115234,39.06999969482422,38.948726654052734,16444600
2022-02-01,38.77000045776367,39.86000061035156,38.439998626708984,39.52000045776367,39.3973274230957,18792000
2022-02-02,39.56999969482422,39.56999969482422,38.63999938964844,39.25,39.12816619873047,16356600
2022-02-03,39.43000030517578,39.43000030517578,38.40999984741211,38.58000183105469,38.46024703979492,12302100
2022-02-04,39.02000045776367,39.599998474121094,38.5099983215332,38.5099983215332,38.39046096801758,19955400
2022-02-07,38.2400016784668,40.880001068115234,38.040000915527344,40.27000045776367,40.14500045776367,20523700
2022-02-08,40.04999923706055,40.13999938964844,38.58000183105469,38.900001525878906,38.900001525878906,13575900
2022-02-09,39.0099983215332,39.720001220703125,38.86000061035156,39.400001525878906,39.400001525878906,12472500
2022-02-10,39.18000030517578,40.560001373291016,38.939998626708984,39.16999816894531,39.16999816894531,11082700
2022-02-11,39.40999984741211,40.7400016784668,39.09000015258789,40.619998931884766,40.619998931884766,15533600
2022-02-14,40.400001525878906,40.43000030517578,39.0,39.29999923706055,39.29999923706055,12804400
2022-02-15,38.439998626708984,40.18000030517578,38.119998931884766,40.09000015258789,40.09000015258789,14924600
2022-02-16,40.66999816894531,42.63999938964844,40.650001525878906,41.689998626708984,41.689998626708984,21249800
2022-02-17,41.09000015258789,41.54999923706055,40.810001373291016,41.11000061035156,41.11000061035156,9526500
2022-02-18,40.4900016784668,41.11000061035156,39.709999084472656,40.209999084472656,40.209999084472656,11301500
2022-02-22,41.43000030517578,41.560001373291016,38.959999084472656,39.54999923706055,39.54999923706055,20930000
2022-02-23,39.79999923706055,40.380001068115234,39.38999938964844,39.7400016784668,39.7400016784668,9462300
2022-02-24,39.7400016784668,39.97999954223633,37.290000915527344,38.31999969482422,38.31999969482422,21602400
2022-02-25,38.439998626708984,39.599998474121094,38.290000915527344,39.45000076293945,39.45000076293945,11382000
2022-02-28,38.880001068115234,39.27000045776367,37.970001220703125,39.2400016784668,39.2400016784668,14946300
2022-03-01,39.63999938964844,39.91999816894531,36.66999816894531,37.66999816894531,37.66999816894531,20586200
2022-03-02,38.56999969482422,39.470001220703125,38.189998626708984,39.2400016784668,39.2400016784668,16209100
2022-03-03,38.630001068115234,38.83000183105469,37.52000045776367,38.52000045776367,38.52000045776367,22756100
2022-03-04,38.150001525878906,39.06999969482422,37.70000076293945,38.939998626708984,38.939998626708984,22922900
2022-03-07,39.4900016784668,43.400001525878906,39.380001068115234,42.099998474121094,42.099998474121094,29778900
2022-03-08,43.04999923706055,46.27000045776367,43.04999923706055,45.08000183105469,45.08000183105469,41068100
2022-03-09,43.38999938964844,44.279998779296875,41.5,42.560001373291016,42.560001373291016,30347200
2022-03-10,43.099998474121094,43.720001220703125,42.09000015258789,43.400001525878906,43.400001525878906,15498300
2022-03-11,42.68000030517578,43.70000076293945,42.439998626708984,42.900001525878906,42.900001525878906,13251200
2022-03-14,42.06999969482422,42.06999969482422,40.84000015258789,41.54999923706055,41.54999923706055,14389400
2022-03-15,39.81999969482422,40.54999923706055,38.689998626708984,39.2599983215332,39.2599983215332,17239000
2022-03-16,39.369998931884766,39.880001068115234,37.599998474121094,37.880001068115234,37.880001068115234,27499200
2022-03-17,38.75,39.84000015258789,38.310001373291016,39.5099983215332,39.5099983215332,37986300
2022-03-18,39.45000076293945,40.290000915527344,39.13999938964844,39.72999954223633,39.72999954223633,28267600
2022-03-21,40.66999816894531,41.4900016784668,40.52000045776367,41.189998626708984,41.189998626708984,19283700
2022-03-22,41.20000076293945,42.0099983215332,40.869998931884766,41.20000076293945,41.20000076293945,15467100
2022-03-23,42.119998931884766,42.869998931884766,41.9900016784668,42.40999984741211,42.40999984741211,19967500
2022-03-24,42.4900016784668,43.720001220703125,42.310001373291016,42.63999938964844,42.63999938964844,16281400
2022-03-25,42.470001220703125,43.70000076293945,42.27000045776367,43.68000030517578,43.68000030517578,12252900
2022-03-28,42.599998474121094,42.63999938964844,41.439998626708984,41.72999954223633,41.72999954223633,13984200
2022-03-29,40.4900016784668,42.79999923706055,40.189998626708984,42.630001068115234,42.630001068115234,13207500
2022-03-30,42.83000183105469,43.45000076293945,41.95000076293945,42.209999084472656,42.209999084472656,10201700
2022-03-31,41.689998626708984,42.40999984741211,41.2400016784668,41.310001373291016,41.310001373291016,11618700
2022-04-01,41.20000076293945,42.470001220703125,41.18000030517578,41.689998626708984,41.689998626708984,12210600
2022-04-04,41.91999816894531,42.27000045776367,40.7400016784668,41.54999923706055,41.54999923706055,10618200
2022-04-05,41.470001220703125,42.36000061035156,40.380001068115234,40.459999084472656,40.459999084472656,10473900
2022-04-06,40.970001220703125,41.34000015258789,40.31999969482422,40.779998779296875,40.779998779296875,8726600
2022-04-07,41.0099983215332,41.459999084472656,39.7400016784668,40.970001220703125,40.970001220703125,8895800
2022-04-08,41.33000183105469,42.720001220703125,41.11000061035156,42.54999923706055,42.54999923706055,10526400
2022-04-11,42.63999938964844,42.63999938964844,41.27000045776367,41.33000183105469,41.33000183105469,7999000
2022-04-12,41.9900016784668,42.90999984741211,41.29999923706055,41.529998779296875,41.529998779296875,8112800
2022-04-13,42.099998474121094,42.66999816894531,41.5099983215332,42.56999969482422,42.56999969482422,8596100
2022-04-14,42.36000061035156,43.470001220703125,42.13999938964844,43.25,43.25,10714500
2022-04-18,43.54999923706055,44.439998626708984,43.150001525878906,43.68000030517578,43.68000030517578,11127900
2022-04-19,43.130001068115234,44.5099983215332,43.0,43.43000030517578,43.43000030517578,10033700
2022-04-20,43.56999969482422,43.869998931884766,41.779998779296875,42.68000030517578,42.68000030517578,11945100
2022-04-21,43.34000015258789,43.43000030517578,40.119998931884766,40.650001525878906,40.650001525878906,18181500
2022-04-22,39.970001220703125,43.4900016784668,39.689998626708984,41.650001525878906,41.650001525878906,20746000
2022-04-25,40.0,40.029998779296875,36.95000076293945,38.689998626708984,38.689998626708984,23976100
2022-04-26,38.79999923706055,40.630001068115234,38.02000045776367,39.540000915527344,39.540000915527344,19941000
2022-04-27,40.150001525878906,40.459999084472656,39.290000915527344,39.95000076293945,39.95000076293945,10619400
2022-04-28,40.36000061035156,40.4900016784668,38.540000915527344,40.11000061035156,40.11000061035156,11502600
2022-04-29,40.52000045776367,40.90999984741211,38.83000183105469,39.0099983215332,39.0099983215332,10611900
2022-05-02,38.34000015258789,39.52000045776367,38.16999816894531,39.11000061035156,39.11000061035156,11445200
2022-05-03,38.9900016784668,40.4900016784668,38.90999984741211,40.150001525878906,40.150001525878906,8876500
2022-05-04,41.290000915527344,42.689998626708984,40.45000076293945,42.599998474121094,42.599998474121094,11713700
2022-05-05,43.2400016784668,43.43000030517578,41.41999816894531,42.08000183105469,42.08000183105469,16281500
2022-05-06,42.58000183105469,43.599998474121094,41.5099983215332,43.029998779296875,43.029998779296875,12396000
2022-05-09,41.84000015258789,42.16999816894531,38.029998779296875,38.040000915527344,38.040000915527344,14845900
2022-05-10,38.470001220703125,39.150001525878906,36.959999084472656,37.88999938964844,37.88999938964844,11063400
2022-05-11,38.41999816894531,39.93000030517578,38.2599983215332,38.369998931884766,38.369998931884766,11569100
2022-05-12,37.97999954223633,39.06999969482422,37.08000183105469,39.029998779296875,39.029998779296875,13434300
2022-05-13,39.689998626708984,40.83000183105469,39.56999969482422,40.7400016784668,40.7400016784668,9798900
2022-05-16,40.86000061035156,42.58000183105469,40.79999923706055,42.13999938964844,42.13999938964844,10181600
2022-05-17,42.52000045776367,43.43000030517578,42.40999984741211,42.95000076293945,42.95000076293945,9936900
2022-05-18,43.34000015258789,43.52000045776367,40.52000045776367,41.130001068115234,41.130001068115234,9734900
2022-05-19,40.040000915527344,41.41999816894531,40.0099983215332,40.849998474121094,40.849998474121094,12123900
2022-05-20,41.38999938964844,42.06999969482422,40.43000030517578,41.119998931884766,41.119998931884766,9870700
2022-05-23,41.90999984741211,43.9900016784668,41.459999084472656,43.810001373291016,43.810001373291016,13288000
2022-05-24,42.970001220703125,44.20000076293945,42.459999084472656,43.900001525878906,43.900001525878906,11259800
2022-05-25,43.70000076293945,45.310001373291016,43.56999969482422,45.04999923706055,45.04999923706055,17205000
2022-05-26,45.5,47.08000183105469,45.40999984741211,46.689998626708984,46.689998626708984,16282900
2022-05-27,46.2599983215332,48.41999816894531,46.130001068115234,48.209999084472656,48.209999084472656,13950700
2022-05-31,48.689998626708984,48.689998626708984,45.43000030517578,45.959999084472656,45.959999084472656,28706600
2022-06-01,47.040000915527344,47.33000183105469,46.0,46.68000030517578,46.68000030517578,15207500
2022-06-02,46.709999084472656,46.869998931884766,45.91999816894531,46.29999923706055,46.29999923706055,8155100
2022-06-03,46.40999984741211,47.72999954223633,46.33000183105469,47.470001220703125,47.470001220703125,8854400
2022-06-06,47.790000915527344,48.0,46.880001068115234,47.220001220703125,47.220001220703125,6697000
2022-06-07,47.0,49.08000183105469,46.869998931884766,48.93000030517578,48.93000030517578,14735800
2022-06-08,49.0,49.83000183105469,48.08000183105469,49.56999969482422,49.56999969482422,15101200
2022-06-09,48.790000915527344,49.15999984741211,48.099998474121094,48.13999938964844,48.13999938964844,11473800
2022-06-10,47.16999816894531,47.880001068115234,46.52000045776367,47.209999084472656,47.209999084472656,11294000
2022-06-13,45.31999969482422,45.560001373291016,43.54999923706055,44.31999969482422,44.31999969482422,12470100
2022-06-14,45.040000915527344,45.40999984741211,42.5099983215332,43.220001220703125,43.220001220703125,13488800
2022-06-15,43.59000015258789,43.59000015258789,41.150001525878906,41.52000045776367,41.52000045776367,15091800
2022-06-16,40.529998779296875,40.65999984741211,38.31999969482422,38.47999954223633,38.47999954223633,21591700
2022-06-17,38.599998474121094,39.150001525878906,36.470001220703125,36.63999938964844,36.63999938964844,32283000
2022-06-21,37.88999938964844,39.27000045776367,37.61000061035156,38.81999969482422,38.81999969482422,18172900
2022-06-22,36.470001220703125,38.31999969482422,36.09000015258789,37.52000045776367,37.52000045776367,17335000
2022-06-23,37.66999816894531,37.7599983215332,34.369998931884766,34.97999954223633,34.97999954223633,28165700
2022-06-24,35.220001220703125,36.5,34.65999984741211,35.060001373291016,35.060001373291016,22910700
2022-06-27,35.779998779296875,35.97999954223633,34.91999816894531,35.88999938964844,35.88999938964844,29428500
2022-06-28,36.810001373291016,37.72999954223633,36.470001220703125,36.970001220703125,36.970001220703125,13896200
2022-06-29,37.52000045776367,37.630001068115234,35.95000076293945,36.18000030517578,36.18000030517578,12475300
2022-06-30,35.36000061035156,36.939998626708984,35.31999969482422,35.7599983215332,35.7599983215332,15332400
2022-07-01,35.959999084472656,36.040000915527344,34.11000061035156,35.650001525878906,35.650001525878906,10823800
2022-07-05,34.529998779296875,35.150001525878906,32.70000076293945,33.33000183105469,33.33000183105469,17642100
2022-07-06,32.88999938964844,33.619998931884766,31.6299991607666,32.72999954223633,32.72999954223633,13030900
2022-07-07,33.939998626708984,34.93000030517578,33.779998779296875,34.380001068115234,34.380001068115234,10077500
2022-07-08,34.90999984741211,35.220001220703125,33.880001068115234,34.31999969482422,34.31999969482422,11027700
2022-07-11,33.619998931884766,33.970001220703125,33.08000183105469,33.369998931884766,33.369998931884766,8918700
2022-07-12,32.16999816894531,33.18000030517578,32.09000015258789,32.72999954223633,32.72999954223633,10281400
2022-07-13,32.18000030517578,33.43000030517578,32.02000045776367,32.290000915527344,32.290000915527344,9137200
2022-07-14,31.0,31.440000534057617,30.649999618530273,31.329999923706055,31.329999923706055,14827800
2022-07-15,32.060001373291016,32.36000061035156,31.34000015258789,32.29999923706055,32.29999923706055,10672600
2022-07-18,33.20000076293945,33.56999969482422,32.900001525878906,33.130001068115234,33.130001068115234,11493100
2022-07-19,33.08000183105469,34.34000015258789,33.08000183105469,34.220001220703125,34.220001220703125,10867200
2022-07-20,33.54999923706055,34.25,33.2599983215332,34.13999938964844,34.13999938964844,9984500
2022-07-21,32.97999954223633,33.63999938964844,32.2599983215332,33.630001068115234,33.630001068115234,14583000
2022-07-22,35.40999984741211,36.4900016784668,34.849998474121094,35.06999969482422,35.06999969482422,19748000
2022-07-25,35.650001525878906,36.2599983215332,35.0099983215332,36.16999816894531,36.16999816894531,13120000
2022-07-26,36.79999923706055,37.11000061035156,35.04999923706055,35.599998474121094,35.599998474121094,17232100
2022-07-27,36.040000915527344,36.619998931884766,35.540000915527344,36.33000183105469,36.33000183105469,11075300
2022-07-28,36.63999938964844,36.900001525878906,35.2400016784668,35.709999084472656,35.709999084472656,10292800
2022-07-29,36.2599983215332,37.20000076293945,35.779998779296875,37.029998779296875,37.029998779296875,12313200
2022-08-01,36.2400016784668,36.779998779296875,35.380001068115234,36.400001525878906,36.400001525878906,12620600
2022-08-02,36.5,37.18000030517578,36.33000183105469,36.689998626708984,36.689998626708984,9987500
2022-08-03,36.90999984741211,37.040000915527344,35.369998931884766,35.540000915527344,35.540000915527344,11558500
2022-08-04,35.29999923706055,35.380001068115234,33.79999923706055,33.95000076293945,33.95000076293945,11744100
2022-08-05,33.5099983215332,35.130001068115234,33.43000030517578,34.65999984741211,34.65999984741211,6863400
2022-08-08,34.689998626708984,35.15999984741211,34.5,34.650001525878906,34.650001525878906,6053100
2022-08-09,35.2400016784668,35.369998931884766,34.650001525878906,34.9900016784668,34.9900016784668,7616100
2022-08-10,34.9900016784668,35.27000045776367,33.81999969482422,34.91999816894531,34.91999816894531,13302600
2022-08-11,35.599998474121094,37.310001373291016,35.59000015258789,36.88999938964844,36.88999938964844,13140900
2022-08-12,36.59000015258789,37.22999954223633,36.25,37.13999938964844,37.13999938964844,6642800
2022-08-15,35.7400016784668,36.029998779296875,35.029998779296875,35.7599983215332,35.7599983215332,7639400
2022-08-16,35.97999954223633,36.61000061035156,35.290000915527344,35.58000183105469,35.58000183105469,9698300
2022-08-17,35.22999954223633,35.81999969482422,34.849998474121094,35.400001525878906,35.400001525878906,7703300
2022-08-18,36.040000915527344,37.22999954223633,35.970001220703125,37.130001068115234,37.130001068115234,10758700
2022-08-19,36.86000061035156,37.56999969482422,36.61000061035156,37.119998931884766,37.119998931884766,12893900
2022-08-22,36.709999084472656,37.41999816894531,36.09000015258789,36.91999816894531,36.91999816894531,9126300
2022-08-23,37.709999084472656,39.560001373291016,37.560001373291016,39.36000061035156,39.36000061035156,15983600
2022-08-24,39.13999938964844,40.099998474121094,39.13999938964844,39.90999984741211,39.90999984741211,11498400
2022-08-25,40.119998931884766,40.900001525878906,40.02000045776367,40.16999816894531,40.16999816894531,12737900
2022-08-26,39.91999816894531,40.27000045776367,39.20000076293945,39.41999816894531,39.41999816894531,8944200
2022-08-29,39.29999923706055,40.84000015258789,39.060001373291016,40.380001068115234,40.380001068115234,11663700
2022-08-30,39.630001068115234,39.70000076293945,38.22999954223633,38.68000030517578,38.68000030517578,12149300
2022-08-31,37.77000045776367,39.15999984741211,37.29999923706055,38.150001525878906,38.150001525878906,12383000
2022-09-01,37.54999923706055,37.83000183105469,36.43000030517578,36.849998474121094,36.849998474121094,10516700
2022-09-02,38.099998474121094,38.630001068115234,37.4900016784668,38.06999969482422,38.06999969482422,11375100
2022-09-06,38.2400016784668,38.529998779296875,37.13999938964844,37.36000061035156,37.36000061035156,10785100
2022-09-07,36.439998626708984,37.18000030517578,35.9900016784668,37.060001373291016,37.060001373291016,11759900
2022-09-08,37.38999938964844,38.5099983215332,37.16999816894531,38.16999816894531,38.16999816894531,14681800
2022-09-09,39.04999923706055,39.869998931884766,38.65999984741211,39.650001525878906,39.650001525878906,9628600
2022-09-12,40.029998779296875,40.47999954223633,39.59000015258789,40.150001525878906,40.150001525878906,8935200
2022-09-13,39.56999969482422,40.06999969482422,38.22999954223633,38.470001220703125,38.470001220703125,11124100
2022-09-14,38.97999954223633,40.45000076293945,38.97999954223633,40.2400016784668,40.2400016784668,9958200
2022-09-15,39.36000061035156,40.040000915527344,39.150001525878906,39.630001068115234,39.630001068115234,9945700
2022-09-16,39.29999923706055,39.380001068115234,37.63999938964844,38.369998931884766,38.369998931884766,16890300
2022-09-19,37.16999816894531,39.029998779296875,37.09000015258789,38.970001220703125,38.970001220703125,7377600
2022-09-20,38.709999084472656,38.75,38.040000915527344,38.5,38.5,9360500
2022-09-21,39.11000061035156,39.43000030517578,37.54999923706055,37.58000183105469,37.58000183105469,9153000
2022-09-22,38.099998474121094,38.7400016784668,37.84000015258789,38.22999954223633,38.22999954223633,12875000
2022-09-23,36.25,36.459999084472656,34.380001068115234,35.0,35.0,17421000
2022-09-26,34.95000076293945,35.349998474121094,33.79999923706055,33.86000061035156,33.86000061035156,12006400
2022-09-27,34.599998474121094,35.29999923706055,33.86000061035156,33.97999954223633,33.97999954223633,12712500
2022-09-28,34.40999984741211,35.63999938964844,34.099998474121094,35.439998626708984,35.439998626708984,12205400
2022-09-29,35.150001525878906,36.0099983215332,34.29999923706055,35.970001220703125,35.970001220703125,12191700
2022-09-30,35.470001220703125,36.61000061035156,35.27000045776367,35.900001525878906,35.900001525878906,15329800
2022-10-03,37.58000183105469,38.529998779296875,37.31999969482422,38.29999923706055,38.29999923706055,13978200
2022-10-04,39.16999816894531,39.84000015258789,38.59000015258789,39.119998931884766,39.119998931884766,16268000
2022-10-05,39.130001068115234,41.939998626708984,39.130001068115234,41.56999969482422,41.56999969482422,28104400
2022-10-06,41.380001068115234,42.84000015258789,41.220001220703125,42.4900016784668,42.4900016784668,16403000
2022-10-07,42.529998779296875,43.119998931884766,41.68000030517578,42.59000015258789,42.59000015258789,15953800
2022-10-10,42.33000183105469,43.02000045776367,41.59000015258789,42.130001068115234,42.130001068115234,10380600
2022-10-11,41.27000045776367,42.290000915527344,41.099998474121094,41.7599983215332,41.7599983215332,10474800
2022-10-12,41.5,42.33000183105469,41.20000076293945,42.02000045776367,42.02000045776367,11271700
2022-10-13,41.810001373291016,44.33000183105469,41.779998779296875,44.189998626708984,44.189998626708984,16364400
2022-10-14,43.540000915527344,44.099998474121094,42.09000015258789,42.15999984741211,42.15999984741211,11504700
2022-10-17,43.0,43.40999984741211,42.209999084472656,42.86000061035156,42.86000061035156,10330300
2022-10-18,43.41999816894531,43.970001220703125,42.560001373291016,43.36000061035156,43.36000061035156,9734500
2022-10-19,44.0,45.619998931884766,43.84000015258789,45.470001220703125,45.470001220703125,16869400
2022-10-20,46.0,46.22999954223633,45.2400016784668,45.689998626708984,45.689998626708984,15915700
2022-10-21,46.970001220703125,50.540000915527344,46.790000915527344,50.40999984741211,50.40999984741211,35351400
2022-10-24,50.060001373291016,52.5099983215332,49.65999984741211,52.150001525878906,52.150001525878906,27296600
2022-10-25,51.88999938964844,52.68000030517578,51.209999084472656,52.470001220703125,52.470001220703125,18932500
2022-10-26,52.93000030517578,53.88999938964844,52.13999938964844,52.18000030517578,52.18000030517578,18232500
2022-10-27,53.0,53.599998474121094,51.5,51.68000030517578,51.68000030517578,18298200
2022-10-28,51.040000915527344,51.709999084472656,49.77000045776367,50.45000076293945,50.45000076293945,15772800
2022-10-31,50.0099983215332,52.41999816894531,50.0099983215332,52.029998779296875,52.029998779296875,16663800
2022-11-01,52.70000076293945,52.939998626708984,51.5,51.54999923706055,51.54999923706055,11932200
2022-11-02,51.27000045776367,52.380001068115234,50.70000076293945,51.13999938964844,51.13999938964844,11892300
2022-11-03,50.61000061035156,52.130001068115234,50.5,51.79999923706055,51.79999923706055,15764600
2022-11-04,53.349998474121094,54.029998779296875,52.22999954223633,53.099998474121094,53.099998474121094,16764500
2022-11-07,53.0,55.11000061035156,52.810001373291016,54.810001373291016,54.810001373291016,19928100
2022-11-08,54.810001373291016,55.119998931884766,54.18000030517578,54.689998626708984,54.689998626708984,15249600
2022-11-09,54.09000015258789,54.09000015258789,52.790000915527344,53.06999969482422,53.06999969482422,21809000
2022-11-10,53.790000915527344,54.15999984741211,52.45000076293945,53.099998474121094,53.099998474121094,13088700
2022-11-11,54.189998626708984,55.2599983215332,54.16999816894531,54.81999969482422,54.81999969482422,14725000
2022-11-14,54.619998931884766,56.040000915527344,53.869998931884766,54.06999969482422,54.06999969482422,9089200
2022-11-15,54.45000076293945,55.0,53.58000183105469,54.66999816894531,54.66999816894531,9513400
2022-11-16,54.150001525878906,54.61000061035156,52.61000061035156,52.9900016784668,52.9900016784668,13414600
2022-11-17,52.0,52.86000061035156,51.41999816894531,52.83000183105469,52.83000183105469,9868200
2022-11-18,51.849998474121094,53.61000061035156,50.880001068115234,53.439998626708984,53.439998626708984,12140200
2022-11-21,51.2400016784668,52.689998626708984,48.86000061035156,52.27000045776367,52.27000045776367,18814400
2022-11-22,53.02000045776367,53.77000045776367,51.83000183105469,53.63999938964844,53.63999938964844,8969800
2022-11-23,52.45000076293945,52.88999938964844,51.060001373291016,51.41999816894531,51.41999816894531,10463200
2022-11-25,51.13999938964844,51.52000045776367,50.529998779296875,50.83000183105469,50.83000183105469,4951900
2022-11-28,49.5099983215332,50.83000183105469,49.08000183105469,49.880001068115234,49.880001068115234,15397500
2022-11-29,50.599998474121094,51.38999938964844,49.93000030517578,51.04999923706055,51.04999923706055,10809300
2022-11-30,51.58000183105469,51.900001525878906,50.47999954223633,51.54999923706055,51.54999923706055,19230300
2022-12-01,52.31999969482422,52.7400016784668,51.459999084472656,51.7599983215332,51.7599983215332,8152900
2022-12-02,51.5,52.880001068115234,51.290000915527344,52.790000915527344,52.790000915527344,9378600
2022-12-05,53.529998779296875,54.18000030517578,50.95000076293945,51.380001068115234,51.380001068115234,12047000
2022-12-06,50.939998626708984,52.099998474121094,50.47999954223633,50.880001068115234,50.880001068115234,12311000
2022-12-07,50.97999954223633,51.79999923706055,49.54999923706055,49.79999923706055,49.79999923706055,9700900
2022-12-08,50.90999984741211,51.619998931884766,49.5,49.91999816894531,49.91999816894531,9367800
2022-12-09,49.91999816894531,50.529998779296875,46.83000183105469,46.970001220703125,46.970001220703125,16079900
2022-12-12,47.060001373291016,49.209999084472656,47.0,49.099998474121094,49.099998474121094,11416900
2022-12-13,50.25,51.380001068115234,49.95000076293945,51.04999923706055,51.04999923706055,11659700
2022-12-14,51.33000183105469,51.560001373291016,49.939998626708984,50.43000030517578,50.43000030517578,10212200
2022-12-15,50.119998931884766,50.45000076293945,49.349998474121094,50.11000061035156,50.11000061035156,11048100
2022-12-16,48.95000076293945,49.459999084472656,48.25,49.380001068115234,49.380001068115234,22945200
2022-12-19,49.959999084472656,50.540000915527344,49.41999816894531,49.83000183105469,49.83000183105469,7447000
2022-12-20,49.95000076293945,52.09000015258789,49.81999969482422,51.7599983215332,51.7599983215332,11496100
2022-12-21,52.849998474121094,53.59000015258789,51.91999816894531,53.310001373291016,53.310001373291016,9019500
2022-12-22,53.31999969482422,53.529998779296875,50.130001068115234,51.38999938964844,51.38999938964844,7574500
2022-12-23,52.20000076293945,53.0,51.380001068115234,52.9900016784668,52.9900016784668,8082300
2022-12-27,53.34000015258789,53.869998931884766,52.790000915527344,53.5,53.5,6200900
2022-12-28,53.369998931884766,53.63999938964844,51.9900016784668,52.599998474121094,52.599998474121094,7192700
2022-12-29,52.40999984741211,53.15999984741211,52.060001373291016,52.90999984741211,52.90999984741211,5200000
2022-12-30,52.52000045776367,53.54999923706055,52.400001525878906,53.459999084472656,53.459999084472656,4629800
2023-01-03,52.86000061035156,53.59000015258789,50.36000061035156,51.5,51.5,8487800
2023-01-04,50.459999084472656,52.029998779296875,50.189998626708984,51.70000076293945,51.70000076293945,9069800
2023-01-05,51.65999984741211,53.209999084472656,51.65999984741211,52.66999816894531,52.66999816894531,6622100
2023-01-06,53.45000076293945,54.70000076293945,53.29999923706055,54.5,54.5,10171800
2023-01-09,55.279998779296875,56.279998779296875,55.099998474121094,55.63999938964844,55.63999938964844,12104300
2023-01-10,55.599998474121094,56.16999816894531,54.95000076293945,55.959999084472656,55.959999084472656,7080300
2023-01-11,55.95000076293945,56.75,55.72999954223633,56.31999969482422,56.31999969482422,8856900
2023-01-12,56.22999954223633,58.61000061035156,56.18000030517578,58.0,58.0,12857100
2023-01-13,57.9900016784668,58.52000045776367,57.33000183105469,58.279998779296875,58.279998779296875,7345000
2023-01-17,58.150001525878906,58.93000030517578,57.959999084472656,58.459999084472656,58.459999084472656,8467200
2023-01-18,58.939998626708984,59.45000076293945,57.029998779296875,57.130001068115234,57.130001068115234,11332700
2023-01-19,56.290000915527344,57.939998626708984,56.209999084472656,57.380001068115234,57.380001068115234,15283700
2023-01-20,57.4900016784668,58.9900016784668,56.220001220703125,57.349998474121094,57.349998474121094,19204800
2023-01-23,57.5,57.70000076293945,55.22999954223633,55.86000061035156,55.86000061035156,15090600
2023-01-24,54.06999969482422,56.439998626708984,54.06999969482422,55.470001220703125,55.470001220703125,8784400
2023-01-25,55.150001525878906,56.5,54.27000045776367,56.25,56.25,9053000
2023-01-26,56.619998931884766,57.54999923706055,55.29999923706055,57.470001220703125,57.470001220703125,8581500
2023-01-27,57.31999969482422,58.099998474121094,56.599998474121094,56.970001220703125,56.970001220703125,7669500
2023-01-30,56.630001068115234,56.83000183105469,56.119998931884766,56.34000015258789,56.34000015258789,6181100
2023-01-31,56.279998779296875,57.439998626708984,55.97999954223633,56.97999954223633,56.97999954223633,5951900
2023-02-01,56.90999984741211,57.439998626708984,55.0,55.70000076293945,55.70000076293945,10454000
2023-02-02,55.2599983215332,55.2599983215332,51.970001220703125,52.290000915527344,52.290000915527344,17007600
2023-02-03,52.81999969482422,54.66999816894531,52.54999923706055,52.63999938964844,52.63999938964844,10737000
2023-02-06,52.79999923706055,53.380001068115234,52.189998626708984,53.09000015258789,53.09000015258789,6482100
2023-02-07,53.439998626708984,54.130001068115234,52.7400016784668,53.88999938964844,53.88999938964844,9109700
2023-02-08,54.0,55.130001068115234,53.75,54.709999084472656,54.709999084472656,7939900
2023-02-09,54.459999084472656,54.7400016784668,53.7400016784668,53.84000015258789,53.84000015258789,7116500
2023-02-10,54.77000045776367,56.41999816894531,54.47999954223633,56.36000061035156,56.36000061035156,9410700
2023-02-13,55.900001525878906,57.36000061035156,55.2400016784668,57.310001373291016,57.310001373291016,8964200
2023-02-14,56.40999984741211,57.79999923706055,56.11000061035156,56.81999969482422,56.81999969482422,7437300
2023-02-15,56.150001525878906,56.29999923706055,55.02000045776367,55.9900016784668,55.9900016784668,7077200
2023-02-16,56.0,56.59000015258789,55.41999816894531,55.779998779296875,55.779998779296875,5089700
2023-02-17,55.0,55.060001373291016,53.130001068115234,53.34000015258789,53.34000015258789,9162900
2023-02-21,53.29999923706055,54.59000015258789,53.27000045776367,53.400001525878906,53.400001525878906,7422100
2023-02-22,53.15999984741211,53.939998626708984,52.040000915527344,52.40999984741211,52.40999984741211,9181100
2023-02-23,53.58000183105469,54.02000045776367,52.869998931884766,53.31999969482422,53.31999969482422,6324500
2023-02-24,52.79999923706055,54.130001068115234,52.20000076293945,53.91999816894531,53.91999816894531,8458700
2023-02-27,54.029998779296875,54.529998779296875,53.38999938964844,54.400001525878906,54.400001525878906,6287000
2023-02-28,54.9900016784668,55.290000915527344,53.20000076293945,53.209999084472656,53.209999084472656,10634200
2023-03-01,53.25,55.15999984741211,53.119998931884766,54.88999938964844,54.88999938964844,7166500
2023-03-02,54.619998931884766,55.47999954223633,54.04999923706055,55.29999923706055,55.29999923706055,5668300
2023-03-03,54.4900016784668,56.13999938964844,54.189998626708984,55.9900016784668,55.9900016784668,6726500
2023-03-06,55.470001220703125,55.72999954223633,54.939998626708984,55.349998474121094,55.349998474121094,6116600
2023-03-07,55.02000045776367,55.06999969482422,54.0,54.040000915527344,54.040000915527344,6908500
2023-03-08,53.709999084472656,54.2599983215332,52.31999969482422,53.540000915527344,53.540000915527344,7555000
2023-03-09,53.900001525878906,54.439998626708984,52.099998474121094,52.189998626708984,52.189998626708984,8844300
2023-03-10,51.77000045776367,52.95000076293945,50.65999984741211,51.0,51.0,8608400
2023-03-13,49.369998931884766,50.4900016784668,48.31999969482422,48.84000015258789,48.84000015258789,10914700
2023-03-14,49.25,50.88999938964844,48.45000076293945,49.36000061035156,49.36000061035156,10345900
2023-03-15,46.77000045776367,46.959999084472656,44.720001220703125,45.31999969482422,45.31999969482422,18103300
2023-03-16,44.34000015258789,46.529998779296875,44.08000183105469,46.18000030517578,46.18000030517578,16769500
2023-03-17,45.95000076293945,46.0,44.369998931884766,44.68000030517578,44.68000030517578,20723800
2023-03-20,44.88999938964844,46.54999923706055,44.70000076293945,46.220001220703125,46.220001220703125,10496100
2023-03-21,47.9900016784668,48.65999984741211,47.52000045776367,48.279998779296875,48.279998779296875,10486500
2023-03-22,48.54999923706055,48.90999984741211,47.290000915527344,47.400001525878906,47.400001525878906,11557000
2023-03-23,47.439998626708984,47.84000015258789,45.040000915527344,45.47999954223633,45.47999954223633,12213400
2023-03-24,44.209999084472656,45.0,43.81999969482422,44.56999969482422,44.56999969482422,19753600
2023-03-27,45.619998931884766,46.93000030517578,45.209999084472656,46.77000045776367,46.77000045776367,10579800
2023-03-28,46.77000045776367,47.869998931884766,46.5099983215332,47.63999938964844,47.63999938964844,6816200
2023-03-29,48.25,48.79999923706055,48.029998779296875,48.70000076293945,48.70000076293945,9569700
2023-03-30,49.38999938964844,49.529998779296875,48.4900016784668,48.7400016784668,48.7400016784668,7353600
2023-03-31,48.849998474121094,49.47999954223633,48.619998931884766,49.099998474121094,49.099998474121094,8154000
2023-04-03,52.27000045776367,53.810001373291016,51.970001220703125,52.33000183105469,52.33000183105469,20003400
2023-04-04,52.36000061035156,52.529998779296875,49.959999084472656,50.459999084472656,50.459999084472656,9378100
2023-04-05,50.58000183105469,51.15999984741211,49.90999984741211,50.70000076293945,50.70000076293945,9102100
2023-04-06,50.68000030517578,50.84000015258789,49.5,49.619998931884766,49.619998931884766,6734100
2023-04-10,49.810001373291016,50.959999084472656,49.72999954223633,50.040000915527344,50.040000915527344,5278400
2023-04-11,50.33000183105469,51.400001525878906,49.95000076293945,51.13999938964844,51.13999938964844,8081100
2023-04-12,51.31999969482422,52.220001220703125,50.7599983215332,51.97999954223633,51.97999954223633,8400500
2023-04-13,51.939998626708984,52.29999923706055,51.7599983215332,51.88999938964844,51.88999938964844,6544300
2023-04-14,52.400001525878906,53.150001525878906,51.88999938964844,52.47999954223633,52.47999954223633,8037000
2023-04-17,52.29999923706055,52.75,51.400001525878906,52.060001373291016,52.060001373291016,7374800
2023-04-18,51.720001220703125,52.709999084472656,51.5099983215332,52.16999816894531,52.16999816894531,5551200
2023-04-19,51.91999816894531,52.7599983215332,51.65999984741211,52.630001068115234,52.630001068115234,7791400
2023-04-20,51.95000076293945,52.220001220703125,51.40999984741211,51.970001220703125,51.970001220703125,8134100
2023-04-21,51.7400016784668,51.75,49.09000015258789,49.79999923706055,49.79999923706055,15776000
2023-04-24,49.5099983215332,50.97999954223633,49.36000061035156,50.220001220703125,50.220001220703125,10252300
2023-04-25,49.400001525878906,49.63999938964844,47.97999954223633,48.959999084472656,48.959999084472656,9312100
2023-04-26,48.849998474121094,49.16999816894531,47.439998626708984,47.779998779296875,47.779998779296875,9098500
2023-04-27,47.38999938964844,48.290000915527344,46.97999954223633,47.959999084472656,47.959999084472656,9231400
2023-04-28,47.93000030517578,49.630001068115234,47.38999938964844,49.349998474121094,49.349998474121094,8621200
2023-05-01,48.84000015258789,49.58000183105469,48.459999084472656,49.150001525878906,49.150001525878906,5053300
2023-05-02,48.36000061035156,48.54999923706055,45.91999816894531,46.18000030517578,46.18000030517578,11963800
2023-05-03,45.470001220703125,46.06999969482422,45.08000183105469,45.27000045776367,45.27000045776367,9217900
2023-05-04,45.439998626708984,45.9900016784668,44.599998474121094,45.06999969482422,45.06999969482422,10085400
2023-05-05,46.540000915527344,46.68000030517578,45.58000183105469,45.75,45.75,9900400
2023-05-08,46.66999816894531,46.83000183105469,46.040000915527344,46.61000061035156,46.61000061035156,8861800
2023-05-09,46.369998931884766,47.709999084472656,46.290000915527344,47.16999816894531,47.16999816894531,9834600
2023-05-10,47.130001068115234,47.290000915527344,45.5099983215332,45.86000061035156,45.86000061035156,10124100
2023-05-11,45.15999984741211,45.310001373291016,43.900001525878906,44.13999938964844,44.13999938964844,15134300
2023-05-12,44.540000915527344,45.20000076293945,43.779998779296875,44.06999969482422,44.06999969482422,10198900
2023-05-15,44.380001068115234,44.880001068115234,43.90999984741211,44.599998474121094,44.599998474121094,6813200
2023-05-16,44.33000183105469,44.40999984741211,42.95000076293945,43.25,43.25,11890400
2023-05-17,43.84000015258789,44.5099983215332,43.040000915527344,44.5,44.5,12579400
2023-05-18,44.02000045776367,44.9900016784668,43.689998626708984,44.849998474121094,44.849998474121094,8372600
2023-05-19,45.380001068115234,45.7599983215332,45.02000045776367,45.27000045776367,45.27000045776367,8359100
2023-05-22,45.27000045776367,46.18000030517578,45.189998626708984,46.0,46.0,11126700
2023-05-23,46.31999969482422,46.5,45.79999923706055,46.060001373291016,46.060001373291016,7538700
2023-05-24,45.959999084472656,46.599998474121094,45.5,46.22999954223633,46.22999954223633,6895600
2023-05-25,45.29999923706055,45.70000076293945,44.58000183105469,45.15999984741211,45.15999984741211,15889300
2023-05-26,45.70000076293945,45.900001525878906,44.029998779296875,44.47999954223633,44.47999954223633,12290400
2023-05-30,43.58000183105469,44.349998474121094,43.25,44.310001373291016,44.310001373291016,8381900
2023-05-31,42.77000045776367,43.5,42.72999954223633,42.83000183105469,42.83000183105469,15547400
2023-06-01,43.060001373291016,45.619998931884766,42.900001525878906,44.97999954223633,44.97999954223633,12222900
2023-06-02,46.06999969482422,47.439998626708984,45.630001068115234,46.77000045776367,46.77000045776367,11282700
2023-06-05,47.61000061035156,47.61000061035156,46.09000015258789,46.220001220703125,46.220001220703125,7202400
2023-06-06,45.470001220703125,46.970001220703125,45.33000183105469,46.95000076293945,46.95000076293945,12366300
2023-06-07,47.31999969482422,48.33000183105469,47.130001068115234,48.130001068115234,48.130001068115234,9213700
2023-06-08,48.25,48.470001220703125,46.970001220703125,47.45000076293945,47.45000076293945,8289600
2023-06-09,47.560001373291016,48.189998626708984,47.15999984741211,47.529998779296875,47.529998779296875,6946100
2023-06-12,46.47999954223633,47.529998779296875,46.45000076293945,47.02000045776367,47.02000045776367,5885600
2023-06-13,47.88999938964844,49.09000015258789,47.7599983215332,47.959999084472656,47.959999084472656,8821300
2023-06-14,48.529998779296875,48.86000061035156,46.83000183105469,47.27000045776367,47.27000045776367,7072100
2023-06-15,47.77000045776367,48.34000015258789,47.72999954223633,47.900001525878906,47.900001525878906,6370500
2023-06-16,48.11000061035156,48.400001525878906,47.72999954223633,47.779998779296875,47.779998779296875,14740700
2023-06-20,46.93000030517578,47.36000061035156,46.470001220703125,47.2599983215332,47.2599983215332,7806600
2023-06-21,47.150001525878906,48.40999984741211,46.81999969482422,47.7599983215332,47.7599983215332,6725600
2023-06-22,47.5,47.630001068115234,46.79999923706055,46.84000015258789,46.84000015258789,8533100
2023-06-23,46.13999938964844,46.61000061035156,45.75,46.59000015258789,46.59000015258789,9302000
2023-06-26,46.66999816894531,47.7400016784668,46.5099983215332,47.36000061035156,47.36000061035156,6202500
2023-06-27,47.900001525878906,48.47999954223633,47.2599983215332,48.13999938964844,48.13999938964844,13198000
2023-06-28,48.060001373291016,48.880001068115234,47.33000183105469,48.59000015258789,48.59000015258789,9204400
2023-06-29,48.869998931884766,48.90999984741211,47.65999984741211,48.470001220703125,48.470001220703125,10506200
2023-06-30,49.0,49.709999084472656,48.66999816894531,49.119998931884766,49.119998931884766,13413300
2023-07-03,49.29999923706055,49.900001525878906,48.939998626708984,49.470001220703125,49.470001220703125,3543100
2023-07-05,49.709999084472656,49.779998779296875,49.119998931884766,49.29999923706055,49.29999923706055,8724200
2023-07-06,48.90999984741211,49.54999923706055,48.310001373291016,49.119998931884766,49.119998931884766,9411600
2023-07-07,48.939998626708984,53.619998931884766,48.810001373291016,53.349998474121094,53.349998474121094,23176800
2023-07-10,52.84000015258789,53.72999954223633,52.650001525878906,53.619998931884766,53.619998931884766,14817100
2023-07-11,53.939998626708984,56.2400016784668,53.849998474121094,56.04999923706055,56.04999923706055,18096600
2023-07-12,56.529998779296875,57.09000015258789,55.97999954223633,56.68000030517578,56.68000030517578,14304600
2023-07-13,57.0,57.619998931884766,56.36000061035156,57.41999816894531,57.41999816894531,15775100
2023-07-14,56.83000183105469,57.16999816894531,56.43000030517578,57.130001068115234,57.130001068115234,14419000
2023-07-17,56.619998931884766,57.02000045776367,56.04999923706055,56.5099983215332,56.5099983215332,13598700
2023-07-18,56.349998474121094,57.56999969482422,56.189998626708984,56.97999954223633,56.97999954223633,11387000
2023-07-19,56.310001373291016,57.439998626708984,56.130001068115234,57.36000061035156,57.36000061035156,13074900
2023-07-20,57.650001525878906,57.90999984741211,56.689998626708984,57.2599983215332,57.2599983215332,9963500
2023-07-21,55.81999969482422,56.61000061035156,54.70000076293945,56.0099983215332,56.0099983215332,16637900
2023-07-24,56.220001220703125,57.09000015258789,55.91999816894531,57.02000045776367,57.02000045776367,10596100
2023-07-25,57.08000183105469,58.119998931884766,56.77000045776367,57.880001068115234,57.880001068115234,10686100
2023-07-26,57.04999923706055,58.220001220703125,57.0099983215332,57.66999816894531,57.66999816894531,8113500
2023-07-27,57.970001220703125,58.13999938964844,56.81999969482422,57.02000045776367,57.02000045776367,7791900
2023-07-28,57.119998931884766,57.439998626708984,56.63999938964844,57.150001525878906,57.150001525878906,7019900
2023-07-31,57.56999969482422,58.70000076293945,57.380001068115234,58.34000015258789,58.34000015258789,8278400
2023-08-01,58.02000045776367,58.220001220703125,56.97999954223633,57.61000061035156,57.61000061035156,6930400
2023-08-02,57.220001220703125,57.66999816894531,56.439998626708984,57.470001220703125,57.470001220703125,6726900
2023-08-03,57.709999084472656,58.380001068115234,57.310001373291016,57.97999954223633,57.97999954223633,7387300
2023-08-04,58.2400016784668,58.599998474121094,57.56999969482422,57.66999816894531,57.66999816894531,7624800
2023-08-07,57.900001525878906,58.40999984741211,57.68000030517578,57.970001220703125,57.970001220703125,5956400
2023-08-08,56.79999923706055,58.61000061035156,56.08000183105469,58.5099983215332,58.5099983215332,7751000
2023-08-09,59.0,60.119998931884766,58.689998626708984,59.5099983215332,59.5099983215332,11975900
2023-08-10,59.38999938964844,59.95000076293945,58.34000015258789,58.91999816894531,58.91999816894531,8857100
2023-08-11,58.84000015258789,59.93000030517578,58.72999954223633,59.650001525878906,59.650001525878906,7090900
2023-08-14,59.45000076293945,59.79999923706055,59.08000183105469,59.52000045776367,59.52000045776367,5736400
2023-08-15,58.84000015258789,58.86000061035156,57.869998931884766,58.33000183105469,58.33000183105469,6040000
2023-08-16,58.31999969482422,58.810001373291016,57.52000045776367,57.77000045776367,57.77000045776367,6234300
2023-08-17,58.7599983215332,59.040000915527344,57.7400016784668,57.88999938964844,57.88999938964844,5925600
2023-08-18,57.18000030517578,58.15999984741211,56.959999084472656,58.029998779296875,58.029998779296875,7095100
2023-08-21,58.4900016784668,58.83000183105469,57.040000915527344,57.439998626708984,57.439998626708984,6269300
2023-08-22,57.36000061035156,57.459999084472656,56.25,56.40999984741211,56.40999984741211,8609900
2023-08-23,55.68000030517578,58.150001525878906,55.52000045776367,57.88999938964844,57.88999938964844,10717600
2023-08-24,57.40999984741211,58.0099983215332,56.709999084472656,56.790000915527344,56.790000915527344,6685900
2023-08-25,57.189998626708984,57.2400016784668,56.150001525878906,56.459999084472656,56.459999084472656,8619100
2023-08-28,56.619998931884766,57.939998626708984,56.619998931884766,57.83000183105469,57.83000183105469,4813200
2023-08-29,57.95000076293945,58.43000030517578,57.18000030517578,58.220001220703125,58.220001220703125,4911000
2023-08-30,58.7400016784668,59.0099983215332,58.36000061035156,59.0,59.0,5843100
2023-08-31,59.119998931884766,59.380001068115234,58.25,58.959999084472656,58.959999084472656,10102500
2023-09-01,59.849998474121094,60.4900016784668,59.4900016784668,60.119998931884766,60.119998931884766,6898600
2023-09-05,60.20000076293945,61.150001525878906,59.959999084472656,60.209999084472656,60.209999084472656,8428600
2023-09-06,60.31999969482422,61.36000061035156,60.099998474121094,61.0,61.0,9299800
2023-09-07,60.970001220703125,61.380001068115234,60.689998626708984,60.83000183105469,60.83000183105469,7867600
2023-09-08,60.619998931884766,61.15999984741211,59.81999969482422,60.16999816894531,60.16999816894531,8323600
2023-09-11,61.0099983215332,61.400001525878906,60.380001068115234,60.77000045776367,60.77000045776367,8392300
2023-09-12,61.29999923706055,62.119998931884766,60.849998474121094,62.099998474121094,62.099998474121094,11476400
2023-09-13,61.93000030517578,62.029998779296875,60.470001220703125,60.619998931884766,60.619998931884766,7914300
2023-09-14,61.369998931884766,61.65999984741211,60.84000015258789,61.599998474121094,61.599998474121094,6862500
2023-09-15,61.060001373291016,61.41999816894531,60.06999969482422,60.58000183105469,60.58000183105469,19777100
2023-09-18,61.0,61.779998779296875,60.81999969482422,61.209999084472656,61.209999084472656,6232100
2023-09-19,61.70000076293945,61.70000076293945,59.83000183105469,60.43000030517578,60.43000030517578,9067700
2023-09-20,60.130001068115234,61.040000915527344,59.75,59.790000915527344,59.790000915527344,5351100
2023-09-21,60.099998474121094,60.099998474121094,58.630001068115234,58.81999969482422,58.81999969482422,6841600
2023-09-22,59.18000030517578,59.5,58.84000015258789,59.040000915527344,59.040000915527344,5979000
2023-09-25,58.93000030517578,59.880001068115234,58.7400016784668,59.84000015258789,59.84000015258789,6279300
2023-09-26,59.150001525878906,59.779998779296875,58.970001220703125,59.130001068115234,59.130001068115234,5796100
2023-09-27,60.0,61.06999969482422,59.58000183105469,60.79999923706055,60.79999923706055,7663100
2023-09-28,60.54999923706055,61.40999984741211,60.310001373291016,60.939998626708984,60.939998626708984,7574000
2023-09-29,60.75,60.84000015258789,58.20000076293945,58.29999923706055,58.29999923706055,11278100
2023-10-02,58.31999969482422,58.47999954223633,56.86000061035156,57.939998626708984,57.939998626708984,7553600
2023-10-03,57.5,58.63999938964844,57.20000076293945,58.61000061035156,58.61000061035156,8407900
2023-10-04,57.7400016784668,57.869998931884766,55.31999969482422,55.83000183105469,55.83000183105469,10923300
2023-10-05,55.529998779296875,56.459999084472656,55.119998931884766,55.400001525878906,55.400001525878906,7491800
2023-10-06,55.58000183105469,56.220001220703125,54.810001373291016,55.70000076293945,55.70000076293945,8642600
2023-10-09,57.27000045776367,58.52000045776367,56.970001220703125,58.2400016784668,58.2400016784668,6667700
2023-10-10,58.31999969482422,58.97999954223633,57.95000076293945,58.619998931884766,58.619998931884766,6608900
2023-10-11,58.02000045776367,58.88999938964844,57.7599983215332,58.7599983215332,58.7599983215332,5641100
2023-10-12,59.47999954223633,59.619998931884766,57.779998779296875,58.369998931884766,58.369998931884766,5023100
2023-10-13,59.400001525878906,59.81999969482422,58.849998474121094,58.959999084472656,58.959999084472656,6819500
2023-10-16,59.40999984741211,59.7400016784668,58.779998779296875,59.45000076293945,59.45000076293945,5949900
2023-10-17,59.27000045776367,60.38999938964844,59.13999938964844,60.2400016784668,60.2400016784668,6525000
2023-10-18,60.36000061035156,61.20000076293945,60.349998474121094,60.59000015258789,60.59000015258789,6964100
2023-10-19,60.029998779296875,60.849998474121094,59.40999984741211,59.970001220703125,59.970001220703125,7488400
2023-10-20,59.220001220703125,60.20000076293945,56.7400016784668,58.209999084472656,58.209999084472656,13100700
2023-10-23,58.38999938964844,59.029998779296875,56.88999938964844,58.84000015258789,58.84000015258789,9655500
2023-10-24,58.939998626708984,59.04999923706055,56.970001220703125,57.0,57.0,8407100
2023-10-25,56.880001068115234,57.27000045776367,55.720001220703125,56.619998931884766,56.619998931884766,8571800
2023-10-26,56.0099983215332,56.630001068115234,55.25,55.869998931884766,55.869998931884766,8157500
2023-10-27,56.0,56.18000030517578,55.02000045776367,55.83000183105469,55.83000183105469,6944500
2023-10-30,56.31999969482422,56.529998779296875,55.349998474121094,56.400001525878906,56.400001525878906,6698000
2023-10-31,56.11000061035156,56.5,55.439998626708984,55.65999984741211,55.65999984741211,8045900
2023-11-01,56.0,56.70000076293945,55.619998931884766,55.86000061035156,55.86000061035156,6197300
2023-11-02,55.880001068115234,57.43000030517578,55.709999084472656,57.36000061035156,57.36000061035156,5811800
2023-11-03,57.40999984741211,57.75,56.59000015258789,56.869998931884766,56.869998931884766,5895900
2023-11-06,57.40999984741211,57.470001220703125,56.20000076293945,56.47999954223633,56.47999954223633,5165500
2023-11-07,55.349998474121094,55.5,53.0,53.33000183105469,53.33000183105469,17838000
2023-11-08,52.88999938964844,53.63999938964844,52.439998626708984,52.93000030517578,52.93000030517578,13767100
2023-11-09,53.130001068115234,53.529998779296875,52.58000183105469,52.7400016784668,52.7400016784668,9278600
2023-11-10,53.27000045776367,53.4900016784668,52.66999816894531,53.29999923706055,53.29999923706055,9267900
2023-11-13,53.29999923706055,54.36000061035156,53.029998779296875,54.0,54.0,6853600
2023-11-14,54.18000030517578,54.709999084472656,53.86000061035156,54.349998474121094,54.349998474121094,6989700
2023-11-15,54.31999969482422,54.709999084472656,53.439998626708984,53.68000030517578,53.68000030517578,8328000
2023-11-16,53.189998626708984,53.599998474121094,51.31999969482422,52.11000061035156,52.11000061035156,11053300
2023-11-17,52.77000045776367,53.36000061035156,52.22999954223633,52.849998474121094,52.849998474121094,14077300
2023-11-20,53.439998626708984,53.439998626708984,52.599998474121094,52.7400016784668,52.7400016784668,8086900
2023-11-21,52.22999954223633,52.84000015258789,51.9900016784668,52.720001220703125,52.720001220703125,6888800
2023-11-22,51.56999969482422,52.72999954223633,50.779998779296875,52.52000045776367,52.52000045776367,7941900
2023-11-24,52.7400016784668,53.09000015258789,52.47999954223633,52.599998474121094,52.599998474121094,3077600
2023-11-27,52.47999954223633,52.63999938964844,51.75,52.54999923706055,52.54999923706055,6371200
2023-11-28,52.70000076293945,52.869998931884766,52.15999984741211,52.310001373291016,52.310001373291016,5620900
2023-11-29,52.70000076293945,52.7599983215332,51.47999954223633,51.869998931884766,51.869998931884766,8002000
2023-11-30,52.58000183105469,53.400001525878906,51.54999923706055,52.040000915527344,52.040000915527344,11520300
2023-12-01,51.97999954223633,53.09000015258789,51.72999954223633,52.38999938964844,52.38999938964844,6377200
2023-12-04,51.97999954223633,52.4900016784668,51.40999984741211,52.029998779296875,52.029998779296875,7772600
2023-12-05,51.65999984741211,51.7400016784668,50.5,50.61000061035156,50.61000061035156,6902700
2023-12-06,50.27000045776367,50.77000045776367,48.970001220703125,49.130001068115234,49.130001068115234,13575300
2023-12-07,49.38999938964844,49.40999984741211,48.09000015258789,48.459999084472656,48.459999084472656,12955100
2023-12-08,48.43000030517578,49.11000061035156,48.119998931884766,48.79999923706055,48.79999923706055,13209200
2023-12-11,49.0,49.630001068115234,48.83000183105469,49.150001525878906,49.150001525878906,8820900
2023-12-12,48.4900016784668,49.2599983215332,48.20000076293945,49.040000915527344,49.040000915527344,8871400
2023-12-13,49.31999969482422,49.61000061035156,48.439998626708984,49.189998626708984,49.189998626708984,10502400
2023-12-14,49.9900016784668,52.75,49.88999938964844,52.41999816894531,52.41999816894531,19567600
2023-12-15,52.08000183105469,52.5,51.61000061035156,52.189998626708984,52.189998626708984,21720200
2023-12-18,53.06999969482422,53.84000015258789,52.2400016784668,52.279998779296875,52.279998779296875,9356700
2023-12-19,52.43000030517578,53.06999969482422,52.27000045776367,52.97999954223633,52.97999954223633,7351000
2023-12-20,52.75,53.97999954223633,52.5099983215332,52.54999923706055,52.54999923706055,6480200
2023-12-21,52.5,53.029998779296875,52.209999084472656,52.58000183105469,52.58000183105469,7470900
2023-12-22,52.9900016784668,53.43000030517578,52.72999954223633,53.08000183105469,53.08000183105469,5115200
2023-12-26,53.86000061035156,54.369998931884766,53.56999969482422,53.68000030517578,53.68000030517578,5632300
2023-12-27,53.47999954223633,53.97999954223633,52.880001068115234,53.029998779296875,53.029998779296875,7132900
2023-12-28,52.7599983215332,53.119998931884766,52.16999816894531,52.2400016784668,52.2400016784668,6995300
2023-12-29,52.25,52.400001525878906,51.77000045776367,52.040000915527344,52.040000915527344,8641800
2024-01-02,52.439998626708984,52.849998474121094,51.83000183105469,51.97999954223633,51.97999954223633,12105200
2024-01-03,51.869998931884766,53.0,51.65999984741211,52.650001525878906,52.650001525878906,6572400
2024-01-04,53.0099983215332,53.349998474121094,51.63999938964844,51.689998626708984,51.689998626708984,8268800
2024-01-05,51.93000030517578,52.630001068115234,51.70000076293945,51.86000061035156,51.86000061035156,9827700
2024-01-08,50.59000015258789,50.779998779296875,49.400001525878906,50.31999969482422,50.31999969482422,16693600
2024-01-09,50.119998931884766,50.119998931884766,48.5,48.560001373291016,48.560001373291016,18420800
2024-01-10,48.5099983215332,48.91999816894531,47.880001068115234,48.45000076293945,48.45000076293945,17704900
2024-01-11,48.77000045776367,48.849998474121094,48.33000183105469,48.79999923706055,48.79999923706055,8783200
2024-01-12,49.709999084472656,49.959999084472656,49.29999923706055,49.95000076293945,49.95000076293945,12725600
2024-01-16,49.86000061035156,50.13999938964844,48.22999954223633,48.29999923706055,48.29999923706055,14966000
2024-01-17,47.41999816894531,48.599998474121094,47.16999816894531,47.88999938964844,47.88999938964844,12992700
2024-01-18,47.900001525878906,48.810001373291016,47.709999084472656,48.560001373291016,48.560001373291016,13695800
2024-01-19,49.540000915527344,50.349998474121094,49.0,49.63999938964844,49.63999938964844,20325300
2024-01-22,49.560001373291016,51.36000061035156,49.369998931884766,50.68000030517578,50.68000030517578,18491300
2024-01-23,50.459999084472656,51.52000045776367,50.27000045776367,50.41999816894531,50.41999816894531,11432900
2024-01-24,50.79999923706055,51.7599983215332,50.56999969482422,51.66999816894531,51.66999816894531,10498000
2024-01-25,52.09000015258789,52.4900016784668,51.33000183105469,52.470001220703125,52.470001220703125,11845300
2024-01-26,52.40999984741211,53.2400016784668,52.310001373291016,52.91999816894531,52.91999816894531,9172000
2024-01-29,52.779998779296875,53.22999954223633,52.400001525878906,53.20000076293945,53.20000076293945,10072600
2024-01-30,48.880001068115234,49.56999969482422,47.75,49.349998474121094,49.349998474121094,47358300
2024-01-31,49.45000076293945,49.689998626708984,48.25,48.70000076293945,48.70000076293945,26286300
2024-02-01,49.04999923706055,49.56999969482422,48.36000061035156,49.0,49.0,18539700
2024-02-02,48.900001525878906,49.18000030517578,48.4900016784668,49.0,49.0,19020300
2024-02-05,48.689998626708984,49.08000183105469,48.2400016784668,48.54999923706055,48.54999923706055,18305800
2024-02-06,48.470001220703125,48.61000061035156,47.81999969482422,48.0099983215332,48.0099983215332,12807900
2024-02-07,48.220001220703125,48.36000061035156,47.099998474121094,47.45000076293945,47.45000076293945,11848000
2024-02-08,47.29999923706055,47.93000030517578,47.11000061035156,47.790000915527344,47.790000915527344,12157800
2024-02-09,47.56999969482422,47.849998474121094,46.90999984741211,47.08000183105469,47.08000183105469,8258300
2024-02-12,47.54999923706055,48.619998931884766,47.470001220703125,48.13999938964844,48.13999938964844,13460800
2024-02-13,48.060001373291016,48.29999923706055,47.0,47.58000183105469,47.58000183105469,11578800
2024-02-14,48.02000045776367,48.02000045776367,47.2400016784668,47.75,47.75,9389200
2024-02-15,47.849998474121094,48.869998931884766,47.7400016784668,48.58000183105469,48.58000183105469,9901900
2024-02-16,48.70000076293945,48.88999938964844,48.2599983215332,48.56999969482422,48.56999969482422,6360500
2024-02-20,48.5099983215332,48.88999938964844,48.2599983215332,48.52000045776367,48.52000045776367,10236400
2024-02-21,48.779998779296875,49.279998779296875,48.59000015258789,49.209999084472656,49.209999084472656,9695300
2024-02-22,49.16999816894531,49.599998474121094,48.83000183105469,49.2599983215332,49.2599983215332,8047900
2024-02-23,48.880001068115234,49.06999969482422,48.41999816894531,48.81999969482422,48.81999969482422,7420700
2024-02-26,48.70000076293945,49.02000045776367,48.40999984741211,48.560001373291016,48.560001373291016,5793800
2024-02-27,48.93000030517578,49.0099983215332,48.15999984741211,48.459999084472656,48.459999084472656,8009200
2024-02-28,48.2400016784668,48.7400016784668,47.95000076293945,48.15999984741211,48.15999984741211,6991600
2024-02-29,48.56999969482422,48.880001068115234,48.130001068115234,48.33000183105469,48.33000183105469,12542800
2024-03-01,49.0,49.720001220703125,48.810001373291016,49.349998474121094,49.349998474121094,7879300
2024-03-04,49.54999923706055,49.959999084472656,49.0099983215332,49.41999816894531,49.41999816894531,7684100
2024-03-05,49.209999084472656,50.040000915527344,49.209999084472656,49.65999984741211,49.65999984741211,6684300
2024-03-06,50.5,50.52000045776367,49.599998474121094,50.029998779296875,50.029998779296875,7861000
2024-03-07,49.9900016784668,50.95000076293945,49.91999816894531,50.779998779296875,50.779998779296875,8501400
2024-03-08,50.689998626708984,50.81999969482422,50.18000030517578,50.400001525878906,50.400001525878906,7026500
2024-03-11,50.119998931884766,51.58000183105469,50.119998931884766,51.529998779296875,51.529998779296875,10392700
2024-03-12,51.84000015258789,51.84000015258789,51.06999969482422,51.56999969482422,51.56999969482422,6986100
2024-03-13,52.2599983215332,52.72999954223633,51.97999954223633,52.56999969482422,52.56999969482422,8861000
2024-03-14,52.79999923706055,53.720001220703125,52.79999923706055,53.22999954223633,53.22999954223633,9387200
2024-03-15,52.79999923706055,53.91999816894531,52.79999923706055,52.869998931884766,52.869998931884766,16718500
2024-03-18,53.20000076293945,53.68000030517578,52.70000076293945,53.43000030517578,53.43000030517578,5667300
2024-03-19,53.529998779296875,54.54999923706055,53.459999084472656,54.47999954223633,54.47999954223633,7467600
2024-03-20,54.119998931884766,54.56999969482422,53.91999816894531,54.400001525878906,54.400001525878906,6819300
2024-03-21,54.47999954223633,54.79999923706055,54.33000183105469,54.439998626708984,54.439998626708984,6457200
2024-03-22,54.689998626708984,55.08000183105469,53.58000183105469,53.9900016784668,53.9900016784668,9009500
2024-03-25,54.290000915527344,54.7400016784668,54.20000076293945,54.310001373291016,54.310001373291016,7975300
2024-03-26,54.380001068115234,54.599998474121094,53.970001220703125,54.06999969482422,54.06999969482422,5912600
2024-03-27,54.04999923706055,54.91999816894531,53.900001525878906,54.900001525878906,54.900001525878906,6995700
2024-03-28,55.41999816894531,55.689998626708984,54.68000030517578,54.810001373291016,54.810001373291016,8032400
2024-04-01,55.150001525878906,55.4900016784668,54.43000030517578,55.220001220703125,55.220001220703125,4871500
2024-04-02,54.95000076293945,55.25,53.18000030517578,54.68000030517578,54.68000030517578,18540100
2024-04-03,55.2400016784668,55.349998474121094,54.290000915527344,54.86000061035156,54.86000061035156,13255900
2024-04-04,54.86000061035156,55.0,53.970001220703125,54.27000045776367,54.27000045776367,12040800
2024-04-05,54.5,55.290000915527344,53.97999954223633,55.029998779296875,55.029998779296875,10008800
2024-04-08,55.439998626708984,55.650001525878906,53.959999084472656,54.040000915527344,54.040000915527344,8975900
2024-04-09,54.5,54.61000061035156,53.869998931884766,54.16999816894531,54.16999816894531,6686500
2024-04-10,53.880001068115234,54.52000045776367,53.29999923706055,54.20000076293945,54.20000076293945,8179200
2024-04-11,54.29999923706055,54.369998931884766,53.150001525878906,54.0,54.0,7522300
2024-04-12,54.099998474121094,54.630001068115234,51.869998931884766,52.0,52.0,13005100
2024-04-15,52.70000076293945,52.90999984741211,51.45000076293945,51.66999816894531,51.66999816894531,9480000
2024-04-16,51.5,51.70000076293945,50.689998626708984,51.40999984741211,51.40999984741211,10349000
2024-04-17,51.540000915527344,51.959999084472656,50.75,50.810001373291016,50.810001373291016,7821600
2024-04-18,51.189998626708984,51.77000045776367,50.79999923706055,50.939998626708984,50.939998626708984,8422100
2024-04-19,49.65999984741211,50.77000045776367,49.02000045776367,49.849998474121094,49.849998474121094,16839600
2024-04-22,49.369998931884766,50.04999923706055,48.70000076293945,49.5099983215332,49.5099983215332,10880000
2024-04-23,49.25,49.84000015258789,48.93000030517578,49.54999923706055,49.54999923706055,11136300
2024-04-24,49.2400016784668,49.709999084472656,48.619998931884766,49.11000061035156,49.11000061035156,10180400
2024-04-25,49.279998779296875,49.630001068115234,48.65999984741211,49.439998626708984,49.439998626708984,7966900
2024-04-26,49.33000183105469,49.650001525878906,48.9900016784668,49.20000076293945,49.20000076293945,8250900
2024-04-29,49.04999923706055,49.400001525878906,48.61000061035156,49.209999084472656,49.209999084472656,8941700
2024-04-30,48.93000030517578,49.349998474121094,47.43000030517578,47.47999954223633,47.47999954223633,14143700
2024-05-01,47.400001525878906,47.779998779296875,46.91999816894531,47.15999984741211,47.15999984741211,11217900
2024-05-02,47.560001373291016,48.0,47.2599983215332,47.58000183105469,47.58000183105469,8933600
2024-05-03,47.970001220703125,47.970001220703125,47.130001068115234,47.65999984741211,47.65999984741211,11007400
2024-05-06,48.08000183105469,48.54999923706055,47.810001373291016,47.959999084472656,47.959999084472656,9857700
2024-05-07,47.939998626708984,48.439998626708984,47.790000915527344,48.16999816894531,48.16999816894531,8587000
2024-05-08,47.650001525878906,48.18000030517578,47.58000183105469,47.86000061035156,47.86000061035156,6453400
2024-05-09,48.040000915527344,48.630001068115234,47.95000076293945,48.47999954223633,48.47999954223633,6367600
2024-05-10,48.77000045776367,48.83000183105469,48.130001068115234,48.5,48.5,9206600
2024-05-13,48.7400016784668,48.95000076293945,48.54999923706055,48.75,48.75,6555800
2024-05-14,48.900001525878906,49.0,48.0099983215332,48.619998931884766,48.619998931884766,8404900
2024-05-15,48.66999816894531,48.66999816894531,47.400001525878906,48.310001373291016,48.310001373291016,6939700
2024-05-16,47.97999954223633,48.65999984741211,47.970001220703125,48.41999816894531,48.41999816894531,7625100
2024-05-17,48.70000076293945,48.77000045776367,48.290000915527344,48.59000015258789,48.59000015258789,5534400
2024-05-20,48.599998474121094,48.66999816894531,47.880001068115234,48.22999954223633,48.22999954223633,6877400
2024-05-21,48.2400016784668,49.119998931884766,48.20000076293945,48.290000915527344,48.290000915527344,6926500
2024-05-22,48.220001220703125,48.290000915527344,46.25,46.47999954223633,46.47999954223633,11801400
2024-05-23,46.619998931884766,47.150001525878906,46.040000915527344,46.31999969482422,46.31999969482422,8766100
2024-05-24,46.59000015258789,46.869998931884766,46.119998931884766,46.2400016784668,46.2400016784668,6800300
2024-05-28,46.540000915527344,47.22999954223633,46.31999969482422,46.529998779296875,46.529998779296875,10387400
2024-05-29,46.0,46.41999816894531,45.40999984741211,45.63999938964844,45.63999938964844,13138900
2024-05-30,45.599998474121094,46.18000030517578,45.45000076293945,45.59000015258789,45.59000015258789,14337100
2024-05-31,45.65999984741211,46.029998779296875,45.459999084472656,45.88999938964844,45.88999938964844,41723600
2024-06-03,46.150001525878906,46.150001525878906,43.810001373291016,44.06999969482422,44.06999969482422,15482100
2024-06-04,43.75,43.86000061035156,42.959999084472656,43.40999984741211,43.40999984741211,15700900
2024-06-05,43.619998931884766,43.720001220703125,42.779998779296875,43.20000076293945,43.20000076293945,10660500
2024-06-06,43.06999969482422,43.75,42.77000045776367,43.65999984741211,43.65999984741211,10522200
2024-06-07,43.43000030517578,44.720001220703125,43.36000061035156,44.54999923706055,44.54999923706055,15023100
2024-06-10,44.54999923706055,45.29999923706055,43.939998626708984,44.97999954223633,44.97999954223633,12967800
2024-06-11,44.58000183105469,45.08000183105469,44.27000045776367,44.959999084472656,44.959999084472656,8300300
2024-06-12,45.41999816894531,45.5,44.66999816894531,44.709999084472656,44.709999084472656,8142100
2024-06-13,44.439998626708984,44.68000030517578,43.43000030517578,43.810001373291016,43.810001373291016,12180200
2024-06-14,43.459999084472656,43.459999084472656,42.61000061035156,43.0,43.0,12740300
2024-06-17,43.099998474121094,43.849998474121094,43.0099983215332,43.630001068115234,43.630001068115234,11065500
2024-06-18,44.279998779296875,45.189998626708984,43.810001373291016,44.439998626708984,44.439998626708984,13068900
2024-06-20,44.439998626708984,45.81999969482422,44.34000015258789,45.459999084472656,45.459999084472656,14612900
2024-06-21,45.66999816894531,46.0,45.459999084472656,45.65999984741211,45.65999984741211,26457000
2024-06-24,45.939998626708984,47.66999816894531,45.869998931884766,47.47999954223633,47.47999954223633,19090400
2024-06-25,46.97999954223633,47.63999938964844,46.90999984741211,47.52000045776367,47.52000045776367,14305000
2024-06-26,47.349998474121094,47.459999084472656,46.209999084472656,46.22999954223633,46.22999954223633,13501700
2024-06-27,46.47999954223633,47.040000915527344,46.38999938964844,47.0099983215332,47.0099983215332,9948000
2024-06-28,47.25,47.619998931884766,46.84000015258789,47.18000030517578,47.18000030517578,14139900
2024-07-01,47.47999954223633,47.47999954223633,46.47999954223633,46.58000183105469,46.58000183105469,8464000
2024-07-02,47.02000045776367,47.27000045776367,46.150001525878906,46.689998626708984,46.689998626708984,7927800
2024-07-03,47.02000045776367,47.540000915527344,46.90999984741211,47.310001373291016,47.310001373291016,6655500
2024-07-05,47.18000030517578,47.34000015258789,45.959999084472656,46.13999938964844,46.13999938964844,7917100
2024-07-08,46.0099983215332,46.349998474121094,45.779998779296875,46.2400016784668,46.2400016784668,5470400
2024-07-09,45.88999938964844,45.93000030517578,45.15999984741211,45.20000076293945,45.20000076293945,6740300
2024-07-10,45.099998474121094,45.29999923706055,44.779998779296875,45.279998779296875,45.279998779296875,8538300
2024-07-11,45.380001068115234,46.310001373291016,45.150001525878906,46.189998626708984,46.189998626708984,6239400
2024-07-12,46.7599983215332,46.7599983215332,46.15999984741211,46.41999816894531,46.41999816894531,6584000
2024-07-15,46.790000915527344,48.68000030517578,46.56999969482422,47.959999084472656,47.959999084472656,11441800
2024-07-16,47.5099983215332,48.95000076293945,47.439998626708984,48.720001220703125,48.720001220703125,8220200
2024-07-17,48.75,49.2599983215332,48.560001373291016,48.900001525878906,48.900001525878906,8453300
2024-07-18,48.77000045776367,49.34000015258789,48.58000183105469,48.720001220703125,48.720001220703125,10758700
2024-07-19,49.47999954223633,50.939998626708984,48.349998474121094,49.66999816894531,49.66999816894531,17681000
2024-07-22,49.34000015258789,50.52000045776367,49.22999954223633,49.439998626708984,49.439998626708984,11212800
2024-07-23,49.290000915527344,49.93000030517578,48.65999984741211,49.04999923706055,49.04999923706055,10099000
2024-07-24,49.099998474121094,49.18000030517578,47.86000061035156,48.029998779296875,48.029998779296875,8552900
2024-07-25,47.72999954223633,48.900001525878906,47.689998626708984,48.22999954223633,48.22999954223633,9608000
2024-07-26,48.790000915527344,49.310001373291016,48.15999984741211,48.83000183105469,48.83000183105469,8231500
2024-07-29,48.18000030517578,48.810001373291016,47.65999984741211,47.86000061035156,47.86000061035156,9104400
2024-07-30,47.540000915527344,47.95000076293945,47.150001525878906,47.61000061035156,47.61000061035156,9880400
2024-07-31,48.130001068115234,48.56999969482422,47.939998626708984,48.290000915527344,48.290000915527344,6599800
2024-08-01,48.279998779296875,48.33000183105469,46.25,46.65999984741211,46.65999984741211,8952100
2024-08-02,45.97999954223633,46.0099983215332,44.560001373291016,44.93000030517578,44.93000030517578,11844300
