Date,Open,High,Low,Close,Adj Close,Volume
2012-09-25,2525.0,2525.0,2525.0,2525.0,2482.99853515625,0
2012-09-26,2525.0,2525.0,2525.0,2525.0,2482.99853515625,0
2012-09-27,2525.0,2525.0,2525.0,2525.0,2482.99853515625,0
2012-09-28,2525.0,2525.0,2525.0,2525.0,2482.99853515625,0
2012-10-01,2525.0,2525.0,2525.0,2525.0,2482.99853515625,0
2012-10-02,2525.0,2525.0,2525.0,2525.0,2482.99853515625,0
2012-10-03,2525.0,2525.0,2525.0,2525.0,2482.99853515625,0
2012-10-04,2525.0,2525.0,2525.0,2525.0,2482.99853515625,0
2012-10-05,2525.0,2525.0,2525.0,2525.0,2482.99853515625,0
2012-10-08,2525.0,2525.0,2525.0,2525.0,2482.99853515625,0
2012-10-09,2525.0,2525.0,2525.0,2525.0,2482.99853515625,0
2012-10-10,2525.0,2525.0,2525.0,2525.0,2482.99853515625,0
2012-10-11,2525.0,2525.0,2525.0,2525.0,2482.99853515625,0
2012-10-12,2525.0,2525.0,2525.0,2525.0,2482.99853515625,0
2012-10-15,2525.0,2525.0,2525.0,2525.0,2482.99853515625,0
2012-10-16,2525.0,2525.0,2525.0,2525.0,2482.99853515625,0
2012-10-17,2525.0,2525.0,2525.0,2525.0,2482.99853515625,0
2012-10-18,2525.0,2525.0,2525.0,2525.0,2482.99853515625,0
2012-10-19,2525.0,2525.0,2525.0,2525.0,2482.99853515625,0
2012-10-22,2525.0,2525.0,2525.0,2525.0,2482.99853515625,0
2012-10-23,2525.0,2525.0,2525.0,2525.0,2482.99853515625,0
2012-10-24,2525.0,2525.0,2525.0,2525.0,2482.99853515625,0
2012-10-25,2525.0,2525.0,2525.0,2525.0,2482.99853515625,0
2012-10-26,2525.0,2525.0,2525.0,2525.0,2482.99853515625,0
2012-10-31,2525.0,2525.0,2525.0,2525.0,2482.99853515625,0
2012-11-01,2525.0,2525.0,2525.0,2525.0,2482.99853515625,0
2012-11-02,2525.0,2525.0,2525.0,2525.0,2482.99853515625,0
2012-11-05,2525.0,2525.0,2525.0,2525.0,2482.99853515625,0
2012-11-06,2525.0,2525.0,2525.0,2525.0,2482.99853515625,0
2012-11-07,2525.0,2525.0,2525.0,2525.0,2482.99853515625,0
2012-11-08,2525.0,2525.0,2525.0,2525.0,2482.99853515625,0
2012-11-09,2525.0,2525.0,2525.0,2525.0,2482.99853515625,0
2012-11-12,2525.0,2525.0,2525.0,2525.0,2482.99853515625,0
2012-11-13,2525.0,2525.0,2525.0,2525.0,2482.99853515625,0
2012-11-14,2525.0,2525.0,2525.0,2525.0,2482.99853515625,0
2012-11-15,2525.0,2525.0,2525.0,2525.0,2482.99853515625,0
2012-11-16,2525.0,2525.0,2525.0,2525.0,2482.99853515625,0
2012-11-19,2525.0,2525.0,2525.0,2525.0,2482.99853515625,0
2012-11-20,2525.0,2525.0,2525.0,2525.0,2482.99853515625,0
2012-11-21,2525.0,2525.0,2525.0,2525.0,2482.99853515625,0
2012-11-23,2525.0,2525.0,2525.0,2525.0,2482.99853515625,0
2012-11-26,2525.0,2525.0,2525.0,2525.0,2482.99853515625,0
2012-11-27,2525.0,2525.0,2525.0,2525.0,2482.99853515625,0
2012-11-28,2525.0,2525.0,2525.0,2525.0,2482.99853515625,0
2012-11-29,2525.0,2525.0,2525.0,2525.0,2482.99853515625,0
2012-11-30,2525.0,2525.0,2525.0,2525.0,2482.99853515625,0
2012-12-03,2525.0,2525.0,2525.0,2525.0,2482.99853515625,0
2012-12-04,2525.0,2525.0,2525.0,2525.0,2482.99853515625,0
2012-12-05,2525.0,2525.0,2525.0,2525.0,2482.99853515625,0
2012-12-06,2525.0,2525.0,2525.0,2525.0,2482.99853515625,0
2012-12-07,2525.0,2525.0,2525.0,2525.0,2482.99853515625,0
2012-12-10,2525.0,2525.0,2525.0,2525.0,2482.99853515625,0
2012-12-11,2525.0,2525.0,2525.0,2525.0,2482.99853515625,0
2012-12-12,2525.0,2525.0,2525.0,2525.0,2482.99853515625,0
2012-12-13,2525.0,2525.0,2525.0,2525.0,2482.99853515625,0
2012-12-14,2525.0,2525.0,2525.0,2525.0,2482.99853515625,0
2012-12-17,2525.0,2525.0,2525.0,2525.0,2482.99853515625,0
2012-12-18,2525.0,2525.0,2525.0,2525.0,2482.99853515625,0
2012-12-19,2525.0,2525.0,2525.0,2525.0,2482.99853515625,0
2012-12-20,2525.0,2525.0,2525.0,2525.0,2482.99853515625,0
2012-12-21,2525.0,2525.0,2525.0,2525.0,2482.99853515625,0
2012-12-24,2525.0,2525.0,2525.0,2525.0,2482.99853515625,0
2012-12-26,2525.0,2525.0,2525.0,2525.0,2482.99853515625,0
2012-12-27,2525.0,2525.0,2525.0,2525.0,2482.99853515625,0
2012-12-28,2525.0,2525.0,2525.0,2525.0,2482.99853515625,0
2012-12-31,2525.0,2525.0,2525.0,2525.0,2482.99853515625,0
2013-01-02,2525.0,2525.0,2525.0,2525.0,2482.99853515625,0
2013-01-03,2525.0,2525.0,2525.0,2525.0,2482.99853515625,0
2013-01-04,2525.0,2525.0,2525.0,2525.0,2482.99853515625,0
2013-01-07,2525.0,2525.0,2525.0,2525.0,2482.99853515625,0
2013-01-08,2525.0,2525.0,2525.0,2525.0,2482.99853515625,0
2013-01-09,2525.0,2525.0,2525.0,2525.0,2482.99853515625,0
2013-01-10,2525.0,2525.0,2525.0,2525.0,2482.99853515625,0
2013-01-11,2525.0,2525.0,2525.0,2525.0,2482.99853515625,0
2013-01-14,2525.0,2525.0,2525.0,2525.0,2482.99853515625,0
2013-01-15,2525.0,2525.0,2525.0,2525.0,2482.99853515625,0
2013-01-16,2525.0,2525.0,2525.0,2525.0,2482.99853515625,0
2013-01-17,2525.0,2525.0,2525.0,2525.0,2482.99853515625,0
2013-01-18,2525.0,2525.0,2525.0,2525.0,2482.99853515625,0
2013-01-22,2525.0,2525.0,2525.0,2525.0,2482.99853515625,0
2013-01-23,2525.0,2525.0,2525.0,2525.0,2482.99853515625,0
2013-01-24,2525.0,2525.0,2525.0,2525.0,2482.99853515625,0
2013-01-25,2525.0,2525.0,2525.0,2525.0,2482.99853515625,0
2013-01-28,2525.0,2525.0,2525.0,2525.0,2482.99853515625,0
2013-01-29,2525.0,2525.0,2525.0,2525.0,2482.99853515625,0
2013-01-30,2525.0,2525.0,2525.0,2525.0,2482.99853515625,0
2013-01-31,2525.0,2525.0,2525.0,2525.0,2482.99853515625,0
2013-02-01,2525.0,2525.0,2525.0,2525.0,2482.99853515625,0
2013-02-04,2525.0,2525.0,2525.0,2525.0,2482.99853515625,0
2013-02-05,2525.0,2525.0,2525.0,2525.0,2482.99853515625,0
2013-02-06,2525.0,2525.0,2525.0,2525.0,2482.99853515625,0
2013-02-07,2525.0,2525.0,2525.0,2525.0,2482.99853515625,0
2013-02-08,2525.0,2525.0,2525.0,2525.0,2482.99853515625,0
2013-02-11,2525.0,2525.0,2525.0,2525.0,2482.99853515625,0
2013-02-12,2525.0,2525.0,2525.0,2525.0,2482.99853515625,0
2013-02-13,2525.0,2525.0,2525.0,2525.0,2482.99853515625,0
2013-02-14,2525.0,2525.0,2525.0,2525.0,2482.99853515625,0
2013-02-15,2525.0,2525.0,2525.0,2525.0,2482.99853515625,0
2013-02-19,2525.0,2525.0,2525.0,2525.0,2482.99853515625,0
2013-02-20,2525.0,2525.0,2525.0,2525.0,2482.99853515625,0
2013-02-21,2525.0,2525.0,2525.0,2525.0,2482.99853515625,0
2013-02-22,2525.0,2525.0,2525.0,2525.0,2482.99853515625,0
2013-02-25,2525.0,2525.0,2525.0,2525.0,2482.99853515625,0
2013-02-26,2525.0,2525.0,2525.0,2525.0,2482.99853515625,0
2013-02-27,2525.0,2525.0,2525.0,2525.0,2482.99853515625,0
2013-02-28,2525.0,2525.0,2525.0,2525.0,2482.99853515625,0
2013-03-01,2525.0,2525.0,2525.0,2525.0,2482.99853515625,0
2013-03-04,2525.0,2525.0,2525.0,2525.0,2482.99853515625,0
2013-03-05,2525.0,2525.0,2525.0,2525.0,2482.99853515625,0
2013-03-06,2525.0,2525.0,2525.0,2525.0,2482.99853515625,0
2013-03-07,2525.0,2525.0,2525.0,2525.0,2482.99853515625,0
2013-03-08,2525.0,2525.0,2525.0,2525.0,2482.99853515625,0
2013-03-11,2525.0,2525.0,2525.0,2525.0,2482.99853515625,0
2013-03-12,2525.0,2525.0,2525.0,2525.0,2482.99853515625,0
2013-03-13,2525.0,2525.0,2525.0,2525.0,2482.99853515625,0
2013-03-14,2525.0,2525.0,2525.0,2525.0,2482.99853515625,0
2013-03-15,2525.0,2525.0,2525.0,2525.0,2482.99853515625,0
2013-03-18,2525.0,2525.0,2525.0,2525.0,2482.99853515625,0
2013-03-19,2525.0,2525.0,2525.0,2525.0,2482.99853515625,0
2013-03-20,2525.0,2525.0,2525.0,2525.0,2482.99853515625,0
2013-03-21,2525.0,2525.0,2525.0,2525.0,2482.99853515625,0
2013-03-22,2525.0,2525.0,2525.0,2525.0,2482.99853515625,0
2013-03-25,2525.0,2525.0,2525.0,2525.0,2482.99853515625,0
2013-03-26,2525.0,2525.0,2525.0,2525.0,2482.99853515625,0
2013-03-27,2525.0,2525.0,2525.0,2525.0,2482.99853515625,0
2013-03-28,2525.0,2525.0,2525.0,2525.0,2482.99853515625,0
2013-04-01,2525.0,2525.0,2525.0,2525.0,2482.99853515625,0
2013-04-02,2525.0,2525.0,2525.0,2525.0,2482.99853515625,0
2013-04-03,2525.0,2525.0,2525.0,2525.0,2482.99853515625,0
2013-04-04,2525.0,2525.0,2525.0,2525.0,2482.99853515625,0
2013-04-05,2525.0,2525.0,2525.0,2525.0,2482.99853515625,0
2013-04-08,2525.0,2525.0,2525.0,2525.0,2482.99853515625,0
2013-04-09,2525.0,2525.0,2525.0,2525.0,2482.99853515625,0
2013-04-10,2525.0,2525.0,2525.0,2525.0,2482.99853515625,0
2013-04-11,2525.0,2525.0,2525.0,2525.0,2482.99853515625,0
2013-04-12,2525.0,2525.0,2525.0,2525.0,2482.99853515625,0
2013-04-15,2500.0,2550.0,2500.0,2550.0,2507.582763671875,100
2013-04-16,2550.0,2550.0,2550.0,2550.0,2507.582763671875,0
2013-04-17,2550.0,2550.0,2550.0,2550.0,2507.582763671875,0
2013-04-18,2550.0,2550.0,2550.0,2550.0,2507.582763671875,0
2013-04-19,2550.0,2550.0,2550.0,2550.0,2507.582763671875,0
2013-04-22,2550.0,2550.0,2550.0,2550.0,2507.582763671875,0
2013-04-23,2550.0,2550.0,2550.0,2550.0,2507.582763671875,0
2013-04-24,2550.0,2550.0,2550.0,2550.0,2507.582763671875,0
2013-04-25,2500.0,2525.0,2500.0,2525.0,2482.99853515625,100
2013-04-26,2600.0,2600.0,2600.0,2600.0,2556.751220703125,0
2013-04-29,2600.0,2600.0,2600.0,2600.0,2556.751220703125,0
2013-04-30,2600.0,2600.0,2600.0,2600.0,2556.751220703125,0
2013-05-01,2600.0,2600.0,2600.0,2600.0,2556.751220703125,0
2013-05-02,2600.0,2600.0,2600.0,2600.0,2556.751220703125,0
2013-05-03,2600.0,2600.0,2600.0,2600.0,2556.751220703125,0
2013-05-06,2600.0,2600.0,2600.0,2600.0,2556.751220703125,0
2013-05-07,2600.0,2600.0,2600.0,2600.0,2556.751220703125,0
2013-05-08,2600.0,2600.0,2600.0,2600.0,2556.751220703125,0
2013-05-09,2600.0,2600.0,2600.0,2600.0,2556.751220703125,0
2013-05-10,2600.0,2600.0,2600.0,2600.0,2556.751220703125,0
2013-05-13,2600.0,2600.0,2600.0,2600.0,2556.751220703125,0
2013-05-14,2600.0,2600.0,2600.0,2600.0,2556.751220703125,0
2013-05-15,2600.0,2600.0,2600.0,2600.0,2556.751220703125,0
2013-05-16,2600.0,2600.0,2600.0,2600.0,2556.751220703125,100
2013-05-17,2600.0,2600.0,2600.0,2600.0,2556.751220703125,0
2013-05-20,2600.0,2600.0,2600.0,2600.0,2556.751220703125,0
2013-05-21,2600.0,2600.0,2600.0,2600.0,2556.751220703125,0
2013-05-22,2600.0,2600.0,2600.0,2600.0,2556.751220703125,0
2013-05-23,2600.0,2600.0,2600.0,2600.0,2556.751220703125,0
2013-05-24,2600.0,2600.0,2600.0,2600.0,2556.751220703125,0
2013-05-28,2600.0,2600.0,2600.0,2600.0,2556.751220703125,0
2013-05-29,2600.0,2600.0,2600.0,2600.0,2556.751220703125,0
2013-05-30,2600.0,2600.0,2600.0,2600.0,2556.751220703125,0
2013-05-31,2600.0,2600.0,2600.0,2600.0,2556.751220703125,0
2013-06-03,2600.0,2600.0,2600.0,2600.0,2556.751220703125,0
2013-06-04,2600.0,2600.0,2600.0,2600.0,2556.751220703125,0
2013-06-05,2600.0,2600.0,2600.0,2600.0,2556.751220703125,0
2013-06-06,2600.0,2600.0,2600.0,2600.0,2556.751220703125,0
2013-06-07,2600.0,2600.0,2600.0,2600.0,2556.751220703125,0
2013-06-10,2600.0,2600.0,2600.0,2600.0,2556.751220703125,0
2013-06-11,2600.0,2600.0,2600.0,2600.0,2556.751220703125,0
2013-06-12,2600.0,2600.0,2600.0,2600.0,2556.751220703125,0
2013-06-13,2600.0,2600.0,2600.0,2600.0,2556.751220703125,0
2013-06-14,2600.0,2600.0,2600.0,2600.0,2556.751220703125,0
2013-06-17,2600.0,2600.0,2600.0,2600.0,2556.751220703125,0
2013-06-18,2600.0,2600.0,2600.0,2600.0,2556.751220703125,0
2013-06-19,2600.0,2600.0,2600.0,2600.0,2556.751220703125,0
2013-06-20,2600.0,2600.0,2600.0,2600.0,2556.751220703125,0
2013-06-21,2600.0,2600.0,2600.0,2600.0,2556.751220703125,0
2013-06-24,2600.0,2600.0,2600.0,2600.0,2556.751220703125,0
2013-06-25,2600.0,2600.0,2600.0,2600.0,2556.751220703125,0
2013-06-26,2600.0,2600.0,2600.0,2600.0,2556.751220703125,0
2013-06-27,2600.0,2600.0,2600.0,2600.0,2556.751220703125,0
2013-06-28,2600.0,2600.0,2600.0,2600.0,2556.751220703125,0
2013-07-01,2600.0,2600.0,2600.0,2600.0,2556.751220703125,0
2013-07-02,2600.0,2600.0,2600.0,2600.0,2556.751220703125,0
2013-07-03,2600.0,2600.0,2600.0,2600.0,2556.751220703125,0
2013-07-05,2600.0,2600.0,2600.0,2600.0,2556.751220703125,0
2013-07-08,2600.0,2600.0,2600.0,2600.0,2556.751220703125,0
2013-07-09,2600.0,2600.0,2600.0,2600.0,2556.751220703125,0
2013-07-10,2600.0,2600.0,2600.0,2600.0,2556.751220703125,0
2013-07-11,2600.0,2600.0,2600.0,2600.0,2556.751220703125,0
2013-07-12,2600.0,2600.0,2600.0,2600.0,2556.751220703125,0
2013-07-15,2600.0,2600.0,2600.0,2600.0,2556.751220703125,0
2013-07-16,2600.0,2600.0,2600.0,2600.0,2556.751220703125,0
2013-07-17,2600.0,2600.0,2600.0,2600.0,2556.751220703125,0
2013-07-18,2600.0,2600.0,2600.0,2600.0,2556.751220703125,0
2013-07-19,2600.0,2600.0,2600.0,2600.0,2556.751220703125,0
2013-07-22,2600.0,2600.0,2600.0,2600.0,2556.751220703125,0
2013-07-23,2600.0,2600.0,2600.0,2600.0,2556.751220703125,0
2013-07-24,2600.0,2600.0,2600.0,2600.0,2556.751220703125,0
2013-07-25,2600.0,2600.0,2600.0,2600.0,2556.751220703125,0
2013-07-26,2600.0,2600.0,2600.0,2600.0,2556.751220703125,0
2013-07-29,2600.0,2600.0,2600.0,2600.0,2556.751220703125,0
2013-07-30,2600.0,2600.0,2600.0,2600.0,2556.751220703125,0
2013-07-31,2600.0,2600.0,2600.0,2600.0,2556.751220703125,0
2013-08-01,2600.0,2600.0,2600.0,2600.0,2556.751220703125,0
2013-08-02,2600.0,2600.0,2600.0,2600.0,2556.751220703125,0
2013-08-05,2600.0,2600.0,2600.0,2600.0,2556.751220703125,0
2013-08-06,2600.0,2600.0,2600.0,2600.0,2556.751220703125,0
2013-08-07,2600.0,2600.0,2600.0,2600.0,2556.751220703125,0
2013-08-08,2600.0,2600.0,2600.0,2600.0,2556.751220703125,0
2013-08-09,2600.0,2600.0,2600.0,2600.0,2556.751220703125,0
2013-08-12,2600.0,2600.0,2600.0,2600.0,2556.751220703125,0
2013-08-13,2600.0,2600.0,2600.0,2600.0,2556.751220703125,0
2013-08-14,2600.0,2600.0,2600.0,2600.0,2556.751220703125,0
2013-08-15,2600.0,2600.0,2600.0,2600.0,2556.751220703125,0
2013-08-16,2600.0,2600.0,2600.0,2600.0,2556.751220703125,0
2013-08-19,2600.0,2600.0,2600.0,2600.0,2556.751220703125,0
2013-08-20,2600.0,2600.0,2600.0,2600.0,2556.751220703125,0
2013-08-21,2600.0,2600.0,2600.0,2600.0,2556.751220703125,0
2013-08-22,2600.0,2600.0,2600.0,2600.0,2556.751220703125,0
2013-08-23,2600.0,2600.0,2600.0,2600.0,2556.751220703125,0
2013-08-26,2600.0,2600.0,2600.0,2600.0,2556.751220703125,0
2013-08-27,2600.0,2600.0,2600.0,2600.0,2556.751220703125,0
2013-08-28,2600.0,2600.0,2600.0,2600.0,2556.751220703125,0
2013-08-29,2600.0,2600.0,2600.0,2600.0,2556.751220703125,0
2013-08-30,2600.0,2600.0,2600.0,2600.0,2556.751220703125,0
2013-09-03,2600.0,2600.0,2600.0,2600.0,2556.751220703125,0
2013-09-04,2600.0,2600.0,2600.0,2600.0,2556.751220703125,0
2013-09-05,2600.0,2600.0,2600.0,2600.0,2556.751220703125,0
2013-09-06,2600.0,2600.0,2600.0,2600.0,2556.751220703125,0
2013-09-09,2600.0,2600.0,2600.0,2600.0,2556.751220703125,0
2013-09-10,2600.0,2600.0,2600.0,2600.0,2556.751220703125,0
2013-09-11,2600.0,2600.0,2600.0,2600.0,2556.751220703125,0
2013-09-12,2600.0,2600.0,2600.0,2600.0,2556.751220703125,0
2013-09-13,2600.0,2600.0,2600.0,2600.0,2556.751220703125,0
2013-09-16,2600.0,2600.0,2600.0,2600.0,2556.751220703125,0
2013-09-17,2600.0,2600.0,2600.0,2600.0,2556.751220703125,0
2013-09-18,2600.0,2600.0,2600.0,2600.0,2556.751220703125,0
2013-09-19,2600.0,2600.0,2600.0,2600.0,2556.751220703125,0
2013-09-20,2600.0,2600.0,2600.0,2600.0,2556.751220703125,0
2013-09-23,2600.0,2600.0,2600.0,2600.0,2556.751220703125,0
2013-09-24,2600.0,2600.0,2600.0,2600.0,2556.751220703125,0
2013-09-25,2500.0,2525.0,2500.0,2525.0,2482.99853515625,0
2013-09-26,2525.0,2525.0,2525.0,2525.0,2482.99853515625,0
2013-09-27,2525.0,2525.0,2525.0,2525.0,2482.99853515625,0
2013-09-30,2525.0,2525.0,2525.0,2525.0,2482.99853515625,0
2013-10-01,2525.0,2525.0,2525.0,2525.0,2482.99853515625,0
2013-10-02,2525.0,2525.0,2525.0,2525.0,2482.99853515625,0
2013-10-03,2525.0,2525.0,2525.0,2525.0,2482.99853515625,0
2013-10-04,2525.0,2525.0,2525.0,2525.0,2482.99853515625,0
2013-10-07,2525.0,2525.0,2525.0,2525.0,2482.99853515625,0
2013-10-08,2525.0,2525.0,2525.0,2525.0,2482.99853515625,0
2013-10-09,2525.0,2525.0,2525.0,2525.0,2482.99853515625,0
2013-10-10,2525.0,2525.0,2525.0,2525.0,2482.99853515625,0
2013-10-11,2525.0,2525.0,2525.0,2525.0,2482.99853515625,0
2013-10-14,2525.0,2525.0,2525.0,2525.0,2482.99853515625,0
2013-10-15,2525.0,2525.0,2525.0,2525.0,2482.99853515625,0
2013-10-16,2525.0,2525.0,2525.0,2525.0,2482.99853515625,0
2013-10-17,2525.0,2525.0,2525.0,2525.0,2482.99853515625,0
2013-10-18,2525.0,2525.0,2525.0,2525.0,2482.99853515625,0
2013-10-21,2525.0,2525.0,2525.0,2525.0,2482.99853515625,0
2013-10-22,2525.0,2525.0,2525.0,2525.0,2482.99853515625,0
2013-10-23,2525.0,2525.0,2525.0,2525.0,2482.99853515625,0
2013-10-24,2525.0,2525.0,2525.0,2525.0,2482.99853515625,0
2013-10-25,2525.0,2525.0,2525.0,2525.0,2482.99853515625,0
2013-10-28,2525.0,2525.0,2525.0,2525.0,2482.99853515625,0
2013-10-29,2525.0,2525.0,2525.0,2525.0,2482.99853515625,0
2013-10-30,2525.0,2525.0,2525.0,2525.0,2482.99853515625,0
2013-10-31,2525.0,2525.0,2525.0,2525.0,2482.99853515625,0
2013-11-01,2525.0,2525.0,2525.0,2525.0,2482.99853515625,0
2013-11-04,2525.0,2525.0,2525.0,2525.0,2482.99853515625,0
2013-11-05,2525.0,2525.0,2525.0,2525.0,2482.99853515625,0
2013-11-06,2525.0,2525.0,2525.0,2525.0,2482.99853515625,0
2013-11-07,2525.0,2525.0,2525.0,2525.0,2482.99853515625,0
2013-11-08,2525.0,2525.0,2525.0,2525.0,2482.99853515625,0
2013-11-11,2525.0,2525.0,2525.0,2525.0,2482.99853515625,0
2013-11-12,2525.0,2525.0,2525.0,2525.0,2482.99853515625,0
2013-11-13,2525.0,2525.0,2525.0,2525.0,2482.99853515625,0
2013-11-14,2525.0,2525.0,2525.0,2525.0,2482.99853515625,0
2013-11-15,2525.0,2525.0,2525.0,2525.0,2482.99853515625,0
2013-11-18,2525.0,2525.0,2525.0,2525.0,2482.99853515625,0
2013-11-19,2525.0,2525.0,2525.0,2525.0,2482.99853515625,0
2013-11-20,2525.0,2525.0,2525.0,2525.0,2482.99853515625,0
2013-11-21,2525.0,2525.0,2525.0,2525.0,2482.99853515625,0
2013-11-22,2525.0,2525.0,2525.0,2525.0,2482.99853515625,0
2013-11-25,2525.0,2525.0,2525.0,2525.0,2482.99853515625,0
2013-11-26,2525.0,2525.0,2525.0,2525.0,2482.99853515625,0
2013-11-27,2525.0,2525.0,2525.0,2525.0,2482.99853515625,0
2013-11-29,2525.0,2525.0,2525.0,2525.0,2482.99853515625,0
2013-12-02,2525.0,2525.0,2525.0,2525.0,2482.99853515625,0
2013-12-03,2525.0,2525.0,2525.0,2525.0,2482.99853515625,0
2013-12-04,2525.0,2525.0,2525.0,2525.0,2482.99853515625,0
2013-12-05,2525.0,2525.0,2525.0,2525.0,2482.99853515625,0
2013-12-06,2525.0,2525.0,2525.0,2525.0,2482.99853515625,0
2013-12-09,2525.0,2525.0,2525.0,2525.0,2482.99853515625,0
2013-12-10,2525.0,2525.0,2525.0,2525.0,2482.99853515625,0
2013-12-11,2525.0,2525.0,2525.0,2525.0,2482.99853515625,0
2013-12-12,2525.0,2525.0,2525.0,2525.0,2482.99853515625,0
2013-12-13,2525.0,2525.0,2525.0,2525.0,2482.99853515625,0
2013-12-16,2525.0,2525.0,2525.0,2525.0,2482.99853515625,0
2013-12-17,2525.0,2525.0,2525.0,2525.0,2482.99853515625,0
2013-12-18,2525.0,2525.0,2525.0,2525.0,2482.99853515625,0
2013-12-19,2525.0,2525.0,2525.0,2525.0,2482.99853515625,0
2013-12-20,2525.0,2525.0,2525.0,2525.0,2482.99853515625,0
2013-12-23,2525.0,2525.0,2525.0,2525.0,2482.99853515625,0
2013-12-24,2525.0,2525.0,2525.0,2525.0,2482.99853515625,0
2013-12-26,2525.0,2525.0,2525.0,2525.0,2482.99853515625,0
2013-12-27,2525.0,2525.0,2525.0,2525.0,2482.99853515625,0
2013-12-30,2525.0,2525.0,2525.0,2525.0,2482.99853515625,0
2013-12-31,2525.0,2525.0,2525.0,2525.0,2482.99853515625,0
2014-01-02,2525.0,2525.0,2525.0,2525.0,2482.99853515625,0
2014-01-03,2525.0,2525.0,2525.0,2525.0,2482.99853515625,0
2014-01-06,2525.0,2525.0,2525.0,2525.0,2482.99853515625,0
2014-01-07,2525.0,2525.0,2525.0,2525.0,2482.99853515625,0
2014-01-08,2525.0,2525.0,2525.0,2525.0,2482.99853515625,0
2014-01-09,2525.0,2525.0,2525.0,2525.0,2482.99853515625,0
2014-01-10,2525.0,2525.0,2525.0,2525.0,2482.99853515625,0
2014-01-13,2525.0,2525.0,2525.0,2525.0,2482.99853515625,0
2014-01-14,2525.0,2525.0,2525.0,2525.0,2482.99853515625,0
2014-01-15,2525.0,2525.0,2525.0,2525.0,2482.99853515625,0
2014-01-16,2525.0,2525.0,2525.0,2525.0,2482.99853515625,0
2014-01-17,2525.0,2525.0,2525.0,2525.0,2482.99853515625,0
2014-01-21,1700.0,2500.0,1600.0,2500.0,2458.41455078125,0
2014-01-22,2500.0,2500.0,2500.0,2500.0,2458.41455078125,0
2014-01-23,2500.0,2500.0,2500.0,2500.0,2458.41455078125,0
2014-01-24,2500.0,2500.0,2500.0,2500.0,2458.41455078125,0
2014-01-27,2500.0,2500.0,2500.0,2500.0,2458.41455078125,0
2014-01-28,2500.0,2500.0,2500.0,2500.0,2458.41455078125,0
2014-01-29,2500.0,2500.0,2500.0,2500.0,2458.41455078125,0
2014-01-30,2500.0,2500.0,2500.0,2500.0,2458.41455078125,0
2014-01-31,2500.0,2500.0,2500.0,2500.0,2458.41455078125,0
2014-02-03,2500.0,2500.0,2500.0,2500.0,2458.41455078125,0
2014-02-04,2500.0,2500.0,2500.0,2500.0,2458.41455078125,0
2014-02-05,2500.0,2500.0,2500.0,2500.0,2458.41455078125,0
2014-02-06,2500.0,2500.0,2500.0,2500.0,2458.41455078125,0
2014-02-07,2500.0,2500.0,2500.0,2500.0,2458.41455078125,0
2014-02-10,2500.0,2500.0,2500.0,2500.0,2458.41455078125,0
2014-02-11,2500.0,2500.0,2500.0,2500.0,2458.41455078125,0
2014-02-12,2500.0,2500.0,2500.0,2500.0,2458.41455078125,0
2014-02-13,2500.0,2500.0,2500.0,2500.0,2458.41455078125,0
2014-02-14,2500.0,2500.0,2500.0,2500.0,2458.41455078125,0
2014-02-18,2500.0,2500.0,2500.0,2500.0,2458.41455078125,0
2014-02-19,2500.0,2500.0,2500.0,2500.0,2458.41455078125,0
2014-02-20,2500.0,2500.0,2500.0,2500.0,2458.41455078125,0
2014-02-21,2500.0,2500.0,2500.0,2500.0,2458.41455078125,0
2014-02-24,2500.0,2500.0,2500.0,2500.0,2458.41455078125,0
2014-02-25,2500.0,2500.0,2500.0,2500.0,2458.41455078125,0
2014-02-26,2500.0,2500.0,2500.0,2500.0,2458.41455078125,0
2014-02-27,2500.0,2500.0,2500.0,2500.0,2458.41455078125,0
2014-02-28,2500.0,2500.0,2500.0,2500.0,2458.41455078125,0
2014-03-03,2500.0,2500.0,2500.0,2500.0,2458.41455078125,0
2014-03-04,2500.0,2500.0,2500.0,2500.0,2458.41455078125,0
2014-03-05,2500.0,2500.0,2500.0,2500.0,2458.41455078125,0
2014-03-06,2500.0,2500.0,2500.0,2500.0,2458.41455078125,0
2014-03-07,2500.0,2500.0,2500.0,2500.0,2458.41455078125,0
2014-03-10,2500.0,2500.0,2500.0,2500.0,2458.41455078125,0
2014-03-11,2500.0,2500.0,2500.0,2500.0,2458.41455078125,0
2014-03-12,2650.0,2675.0,2650.0,2675.0,2630.503662109375,100
2014-03-13,2725.0,2725.0,2725.0,2725.0,2679.671875,0
2014-03-14,2725.0,2725.0,2725.0,2725.0,2679.671875,0
2014-03-17,2725.0,2725.0,2725.0,2725.0,2679.671875,0
2014-03-18,2725.0,2725.0,2725.0,2725.0,2679.671875,0
2014-03-19,2725.0,2725.0,2725.0,2725.0,2679.671875,0
2014-03-20,2725.0,2725.0,2725.0,2725.0,2679.671875,0
2014-03-21,2725.0,2725.0,2725.0,2725.0,2679.671875,0
2014-03-24,2725.0,2725.0,2725.0,2725.0,2679.671875,0
2014-03-25,2725.0,2725.0,2725.0,2725.0,2679.671875,0
2014-03-26,2725.0,2725.0,2725.0,2725.0,2679.671875,0
2014-03-27,2725.0,2725.0,2725.0,2725.0,2679.671875,0
2014-03-28,2725.0,2725.0,2725.0,2725.0,2679.671875,0
2014-03-31,2725.0,2725.0,2725.0,2725.0,2679.671875,0
2014-04-01,2725.0,2725.0,2725.0,2725.0,2679.671875,0
2014-04-02,2725.0,2725.0,2725.0,2725.0,2679.671875,0
2014-04-03,2725.0,2725.0,2725.0,2725.0,2679.671875,0
2014-04-04,2725.0,2725.0,2725.0,2725.0,2679.671875,0
2014-04-07,2725.0,2725.0,2725.0,2725.0,2679.671875,0
2014-04-08,2725.0,2725.0,2725.0,2725.0,2679.671875,0
2014-04-09,2725.0,2725.0,2725.0,2725.0,2679.671875,0
2014-04-10,2725.0,2725.0,2725.0,2725.0,2679.671875,0
2014-04-11,2725.0,2725.0,2725.0,2725.0,2679.671875,0
2014-04-14,2725.0,2725.0,2725.0,2725.0,2679.671875,0
2014-04-15,2725.0,2725.0,2725.0,2725.0,2679.671875,0
2014-04-16,2725.0,2725.0,2725.0,2725.0,2679.671875,0
2014-04-17,2725.0,2725.0,2725.0,2725.0,2679.671875,0
2014-04-21,2725.0,2725.0,2725.0,2725.0,2679.671875,0
2014-04-22,2725.0,2725.0,2725.0,2725.0,2679.671875,0
2014-04-23,2725.0,2725.0,2725.0,2725.0,2679.671875,0
2014-04-24,2725.0,2725.0,2725.0,2725.0,2679.671875,0
2014-04-25,2725.0,2725.0,2725.0,2725.0,2679.671875,0
2014-04-28,2725.0,2725.0,2725.0,2725.0,2679.671875,0
2014-04-29,2725.0,2725.0,2725.0,2725.0,2679.671875,0
2014-04-30,2725.0,2725.0,2725.0,2725.0,2679.671875,0
2014-05-01,2725.0,2725.0,2725.0,2725.0,2679.671875,0
2014-05-02,2725.0,2725.0,2725.0,2725.0,2679.671875,0
2014-05-05,2725.0,2725.0,2725.0,2725.0,2679.671875,0
2014-05-06,2725.0,2725.0,2725.0,2725.0,2679.671875,0
2014-05-07,2725.0,2725.0,2725.0,2725.0,2679.671875,0
2014-05-08,2725.0,2725.0,2725.0,2725.0,2679.671875,0
2014-05-09,2725.0,2725.0,2725.0,2725.0,2679.671875,0
2014-05-12,2725.0,2725.0,2725.0,2725.0,2679.671875,0
2014-05-13,2725.0,2725.0,2725.0,2725.0,2679.671875,0
2014-05-14,2725.0,2725.0,2725.0,2725.0,2679.671875,0
2014-05-15,2725.0,2725.0,2725.0,2725.0,2679.671875,0
2014-05-16,2725.0,2725.0,2725.0,2725.0,2679.671875,0
2014-05-19,2725.0,2725.0,2725.0,2725.0,2679.671875,0
2014-05-20,2725.0,2725.0,2725.0,2725.0,2679.671875,0
2014-05-21,2725.0,2725.0,2725.0,2725.0,2679.671875,0
2014-05-22,2725.0,2725.0,2725.0,2725.0,2679.671875,0
2014-05-23,2725.0,2725.0,2725.0,2725.0,2679.671875,0
2014-05-27,2725.0,2725.0,2725.0,2725.0,2679.671875,0
2014-05-28,2725.0,2725.0,2725.0,2725.0,2679.671875,0
2014-05-29,2725.0,2725.0,2725.0,2725.0,2679.671875,0
2014-05-30,2725.0,2725.0,2725.0,2725.0,2679.671875,0
2014-06-02,2725.0,2725.0,2725.0,2725.0,2679.671875,0
2014-06-03,2725.0,2725.0,2725.0,2725.0,2679.671875,0
2014-06-04,2725.0,2725.0,2725.0,2725.0,2679.671875,0
2014-06-05,2725.0,2725.0,2725.0,2725.0,2679.671875,0
2014-06-06,2725.0,2725.0,2725.0,2725.0,2679.671875,0
2014-06-09,2725.0,2725.0,2725.0,2725.0,2679.671875,0
2014-06-10,2725.0,2725.0,2725.0,2725.0,2679.671875,0
2014-06-11,2725.0,2725.0,2725.0,2725.0,2679.671875,0
2014-06-12,2725.0,2725.0,2725.0,2725.0,2679.671875,0
2014-06-13,2725.0,2725.0,2725.0,2725.0,2679.671875,0
2014-06-16,2725.0,2725.0,2725.0,2725.0,2679.671875,0
2014-06-17,2725.0,2725.0,2725.0,2725.0,2679.671875,0
2014-06-18,2725.0,2725.0,2725.0,2725.0,2679.671875,0
2014-06-19,2725.0,2725.0,2725.0,2725.0,2679.671875,0
2014-06-20,2725.0,2725.0,2725.0,2725.0,2679.671875,0
2014-06-23,2725.0,2725.0,2725.0,2725.0,2679.671875,0
2014-06-24,2725.0,2725.0,2725.0,2725.0,2679.671875,0
2014-06-25,2725.0,2725.0,2725.0,2725.0,2679.671875,0
2014-06-26,2725.0,2725.0,2725.0,2725.0,2679.671875,0
2014-06-27,2725.0,2725.0,2725.0,2725.0,2679.671875,0
2014-06-30,2725.0,2725.0,2725.0,2725.0,2679.671875,0
2014-07-01,2725.0,2725.0,2725.0,2725.0,2679.671875,0
2014-07-02,2725.0,2725.0,2725.0,2725.0,2679.671875,0
2014-07-03,2725.0,2725.0,2725.0,2725.0,2679.671875,0
2014-07-07,2725.0,2725.0,2725.0,2725.0,2679.671875,0
2014-07-08,2725.0,2725.0,2725.0,2725.0,2679.671875,0
2014-07-09,2725.0,2725.0,2725.0,2725.0,2679.671875,0
2014-07-10,2725.0,2725.0,2725.0,2725.0,2679.671875,0
2014-07-11,2725.0,2725.0,2725.0,2725.0,2679.671875,0
2014-07-14,2725.0,2725.0,2725.0,2725.0,2679.671875,0
2014-07-15,2725.0,2725.0,2725.0,2725.0,2679.671875,0
2014-07-16,2725.0,2725.0,2725.0,2725.0,2679.671875,0
2014-07-17,2725.0,2725.0,2725.0,2725.0,2679.671875,0
2014-07-18,2725.0,2725.0,2725.0,2725.0,2679.671875,0
2014-07-21,2725.0,2725.0,2725.0,2725.0,2679.671875,0
2014-07-22,2725.0,2725.0,2725.0,2725.0,2679.671875,0
2014-07-23,2725.0,2725.0,2725.0,2725.0,2679.671875,0
2014-07-24,2725.0,2725.0,2725.0,2725.0,2679.671875,0
2014-07-25,2725.0,2725.0,2725.0,2725.0,2679.671875,0
2014-07-28,2725.0,2725.0,2725.0,2725.0,2679.671875,0
2014-07-29,2725.0,2725.0,2725.0,2725.0,2679.671875,0
2014-07-30,2725.0,2725.0,2725.0,2725.0,2679.671875,0
2014-07-31,2725.0,2725.0,2725.0,2725.0,2679.671875,0
2014-08-01,2725.0,2725.0,2725.0,2725.0,2679.671875,0
2014-08-04,2725.0,2725.0,2725.0,2725.0,2679.671875,0
2014-08-05,2725.0,2725.0,2725.0,2725.0,2679.671875,0
2014-08-06,2725.0,2725.0,2725.0,2725.0,2679.671875,0
2014-08-07,2725.0,2725.0,2725.0,2725.0,2679.671875,0
2014-08-08,2725.0,2725.0,2725.0,2725.0,2679.671875,0
2014-08-11,2725.0,2725.0,2725.0,2725.0,2679.671875,0
2014-08-12,2725.0,2725.0,2725.0,2725.0,2679.671875,0
2014-08-13,2725.0,2725.0,2725.0,2725.0,2679.671875,0
2014-08-14,2725.0,2725.0,2725.0,2725.0,2679.671875,0
2014-08-15,2725.0,2725.0,2725.0,2725.0,2679.671875,0
2014-08-18,2725.0,2725.0,2725.0,2725.0,2679.671875,0
2014-08-19,2725.0,2725.0,2725.0,2725.0,2679.671875,0
2014-08-20,2850.0,2850.0,2850.0,2850.0,2802.592529296875,0
2014-08-21,2850.0,2850.0,2850.0,2850.0,2802.592529296875,0
2014-08-22,2850.0,2850.0,2850.0,2850.0,2802.592529296875,0
2014-08-25,2850.0,2850.0,2850.0,2850.0,2802.592529296875,0
2014-08-26,2850.0,2850.0,2850.0,2850.0,2802.592529296875,0
2014-08-27,2850.0,2850.0,2850.0,2850.0,2802.592529296875,0
2014-08-28,2850.0,2850.0,2850.0,2850.0,2802.592529296875,0
2014-08-29,2850.0,2850.0,2850.0,2850.0,2802.592529296875,0
2014-09-02,2850.0,2850.0,2850.0,2850.0,2802.592529296875,0
2014-09-03,2850.0,2850.0,2850.0,2850.0,2802.592529296875,0
2014-09-04,2850.0,2850.0,2850.0,2850.0,2802.592529296875,0
2014-09-05,2850.0,2850.0,2850.0,2850.0,2802.592529296875,0
2014-09-08,2850.0,2850.0,2850.0,2850.0,2802.592529296875,0
2014-09-09,2850.0,2850.0,2850.0,2850.0,2802.592529296875,0
2014-09-10,2850.0,2850.0,2850.0,2850.0,2802.592529296875,0
2014-09-11,2850.0,2850.0,2850.0,2850.0,2802.592529296875,0
2014-09-12,2850.0,2850.0,2850.0,2850.0,2802.592529296875,0
2014-09-15,2850.0,2850.0,2850.0,2850.0,2802.592529296875,0
2014-09-16,2850.0,2850.0,2850.0,2850.0,2802.592529296875,0
2014-09-17,2850.0,2850.0,2850.0,2850.0,2802.592529296875,0
2014-09-18,2850.0,2850.0,2850.0,2850.0,2802.592529296875,0
2014-09-19,2850.0,2850.0,2850.0,2850.0,2802.592529296875,0
2014-09-22,2850.0,2850.0,2850.0,2850.0,2802.592529296875,0
2014-09-23,2850.0,2850.0,2850.0,2850.0,2802.592529296875,0
2014-09-24,2850.0,2850.0,2850.0,2850.0,2802.592529296875,0
2014-09-25,2850.0,2850.0,2850.0,2850.0,2802.592529296875,0
2014-09-26,2850.0,2850.0,2850.0,2850.0,2802.592529296875,0
2014-09-29,2850.0,2850.0,2850.0,2850.0,2802.592529296875,0
2014-09-30,2850.0,2850.0,2850.0,2850.0,2802.592529296875,0
2014-10-01,2850.0,2850.0,2850.0,2850.0,2802.592529296875,0
2014-10-02,2850.0,2850.0,2850.0,2850.0,2802.592529296875,0
2014-10-03,2850.0,2850.0,2850.0,2850.0,2802.592529296875,0
2014-10-06,2850.0,2850.0,2850.0,2850.0,2802.592529296875,0
2014-10-07,2850.0,2850.0,2850.0,2850.0,2802.592529296875,0
2014-10-08,2850.0,2850.0,2850.0,2850.0,2802.592529296875,0
2014-10-09,2850.0,2850.0,2850.0,2850.0,2802.592529296875,0
2014-10-10,2850.0,2850.0,2850.0,2850.0,2802.592529296875,0
2014-10-13,2850.0,2850.0,2850.0,2850.0,2802.592529296875,0
2014-10-14,2850.0,2850.0,2850.0,2850.0,2802.592529296875,0
2014-10-15,2850.0,2850.0,2850.0,2850.0,2802.592529296875,0
2014-10-16,2850.0,2850.0,2850.0,2850.0,2802.592529296875,0
2014-10-17,2850.0,2850.0,2850.0,2850.0,2802.592529296875,0
2014-10-20,2850.0,2850.0,2850.0,2850.0,2802.592529296875,0
2014-10-21,2850.0,2850.0,2850.0,2850.0,2802.592529296875,0
2014-10-22,2850.0,2850.0,2850.0,2850.0,2802.592529296875,0
2014-10-23,2850.0,2850.0,2850.0,2850.0,2802.592529296875,0
2014-10-24,2850.0,2850.0,2850.0,2850.0,2802.592529296875,0
2014-10-27,2850.0,2850.0,2850.0,2850.0,2802.592529296875,0
2014-10-28,2850.0,2850.0,2850.0,2850.0,2802.592529296875,0
2014-10-29,2850.0,2850.0,2850.0,2850.0,2802.592529296875,0
2014-10-30,2850.0,2850.0,2850.0,2850.0,2802.592529296875,0
2014-10-31,2850.0,2850.0,2850.0,2850.0,2802.592529296875,0
2014-11-03,2850.0,2850.0,2850.0,2850.0,2802.592529296875,0
2014-11-04,2850.0,2850.0,2850.0,2850.0,2802.592529296875,0
2014-11-05,2850.0,2850.0,2850.0,2850.0,2802.592529296875,0
2014-11-06,2850.0,2850.0,2850.0,2850.0,2802.592529296875,0
2014-11-07,2850.0,2850.0,2850.0,2850.0,2802.592529296875,0
2014-11-10,2850.0,2850.0,2850.0,2850.0,2802.592529296875,0
2014-11-11,2850.0,2850.0,2850.0,2850.0,2802.592529296875,0
2014-11-12,2850.0,2850.0,2850.0,2850.0,2802.592529296875,0
2014-11-13,2850.0,2850.0,2850.0,2850.0,2802.592529296875,0
2014-11-14,2850.0,2850.0,2850.0,2850.0,2802.592529296875,0
2014-11-17,2850.0,2850.0,2850.0,2850.0,2802.592529296875,0
2014-11-18,2850.0,2850.0,2850.0,2850.0,2802.592529296875,0
2014-11-19,2850.0,2850.0,2850.0,2850.0,2802.592529296875,0
2014-11-20,2850.0,2850.0,2850.0,2850.0,2802.592529296875,0
2014-11-21,2850.0,2850.0,2850.0,2850.0,2802.592529296875,0
2014-11-24,2850.0,2850.0,2850.0,2850.0,2802.592529296875,0
2014-11-25,2850.0,2850.0,2850.0,2850.0,2802.592529296875,0
2014-11-26,2850.0,2850.0,2850.0,2850.0,2802.592529296875,0
2014-11-28,2850.0,2850.0,2850.0,2850.0,2802.592529296875,0
2014-12-01,2850.0,2850.0,2850.0,2850.0,2802.592529296875,0
2014-12-02,2850.0,2850.0,2850.0,2850.0,2802.592529296875,0
2014-12-03,2850.0,2850.0,2850.0,2850.0,2802.592529296875,0
2014-12-04,2850.0,2850.0,2850.0,2850.0,2802.592529296875,0
2014-12-05,2850.0,2850.0,2850.0,2850.0,2802.592529296875,0
2014-12-08,2850.0,2850.0,2850.0,2850.0,2802.592529296875,0
2014-12-09,2850.0,2850.0,2850.0,2850.0,2802.592529296875,0
2014-12-10,2850.0,2850.0,2850.0,2850.0,2802.592529296875,0
2014-12-11,2850.0,2850.0,2850.0,2850.0,2802.592529296875,0
2014-12-12,2850.0,2850.0,2850.0,2850.0,2802.592529296875,0
2014-12-15,2850.0,2850.0,2850.0,2850.0,2802.592529296875,0
2014-12-16,2850.0,2850.0,2850.0,2850.0,2802.592529296875,0
2014-12-17,2850.0,2850.0,2850.0,2850.0,2802.592529296875,0
2014-12-18,2850.0,2850.0,2850.0,2850.0,2802.592529296875,0
2014-12-19,2850.0,2850.0,2850.0,2850.0,2802.592529296875,0
2014-12-22,2850.0,2850.0,2850.0,2850.0,2802.592529296875,0
2014-12-23,2850.0,2850.0,2850.0,2850.0,2802.592529296875,0
2014-12-24,2850.0,2850.0,2850.0,2850.0,2802.592529296875,0
2014-12-26,2850.0,2850.0,2850.0,2850.0,2802.592529296875,0
2014-12-29,2850.0,2850.0,2850.0,2850.0,2802.592529296875,0
2014-12-30,2850.0,2850.0,2850.0,2850.0,2802.592529296875,0
2014-12-31,2850.0,2850.0,2850.0,2850.0,2802.592529296875,0
2015-01-02,2850.0,2850.0,2850.0,2850.0,2802.592529296875,0
2015-01-05,2850.0,2850.0,2850.0,2850.0,2802.592529296875,0
2015-01-06,2850.0,2850.0,2850.0,2850.0,2802.592529296875,0
2015-01-07,2850.0,2850.0,2850.0,2850.0,2802.592529296875,0
2015-01-08,2850.0,2850.0,2850.0,2850.0,2802.592529296875,0
2015-01-09,2850.0,2850.0,2850.0,2850.0,2802.592529296875,0
2015-01-12,2850.0,2850.0,2850.0,2850.0,2802.592529296875,0
2015-01-13,2850.0,2850.0,2850.0,2850.0,2802.592529296875,0
2015-01-14,2850.0,2850.0,2850.0,2850.0,2802.592529296875,0
2015-01-15,2850.0,2850.0,2850.0,2850.0,2802.592529296875,0
2015-01-16,2850.0,2850.0,2850.0,2850.0,2802.592529296875,0
2015-01-20,2850.0,2850.0,2850.0,2850.0,2802.592529296875,0
2015-01-21,2850.0,2850.0,2850.0,2850.0,2802.592529296875,0
2015-01-22,2850.0,2850.0,2850.0,2850.0,2802.592529296875,0
2015-01-23,2850.0,2850.0,2850.0,2850.0,2802.592529296875,0
2015-01-26,2850.0,2850.0,2850.0,2850.0,2802.592529296875,0
2015-01-27,2850.0,2850.0,2850.0,2850.0,2802.592529296875,0
2015-01-28,2850.0,2850.0,2850.0,2850.0,2802.592529296875,0
2015-01-29,2850.0,2850.0,2850.0,2850.0,2802.592529296875,0
2015-01-30,2850.0,2850.0,2850.0,2850.0,2802.592529296875,0
2015-02-02,2850.0,2850.0,2850.0,2850.0,2802.592529296875,0
2015-02-03,2850.0,2850.0,2850.0,2850.0,2802.592529296875,0
2015-02-04,2850.0,2850.0,2850.0,2850.0,2802.592529296875,0
2015-02-05,2850.0,2850.0,2850.0,2850.0,2802.592529296875,0
2015-02-06,2850.0,2850.0,2850.0,2850.0,2802.592529296875,0
2015-02-09,2850.0,2850.0,2850.0,2850.0,2802.592529296875,0
2015-02-10,2850.0,2850.0,2850.0,2850.0,2802.592529296875,0
2015-02-11,2850.0,2850.0,2850.0,2850.0,2802.592529296875,0
2015-02-12,2850.0,2850.0,2850.0,2850.0,2802.592529296875,0
2015-02-13,2850.0,2850.0,2850.0,2850.0,2802.592529296875,0
2015-02-17,2850.0,2850.0,2850.0,2850.0,2802.592529296875,0
2015-02-18,2850.0,2850.0,2850.0,2850.0,2802.592529296875,0
2015-02-19,2850.0,2850.0,2850.0,2850.0,2802.592529296875,0
2015-02-20,2850.0,2850.0,2850.0,2850.0,2802.592529296875,0
2015-02-23,2850.0,2850.0,2850.0,2850.0,2802.592529296875,0
2015-02-24,2850.0,2850.0,2850.0,2850.0,2802.592529296875,0
2015-02-25,2850.0,2850.0,2850.0,2850.0,2802.592529296875,0
2015-02-26,2850.0,2850.0,2850.0,2850.0,2802.592529296875,0
2015-02-27,2850.0,2850.0,2850.0,2850.0,2802.592529296875,0
2015-03-02,2850.0,2850.0,2850.0,2850.0,2802.592529296875,0
2015-03-03,2850.0,2850.0,2850.0,2850.0,2802.592529296875,0
2015-03-04,2850.0,2850.0,2850.0,2850.0,2802.592529296875,0
2015-03-05,2850.0,2850.0,2850.0,2850.0,2802.592529296875,0
2015-03-06,2850.0,2850.0,2850.0,2850.0,2802.592529296875,0
2015-03-09,2850.0,2850.0,2850.0,2850.0,2802.592529296875,0
2015-03-10,2850.0,2850.0,2850.0,2850.0,2802.592529296875,0
2015-03-11,2850.0,2850.0,2850.0,2850.0,2802.592529296875,0
2015-03-12,2850.0,2850.0,2850.0,2850.0,2802.592529296875,0
2015-03-13,2850.0,2850.0,2850.0,2850.0,2802.592529296875,0
2015-03-16,2850.0,2850.0,2850.0,2850.0,2802.592529296875,0
2015-03-17,2850.0,2850.0,2850.0,2850.0,2802.592529296875,0
2015-03-18,2850.0,2850.0,2850.0,2850.0,2802.592529296875,0
2015-03-19,2850.0,2850.0,2850.0,2850.0,2802.592529296875,0
2015-03-20,2850.0,2850.0,2850.0,2850.0,2802.592529296875,0
2015-03-23,2850.0,2850.0,2850.0,2850.0,2802.592529296875,0
2015-03-24,2850.0,2850.0,2850.0,2850.0,2802.592529296875,0
2015-03-25,2850.0,2850.0,2850.0,2850.0,2802.592529296875,0
2015-03-26,2850.0,2850.0,2850.0,2850.0,2802.592529296875,0
2015-03-27,2850.0,2850.0,2850.0,2850.0,2802.592529296875,0
2015-03-30,2850.0,2850.0,2850.0,2850.0,2802.592529296875,0
2015-03-31,2850.0,2850.0,2850.0,2850.0,2802.592529296875,0
2015-04-01,2850.0,2850.0,2850.0,2850.0,2802.592529296875,0
2015-04-02,2850.0,2850.0,2850.0,2850.0,2802.592529296875,0
2015-04-06,2850.0,2850.0,2850.0,2850.0,2802.592529296875,0
2015-04-07,2850.0,2850.0,2850.0,2850.0,2802.592529296875,0
2015-04-08,2850.0,2850.0,2850.0,2850.0,2802.592529296875,0
2015-04-09,2850.0,2850.0,2850.0,2850.0,2802.592529296875,0
2015-04-10,2850.0,2850.0,2850.0,2850.0,2802.592529296875,0
2015-04-13,2850.0,2850.0,2850.0,2850.0,2802.592529296875,0
2015-04-14,2850.0,2850.0,2850.0,2850.0,2802.592529296875,0
2015-04-15,2850.0,2850.0,2850.0,2850.0,2802.592529296875,0
2015-04-16,2850.0,2850.0,2850.0,2850.0,2802.592529296875,0
2015-04-17,2850.0,2850.0,2850.0,2850.0,2802.592529296875,0
2015-04-20,2850.0,2850.0,2850.0,2850.0,2802.592529296875,0
2015-04-21,2850.0,2850.0,2850.0,2850.0,2802.592529296875,0
2015-04-22,2850.0,2850.0,2850.0,2850.0,2802.592529296875,0
2015-04-23,2850.0,2850.0,2850.0,2850.0,2802.592529296875,0
2015-04-24,2850.0,2850.0,2850.0,2850.0,2802.592529296875,0
2015-04-27,2850.0,2850.0,2850.0,2850.0,2802.592529296875,0
2015-04-28,2850.0,2850.0,2850.0,2850.0,2802.592529296875,0
2015-04-29,2850.0,2850.0,2850.0,2850.0,2802.592529296875,0
2015-04-30,2850.0,2850.0,2850.0,2850.0,2802.592529296875,0
2015-05-01,2850.0,2850.0,2850.0,2850.0,2802.592529296875,0
2015-05-04,2850.0,2850.0,2850.0,2850.0,2802.592529296875,0
2015-05-05,2850.0,2850.0,2850.0,2850.0,2802.592529296875,0
2015-05-06,2850.0,2850.0,2850.0,2850.0,2802.592529296875,0
2015-05-07,2850.0,2850.0,2850.0,2850.0,2802.592529296875,0
2015-05-08,2850.0,2850.0,2850.0,2850.0,2802.592529296875,0
2015-05-11,2850.0,2850.0,2850.0,2850.0,2802.592529296875,0
2015-05-12,2850.0,2850.0,2850.0,2850.0,2802.592529296875,0
2015-05-13,2850.0,2850.0,2850.0,2850.0,2802.592529296875,0
2015-05-14,2850.0,2850.0,2850.0,2850.0,2802.592529296875,0
2015-05-15,2850.0,2850.0,2850.0,2850.0,2802.592529296875,0
2015-05-18,2850.0,2850.0,2850.0,2850.0,2802.592529296875,0
2015-05-19,2850.0,2850.0,2850.0,2850.0,2802.592529296875,0
2015-05-20,2850.0,2850.0,2850.0,2850.0,2802.592529296875,0
2015-05-21,2850.0,2850.0,2850.0,2850.0,2802.592529296875,0
2015-05-22,2850.0,2850.0,2850.0,2850.0,2802.592529296875,0
2015-05-26,2850.0,2850.0,2850.0,2850.0,2802.592529296875,0
2015-05-27,2850.0,2850.0,2850.0,2850.0,2802.592529296875,0
2015-05-28,2850.0,2850.0,2850.0,2850.0,2802.592529296875,0
2015-05-29,2850.0,2850.0,2850.0,2850.0,2802.592529296875,0
2015-06-01,2850.0,2850.0,2850.0,2850.0,2802.592529296875,0
2015-06-02,2850.0,2850.0,2850.0,2850.0,2802.592529296875,0
2015-06-03,2850.0,2850.0,2850.0,2850.0,2802.592529296875,0
2015-06-04,2850.0,2850.0,2850.0,2850.0,2802.592529296875,0
2015-06-05,2850.0,2850.0,2850.0,2850.0,2802.592529296875,0
2015-06-08,2850.0,2850.0,2850.0,2850.0,2802.592529296875,0
2015-06-09,2850.0,2850.0,2850.0,2850.0,2802.592529296875,0
2015-06-10,2850.0,2850.0,2850.0,2850.0,2802.592529296875,0
2015-06-11,2850.0,2850.0,2850.0,2850.0,2802.592529296875,0
2015-06-12,2850.0,2850.0,2850.0,2850.0,2802.592529296875,0
2015-06-15,2850.0,2850.0,2850.0,2850.0,2802.592529296875,0
2015-06-16,2850.0,2850.0,2850.0,2850.0,2802.592529296875,0
2015-06-17,2850.0,2850.0,2850.0,2850.0,2802.592529296875,0
2015-06-18,2850.0,2850.0,2850.0,2850.0,2802.592529296875,0
2015-06-19,2850.0,2850.0,2850.0,2850.0,2802.592529296875,0
2015-06-22,2850.0,2850.0,2850.0,2850.0,2802.592529296875,0
2015-06-23,2850.0,2850.0,2850.0,2850.0,2802.592529296875,0
2015-06-24,2850.0,2850.0,2850.0,2850.0,2802.592529296875,0
2015-06-25,2850.0,2850.0,2850.0,2850.0,2802.592529296875,0
2015-06-26,2850.0,2850.0,2850.0,2850.0,2802.592529296875,0
2015-06-29,2850.0,2850.0,2850.0,2850.0,2802.592529296875,0
2015-06-30,2850.0,2850.0,2850.0,2850.0,2802.592529296875,0
2015-07-01,2850.0,2850.0,2850.0,2850.0,2802.592529296875,0
2015-07-02,2850.0,2850.0,2850.0,2850.0,2802.592529296875,0
2015-07-06,3300.0,3300.0,3300.0,3300.0,3245.107177734375,0
2015-07-07,3300.0,3300.0,3300.0,3300.0,3245.107177734375,0
2015-07-08,3300.0,3300.0,3300.0,3300.0,3245.107177734375,0
2015-07-09,3300.0,3300.0,3300.0,3300.0,3245.107177734375,0
2015-07-10,3300.0,3300.0,3300.0,3300.0,3245.107177734375,0
2015-07-13,3300.0,3300.0,3300.0,3300.0,3245.107177734375,0
2015-07-14,3300.0,3300.0,3300.0,3300.0,3245.107177734375,0
2015-07-15,3300.0,3300.0,3300.0,3300.0,3245.107177734375,0
2015-07-16,3300.0,3300.0,3300.0,3300.0,3245.107177734375,0
2015-07-17,3300.0,3300.0,3300.0,3300.0,3245.107177734375,0
2015-07-20,3300.0,3300.0,3300.0,3300.0,3245.107177734375,0
2015-07-21,3300.0,3300.0,3300.0,3300.0,3245.107177734375,0
2015-07-22,3300.0,3300.0,3300.0,3300.0,3245.107177734375,0
2015-07-23,3300.0,3300.0,3300.0,3300.0,3245.107177734375,0
2015-07-24,3300.0,3300.0,3300.0,3300.0,3245.107177734375,0
2015-07-27,3300.0,3300.0,3300.0,3300.0,3245.107177734375,0
2015-07-28,3300.0,3300.0,3300.0,3300.0,3245.107177734375,0
2015-07-29,3300.0,3300.0,3300.0,3300.0,3245.107177734375,0
2015-07-30,3300.0,3300.0,3300.0,3300.0,3245.107177734375,0
2015-07-31,3300.0,3300.0,3300.0,3300.0,3245.107177734375,0
2015-08-03,3300.0,3300.0,3300.0,3300.0,3245.107177734375,0
2015-08-04,3300.0,3300.0,3300.0,3300.0,3245.107177734375,0
2015-08-05,3300.0,3300.0,3300.0,3300.0,3245.107177734375,0
2015-08-06,3300.0,3300.0,3300.0,3300.0,3245.107177734375,0
2015-08-07,3300.0,3300.0,3300.0,3300.0,3245.107177734375,0
2015-08-10,3300.0,3300.0,3300.0,3300.0,3245.107177734375,0
2015-08-11,3300.0,3300.0,3300.0,3300.0,3245.107177734375,0
2015-08-12,3300.0,3300.0,3300.0,3300.0,3245.107177734375,0
2015-08-13,3300.0,3300.0,3300.0,3300.0,3245.107177734375,0
2015-08-14,3300.0,3300.0,3300.0,3300.0,3245.107177734375,0
2015-08-17,3300.0,3300.0,3300.0,3300.0,3245.107177734375,0
2015-08-18,3300.0,3300.0,3300.0,3300.0,3245.107177734375,0
2015-08-19,3300.0,3300.0,3300.0,3300.0,3245.107177734375,0
2015-08-20,3300.0,3300.0,3300.0,3300.0,3245.107177734375,0
2015-08-21,3300.0,3300.0,3300.0,3300.0,3245.107177734375,0
2015-08-24,3300.0,3300.0,3300.0,3300.0,3245.107177734375,0
2015-08-25,3300.0,3300.0,3300.0,3300.0,3245.107177734375,0
2015-08-26,3300.0,3300.0,3300.0,3300.0,3245.107177734375,0
2015-08-27,3300.0,3300.0,3300.0,3300.0,3245.107177734375,0
2015-08-28,3300.0,3300.0,3300.0,3300.0,3245.107177734375,0
2015-08-31,3300.0,3300.0,3300.0,3300.0,3245.107177734375,0
2015-09-01,3300.0,3300.0,3300.0,3300.0,3245.107177734375,0
2015-09-02,3300.0,3300.0,3300.0,3300.0,3245.107177734375,0
2015-09-03,3300.0,3300.0,3300.0,3300.0,3245.107177734375,0
2015-09-04,3300.0,3300.0,3300.0,3300.0,3245.107177734375,0
2015-09-08,3300.0,3300.0,3300.0,3300.0,3245.107177734375,0
2015-09-09,3300.0,3300.0,3300.0,3300.0,3245.107177734375,0
2015-09-10,3300.0,3300.0,3300.0,3300.0,3245.107177734375,0
2015-09-11,3300.0,3300.0,3300.0,3300.0,3245.107177734375,0
2015-09-14,3300.0,3300.0,3300.0,3300.0,3245.107177734375,0
2015-09-15,3300.0,3300.0,3300.0,3300.0,3245.107177734375,0
2015-09-16,3300.0,3300.0,3300.0,3300.0,3245.107177734375,0
2015-09-17,3300.0,3300.0,3300.0,3300.0,3245.107177734375,0
2015-09-18,3300.0,3300.0,3300.0,3300.0,3245.107177734375,0
2015-09-21,3300.0,3300.0,3300.0,3300.0,3245.107177734375,0
2015-09-22,3300.0,3300.0,3300.0,3300.0,3245.107177734375,0
2015-09-23,3300.0,3300.0,3300.0,3300.0,3245.107177734375,0
2015-09-24,3300.0,3300.0,3300.0,3300.0,3245.107177734375,0
2015-09-25,3300.0,3300.0,3300.0,3300.0,3245.107177734375,0
2015-09-28,3300.0,3300.0,3300.0,3300.0,3245.107177734375,0
2015-09-29,3300.0,3300.0,3300.0,3300.0,3245.107177734375,0
2015-09-30,3300.0,3300.0,3300.0,3300.0,3245.107177734375,0
2015-10-01,3300.0,3300.0,3300.0,3300.0,3245.107177734375,0
2015-10-02,3300.0,3300.0,3300.0,3300.0,3245.107177734375,0
2015-10-05,3300.0,3300.0,3300.0,3300.0,3245.107177734375,0
2015-10-06,3300.0,3300.0,3300.0,3300.0,3245.107177734375,0
2015-10-07,3300.0,3300.0,3300.0,3300.0,3245.107177734375,0
2015-10-08,3300.0,3300.0,3300.0,3300.0,3245.107177734375,0
2015-10-09,3300.0,3300.0,3300.0,3300.0,3245.107177734375,0
2015-10-12,3300.0,3300.0,3300.0,3300.0,3245.107177734375,0
2015-10-13,3300.0,3300.0,3300.0,3300.0,3245.107177734375,0
2015-10-14,3300.0,3300.0,3300.0,3300.0,3245.107177734375,0
2015-10-15,3300.0,3300.0,3300.0,3300.0,3245.107177734375,0
2015-10-16,3300.0,3300.0,3300.0,3300.0,3245.107177734375,0
2015-10-19,3300.0,3300.0,3300.0,3300.0,3245.107177734375,0
2015-10-20,3300.0,3300.0,3300.0,3300.0,3245.107177734375,0
2015-10-21,3300.0,3300.0,3300.0,3300.0,3245.107177734375,0
2015-10-22,3300.0,3300.0,3300.0,3300.0,3245.107177734375,0
2015-10-23,3300.0,3300.0,3300.0,3300.0,3245.107177734375,0
2015-10-26,3300.0,3300.0,3300.0,3300.0,3245.107177734375,0
2015-10-27,3300.0,3300.0,3300.0,3300.0,3245.107177734375,0
2015-10-28,3300.0,3300.0,3300.0,3300.0,3245.107177734375,0
2015-10-29,3300.0,3300.0,3300.0,3300.0,3245.107177734375,0
2015-10-30,3300.0,3300.0,3300.0,3300.0,3245.107177734375,0
2015-11-02,3300.0,3300.0,3300.0,3300.0,3245.107177734375,0
2015-11-03,3300.0,3300.0,3300.0,3300.0,3245.107177734375,0
2015-11-04,3300.0,3300.0,3300.0,3300.0,3245.107177734375,0
2015-11-05,3300.0,3300.0,3300.0,3300.0,3245.107177734375,0
2015-11-06,3300.0,3300.0,3300.0,3300.0,3245.107177734375,0
2015-11-09,3300.0,3300.0,3300.0,3300.0,3245.107177734375,0
2015-11-10,3300.0,3300.0,3300.0,3300.0,3245.107177734375,0
2015-11-11,3300.0,3300.0,3300.0,3300.0,3245.107177734375,0
2015-11-12,3300.0,3300.0,3300.0,3300.0,3245.107177734375,0
2015-11-13,3300.0,3300.0,3300.0,3300.0,3245.107177734375,0
2015-11-16,3300.0,3300.0,3300.0,3300.0,3245.107177734375,0
2015-11-17,3300.0,3300.0,3300.0,3300.0,3245.107177734375,0
2015-11-18,3300.0,3300.0,3300.0,3300.0,3245.107177734375,0
2015-11-19,3300.0,3300.0,3300.0,3300.0,3245.107177734375,0
2015-11-20,3300.0,3300.0,3300.0,3300.0,3245.107177734375,0
2015-11-23,3300.0,3300.0,3300.0,3300.0,3245.107177734375,0
2015-11-24,3300.0,3300.0,3300.0,3300.0,3245.107177734375,0
2015-11-25,3300.0,3300.0,3300.0,3300.0,3245.107177734375,0
2015-11-27,3300.0,3300.0,3300.0,3300.0,3245.107177734375,0
2015-11-30,3300.0,3300.0,3300.0,3300.0,3245.107177734375,0
2015-12-01,3300.0,3300.0,3300.0,3300.0,3245.107177734375,0
2015-12-02,3300.0,3300.0,3300.0,3300.0,3245.107177734375,0
2015-12-03,3300.0,3300.0,3300.0,3300.0,3245.107177734375,0
2015-12-04,3300.0,3300.0,3300.0,3300.0,3245.107177734375,0
2015-12-07,3300.0,3300.0,3300.0,3300.0,3245.107177734375,0
2015-12-08,3300.0,3300.0,3300.0,3300.0,3245.107177734375,0
2015-12-09,3300.0,3300.0,3300.0,3300.0,3245.107177734375,0
2015-12-10,3300.0,3300.0,3300.0,3300.0,3245.107177734375,0
2015-12-11,3300.0,3300.0,3300.0,3300.0,3245.107177734375,0
2015-12-14,3300.0,3300.0,3300.0,3300.0,3245.107177734375,0
2015-12-15,3300.0,3300.0,3300.0,3300.0,3245.107177734375,0
2015-12-16,3300.0,3300.0,3300.0,3300.0,3245.107177734375,0
2015-12-17,3300.0,3300.0,3300.0,3300.0,3245.107177734375,0
2015-12-18,3300.0,3300.0,3300.0,3300.0,3245.107177734375,0
2015-12-21,3300.0,3300.0,3300.0,3300.0,3245.107177734375,0
2015-12-22,3300.0,3300.0,3300.0,3300.0,3245.107177734375,0
2015-12-23,3300.0,3300.0,3300.0,3300.0,3245.107177734375,0
2015-12-24,3300.0,3300.0,3300.0,3300.0,3245.107177734375,0
2015-12-28,3300.0,3300.0,3300.0,3300.0,3245.107177734375,0
2015-12-29,3300.0,3300.0,3300.0,3300.0,3245.107177734375,0
2015-12-30,3300.0,3300.0,3300.0,3300.0,3245.107177734375,0
2015-12-31,3300.0,3300.0,3300.0,3300.0,3245.107177734375,0
2016-01-04,3300.0,3300.0,3300.0,3300.0,3245.107177734375,0
2016-01-05,3300.0,3300.0,3300.0,3300.0,3245.107177734375,0
2016-01-06,3300.0,3300.0,3300.0,3300.0,3245.107177734375,0
2016-01-07,3300.0,3300.0,3300.0,3300.0,3245.107177734375,0
2016-01-08,3300.0,3300.0,3300.0,3300.0,3245.107177734375,0
2016-01-11,3300.0,3300.0,3300.0,3300.0,3245.107177734375,0
2016-01-12,3300.0,3300.0,3300.0,3300.0,3245.107177734375,0
2016-01-13,3300.0,3300.0,3300.0,3300.0,3245.107177734375,0
2016-01-14,3300.0,3300.0,3300.0,3300.0,3245.107177734375,0
2016-01-15,3300.0,3300.0,3300.0,3300.0,3245.107177734375,0
2016-01-19,3300.0,3300.0,3300.0,3300.0,3245.107177734375,0
2016-01-20,3300.0,3300.0,3300.0,3300.0,3245.107177734375,0
2016-01-21,3300.0,3300.0,3300.0,3300.0,3245.107177734375,0
2016-01-22,3300.0,3300.0,3300.0,3300.0,3245.107177734375,0
2016-01-25,3300.0,3300.0,3300.0,3300.0,3245.107177734375,0
2016-01-26,3300.0,3300.0,3300.0,3300.0,3245.107177734375,0
2016-01-27,3300.0,3300.0,3300.0,3300.0,3245.107177734375,0
2016-01-28,3300.0,3300.0,3300.0,3300.0,3245.107177734375,0
2016-01-29,3300.0,3300.0,3300.0,3300.0,3245.107177734375,0
2016-02-01,3300.0,3300.0,3300.0,3300.0,3245.107177734375,0
2016-02-02,3300.0,3300.0,3300.0,3300.0,3245.107177734375,0
2016-02-03,3300.0,3300.0,3300.0,3300.0,3245.107177734375,0
2016-02-04,3300.0,3300.0,3300.0,3300.0,3245.107177734375,0
2016-02-05,3300.0,3300.0,3300.0,3300.0,3245.107177734375,0
2016-02-08,3300.0,3300.0,3300.0,3300.0,3245.107177734375,0
2016-02-09,3300.0,3300.0,3300.0,3300.0,3245.107177734375,0
2016-02-10,3300.0,3300.0,3300.0,3300.0,3245.107177734375,0
2016-02-11,3300.0,3300.0,3300.0,3300.0,3245.107177734375,0
2016-02-12,3300.0,3300.0,3300.0,3300.0,3245.107177734375,0
2016-02-16,3300.0,3300.0,3300.0,3300.0,3245.107177734375,0
2016-02-17,3300.0,3300.0,3300.0,3300.0,3245.107177734375,0
2016-02-18,3300.0,3300.0,3300.0,3300.0,3245.107177734375,0
2016-02-19,3300.0,3300.0,3300.0,3300.0,3245.107177734375,0
2016-02-22,3300.0,3300.0,3300.0,3300.0,3245.107177734375,0
2016-02-23,3300.0,3300.0,3300.0,3300.0,3245.107177734375,0
2016-02-24,3300.0,3300.0,3300.0,3300.0,3245.107177734375,0
2016-02-25,3300.0,3300.0,3300.0,3300.0,3245.107177734375,0
2016-02-26,3300.0,3300.0,3300.0,3300.0,3245.107177734375,0
2016-02-29,3300.0,3300.0,3300.0,3300.0,3245.107177734375,0
2016-03-01,3300.0,3300.0,3300.0,3300.0,3245.107177734375,0
2016-03-02,3300.0,3300.0,3300.0,3300.0,3245.107177734375,0
2016-03-03,3300.0,3300.0,3300.0,3300.0,3245.107177734375,0
2016-03-04,3300.0,3300.0,3300.0,3300.0,3245.107177734375,0
2016-03-07,3300.0,3300.0,3300.0,3300.0,3245.107177734375,0
2016-03-08,3300.0,3300.0,3300.0,3300.0,3245.107177734375,0
2016-03-09,3300.0,3300.0,3300.0,3300.0,3245.107177734375,0
2016-03-10,3300.0,3300.0,3300.0,3300.0,3245.107177734375,0
2016-03-11,3300.0,3300.0,3300.0,3300.0,3245.107177734375,0
2016-03-14,3300.0,3300.0,3300.0,3300.0,3245.107177734375,0
2016-03-15,3300.0,3300.0,3300.0,3300.0,3245.107177734375,0
2016-03-16,3300.0,3300.0,3300.0,3300.0,3245.107177734375,0
2016-03-17,3300.0,3300.0,3300.0,3300.0,3245.107177734375,0
2016-03-18,3300.0,3300.0,3300.0,3300.0,3245.107177734375,0
2016-03-21,3300.0,3300.0,3300.0,3300.0,3245.107177734375,0
2016-03-22,3300.0,3300.0,3300.0,3300.0,3245.107177734375,0
2016-03-23,3300.0,3300.0,3300.0,3300.0,3245.107177734375,0
2016-03-24,3300.0,3300.0,3300.0,3300.0,3245.107177734375,0
2016-03-28,3300.0,3300.0,3300.0,3300.0,3245.107177734375,0
2016-03-29,3300.0,3300.0,3300.0,3300.0,3245.107177734375,0
2016-03-30,3300.0,3300.0,3300.0,3300.0,3245.107177734375,0
2016-03-31,3300.0,3300.0,3300.0,3300.0,3245.107177734375,0
2016-04-01,3300.0,3300.0,3300.0,3300.0,3245.107177734375,0
2016-04-04,3300.0,3300.0,3300.0,3300.0,3245.107177734375,0
2016-04-05,3300.0,3300.0,3300.0,3300.0,3245.107177734375,0
2016-04-06,3300.0,3300.0,3300.0,3300.0,3245.107177734375,0
2016-04-07,3300.0,3300.0,3300.0,3300.0,3245.107177734375,0
2016-04-08,3300.0,3300.0,3300.0,3300.0,3245.107177734375,0
2016-04-11,3300.0,3300.0,3300.0,3300.0,3245.107177734375,0
2016-04-12,3300.0,3300.0,3300.0,3300.0,3245.107177734375,0
2016-04-13,3300.0,3300.0,3300.0,3300.0,3245.107177734375,0
2016-04-14,3300.0,3300.0,3300.0,3300.0,3245.107177734375,0
2016-04-15,3300.0,3300.0,3300.0,3300.0,3245.107177734375,0
2016-04-18,3300.0,3300.0,3300.0,3300.0,3245.107177734375,0
2016-04-19,3300.0,3300.0,3300.0,3300.0,3245.107177734375,0
2016-04-20,3300.0,3300.0,3300.0,3300.0,3245.107177734375,0
2016-04-21,3300.0,3300.0,3300.0,3300.0,3245.107177734375,0
2016-04-22,3300.0,3300.0,3300.0,3300.0,3245.107177734375,0
2016-04-25,3300.0,3300.0,3300.0,3300.0,3245.107177734375,0
2016-04-26,3300.0,3300.0,3300.0,3300.0,3245.107177734375,0
2016-04-27,3300.0,3300.0,3300.0,3300.0,3245.107177734375,0
2016-04-28,3300.0,3300.0,3300.0,3300.0,3245.107177734375,0
2016-04-29,3300.0,3300.0,3300.0,3300.0,3245.107177734375,0
2016-05-02,3300.0,3300.0,3300.0,3300.0,3245.107177734375,0
2016-05-03,3300.0,3300.0,3300.0,3300.0,3245.107177734375,0
2016-05-04,3300.0,3300.0,3300.0,3300.0,3245.107177734375,0
2016-05-05,3300.0,3300.0,3300.0,3300.0,3245.107177734375,0
2016-05-06,3300.0,3300.0,3300.0,3300.0,3245.107177734375,0
2016-05-09,3300.0,3300.0,3300.0,3300.0,3245.107177734375,0
2016-05-10,3300.0,3300.0,3300.0,3300.0,3245.107177734375,0
2016-05-11,3300.0,3300.0,3300.0,3300.0,3245.107177734375,0
2016-05-12,3300.0,3300.0,3300.0,3300.0,3245.107177734375,0
2016-05-13,3300.0,3300.0,3300.0,3300.0,3245.107177734375,0
2016-05-16,3300.0,3300.0,3300.0,3300.0,3245.107177734375,0
2016-05-17,3300.0,3300.0,3300.0,3300.0,3245.107177734375,0
2016-05-18,3300.0,3300.0,3300.0,3300.0,3245.107177734375,0
2016-05-19,3300.0,3300.0,3300.0,3300.0,3245.107177734375,0
2016-05-20,3300.0,3300.0,3300.0,3300.0,3245.107177734375,0
2016-05-23,3300.0,3300.0,3300.0,3300.0,3245.107177734375,0
2016-05-24,3300.0,3300.0,3300.0,3300.0,3245.107177734375,0
2016-05-25,3300.0,3300.0,3300.0,3300.0,3245.107177734375,0
2016-05-26,3300.0,3300.0,3300.0,3300.0,3245.107177734375,0
2016-05-27,3300.0,3300.0,3300.0,3300.0,3245.107177734375,0
2016-05-31,3300.0,3300.0,3300.0,3300.0,3245.107177734375,0
2016-06-01,3300.0,3300.0,3300.0,3300.0,3245.107177734375,0
2016-06-02,3300.0,3300.0,3300.0,3300.0,3245.107177734375,0
2016-06-03,3300.0,3300.0,3300.0,3300.0,3245.107177734375,0
2016-06-06,3300.0,3300.0,3300.0,3300.0,3245.107177734375,0
2016-06-07,3300.0,3300.0,3300.0,3300.0,3245.107177734375,0
2016-06-08,3300.0,3300.0,3300.0,3300.0,3245.107177734375,0
2016-06-09,3300.0,3300.0,3300.0,3300.0,3245.107177734375,0
2016-06-10,3300.0,3300.0,3300.0,3300.0,3245.107177734375,0
2016-06-13,3300.0,3300.0,3300.0,3300.0,3245.107177734375,0
2016-06-14,3300.0,3300.0,3300.0,3300.0,3245.107177734375,0
2016-06-15,3300.0,3300.0,3300.0,3300.0,3245.107177734375,0
2016-06-16,3300.0,3300.0,3300.0,3300.0,3245.107177734375,0
2016-06-17,3300.0,3300.0,3300.0,3300.0,3245.107177734375,0
2016-06-20,3300.0,3300.0,3300.0,3300.0,3245.107177734375,0
2016-06-21,3300.0,3300.0,3300.0,3300.0,3245.107177734375,0
2016-06-22,3300.0,3300.0,3300.0,3300.0,3245.107177734375,0
2016-06-23,3300.0,3300.0,3300.0,3300.0,3245.107177734375,0
2016-06-24,3300.0,3300.0,3300.0,3300.0,3245.107177734375,0
2016-06-27,3300.0,3300.0,3300.0,3300.0,3245.107177734375,0
2016-06-28,3300.0,3300.0,3300.0,3300.0,3245.107177734375,0
2016-06-29,3300.0,3300.0,3300.0,3300.0,3245.107177734375,0
2016-06-30,3300.0,3300.0,3300.0,3300.0,3245.107177734375,0
2016-07-01,4200.0,4200.0,3400.0,4200.0,4130.13623046875,100
2016-07-05,4200.0,4200.0,4200.0,4200.0,4130.13623046875,0
2016-07-06,4200.0,4200.0,4200.0,4200.0,4130.13623046875,0
2016-07-07,4200.0,4200.0,4200.0,4200.0,4130.13623046875,0
2016-07-08,4200.0,4200.0,4200.0,4200.0,4130.13623046875,0
2016-07-11,4200.0,4200.0,4200.0,4200.0,4130.13623046875,0
2016-07-12,4200.0,4200.0,4200.0,4200.0,4130.13623046875,0
2016-07-13,4200.0,4200.0,4200.0,4200.0,4130.13623046875,0
2016-07-14,4200.0,4200.0,4200.0,4200.0,4130.13623046875,0
2016-07-15,4200.0,4200.0,4200.0,4200.0,4130.13623046875,0
2016-07-18,4200.0,4200.0,4200.0,4200.0,4130.13623046875,0
2016-07-19,4200.0,4200.0,4200.0,4200.0,4130.13623046875,0
2016-07-20,4200.0,4200.0,4200.0,4200.0,4130.13623046875,0
2016-07-21,4200.0,4200.0,4200.0,4200.0,4130.13623046875,0
2016-07-22,4200.0,4200.0,4200.0,4200.0,4130.13623046875,0
2016-07-25,4200.0,4200.0,4200.0,4200.0,4130.13623046875,0
2016-07-26,4200.0,4200.0,4200.0,4200.0,4130.13623046875,0
2016-07-27,4200.0,4200.0,4200.0,4200.0,4130.13623046875,0
2016-07-28,4200.0,4200.0,4200.0,4200.0,4130.13623046875,0
2016-07-29,4200.0,4200.0,4200.0,4200.0,4130.13623046875,0
2016-08-01,4200.0,4200.0,4200.0,4200.0,4130.13623046875,0
2016-08-02,4200.0,4200.0,4200.0,4200.0,4130.13623046875,0
2016-08-03,4000.0,4000.0,4000.0,4000.0,3933.463134765625,100
2016-08-04,4000.0,4000.0,4000.0,4000.0,3933.463134765625,0
2016-08-05,4000.0,4000.0,4000.0,4000.0,3933.463134765625,0
2016-08-08,4000.0,4000.0,4000.0,4000.0,3933.463134765625,0
2016-08-09,4000.0,4000.0,4000.0,4000.0,3933.463134765625,0
2016-08-10,4000.0,4000.0,4000.0,4000.0,3933.463134765625,0
2016-08-11,4000.0,4000.0,4000.0,4000.0,3933.463134765625,0
2016-08-12,4000.0,4000.0,4000.0,4000.0,3933.463134765625,0
2016-08-15,3450.0,3450.0,3450.0,3450.0,3392.612060546875,100
2016-08-16,3450.0,3450.0,3450.0,3450.0,3392.612060546875,0
2016-08-17,3450.0,3450.0,3450.0,3450.0,3392.612060546875,0
2016-08-18,3450.0,3450.0,3450.0,3450.0,3392.612060546875,0
2016-08-19,3450.0,3450.0,3450.0,3450.0,3392.612060546875,0
2016-08-22,3450.0,3450.0,3450.0,3450.0,3392.612060546875,0
2016-08-23,3450.0,3450.0,3450.0,3450.0,3392.612060546875,0
2016-08-24,3450.0,3450.0,3450.0,3450.0,3392.612060546875,0
2016-08-25,3450.0,3450.0,3450.0,3450.0,3392.612060546875,0
2016-08-26,3450.0,3450.0,3450.0,3450.0,3392.612060546875,0
2016-08-29,3450.0,3450.0,3450.0,3450.0,3392.612060546875,0
2016-08-30,3450.0,3450.0,3450.0,3450.0,3392.612060546875,0
2016-08-31,3450.0,3450.0,3450.0,3450.0,3392.612060546875,0
2016-09-01,3450.0,3450.0,3450.0,3450.0,3392.612060546875,0
2016-09-02,3450.0,3450.0,3450.0,3450.0,3392.612060546875,0
2016-09-06,3450.0,3450.0,3450.0,3450.0,3392.612060546875,0
2016-09-07,3450.0,3450.0,3450.0,3450.0,3392.612060546875,0
2016-09-08,3450.0,3450.0,3450.0,3450.0,3392.612060546875,0
2016-09-09,3450.0,3450.0,3450.0,3450.0,3392.612060546875,0
2016-09-12,3450.0,3450.0,3450.0,3450.0,3392.612060546875,0
2016-09-13,3450.0,3450.0,3450.0,3450.0,3392.612060546875,0
2016-09-14,3450.0,3450.0,3450.0,3450.0,3392.612060546875,0
2016-09-15,3450.0,3450.0,3450.0,3450.0,3392.612060546875,0
2016-09-16,3450.0,3450.0,3450.0,3450.0,3392.612060546875,0
2016-09-19,3450.0,3450.0,3450.0,3450.0,3392.612060546875,0
2016-09-20,3450.0,3450.0,3450.0,3450.0,3392.612060546875,0
2016-09-21,3450.0,3450.0,3450.0,3450.0,3392.612060546875,0
2016-09-22,3450.0,3450.0,3450.0,3450.0,3392.612060546875,0
2016-09-23,3450.0,3450.0,3450.0,3450.0,3392.612060546875,0
2016-09-26,3450.0,3450.0,3450.0,3450.0,3392.612060546875,0
2016-09-27,3450.0,3450.0,3450.0,3450.0,3392.612060546875,0
2016-09-28,3450.0,3450.0,3450.0,3450.0,3392.612060546875,0
2016-09-29,3450.0,3450.0,3450.0,3450.0,3392.612060546875,0
2016-09-30,3450.0,3450.0,3450.0,3450.0,3392.612060546875,0
2016-10-03,3450.0,3450.0,3450.0,3450.0,3392.612060546875,0
2016-10-04,3450.0,3450.0,3450.0,3450.0,3392.612060546875,0
2016-10-05,3450.0,3450.0,3450.0,3450.0,3392.612060546875,0
2016-10-06,3450.0,3450.0,3450.0,3450.0,3392.612060546875,0
2016-10-07,3450.0,3450.0,3450.0,3450.0,3392.612060546875,0
2016-10-10,3450.0,3450.0,3450.0,3450.0,3392.612060546875,0
2016-10-11,3450.0,3450.0,3450.0,3450.0,3392.612060546875,0
2016-10-12,3450.0,3450.0,3450.0,3450.0,3392.612060546875,0
2016-10-13,3450.0,3450.0,3450.0,3450.0,3392.612060546875,0
2016-10-14,3450.0,3450.0,3450.0,3450.0,3392.612060546875,0
2016-10-17,3450.0,3450.0,3450.0,3450.0,3392.612060546875,0
2016-10-18,3450.0,3450.0,3450.0,3450.0,3392.612060546875,0
2016-10-19,3450.0,3450.0,3450.0,3450.0,3392.612060546875,0
2016-10-20,3450.0,3450.0,3450.0,3450.0,3392.612060546875,0
2016-10-21,3450.0,3450.0,3450.0,3450.0,3392.612060546875,0
2016-10-24,3450.0,3450.0,3450.0,3450.0,3392.612060546875,0
2016-10-25,3450.0,3450.0,3450.0,3450.0,3392.612060546875,0
2016-10-26,3450.0,3450.0,3450.0,3450.0,3392.612060546875,0
2016-10-27,3450.0,3450.0,3450.0,3450.0,3392.612060546875,0
2016-10-28,3450.0,3450.0,3450.0,3450.0,3392.612060546875,0
2016-10-31,3450.0,3450.0,3450.0,3450.0,3392.612060546875,0
2016-11-01,3450.0,3450.0,3450.0,3450.0,3392.612060546875,0
2016-11-02,3450.0,3450.0,3450.0,3450.0,3392.612060546875,0
2016-11-03,3450.0,3450.0,3450.0,3450.0,3392.612060546875,0
2016-11-04,3450.0,3450.0,3450.0,3450.0,3392.612060546875,0
2016-11-07,3450.0,3450.0,3450.0,3450.0,3392.612060546875,0
2016-11-08,3450.0,3450.0,3450.0,3450.0,3392.612060546875,0
2016-11-09,3450.0,3450.0,3450.0,3450.0,3392.612060546875,0
2016-11-10,3450.0,3450.0,3450.0,3450.0,3392.612060546875,0
2016-11-11,3450.0,3450.0,3450.0,3450.0,3392.612060546875,0
2016-11-14,3450.0,3450.0,3450.0,3450.0,3392.612060546875,0
2016-11-15,3450.0,3450.0,3450.0,3450.0,3392.612060546875,0
2016-11-16,3450.0,3450.0,3450.0,3450.0,3392.612060546875,0
2016-11-17,3450.0,3450.0,3450.0,3450.0,3392.612060546875,0
2016-11-18,3450.0,3450.0,3450.0,3450.0,3392.612060546875,0
2016-11-21,3450.0,3450.0,3450.0,3450.0,3392.612060546875,0
2016-11-22,3450.0,3450.0,3450.0,3450.0,3392.612060546875,0
2016-11-23,3450.0,3450.0,3450.0,3450.0,3392.612060546875,0
2016-11-25,3700.0,3700.0,3700.0,3700.0,3638.453369140625,100
2016-11-28,3700.0,3700.0,3700.0,3700.0,3638.453369140625,100
2016-11-29,3800.0,3800.0,3800.0,3800.0,3736.7900390625,100
2016-11-30,3800.0,3800.0,3800.0,3800.0,3736.7900390625,0
2016-12-01,3800.0,3800.0,3800.0,3800.0,3736.7900390625,0
2016-12-02,3800.0,3800.0,3800.0,3800.0,3736.7900390625,0
2016-12-05,3800.0,3800.0,3800.0,3800.0,3736.7900390625,0
2016-12-06,3800.0,3800.0,3800.0,3800.0,3736.7900390625,0
2016-12-07,3800.0,3800.0,3800.0,3800.0,3736.7900390625,0
2016-12-08,3800.0,3800.0,3800.0,3800.0,3736.7900390625,0
2016-12-09,3800.0,3800.0,3800.0,3800.0,3736.7900390625,0
2016-12-12,3800.0,3800.0,3800.0,3800.0,3736.7900390625,0
2016-12-13,3800.0,3800.0,3800.0,3800.0,3736.7900390625,0
2016-12-14,3800.0,3800.0,3800.0,3800.0,3736.7900390625,0
2016-12-15,3800.0,3800.0,3800.0,3800.0,3736.7900390625,0
2016-12-16,3850.0,3850.0,3850.0,3850.0,3785.95849609375,0
2016-12-19,3850.0,3850.0,3850.0,3850.0,3785.95849609375,0
2016-12-20,3850.0,3850.0,3850.0,3850.0,3785.95849609375,0
2016-12-21,3850.0,3850.0,3850.0,3850.0,3785.95849609375,0
2016-12-22,3850.0,3850.0,3850.0,3850.0,3785.95849609375,0
2016-12-23,3850.0,3850.0,3850.0,3850.0,3785.95849609375,0
2016-12-27,3850.0,3850.0,3850.0,3850.0,3785.95849609375,0
2016-12-28,3850.0,3850.0,3850.0,3850.0,3785.95849609375,0
2016-12-29,3850.0,3850.0,3850.0,3850.0,3785.95849609375,0
2016-12-30,3850.0,3850.0,3850.0,3850.0,3785.95849609375,0
2017-01-03,3850.0,3850.0,3850.0,3850.0,3785.95849609375,0
2017-01-04,3850.0,3850.0,3850.0,3850.0,3785.95849609375,0
2017-01-05,3850.0,3850.0,3850.0,3850.0,3785.95849609375,0
2017-01-06,3850.0,3850.0,3850.0,3850.0,3785.95849609375,0
2017-01-09,3850.0,3850.0,3850.0,3850.0,3785.95849609375,0
2017-01-10,3850.0,3850.0,3850.0,3850.0,3785.95849609375,0
2017-01-11,3850.0,3850.0,3850.0,3850.0,3785.95849609375,0
2017-01-12,3850.0,3850.0,3850.0,3850.0,3785.95849609375,0
2017-01-13,4000.0,4000.0,4000.0,4000.0,3933.463134765625,100
2017-01-17,4200.0,4900.0,4200.0,4600.0,4523.48291015625,100
2017-01-18,4600.0,4600.0,4600.0,4600.0,4523.48291015625,0
2017-01-19,4600.0,4600.0,4600.0,4600.0,4523.48291015625,0
2017-01-20,4600.0,4600.0,4600.0,4600.0,4523.48291015625,0
2017-01-23,4600.0,4600.0,4600.0,4600.0,4523.48291015625,0
2017-01-24,4600.0,4600.0,4600.0,4600.0,4523.48291015625,0
2017-01-25,4600.0,4600.0,4600.0,4600.0,4523.48291015625,0
2017-01-26,4600.0,4600.0,4600.0,4600.0,4523.48291015625,0
2017-01-27,4600.0,4600.0,4600.0,4600.0,4523.48291015625,100
2017-01-30,4600.0,4600.0,4600.0,4600.0,4523.48291015625,0
2017-01-31,4600.0,4600.0,4600.0,4600.0,4523.48291015625,0
2017-02-01,4600.0,4600.0,4600.0,4600.0,4523.48291015625,0
2017-02-02,4600.0,4600.0,4600.0,4600.0,4523.48291015625,0
2017-02-03,4600.0,4600.0,4600.0,4600.0,4523.48291015625,0
2017-02-06,4600.0,4600.0,4600.0,4600.0,4523.48291015625,0
2017-02-07,4600.0,4600.0,4600.0,4600.0,4523.48291015625,0
2017-02-08,4600.0,4600.0,4600.0,4600.0,4523.48291015625,0
2017-02-09,4600.0,4600.0,4600.0,4600.0,4523.48291015625,0
2017-02-10,4600.0,4600.0,4600.0,4600.0,4523.48291015625,0
2017-02-13,4600.0,4600.0,4600.0,4600.0,4523.48291015625,0
2017-02-14,4600.0,4600.0,4600.0,4600.0,4523.48291015625,0
2017-02-15,4600.0,4600.0,4600.0,4600.0,4523.48291015625,0
2017-02-16,4600.0,4600.0,4600.0,4600.0,4523.48291015625,0
2017-02-17,4600.0,4600.0,4600.0,4600.0,4523.48291015625,0
2017-02-21,4600.0,4600.0,4600.0,4600.0,4523.48291015625,0
2017-02-22,4600.0,4600.0,4600.0,4600.0,4523.48291015625,0
2017-02-23,4600.0,4600.0,4600.0,4600.0,4523.48291015625,0
2017-02-24,4600.0,4600.0,4600.0,4600.0,4523.48291015625,0
2017-02-27,4600.0,4600.0,4600.0,4600.0,4523.48291015625,0
2017-02-28,4600.0,4600.0,4600.0,4600.0,4523.48291015625,0
2017-03-01,4600.0,4600.0,4600.0,4600.0,4523.48291015625,0
2017-03-02,4600.0,4600.0,4600.0,4600.0,4523.48291015625,0
2017-03-03,4600.0,4600.0,4600.0,4600.0,4523.48291015625,0
2017-03-06,4600.0,4600.0,4600.0,4600.0,4523.48291015625,0
2017-03-07,4600.0,4600.0,4600.0,4600.0,4523.48291015625,0
2017-03-08,4600.0,4600.0,4600.0,4600.0,4523.48291015625,0
2017-03-09,4600.0,4600.0,4600.0,4600.0,4523.48291015625,0
2017-03-10,4600.0,4600.0,4600.0,4600.0,4523.48291015625,0
2017-03-13,4600.0,4600.0,4600.0,4600.0,4523.48291015625,0
2017-03-14,4600.0,4600.0,4600.0,4600.0,4523.48291015625,0
2017-03-15,4600.0,4600.0,4600.0,4600.0,4523.48291015625,0
2017-03-16,4600.0,4600.0,4600.0,4600.0,4523.48291015625,0
2017-03-17,4600.0,4600.0,4600.0,4600.0,4523.48291015625,0
2017-03-20,4600.0,4600.0,4600.0,4600.0,4523.48291015625,0
2017-03-21,4250.0,4400.0,4250.0,4400.0,4326.8095703125,100
2017-03-22,4400.0,4400.0,4400.0,4400.0,4326.8095703125,0
2017-03-23,4400.0,4560.0,4400.0,4560.0,4484.14794921875,100
2017-03-24,4560.0,4560.0,4560.0,4560.0,4484.14794921875,0
2017-03-27,4560.0,4560.0,4560.0,4560.0,4484.14794921875,0
2017-03-28,4560.0,4560.0,4560.0,4560.0,4484.14794921875,0
2017-03-29,4560.0,4560.0,4560.0,4560.0,4484.14794921875,0
2017-03-30,4560.0,4560.0,4560.0,4560.0,4484.14794921875,0
2017-03-31,4560.0,4560.0,4560.0,4560.0,4484.14794921875,0
2017-04-03,4560.0,4560.0,4560.0,4560.0,4484.14794921875,0
2017-04-04,4560.0,4560.0,4560.0,4560.0,4484.14794921875,0
2017-04-05,4560.0,4560.0,4560.0,4560.0,4484.14794921875,0
2017-04-06,4560.0,4560.0,4560.0,4560.0,4484.14794921875,0
2017-04-07,4560.0,4560.0,4560.0,4560.0,4484.14794921875,0
2017-04-10,4560.0,4560.0,4560.0,4560.0,4484.14794921875,0
2017-04-11,4560.0,4560.0,4560.0,4560.0,4484.14794921875,0
2017-04-12,4560.0,4560.0,4560.0,4560.0,4484.14794921875,0
2017-04-13,4560.0,4560.0,4560.0,4560.0,4484.14794921875,0
2017-04-17,4560.0,4560.0,4560.0,4560.0,4484.14794921875,0
2017-04-18,4560.0,4560.0,4560.0,4560.0,4484.14794921875,0
2017-04-19,4560.0,4560.0,4560.0,4560.0,4484.14794921875,0
2017-04-20,4560.0,4560.0,4560.0,4560.0,4484.14794921875,0
2017-04-21,4560.0,4560.0,4560.0,4560.0,4484.14794921875,0
2017-04-24,4560.0,4560.0,4560.0,4560.0,4484.14794921875,0
2017-04-25,4560.0,4560.0,4560.0,4560.0,4484.14794921875,0
2017-04-26,4560.0,4560.0,4560.0,4560.0,4484.14794921875,0
2017-04-27,4560.0,4560.0,4560.0,4560.0,4484.14794921875,0
2017-04-28,4560.0,4560.0,4560.0,4560.0,4484.14794921875,0
2017-05-01,4560.0,4560.0,4560.0,4560.0,4484.14794921875,0
2017-05-02,4560.0,4560.0,4560.0,4560.0,4484.14794921875,0
2017-05-03,4560.0,4560.0,4560.0,4560.0,4484.14794921875,0
2017-05-04,4560.0,4560.0,4560.0,4560.0,4484.14794921875,0
2017-05-05,4560.0,4560.0,4560.0,4560.0,4484.14794921875,0
2017-05-08,4560.0,4560.0,4560.0,4560.0,4484.14794921875,0
2017-05-09,4560.0,4560.0,4560.0,4560.0,4484.14794921875,0
2017-05-10,4560.0,4560.0,4560.0,4560.0,4484.14794921875,0
2017-05-11,4560.0,4560.0,4560.0,4560.0,4484.14794921875,0
2017-05-12,4560.0,4560.0,4560.0,4560.0,4484.14794921875,0
2017-05-15,4560.0,4560.0,4560.0,4560.0,4484.14794921875,0
2017-05-16,4560.0,4560.0,4560.0,4560.0,4484.14794921875,0
2017-05-17,4560.0,4560.0,4560.0,4560.0,4484.14794921875,0
2017-05-18,4560.0,4560.0,4560.0,4560.0,4484.14794921875,0
2017-05-19,4560.0,4560.0,4560.0,4560.0,4484.14794921875,0
2017-05-22,4560.0,4560.0,4560.0,4560.0,4484.14794921875,0
2017-05-23,4560.0,4560.0,4560.0,4560.0,4484.14794921875,0
2017-05-24,4560.0,4560.0,4560.0,4560.0,4484.14794921875,0
2017-05-25,4560.0,4560.0,4560.0,4560.0,4484.14794921875,0
2017-05-26,4560.0,4560.0,4560.0,4560.0,4484.14794921875,0
2017-05-30,4560.0,4560.0,4560.0,4560.0,4484.14794921875,0
2017-05-31,4560.0,4560.0,4560.0,4560.0,4484.14794921875,0
2017-06-01,4560.0,4560.0,4560.0,4560.0,4484.14794921875,0
2017-06-02,4560.0,4560.0,4560.0,4560.0,4484.14794921875,0
2017-06-05,4560.0,4560.0,4560.0,4560.0,4484.14794921875,0
2017-06-06,4560.0,4560.0,4560.0,4560.0,4484.14794921875,0
2017-06-07,4560.0,4560.0,4560.0,4560.0,4484.14794921875,0
2017-06-08,4560.0,4560.0,4560.0,4560.0,4484.14794921875,0
2017-06-09,4560.0,4560.0,4560.0,4560.0,4484.14794921875,0
2017-06-12,4560.0,4560.0,4560.0,4560.0,4484.14794921875,0
2017-06-13,4560.0,4560.0,4560.0,4560.0,4484.14794921875,0
2017-06-14,4560.0,4560.0,4560.0,4560.0,4484.14794921875,0
2017-06-15,4560.0,4560.0,4560.0,4560.0,4484.14794921875,0
2017-06-16,4560.0,4560.0,4560.0,4560.0,4484.14794921875,0
2017-06-19,4560.0,4560.0,4560.0,4560.0,4484.14794921875,0
2017-06-20,4560.0,4560.0,4560.0,4560.0,4484.14794921875,0
2017-06-21,4560.0,4560.0,4560.0,4560.0,4484.14794921875,0
2017-06-22,4560.0,4560.0,4560.0,4560.0,4484.14794921875,0
2017-06-23,4560.0,4560.0,4560.0,4560.0,4484.14794921875,0
2017-06-26,4560.0,4560.0,4560.0,4560.0,4484.14794921875,0
2017-06-27,4560.0,4560.0,4560.0,4560.0,4484.14794921875,0
2017-06-28,4560.0,4560.0,4560.0,4560.0,4484.14794921875,0
2017-06-29,4560.0,4560.0,4560.0,4560.0,4484.14794921875,0
2017-06-30,4560.0,4560.0,4560.0,4560.0,4484.14794921875,0
2017-07-03,4560.0,4560.0,4560.0,4560.0,4484.14794921875,0
2017-07-05,4560.0,4560.0,4560.0,4560.0,4484.14794921875,0
2017-07-06,4560.0,4560.0,4560.0,4560.0,4484.14794921875,0
2017-07-07,4560.0,4560.0,4560.0,4560.0,4484.14794921875,0
2017-07-10,4560.0,4560.0,4560.0,4560.0,4484.14794921875,0
2017-07-11,4560.0,4560.0,4560.0,4560.0,4484.14794921875,0
2017-07-12,4560.0,4560.0,4560.0,4560.0,4484.14794921875,0
2017-07-13,4500.0,4500.0,4500.0,4500.0,4425.146484375,0
2017-07-14,4500.0,4500.0,4500.0,4500.0,4425.146484375,0
2017-07-17,4500.0,4500.0,4500.0,4500.0,4425.146484375,0
2017-07-18,4700.0,4700.0,4700.0,4700.0,4621.8193359375,100
2017-07-19,4700.0,4700.0,4700.0,4700.0,4621.8193359375,100
2017-07-20,4700.0,4700.0,4700.0,4700.0,4621.8193359375,0
2017-07-21,4700.0,4700.0,4700.0,4700.0,4621.8193359375,0
2017-07-24,4700.0,4700.0,4700.0,4700.0,4621.8193359375,0
2017-07-25,5000.0,5000.0,5000.0,5000.0,4916.8291015625,100
2017-07-26,5070.0,5080.0,5070.0,5080.0,4995.498046875,100
2017-07-27,5080.0,5080.0,5080.0,5080.0,4995.498046875,0
2017-07-28,5080.0,5080.0,5080.0,5080.0,4995.498046875,0
2017-07-31,5080.0,5080.0,5080.0,5080.0,4995.498046875,0
2017-08-01,5080.0,5080.0,5080.0,5080.0,4995.498046875,0
2017-08-02,5080.0,5080.0,5080.0,5080.0,4995.498046875,0
2017-08-03,5080.0,5080.0,5080.0,5080.0,4995.498046875,0
2017-08-04,5080.0,5080.0,5080.0,5080.0,4995.498046875,0
2017-08-07,5080.0,5080.0,5080.0,5080.0,4995.498046875,0
2017-08-08,5080.0,5080.0,5080.0,5080.0,4995.498046875,0
2017-08-09,5080.0,5080.0,5080.0,5080.0,4995.498046875,0
2017-08-10,5080.0,5080.0,5080.0,5080.0,4995.498046875,0
2017-08-11,5080.0,5080.0,5080.0,5080.0,4995.498046875,0
2017-08-14,5080.0,5080.0,5080.0,5080.0,4995.498046875,0
2017-08-15,5250.0,5250.0,5250.0,5250.0,5162.67041015625,0
2017-08-16,5250.0,5250.0,5250.0,5250.0,5162.67041015625,0
2017-08-17,5250.0,5250.0,5250.0,5250.0,5162.67041015625,0
2017-08-18,5250.0,5250.0,5250.0,5250.0,5162.67041015625,0
2017-08-21,5250.0,5250.0,5250.0,5250.0,5162.67041015625,0
2017-08-22,5250.0,5250.0,5250.0,5250.0,5162.67041015625,0
2017-08-23,5250.0,5250.0,5250.0,5250.0,5162.67041015625,0
2017-08-24,5250.0,5250.0,5250.0,5250.0,5162.67041015625,0
2017-08-25,5250.0,5250.0,5250.0,5250.0,5162.67041015625,0
2017-08-28,5250.0,5250.0,5250.0,5250.0,5162.67041015625,0
2017-08-29,5250.0,5250.0,5250.0,5250.0,5162.67041015625,0
2017-08-30,5250.0,5250.0,5250.0,5250.0,5162.67041015625,0
2017-08-31,5250.0,5250.0,5250.0,5250.0,5162.67041015625,0
2017-09-01,5250.0,5250.0,5250.0,5250.0,5162.67041015625,0
2017-09-05,5250.0,5250.0,5250.0,5250.0,5162.67041015625,0
2017-09-06,5250.0,5250.0,5250.0,5250.0,5162.67041015625,0
2017-09-07,5250.0,5250.0,5250.0,5250.0,5162.67041015625,0
2017-09-08,5250.0,5250.0,5250.0,5250.0,5162.67041015625,0
2017-09-11,5250.0,5250.0,5250.0,5250.0,5162.67041015625,0
2017-09-12,5250.0,5250.0,5250.0,5250.0,5162.67041015625,0
2017-09-13,5250.0,5250.0,5250.0,5250.0,5162.67041015625,0
2017-09-14,5250.0,5250.0,5250.0,5250.0,5162.67041015625,0
2017-09-15,5250.0,5250.0,5250.0,5250.0,5162.67041015625,0
2017-09-18,5250.0,5250.0,5250.0,5250.0,5162.67041015625,0
2017-09-19,5250.0,5250.0,5250.0,5250.0,5162.67041015625,0
2017-09-20,5250.0,5250.0,5250.0,5250.0,5162.67041015625,0
2017-09-21,5250.0,5250.0,5250.0,5250.0,5162.67041015625,0
2017-09-22,5250.0,5250.0,5250.0,5250.0,5162.67041015625,0
2017-09-25,5250.0,5250.0,5250.0,5250.0,5162.67041015625,0
2017-09-26,5250.0,5250.0,5250.0,5250.0,5162.67041015625,0
2017-09-27,5250.0,5250.0,5250.0,5250.0,5162.67041015625,0
2017-09-28,5250.0,5250.0,5250.0,5250.0,5162.67041015625,0
2017-09-29,5250.0,5250.0,5250.0,5250.0,5162.67041015625,0
2017-10-02,5250.0,5250.0,5250.0,5250.0,5162.67041015625,0
2017-10-03,5250.0,5250.0,5250.0,5250.0,5162.67041015625,0
2017-10-04,5250.0,5250.0,5250.0,5250.0,5162.67041015625,0
2017-10-05,5700.0,5700.0,5700.0,5700.0,5605.18505859375,100
2017-10-06,5700.0,5700.0,5700.0,5700.0,5605.18505859375,0
2017-10-09,5700.0,5700.0,5700.0,5700.0,5605.18505859375,0
2017-10-10,5700.0,5700.0,5700.0,5700.0,5605.18505859375,0
2017-10-11,5700.0,5700.0,5700.0,5700.0,5605.18505859375,0
2017-10-12,5700.0,5700.0,5700.0,5700.0,5605.18505859375,0
2017-10-13,5700.0,5700.0,5700.0,5700.0,5605.18505859375,0
2017-10-16,5700.0,5700.0,5700.0,5700.0,5605.18505859375,0
2017-10-17,5700.0,5700.0,5700.0,5700.0,5605.18505859375,0
2017-10-18,5700.0,5700.0,5700.0,5700.0,5605.18505859375,0
2017-10-19,5700.0,5700.0,5700.0,5700.0,5605.18505859375,0
2017-10-20,5700.0,5700.0,5700.0,5700.0,5605.18505859375,0
2017-10-23,5700.0,5700.0,5700.0,5700.0,5605.18505859375,0
2017-10-24,5700.0,5700.0,5700.0,5700.0,5605.18505859375,0
2017-10-25,5700.0,5700.0,5700.0,5700.0,5605.18505859375,0
2017-10-26,5700.0,5700.0,5700.0,5700.0,5605.18505859375,0
2017-10-27,5700.0,5700.0,5700.0,5700.0,5605.18505859375,0
2017-10-30,5700.0,5700.0,5700.0,5700.0,5605.18505859375,0
2017-10-31,5700.0,5700.0,5700.0,5700.0,5605.18505859375,0
2017-11-01,5700.0,5700.0,5700.0,5700.0,5605.18505859375,0
2017-11-02,5700.0,5700.0,5700.0,5700.0,5605.18505859375,0
2017-11-03,5700.0,5700.0,5700.0,5700.0,5605.18505859375,0
2017-11-06,5700.0,5700.0,5700.0,5700.0,5605.18505859375,0
2017-11-07,6200.0,6200.0,6200.0,6200.0,6096.86767578125,100
2017-11-08,6200.0,6200.0,6200.0,6200.0,6096.86767578125,0
2017-11-09,6200.0,6200.0,6200.0,6200.0,6096.86767578125,0
2017-11-10,6200.0,6200.0,6200.0,6200.0,6096.86767578125,0
2017-11-13,6200.0,6200.0,6200.0,6200.0,6096.86767578125,0
2017-11-14,6200.0,6200.0,6200.0,6200.0,6096.86767578125,0
2017-11-15,6200.0,6200.0,6200.0,6200.0,6096.86767578125,0
2017-11-16,6200.0,6200.0,6200.0,6200.0,6096.86767578125,0
2017-11-17,6200.0,6200.0,6200.0,6200.0,6096.86767578125,0
2017-11-20,6200.0,6200.0,6200.0,6200.0,6096.86767578125,0
2017-11-21,6200.0,6200.0,6200.0,6200.0,6096.86767578125,0
2017-11-22,6200.0,6200.0,6200.0,6200.0,6096.86767578125,0
2017-11-24,6200.0,6200.0,6200.0,6200.0,6096.86767578125,0
2017-11-27,6200.0,6200.0,6200.0,6200.0,6096.86767578125,0
2017-11-28,6200.0,6200.0,6200.0,6200.0,6096.86767578125,0
2017-11-29,6200.0,6200.0,6200.0,6200.0,6096.86767578125,0
2017-11-30,6200.0,6200.0,6200.0,6200.0,6096.86767578125,0
2017-12-01,6200.0,6200.0,6200.0,6200.0,6096.86767578125,0
2017-12-04,6200.0,6200.0,6200.0,6200.0,6096.86767578125,0
2017-12-05,6200.0,6200.0,6200.0,6200.0,6096.86767578125,0
2017-12-06,6200.0,6200.0,6200.0,6200.0,6096.86767578125,0
2017-12-07,6200.0,6200.0,6200.0,6200.0,6096.86767578125,0
2017-12-08,6200.0,6200.0,6200.0,6200.0,6096.86767578125,0
2017-12-11,6200.0,6200.0,6200.0,6200.0,6096.86767578125,0
2017-12-12,6200.0,6200.0,6200.0,6200.0,6096.86767578125,0
2017-12-13,6200.0,6200.0,6200.0,6200.0,6096.86767578125,0
2017-12-14,6200.0,6200.0,6200.0,6200.0,6096.86767578125,0
2017-12-15,6200.0,6200.0,6200.0,6200.0,6096.86767578125,0
2017-12-18,6200.0,6200.0,6200.0,6200.0,6096.86767578125,0
2017-12-19,6200.0,6200.0,6200.0,6200.0,6096.86767578125,0
2017-12-20,6200.0,6200.0,6200.0,6200.0,6096.86767578125,0
2017-12-21,6200.0,6200.0,6200.0,6200.0,6096.86767578125,0
2017-12-22,6200.0,6200.0,6200.0,6200.0,6096.86767578125,0
2017-12-26,6200.0,6200.0,6200.0,6200.0,6096.86767578125,0
2017-12-27,6200.0,6200.0,6200.0,6200.0,6096.86767578125,0
2017-12-28,6200.0,6200.0,6200.0,6200.0,6096.86767578125,0
2017-12-29,6200.0,6200.0,6200.0,6200.0,6096.86767578125,0
2018-01-02,6200.0,6200.0,6200.0,6200.0,6096.86767578125,0
2018-01-03,6200.0,6200.0,6200.0,6200.0,6096.86767578125,0
2018-01-04,6200.0,6200.0,6200.0,6200.0,6096.86767578125,0
2018-01-05,6200.0,6200.0,6200.0,6200.0,6096.86767578125,0
2018-01-08,6200.0,6200.0,6200.0,6200.0,6096.86767578125,0
2018-01-09,6200.0,6200.0,6200.0,6200.0,6096.86767578125,0
2018-01-10,6200.0,6200.0,6200.0,6200.0,6096.86767578125,0
2018-01-11,6200.0,6200.0,6200.0,6200.0,6096.86767578125,0
2018-01-12,6200.0,6200.0,6200.0,6200.0,6096.86767578125,0
2018-01-16,6200.0,6200.0,6200.0,6200.0,6096.86767578125,0
2018-01-17,6200.0,6200.0,6200.0,6200.0,6096.86767578125,0
2018-01-18,6200.0,6200.0,6200.0,6200.0,6096.86767578125,0
2018-01-19,6200.0,6200.0,6200.0,6200.0,6096.86767578125,0
2018-01-22,6200.0,6200.0,6200.0,6200.0,6096.86767578125,0
2018-01-23,6200.0,6200.0,6200.0,6200.0,6096.86767578125,0
2018-01-24,6200.0,6200.0,6200.0,6200.0,6096.86767578125,0
2018-01-25,6200.0,6200.0,6200.0,6200.0,6096.86767578125,0
2018-01-26,6200.0,6200.0,6200.0,6200.0,6096.86767578125,0
2018-01-29,6200.0,6200.0,6200.0,6200.0,6096.86767578125,0
2018-01-30,6200.0,6200.0,6200.0,6200.0,6096.86767578125,0
2018-01-31,6200.0,6200.0,6200.0,6200.0,6096.86767578125,0
2018-02-01,6200.0,6200.0,6200.0,6200.0,6096.86767578125,0
2018-02-02,6500.0,6500.0,6500.0,6500.0,6391.8779296875,100
2018-02-05,6500.0,6500.0,6500.0,6500.0,6391.8779296875,0
2018-02-06,6500.0,6500.0,6500.0,6500.0,6391.8779296875,0
2018-02-07,6500.0,6500.0,6500.0,6500.0,6391.8779296875,0
2018-02-08,6500.0,6500.0,6500.0,6500.0,6391.8779296875,0
2018-02-09,6500.0,6500.0,6500.0,6500.0,6391.8779296875,0
2018-02-12,6500.0,6500.0,6500.0,6500.0,6391.8779296875,0
2018-02-13,6500.0,6500.0,6500.0,6500.0,6391.8779296875,0
2018-02-14,6500.0,6500.0,6500.0,6500.0,6391.8779296875,0
2018-02-15,6500.0,6500.0,6500.0,6500.0,6391.8779296875,0
2018-02-16,6500.0,6500.0,6500.0,6500.0,6391.8779296875,0
2018-02-20,6500.0,6500.0,6500.0,6500.0,6391.8779296875,0
2018-02-21,6500.0,6500.0,6500.0,6500.0,6391.8779296875,0
2018-02-22,6500.0,6500.0,6500.0,6500.0,6391.8779296875,0
2018-02-23,6500.0,6500.0,6500.0,6500.0,6391.8779296875,0
2018-02-26,6500.0,6500.0,6500.0,6500.0,6391.8779296875,0
2018-02-27,6500.0,6500.0,6500.0,6500.0,6391.8779296875,0
2018-02-28,6500.0,6500.0,6500.0,6500.0,6391.8779296875,0
2018-03-01,6500.0,6500.0,6500.0,6500.0,6391.8779296875,0
2018-03-02,6500.0,6500.0,6500.0,6500.0,6391.8779296875,0
2018-03-05,6500.0,6500.0,6500.0,6500.0,6391.8779296875,0
2018-03-06,6500.0,6500.0,6500.0,6500.0,6391.8779296875,0
2018-03-07,6500.0,6500.0,6500.0,6500.0,6391.8779296875,0
2018-03-08,6500.0,6500.0,6500.0,6500.0,6391.8779296875,0
2018-03-09,6500.0,6500.0,6500.0,6500.0,6391.8779296875,0
2018-03-12,6500.0,6500.0,6500.0,6500.0,6391.8779296875,0
2018-03-13,6500.0,6500.0,6500.0,6500.0,6391.8779296875,0
2018-03-14,6500.0,6500.0,6500.0,6500.0,6391.8779296875,0
2018-03-15,6500.0,6500.0,6500.0,6500.0,6391.8779296875,0
2018-03-16,6500.0,6500.0,6500.0,6500.0,6391.8779296875,0
2018-03-19,6500.0,6500.0,6500.0,6500.0,6391.8779296875,0
2018-03-20,6500.0,6500.0,6500.0,6500.0,6391.8779296875,0
2018-03-21,6500.0,6500.0,6500.0,6500.0,6391.8779296875,0
2018-03-22,6500.0,6500.0,6500.0,6500.0,6391.8779296875,0
2018-03-23,6500.0,6500.0,6500.0,6500.0,6391.8779296875,0
2018-03-26,6500.0,6500.0,6500.0,6500.0,6391.8779296875,0
2018-03-27,6500.0,6500.0,6500.0,6500.0,6391.8779296875,0
2018-03-28,6500.0,6500.0,6500.0,6500.0,6391.8779296875,0
2018-03-29,6500.0,6500.0,6500.0,6500.0,6391.8779296875,0
2018-04-02,6500.0,6500.0,6500.0,6500.0,6391.8779296875,0
2018-04-03,6500.0,6500.0,6500.0,6500.0,6391.8779296875,0
2018-04-04,6500.0,6500.0,6500.0,6500.0,6391.8779296875,0
2018-04-05,6500.0,6500.0,6500.0,6500.0,6391.8779296875,0
2018-04-06,6500.0,6500.0,6500.0,6500.0,6391.8779296875,0
2018-04-09,6500.0,6500.0,6500.0,6500.0,6391.8779296875,0
2018-04-10,6500.0,6500.0,6500.0,6500.0,6391.8779296875,0
2018-04-11,6500.0,6500.0,6500.0,6500.0,6391.8779296875,0
2018-04-12,6500.0,6500.0,6500.0,6500.0,6391.8779296875,0
2018-04-13,6500.0,6500.0,6500.0,6500.0,6391.8779296875,0
2018-04-16,6500.0,6500.0,6500.0,6500.0,6391.8779296875,0
2018-04-17,6500.0,6500.0,6500.0,6500.0,6391.8779296875,0
2018-04-18,6500.0,6500.0,6500.0,6500.0,6391.8779296875,0
2018-04-19,6500.0,6500.0,6500.0,6500.0,6391.8779296875,0
2018-04-20,6500.0,6500.0,6500.0,6500.0,6391.8779296875,0
2018-04-23,6500.0,6500.0,6500.0,6500.0,6391.8779296875,0
2018-04-24,6500.0,6500.0,6500.0,6500.0,6391.8779296875,0
2018-04-25,6500.0,6500.0,6500.0,6500.0,6391.8779296875,0
2018-04-26,6500.0,6500.0,6500.0,6500.0,6391.8779296875,0
2018-04-27,6500.0,6500.0,6500.0,6500.0,6391.8779296875,0
2018-04-30,6500.0,6500.0,6500.0,6500.0,6391.8779296875,0
2018-05-01,6500.0,6500.0,6500.0,6500.0,6391.8779296875,0
2018-05-02,6500.0,6500.0,6500.0,6500.0,6391.8779296875,0
2018-05-03,6500.0,6500.0,6500.0,6500.0,6391.8779296875,0
2018-05-04,6500.0,6500.0,6500.0,6500.0,6391.8779296875,0
2018-05-07,6500.0,6500.0,6500.0,6500.0,6391.8779296875,0
2018-05-08,6500.0,6500.0,6500.0,6500.0,6391.8779296875,0
2018-05-09,6500.0,6500.0,6500.0,6500.0,6391.8779296875,0
2018-05-10,6500.0,6500.0,6500.0,6500.0,6391.8779296875,0
2018-05-11,6500.0,6500.0,6500.0,6500.0,6391.8779296875,0
2018-05-14,6500.0,6500.0,6500.0,6500.0,6391.8779296875,0
2018-05-15,6500.0,6500.0,6500.0,6500.0,6391.8779296875,0
2018-05-16,6500.0,6500.0,6500.0,6500.0,6391.8779296875,0
2018-05-17,6500.0,6500.0,6500.0,6500.0,6391.8779296875,0
2018-05-18,6500.0,6500.0,6500.0,6500.0,6391.8779296875,0
2018-05-21,6500.0,6500.0,6500.0,6500.0,6391.8779296875,0
2018-05-22,6500.0,6500.0,6500.0,6500.0,6391.8779296875,0
2018-05-23,7000.0,7000.0,7000.0,7000.0,6883.56103515625,0
2018-05-24,7000.0,7000.0,7000.0,7000.0,6883.56103515625,0
2018-05-25,7000.0,7000.0,7000.0,7000.0,6883.56103515625,0
2018-05-29,7000.0,7000.0,7000.0,7000.0,6883.56103515625,0
2018-05-30,7000.0,7000.0,7000.0,7000.0,6883.56103515625,0
2018-05-31,7000.0,7000.0,7000.0,7000.0,6883.56103515625,0
2018-06-01,7000.0,7000.0,7000.0,7000.0,6883.56103515625,0
2018-06-04,7000.0,7000.0,7000.0,7000.0,6883.56103515625,0
2018-06-05,7000.0,7000.0,7000.0,7000.0,6883.56103515625,0
2018-06-06,7000.0,7000.0,7000.0,7000.0,6883.56103515625,0
2018-06-07,7000.0,7000.0,7000.0,7000.0,6883.56103515625,0
2018-06-08,7000.0,7000.0,7000.0,7000.0,6883.56103515625,0
2018-06-11,7000.0,7000.0,7000.0,7000.0,6883.56103515625,0
2018-06-12,7000.0,7000.0,7000.0,7000.0,6883.56103515625,0
2018-06-13,7000.0,7000.0,7000.0,7000.0,6883.56103515625,0
2018-06-14,7000.0,7000.0,7000.0,7000.0,6883.56103515625,0
2018-06-15,7000.0,7000.0,7000.0,7000.0,6883.56103515625,0
2018-06-18,7000.0,7000.0,7000.0,7000.0,6883.56103515625,0
2018-06-19,7000.0,7000.0,7000.0,7000.0,6883.56103515625,0
2018-06-20,7000.0,7000.0,7000.0,7000.0,6883.56103515625,0
2018-06-21,7000.0,7000.0,7000.0,7000.0,6883.56103515625,0
2018-06-22,7000.0,7000.0,7000.0,7000.0,6883.56103515625,0
2018-06-25,7000.0,7000.0,7000.0,7000.0,6883.56103515625,0
2018-06-26,7000.0,7000.0,7000.0,7000.0,6883.56103515625,0
2018-06-27,7000.0,7000.0,7000.0,7000.0,6883.56103515625,0
2018-06-28,7000.0,7000.0,7000.0,7000.0,6883.56103515625,0
2018-06-29,7000.0,7000.0,7000.0,7000.0,6883.56103515625,0
2018-07-02,7000.0,7000.0,7000.0,7000.0,6883.56103515625,0
2018-07-03,7000.0,7000.0,7000.0,7000.0,6883.56103515625,0
2018-07-05,7000.0,7000.0,7000.0,7000.0,6883.56103515625,0
2018-07-06,7000.0,7000.0,7000.0,7000.0,6883.56103515625,0
2018-07-09,7000.0,7000.0,7000.0,7000.0,6883.56103515625,0
2018-07-10,7000.0,7000.0,7000.0,7000.0,6883.56103515625,0
2018-07-11,7000.0,7000.0,7000.0,7000.0,6883.56103515625,0
2018-07-12,7000.0,7000.0,7000.0,7000.0,6883.56103515625,0
2018-07-13,7000.0,7000.0,7000.0,7000.0,6883.56103515625,0
2018-07-16,7000.0,7000.0,7000.0,7000.0,6883.56103515625,0
2018-07-17,7000.0,7000.0,7000.0,7000.0,6883.56103515625,0
2018-07-18,7000.0,7000.0,7000.0,7000.0,6883.56103515625,0
2018-07-19,7000.0,7000.0,7000.0,7000.0,6883.56103515625,0
2018-07-20,7000.0,7000.0,7000.0,7000.0,6883.56103515625,0
2018-07-23,7000.0,7000.0,7000.0,7000.0,6883.56103515625,0
2018-07-24,7000.0,7000.0,7000.0,7000.0,6883.56103515625,0
2018-07-25,7000.0,7000.0,7000.0,7000.0,6883.56103515625,0
2018-07-26,7000.0,7000.0,7000.0,7000.0,6883.56103515625,0
2018-07-27,7000.0,7000.0,7000.0,7000.0,6883.56103515625,0
2018-07-30,7000.0,7000.0,7000.0,7000.0,6883.56103515625,0
2018-07-31,7000.0,7000.0,7000.0,7000.0,6883.56103515625,0
2018-08-01,7000.0,7000.0,7000.0,7000.0,6883.56103515625,0
2018-08-02,7000.0,7000.0,7000.0,7000.0,6883.56103515625,0
2018-08-03,7000.0,7000.0,7000.0,7000.0,6883.56103515625,0
2018-08-06,7000.0,7000.0,7000.0,7000.0,6883.56103515625,0
2018-08-07,7000.0,7000.0,7000.0,7000.0,6883.56103515625,0
2018-08-08,7000.0,7000.0,7000.0,7000.0,6883.56103515625,0
2018-08-09,7000.0,7000.0,7000.0,7000.0,6883.56103515625,0
2018-08-10,7000.0,7000.0,7000.0,7000.0,6883.56103515625,0
2018-08-13,7000.0,7000.0,7000.0,7000.0,6883.56103515625,0
2018-08-14,7000.0,7000.0,7000.0,7000.0,6883.56103515625,0
2018-08-15,7000.0,7000.0,7000.0,7000.0,6883.56103515625,0
2018-08-16,7000.0,7000.0,7000.0,7000.0,6883.56103515625,0
2018-08-17,7000.0,7000.0,7000.0,7000.0,6883.56103515625,0
2018-08-20,9000.0,9000.0,9000.0,9000.0,8850.29296875,100
2018-08-21,9000.0,9000.0,9000.0,9000.0,8850.29296875,0
2018-08-22,9000.0,9000.0,9000.0,9000.0,8850.29296875,0
2018-08-23,9000.0,9000.0,9000.0,9000.0,8850.29296875,0
2018-08-24,9000.0,9000.0,9000.0,9000.0,8850.29296875,0
2018-08-27,9000.0,9000.0,9000.0,9000.0,8850.29296875,0
2018-08-28,9000.0,9000.0,9000.0,9000.0,8850.29296875,0
2018-08-29,9000.0,9000.0,9000.0,9000.0,8850.29296875,0
2018-08-30,9000.0,9000.0,9000.0,9000.0,8850.29296875,0
2018-08-31,9000.0,9000.0,9000.0,9000.0,8850.29296875,0
2018-09-04,9000.0,9000.0,9000.0,9000.0,8850.29296875,0
2018-09-05,9000.0,9000.0,9000.0,9000.0,8850.29296875,0
2018-09-06,9000.0,9000.0,9000.0,9000.0,8850.29296875,0
2018-09-07,9000.0,9000.0,9000.0,9000.0,8850.29296875,0
2018-09-10,9000.0,9000.0,9000.0,9000.0,8850.29296875,0
2018-09-11,9000.0,9000.0,9000.0,9000.0,8850.29296875,0
2018-09-12,9000.0,9000.0,9000.0,9000.0,8850.29296875,0
2018-09-13,9000.0,9000.0,9000.0,9000.0,8850.29296875,0
2018-09-14,9000.0,9000.0,9000.0,9000.0,8850.29296875,0
2018-09-17,9000.0,9000.0,9000.0,9000.0,8850.29296875,0
2018-09-18,9000.0,9000.0,9000.0,9000.0,8850.29296875,0
2018-09-19,9000.0,9000.0,9000.0,9000.0,8850.29296875,0
2018-09-20,9000.0,9000.0,9000.0,9000.0,8850.29296875,0
2018-09-21,9000.0,9000.0,9000.0,9000.0,8850.29296875,0
2018-09-24,9000.0,9000.0,9000.0,9000.0,8850.29296875,0
2018-09-25,9000.0,9000.0,9000.0,9000.0,8850.29296875,0
2018-09-26,9000.0,9000.0,9000.0,9000.0,8850.29296875,0
2018-09-27,9000.0,9000.0,9000.0,9000.0,8850.29296875,0
2018-09-28,9000.0,9000.0,9000.0,9000.0,8850.29296875,0
2018-10-01,9000.0,9000.0,9000.0,9000.0,8850.29296875,0
2018-10-02,9000.0,9000.0,9000.0,9000.0,8850.29296875,0
2018-10-03,9000.0,9000.0,9000.0,9000.0,8850.29296875,0
2018-10-04,9000.0,9000.0,9000.0,9000.0,8850.29296875,0
2018-10-05,9000.0,9000.0,9000.0,9000.0,8850.29296875,0
2018-10-08,9000.0,9000.0,9000.0,9000.0,8850.29296875,0
2018-10-09,9000.0,9000.0,9000.0,9000.0,8850.29296875,0
2018-10-10,9600.25,9600.25,9600.25,9600.25,9440.55859375,0
2018-10-11,9600.25,9600.25,9600.25,9600.25,9440.55859375,0
2018-10-12,9600.25,9600.25,9600.25,9600.25,9440.55859375,0
2018-10-15,9600.25,9600.25,9600.25,9600.25,9440.55859375,0
2018-10-16,9000.0,9000.0,9000.0,9000.0,8850.29296875,100
2018-10-17,9000.0,9000.0,9000.0,9000.0,8850.29296875,0
2018-10-18,9000.0,9000.0,9000.0,9000.0,8850.29296875,0
2018-10-19,9000.0,9000.0,9000.0,9000.0,8850.29296875,0
2018-10-22,9000.0,9000.0,9000.0,9000.0,8850.29296875,0
2018-10-23,9000.0,9000.0,9000.0,9000.0,8850.29296875,0
2018-10-24,9000.0,9000.0,9000.0,9000.0,8850.29296875,0
2018-10-25,9000.0,9000.0,9000.0,9000.0,8850.29296875,0
2018-10-26,9000.0,9000.0,9000.0,9000.0,8850.29296875,0
2018-10-29,9000.0,9000.0,9000.0,9000.0,8850.29296875,0
2018-10-30,9000.0,9000.0,9000.0,9000.0,8850.29296875,0
2018-10-31,9000.0,9000.0,9000.0,9000.0,8850.29296875,0
2018-11-01,9000.0,9000.0,9000.0,9000.0,8850.29296875,0
2018-11-02,9000.0,9000.0,9000.0,9000.0,8850.29296875,0
2018-11-05,9000.0,9000.0,9000.0,9000.0,8850.29296875,0
2018-11-06,9000.0,9000.0,9000.0,9000.0,8850.29296875,0
2018-11-07,8500.0,8500.0,8500.0,8500.0,8358.609375,100
2018-11-08,8500.0,8500.0,8500.0,8500.0,8358.609375,0
2018-11-09,8500.0,8500.0,8500.0,8500.0,8358.609375,0
2018-11-12,8500.0,8500.0,8500.0,8500.0,8358.609375,0
2018-11-13,8500.0,8500.0,8500.0,8500.0,8358.609375,100
2018-11-14,8500.0,8500.0,8500.0,8500.0,8358.609375,100
2018-11-15,8500.0,8500.0,8500.0,8500.0,8358.609375,0
2018-11-16,8500.0,8500.0,8500.0,8500.0,8358.609375,0
2018-11-19,8500.0,8500.0,8500.0,8500.0,8358.609375,0
2018-11-20,8500.0,8500.0,8500.0,8500.0,8358.609375,0
2018-11-21,8500.0,8500.0,8500.0,8500.0,8358.609375,0
2018-11-23,8500.0,8500.0,8500.0,8500.0,8358.609375,0
2018-11-26,8500.0,8500.0,8500.0,8500.0,8358.609375,0
2018-11-27,8500.0,8500.0,8500.0,8500.0,8358.609375,0
2018-11-28,8500.0,8500.0,8500.0,8500.0,8358.609375,0
2018-11-29,8500.0,8500.0,8500.0,8500.0,8358.609375,0
2018-11-30,8500.0,8500.0,8500.0,8500.0,8358.609375,0
2018-12-03,8500.0,8500.0,8500.0,8500.0,8358.609375,0
2018-12-04,8500.0,8500.0,8500.0,8500.0,8358.609375,0
2018-12-06,8500.0,8500.0,8500.0,8500.0,8358.609375,0
2018-12-07,8500.0,8500.0,8500.0,8500.0,8358.609375,0
2018-12-10,8500.0,8500.0,8500.0,8500.0,8358.609375,0
2018-12-11,8500.0,8500.0,8500.0,8500.0,8358.609375,0
2018-12-12,8500.0,8500.0,8500.0,8500.0,8358.609375,100
2018-12-13,8500.0,8500.0,8500.0,8500.0,8358.609375,0
2018-12-14,8500.0,8500.0,8500.0,8500.0,8358.609375,0
2018-12-17,8500.0,8500.0,8500.0,8500.0,8358.609375,0
2018-12-18,8500.0,8500.0,8500.0,8500.0,8358.609375,0
2018-12-19,8500.0,8500.0,8500.0,8500.0,8358.609375,0
2018-12-20,8500.0,8500.0,8500.0,8500.0,8358.609375,0
2018-12-21,8500.0,8500.0,8500.0,8500.0,8358.609375,0
2018-12-24,8500.0,8500.0,8500.0,8500.0,8358.609375,0
2018-12-26,8500.0,8500.0,8500.0,8500.0,8358.609375,0
2018-12-27,8500.0,8500.0,8500.0,8500.0,8358.609375,0
2018-12-28,8500.0,8500.0,8500.0,8500.0,8358.609375,0
2018-12-31,8500.0,8500.0,8500.0,8500.0,8358.609375,0
2019-01-02,8500.0,8500.0,8500.0,8500.0,8358.609375,0
2019-01-03,8500.0,8500.0,8500.0,8500.0,8358.609375,0
2019-01-04,8500.0,8500.0,8500.0,8500.0,8358.609375,0
2019-01-07,8500.0,8500.0,8500.0,8500.0,8358.609375,0
2019-01-08,8500.0,8500.0,8500.0,8500.0,8358.609375,0
2019-01-09,8500.0,8500.0,8500.0,8500.0,8358.609375,0
2019-01-10,8500.0,8500.0,8500.0,8500.0,8358.609375,0
2019-01-11,8500.0,8500.0,8500.0,8500.0,8358.609375,0
2019-01-14,8500.0,8500.0,8500.0,8500.0,8358.609375,0
2019-01-15,8500.0,8500.0,8500.0,8500.0,8358.609375,0
2019-01-16,8500.0,8500.0,8500.0,8500.0,8358.609375,0
2019-01-17,8500.0,8500.0,8500.0,8500.0,8358.609375,0
2019-01-18,7000.0,7250.0,7000.0,7250.0,7129.40185546875,100
2019-01-22,7250.0,7250.0,7250.0,7250.0,7129.40185546875,0
2019-01-23,7250.0,7250.0,7250.0,7250.0,7129.40185546875,0
2019-01-24,7250.0,7250.0,7100.0,7250.0,7129.40185546875,100
2019-01-25,7250.0,7250.0,7250.0,7250.0,7129.40185546875,0
2019-01-28,7250.0,7250.0,7250.0,7250.0,7129.40185546875,0
2019-01-29,7250.0,7250.0,7100.0,7175.0,7055.64990234375,100
2019-01-30,7175.0,7175.0,7175.0,7175.0,7055.64990234375,0
2019-01-31,7400.0,7400.0,7100.0,7100.0,6981.8974609375,100
2019-02-01,7250.0,7400.0,7250.0,7250.0,7129.40185546875,100
2019-02-04,7400.0,7400.0,7325.0,7325.0,7203.15478515625,100
2019-02-05,7325.0,7325.0,7325.0,7325.0,7203.15478515625,0
2019-02-06,7250.0,7275.0,7250.0,7275.0,7153.986328125,100
2019-02-07,7275.0,7275.0,7275.0,7275.0,7153.986328125,0
2019-02-08,7275.0,7275.0,7275.0,7275.0,7153.986328125,0
2019-02-11,7275.0,7275.0,7275.0,7275.0,7153.986328125,0
2019-02-12,7275.0,7275.0,7275.0,7275.0,7153.986328125,0
2019-02-13,7340.0,7375.0,7340.0,7375.0,7252.3232421875,100
2019-02-14,7375.0,7375.0,7375.0,7375.0,7252.3232421875,0
2019-02-15,7375.0,7375.0,7375.0,7375.0,7252.3232421875,0
2019-02-19,7375.0,7375.0,7375.0,7375.0,7252.3232421875,0
2019-02-20,7375.0,7375.0,7375.0,7375.0,7252.3232421875,0
2019-02-21,7375.0,7375.0,7375.0,7375.0,7252.3232421875,0
2019-02-22,7375.0,7375.0,7375.0,7375.0,7252.3232421875,0
2019-02-25,7350.0,7375.0,7350.0,7375.0,7252.3232421875,100
2019-02-26,7375.0,7375.0,7375.0,7375.0,7252.3232421875,0
2019-02-27,7375.0,7375.0,7375.0,7375.0,7252.3232421875,0
2019-02-28,7375.0,7375.0,7375.0,7375.0,7252.3232421875,0
2019-03-01,7375.0,7375.0,7375.0,7375.0,7252.3232421875,0
2019-03-04,7375.0,7375.0,7375.0,7375.0,7252.3232421875,0
2019-03-05,7375.0,7375.0,7375.0,7375.0,7252.3232421875,0
2019-03-06,7375.0,7375.0,7375.0,7375.0,7252.3232421875,0
2019-03-07,7375.0,7375.0,7375.0,7375.0,7252.3232421875,0
2019-03-08,7375.0,7375.0,7375.0,7375.0,7252.3232421875,0
2019-03-11,7350.0,7375.0,7350.0,7375.0,7252.3232421875,100
2019-03-12,7375.0,7375.0,7375.0,7375.0,7252.3232421875,0
2019-03-13,7375.0,7375.0,7375.0,7375.0,7252.3232421875,0
2019-03-14,7375.0,7375.0,7375.0,7375.0,7252.3232421875,0
2019-03-15,7350.0,7375.0,7350.0,7375.0,7252.3232421875,100
2019-03-18,7375.0,7375.0,7375.0,7375.0,7252.3232421875,0
2019-03-19,7375.0,7375.0,7375.0,7375.0,7252.3232421875,0
2019-03-20,7375.0,7375.0,7375.0,7375.0,7252.3232421875,0
2019-03-21,7375.0,7375.0,7375.0,7375.0,7252.3232421875,0
2019-03-22,7375.0,7375.0,7375.0,7375.0,7252.3232421875,0
2019-03-25,7375.0,7375.0,7375.0,7375.0,7252.3232421875,0
2019-03-26,7375.0,7375.0,7375.0,7375.0,7252.3232421875,0
2019-03-27,7375.0,7375.0,7375.0,7375.0,7252.3232421875,0
2019-03-28,7375.0,7375.0,7375.0,7375.0,7252.3232421875,0
2019-03-29,7375.0,7375.0,7375.0,7375.0,7252.3232421875,0
2019-04-01,7375.0,7375.0,7375.0,7375.0,7252.3232421875,0
2019-04-02,7375.0,7375.0,7375.0,7375.0,7252.3232421875,0
2019-04-03,7375.0,7375.0,7375.0,7375.0,7252.3232421875,0
2019-04-04,7375.0,7375.0,7375.0,7375.0,7252.3232421875,0
2019-04-05,7375.0,7375.0,7375.0,7375.0,7252.3232421875,0
2019-04-08,7375.0,7375.0,7375.0,7375.0,7252.3232421875,0
2019-04-09,7375.0,7375.0,7375.0,7375.0,7252.3232421875,0
2019-04-10,7375.0,7375.0,7375.0,7375.0,7252.3232421875,0
2019-04-11,7375.0,7375.0,7375.0,7375.0,7252.3232421875,0
2019-04-12,7375.0,7375.0,7375.0,7375.0,7252.3232421875,0
2019-04-15,7375.0,7375.0,7375.0,7375.0,7252.3232421875,0
2019-04-16,7375.0,7375.0,7375.0,7375.0,7252.3232421875,0
2019-04-17,7375.0,7375.0,7375.0,7375.0,7252.3232421875,0
2019-04-18,7375.0,7375.0,7375.0,7375.0,7252.3232421875,0
2019-04-22,7375.0,7375.0,7375.0,7375.0,7252.3232421875,0
2019-04-23,7375.0,7375.0,7375.0,7375.0,7252.3232421875,0
2019-04-24,7375.0,7375.0,7375.0,7375.0,7252.3232421875,0
2019-04-25,7375.0,7375.0,7375.0,7375.0,7252.3232421875,0
2019-04-26,7375.0,7375.0,7375.0,7375.0,7252.3232421875,0
2019-04-29,7375.0,7375.0,7375.0,7375.0,7252.3232421875,0
2019-04-30,7375.0,7375.0,7375.0,7375.0,7252.3232421875,0
2019-05-01,7375.0,7375.0,7375.0,7375.0,7252.3232421875,0
2019-05-02,7375.0,7375.0,7375.0,7375.0,7252.3232421875,0
2019-05-03,7375.0,7375.0,7375.0,7375.0,7252.3232421875,0
2019-05-06,7375.0,7375.0,7375.0,7375.0,7252.3232421875,0
2019-05-07,7375.0,7375.0,7375.0,7375.0,7252.3232421875,0
2019-05-08,7375.0,7375.0,7375.0,7375.0,7252.3232421875,0
2019-05-09,8500.0,8500.0,8500.0,8500.0,8358.609375,0
2019-05-10,8500.0,8500.0,8500.0,8500.0,8358.609375,0
2019-05-13,8500.0,8500.0,8500.0,8500.0,8358.609375,0
2019-05-14,8500.0,8500.0,8500.0,8500.0,8358.609375,0
2019-05-15,8500.0,8500.0,8500.0,8500.0,8358.609375,0
2019-05-16,8500.0,8500.0,8500.0,8500.0,8358.609375,0
2019-05-17,8500.0,8500.0,8500.0,8500.0,8358.609375,100
2019-05-20,8500.0,8500.0,8500.0,8500.0,8358.609375,0
2019-05-21,8500.0,8500.0,8500.0,8500.0,8358.609375,0
2019-05-22,8500.0,8500.0,8500.0,8500.0,8358.609375,0
2019-05-23,8500.0,8500.0,8500.0,8500.0,8358.609375,0
2019-05-24,8500.0,8500.0,8500.0,8500.0,8358.609375,0
2019-05-28,8500.0,8500.0,8500.0,8500.0,8358.609375,0
2019-05-29,8500.0,8500.0,8500.0,8500.0,8358.609375,0
2019-05-30,8500.0,8500.0,8500.0,8500.0,8358.609375,0
2019-05-31,8500.0,8500.0,8500.0,8500.0,8358.609375,0
2019-06-03,8500.0,8500.0,8500.0,8500.0,8358.609375,0
2019-06-04,8500.0,8500.0,8500.0,8500.0,8358.609375,0
2019-06-05,8500.0,8500.0,8500.0,8500.0,8358.609375,0
2019-06-06,8500.0,8500.0,8500.0,8500.0,8358.609375,0
2019-06-07,8500.0,8500.0,8500.0,8500.0,8358.609375,0
2019-06-10,8500.0,8500.0,8500.0,8500.0,8358.609375,0
2019-06-11,8500.0,8500.0,8500.0,8500.0,8358.609375,0
2019-06-12,8500.0,8500.0,8500.0,8500.0,8358.609375,0
2019-06-13,8500.0,8500.0,8500.0,8500.0,8358.609375,0
2019-06-14,8500.0,8500.0,8500.0,8500.0,8358.609375,0
2019-06-17,8500.0,8500.0,8500.0,8500.0,8358.609375,0
2019-06-18,8500.0,8500.0,8500.0,8500.0,8358.609375,0
2019-06-19,8500.0,8500.0,8500.0,8500.0,8358.609375,0
2019-06-20,8500.0,8500.0,8500.0,8500.0,8358.609375,0
2019-06-21,8500.0,8500.0,8500.0,8500.0,8358.609375,0
2019-06-24,8500.0,8500.0,8500.0,8500.0,8358.609375,0
2019-06-25,8500.0,8500.0,8500.0,8500.0,8358.609375,100
2019-06-26,8500.0,8500.0,8500.0,8500.0,8358.609375,0
2019-06-27,8500.0,8500.0,8500.0,8500.0,8358.609375,0
2019-06-28,8500.0,8500.0,8500.0,8500.0,8358.609375,0
2019-07-01,8500.0,8500.0,8500.0,8500.0,8358.609375,0
2019-07-02,8500.0,8500.0,8500.0,8500.0,8358.609375,100
2019-07-03,8500.0,8500.0,8500.0,8500.0,8358.609375,0
2019-07-05,8500.0,8500.0,8500.0,8500.0,8358.609375,0
2019-07-08,8500.0,8500.0,8500.0,8500.0,8358.609375,0
2019-07-09,8500.0,8500.0,8500.0,8500.0,8358.609375,0
2019-07-10,8500.0,8500.0,8500.0,8500.0,8358.609375,0
2019-07-11,8500.0,8500.0,8500.0,8500.0,8358.609375,0
2019-07-12,8500.0,8500.0,8500.0,8500.0,8358.609375,0
2019-07-15,8500.0,8500.0,8500.0,8500.0,8358.609375,0
2019-07-16,8500.0,8500.0,8500.0,8500.0,8358.609375,0
2019-07-17,8500.0,8500.0,8500.0,8500.0,8358.609375,0
2019-07-18,8500.0,8500.0,8500.0,8500.0,8358.609375,0
2019-07-19,8500.0,8500.0,8500.0,8500.0,8358.609375,0
2019-07-22,8500.0,8500.0,8500.0,8500.0,8358.609375,0
2019-07-23,8500.0,8500.0,8500.0,8500.0,8358.609375,0
2019-07-24,8500.0,8500.0,8500.0,8500.0,8358.609375,0
2019-07-25,8500.0,8500.0,8500.0,8500.0,8358.609375,0
2019-07-26,8500.0,8500.0,8500.0,8500.0,8358.609375,0
2019-07-29,8500.0,8500.0,8500.0,8500.0,8358.609375,0
2019-07-30,8500.0,8500.0,8500.0,8500.0,8358.609375,0
2019-07-31,8500.0,8500.0,8500.0,8500.0,8358.609375,0
2019-08-01,8500.0,8500.0,8500.0,8500.0,8358.609375,0
2019-08-02,8500.0,8500.0,8500.0,8500.0,8358.609375,0
2019-08-05,8500.0,8500.0,8500.0,8500.0,8358.609375,0
2019-08-06,8500.0,8500.0,8500.0,8500.0,8358.609375,0
2019-08-07,8500.0,8500.0,8500.0,8500.0,8358.609375,0
2019-08-08,8500.0,8500.0,8500.0,8500.0,8358.609375,0
2019-08-09,8500.0,8500.0,8500.0,8500.0,8358.609375,0
2019-08-12,8500.0,8500.0,8500.0,8500.0,8358.609375,0
2019-08-13,8500.0,8500.0,8500.0,8500.0,8358.609375,0
2019-08-14,8500.0,8500.0,8500.0,8500.0,8358.609375,0
2019-08-15,8500.0,8500.0,8500.0,8500.0,8358.609375,0
2019-08-16,8500.0,8500.0,8500.0,8500.0,8358.609375,0
2019-08-19,8500.0,8500.0,8500.0,8500.0,8358.609375,0
2019-08-20,8500.0,8500.0,8500.0,8500.0,8358.609375,0
2019-08-21,8500.0,8500.0,8500.0,8500.0,8358.609375,0
2019-08-22,8500.0,8500.0,8500.0,8500.0,8358.609375,0
2019-08-23,8500.0,8500.0,8500.0,8500.0,8358.609375,0
2019-08-26,8500.0,8500.0,8500.0,8500.0,8358.609375,0
2019-08-27,8500.0,8500.0,8500.0,8500.0,8358.609375,0
2019-08-28,8500.0,8500.0,8500.0,8500.0,8358.609375,0
2019-08-29,8500.0,8500.0,8500.0,8500.0,8358.609375,0
2019-08-30,8500.0,8500.0,8500.0,8500.0,8358.609375,0
2019-09-03,8500.0,8500.0,8500.0,8500.0,8358.609375,0
2019-09-04,8500.0,8500.0,8500.0,8500.0,8358.609375,0
2019-09-05,8500.0,8500.0,8500.0,8500.0,8358.609375,0
2019-09-06,8500.0,8500.0,8500.0,8500.0,8358.609375,0
2019-09-09,8500.0,8500.0,8500.0,8500.0,8358.609375,0
2019-09-10,8500.0,8500.0,8500.0,8500.0,8358.609375,0
2019-09-11,8500.0,8500.0,8500.0,8500.0,8358.609375,0
2019-09-12,8500.0,8500.0,8500.0,8500.0,8358.609375,0
2019-09-13,8500.0,8500.0,8500.0,8500.0,8358.609375,0
2019-09-16,8500.0,8500.0,8500.0,8500.0,8358.609375,0
2019-09-17,8500.0,8500.0,8500.0,8500.0,8358.609375,0
2019-09-18,8500.0,8500.0,8500.0,8500.0,8358.609375,0
2019-09-19,8500.0,8500.0,8500.0,8500.0,8358.609375,0
2019-09-20,8500.0,8500.0,8500.0,8500.0,8358.609375,0
2019-09-23,8500.0,8500.0,8500.0,8500.0,8358.609375,0
2019-09-24,8500.0,8500.0,8500.0,8500.0,8358.609375,0
2019-09-25,8500.0,8500.0,8500.0,8500.0,8358.609375,0
2019-09-26,8500.0,8500.0,8500.0,8500.0,8358.609375,0
2019-09-27,8500.0,8500.0,8500.0,8500.0,8358.609375,0
2019-09-30,8500.0,8500.0,8500.0,8500.0,8358.609375,0
2019-10-01,8500.0,8500.0,8500.0,8500.0,8358.609375,0
2019-10-02,8500.0,8500.0,8500.0,8500.0,8358.609375,0
2019-10-03,8500.0,8500.0,8500.0,8500.0,8358.609375,0
2019-10-04,8500.0,8500.0,8500.0,8500.0,8358.609375,0
2019-10-07,8500.0,8500.0,8500.0,8500.0,8358.609375,0
2019-10-08,8500.0,8500.0,8500.0,8500.0,8358.609375,0
2019-10-09,8500.0,8500.0,8500.0,8500.0,8358.609375,0
2019-10-10,8500.0,8500.0,8500.0,8500.0,8358.609375,0
2019-10-11,8500.0,8500.0,8500.0,8500.0,8358.609375,0
2019-10-14,8500.0,8500.0,8500.0,8500.0,8358.609375,0
2019-10-15,8500.0,8500.0,8500.0,8500.0,8358.609375,0
2019-10-16,8500.0,8500.0,8500.0,8500.0,8358.609375,0
2019-10-17,8500.0,8500.0,8500.0,8500.0,8358.609375,0
2019-10-18,8500.0,8500.0,8500.0,8500.0,8358.609375,0
2019-10-21,8500.0,8500.0,8500.0,8500.0,8358.609375,0
2019-10-22,8500.0,8500.0,8500.0,8500.0,8358.609375,0
2019-10-23,8500.0,8500.0,8500.0,8500.0,8358.609375,0
2019-10-24,8500.0,8500.0,8500.0,8500.0,8358.609375,0
2019-10-25,8500.0,8500.0,8500.0,8500.0,8358.609375,0
2019-10-28,8500.0,8500.0,8500.0,8500.0,8358.609375,0
2019-10-29,8500.0,8500.0,8500.0,8500.0,8358.609375,0
2019-10-30,8500.0,8500.0,8500.0,8500.0,8358.609375,0
2019-10-31,8500.0,8500.0,8500.0,8500.0,8358.609375,0
2019-11-01,8500.0,8500.0,8500.0,8500.0,8358.609375,0
2019-11-04,8500.0,8500.0,8500.0,8500.0,8358.609375,0
2019-11-05,8500.0,8500.0,8500.0,8500.0,8358.609375,0
2019-11-06,8500.0,8500.0,8500.0,8500.0,8358.609375,0
2019-11-07,8500.0,8500.0,8500.0,8500.0,8358.609375,0
2019-11-08,8500.0,8500.0,8500.0,8500.0,8358.609375,0
2019-11-11,8500.0,8500.0,8500.0,8500.0,8358.609375,0
2019-11-12,8500.0,8500.0,8500.0,8500.0,8358.609375,0
2019-11-13,8500.0,8500.0,8500.0,8500.0,8358.609375,0
2019-11-14,8500.0,8500.0,8500.0,8500.0,8358.609375,0
2019-11-15,8500.0,8500.0,8500.0,8500.0,8358.609375,0
2019-11-18,8500.0,8500.0,8500.0,8500.0,8358.609375,0
2019-11-19,8500.0,8500.0,8500.0,8500.0,8358.609375,0
2019-11-20,8500.0,8500.0,8500.0,8500.0,8358.609375,0
2019-11-21,8500.0,8500.0,8500.0,8500.0,8358.609375,0
2019-11-22,8500.0,8500.0,8500.0,8500.0,8358.609375,0
2019-11-25,8500.0,8500.0,8500.0,8500.0,8358.609375,0
2019-11-26,8500.0,8500.0,8500.0,8500.0,8358.609375,0
2019-11-27,8500.0,8500.0,8500.0,8500.0,8358.609375,0
2019-11-29,8500.0,8500.0,8500.0,8500.0,8358.609375,0
2019-12-02,8400.0,8400.0,8400.0,8400.0,8260.2724609375,100
2019-12-03,8400.0,8400.0,8400.0,8400.0,8260.2724609375,0
2019-12-04,8400.0,8400.0,8400.0,8400.0,8260.2724609375,0
2019-12-05,8400.0,8400.0,8400.0,8400.0,8260.2724609375,0
2019-12-06,8400.0,8400.0,8400.0,8400.0,8260.2724609375,0
2019-12-09,8500.0,8500.0,8500.0,8500.0,8358.609375,100
2019-12-10,8500.0,8500.0,8500.0,8500.0,8358.609375,0
2019-12-11,8500.0,8500.0,8500.0,8500.0,8358.609375,0
2019-12-12,8500.0,8500.0,8500.0,8500.0,8358.609375,0
2019-12-13,8500.0,8500.0,8500.0,8500.0,8358.609375,0
2019-12-16,8500.0,8500.0,8500.0,8500.0,8358.609375,0
2019-12-17,8500.0,8500.0,8500.0,8500.0,8358.609375,0
2019-12-18,8500.0,8500.0,8500.0,8500.0,8358.609375,0
2019-12-19,8500.0,8500.0,8500.0,8500.0,8358.609375,0
2019-12-20,8500.0,8500.0,8500.0,8500.0,8358.609375,0
2019-12-23,8500.0,8500.0,8500.0,8500.0,8358.609375,0
2019-12-24,8500.0,8500.0,8500.0,8500.0,8358.609375,0
2019-12-26,8500.0,8500.0,8500.0,8500.0,8358.609375,0
2019-12-27,8500.0,8500.0,8500.0,8500.0,8358.609375,0
2019-12-30,8500.0,8500.0,8500.0,8500.0,8358.609375,0
2019-12-31,8500.0,8500.0,8500.0,8500.0,8358.609375,0
2020-01-02,8515.0,8515.0,8515.0,8515.0,8373.359375,100
2020-01-03,8515.0,8515.0,8515.0,8515.0,8373.359375,100
2020-01-06,8515.0,8515.0,8515.0,8515.0,8373.359375,100
2020-01-07,8515.0,8515.0,8515.0,8515.0,8373.359375,0
2020-01-08,8515.0,8515.0,8515.0,8515.0,8373.359375,0
2020-01-09,8515.0,8515.0,8515.0,8515.0,8373.359375,0
2020-01-10,8515.0,8515.0,8515.0,8515.0,8373.359375,0
2020-01-13,8515.0,8515.0,8515.0,8515.0,8373.359375,0
2020-01-14,8515.0,8515.0,8515.0,8515.0,8373.359375,0
2020-01-15,8515.0,8515.0,8515.0,8515.0,8373.359375,0
2020-01-16,8515.0,8515.0,8515.0,8515.0,8373.359375,0
2020-01-17,8515.0,8515.0,8515.0,8515.0,8373.359375,0
2020-01-21,8515.0,8515.0,8515.0,8515.0,8373.359375,0
2020-01-22,8515.0,8515.0,8515.0,8515.0,8373.359375,0
2020-01-23,8515.0,8515.0,8515.0,8515.0,8373.359375,0
2020-01-24,8515.0,8515.0,8515.0,8515.0,8373.359375,0
2020-01-27,8515.0,8515.0,8515.0,8515.0,8373.359375,0
2020-01-28,8515.0,8515.0,8515.0,8515.0,8373.359375,0
2020-01-29,8515.0,8515.0,8515.0,8515.0,8373.359375,0
2020-01-30,8515.0,8515.0,8515.0,8515.0,8373.359375,0
2020-01-31,8515.0,8515.0,8515.0,8515.0,8373.359375,100
2020-02-03,8515.0,8515.0,8515.0,8515.0,8373.359375,0
2020-02-04,8515.0,8515.0,8515.0,8515.0,8373.359375,0
2020-02-05,8515.0,8515.0,8515.0,8515.0,8373.359375,100
2020-02-06,8515.0,8515.0,8515.0,8515.0,8373.359375,0
2020-02-07,8515.0,8515.0,8515.0,8515.0,8373.359375,0
2020-02-10,8515.0,8515.0,8515.0,8515.0,8373.359375,0
2020-02-11,8515.0,8515.0,8515.0,8515.0,8373.359375,0
2020-02-12,8515.0,8515.0,8515.0,8515.0,8373.359375,0
2020-02-13,8515.0,8515.0,8515.0,8515.0,8373.359375,0
2020-02-14,8515.0,8515.0,8515.0,8515.0,8373.359375,0
2020-02-18,8515.0,8515.0,8515.0,8515.0,8373.359375,0
2020-02-19,8515.0,8515.0,8515.0,8515.0,8373.359375,0
2020-02-20,8515.0,8515.0,8515.0,8515.0,8373.359375,0
2020-02-21,8515.0,8515.0,8515.0,8515.0,8373.359375,0
2020-02-24,8515.0,8515.0,8515.0,8515.0,8373.359375,100
2020-02-25,8515.0,8515.0,8515.0,8515.0,8373.359375,0
2020-02-26,8515.0,8515.0,8515.0,8515.0,8373.359375,0
2020-02-27,8515.0,8515.0,8515.0,8515.0,8373.359375,0
2020-02-28,8515.0,8515.0,8515.0,8515.0,8373.359375,0
2020-03-02,8515.0,8515.0,8515.0,8515.0,8373.359375,0
2020-03-03,8515.0,8515.0,8515.0,8515.0,8373.359375,0
2020-03-04,8003.0,8003.0,7500.0,7500.0,7375.24365234375,100
2020-03-05,7500.0,7500.0,7500.0,7500.0,7375.24365234375,0
2020-03-06,7500.0,7500.0,7500.0,7500.0,7375.24365234375,0
2020-03-09,7500.0,7500.0,7500.0,7500.0,7375.24365234375,0
2020-03-10,7500.0,7500.0,7500.0,7500.0,7375.24365234375,0
2020-03-11,7500.0,7500.0,7500.0,7500.0,7375.24365234375,0
2020-03-12,7500.0,7500.0,7500.0,7500.0,7375.24365234375,0
2020-03-13,7500.0,7500.0,7500.0,7500.0,7375.24365234375,0
2020-03-16,7500.02001953125,7500.02001953125,6997.0,6997.0,6880.61083984375,100
2020-03-17,6997.0,6997.0,6997.0,6997.0,6880.61083984375,0
2020-03-18,6400.0,6500.0,6400.0,6400.0,6293.541015625,100
2020-03-19,6400.0,6400.0,6400.0,6400.0,6293.541015625,0
2020-03-20,6400.0,6400.0,6400.0,6400.0,6293.541015625,0
2020-03-23,5000.0,5000.0,4399.75,4399.75,4326.5634765625,100
2020-03-24,4399.75,4399.75,4399.75,4399.75,4326.5634765625,0
2020-03-25,4399.75,4399.75,4399.75,4399.75,4326.5634765625,0
2020-03-26,5500.0,6500.0,5500.0,5500.0,5408.51171875,100
2020-03-27,5500.0,5500.0,5500.0,5500.0,5408.51171875,0
2020-03-30,5500.0,5500.0,5500.0,5500.0,5408.51171875,0
2020-03-31,5500.0,5500.0,5500.0,5500.0,5408.51171875,0
2020-04-01,5500.0,5500.0,5500.0,5500.0,5408.51171875,0
2020-04-02,5500.0,5500.0,5500.0,5500.0,5408.51171875,0
2020-04-03,5500.0,5500.0,5500.0,5500.0,5408.51171875,0
2020-04-06,5500.0,5500.0,5500.0,5500.0,5408.51171875,100
2020-04-07,5500.0,5500.0,5500.0,5500.0,5408.51171875,0
2020-04-08,5500.0,5500.0,5500.0,5500.0,5408.51171875,0
2020-04-09,5500.0,5500.0,5500.0,5500.0,5408.51171875,0
2020-04-13,5500.0,5500.0,5500.0,5500.0,5408.51171875,0
2020-04-14,5500.0,5500.0,5500.0,5500.0,5408.51171875,0
2020-04-15,5500.0,5500.0,5500.0,5500.0,5408.51171875,0
2020-04-16,5200.0,5200.0,5200.0,5200.0,5113.50244140625,100
2020-04-17,5200.0,5200.0,5200.0,5200.0,5113.50244140625,0
2020-04-20,5200.0,5200.0,5200.0,5200.0,5113.50244140625,0
2020-04-21,5200.0,5200.0,5200.0,5200.0,5113.50244140625,0
2020-04-22,5200.0,5200.0,5200.0,5200.0,5113.50244140625,0
2020-04-23,5200.0,5200.0,5200.0,5200.0,5113.50244140625,0
2020-04-24,5200.0,5200.0,5200.0,5200.0,5113.50244140625,0
2020-04-27,5200.0,5200.0,5200.0,5200.0,5113.50244140625,0
2020-04-28,5200.0,5200.0,5200.0,5200.0,5113.50244140625,0
2020-04-29,5200.0,5200.0,5200.0,5200.0,5113.50244140625,0
2020-04-30,5200.0,5200.0,5200.0,5200.0,5113.50244140625,0
2020-05-01,5200.0,5200.0,5200.0,5200.0,5113.50244140625,0
2020-05-04,5200.0,5200.0,5200.0,5200.0,5113.50244140625,0
2020-05-05,5200.0,5200.0,5200.0,5200.0,5113.50244140625,0
2020-05-06,5200.0,5200.0,5200.0,5200.0,5113.50244140625,0
2020-05-07,5200.0,5200.0,5200.0,5200.0,5113.50244140625,0
2020-05-08,5200.0,5200.0,5200.0,5200.0,5113.50244140625,0
2020-05-11,5200.0,5200.0,5200.0,5200.0,5113.50244140625,0
2020-05-12,5200.0,5200.0,5200.0,5200.0,5113.50244140625,0
2020-05-13,5200.0,5200.0,5200.0,5200.0,5113.50244140625,0
2020-05-14,5200.0,5200.0,5200.0,5200.0,5113.50244140625,0
2020-05-15,5200.0,5200.0,5200.0,5200.0,5113.50244140625,0
2020-05-18,5200.0,5200.0,5200.0,5200.0,5113.50244140625,0
2020-05-19,5200.0,5200.0,5200.0,5200.0,5113.50244140625,0
2020-05-20,5200.0,5200.0,5200.0,5200.0,5113.50244140625,0
2020-05-21,5200.0,5200.0,5200.0,5200.0,5113.50244140625,0
2020-05-22,5200.0,5200.0,5200.0,5200.0,5113.50244140625,0
2020-05-26,5200.0,5200.0,5200.0,5200.0,5113.50244140625,0
2020-05-27,5200.0,5200.0,5200.0,5200.0,5113.50244140625,0
2020-05-28,5200.0,5200.0,5200.0,5200.0,5113.50244140625,0
2020-05-29,5200.0,5200.0,5200.0,5200.0,5113.50244140625,0
2020-06-01,5200.0,5200.0,5200.0,5200.0,5113.50244140625,0
2020-06-02,5200.0,5200.0,5200.0,5200.0,5113.50244140625,0
2020-06-03,5200.0,5200.0,5200.0,5200.0,5113.50244140625,0
2020-06-04,5200.0,5200.0,5200.0,5200.0,5113.50244140625,0
2020-06-05,5200.0,5200.0,5200.0,5200.0,5113.50244140625,0
2020-06-08,5200.0,5200.0,5200.0,5200.0,5113.50244140625,0
2020-06-09,5200.0,5200.0,5200.0,5200.0,5113.50244140625,0
2020-06-10,5200.0,5200.0,5200.0,5200.0,5113.50244140625,0
2020-06-11,5200.0,5200.0,5200.0,5200.0,5113.50244140625,0
2020-06-12,5200.0,5200.0,5200.0,5200.0,5113.50244140625,0
2020-06-15,5200.0,5200.0,5200.0,5200.0,5113.50244140625,0
2020-06-16,5200.0,5200.0,5200.0,5200.0,5113.50244140625,0
2020-06-17,5200.0,5200.0,5200.0,5200.0,5113.50244140625,0
2020-06-18,5200.0,5200.0,5200.0,5200.0,5113.50244140625,0
2020-06-19,5200.0,5200.0,5200.0,5200.0,5113.50244140625,0
2020-06-22,5200.0,5200.0,5200.0,5200.0,5113.50244140625,0
2020-06-23,5200.0,5200.0,5200.0,5200.0,5113.50244140625,0
2020-06-24,5200.0,5200.0,5200.0,5200.0,5113.50244140625,0
2020-06-25,5200.0,5200.0,5200.0,5200.0,5113.50244140625,0
2020-06-26,5200.0,5200.0,5200.0,5200.0,5113.50244140625,0
2020-06-29,5200.0,5200.0,5200.0,5200.0,5113.50244140625,0
2020-06-30,5200.0,5200.0,5200.0,5200.0,5113.50244140625,0
2020-07-01,5200.0,5200.0,5200.0,5200.0,5113.50244140625,0
2020-07-02,5200.0,5200.0,5200.0,5200.0,5113.50244140625,0
2020-07-06,5200.0,5200.0,5200.0,5200.0,5113.50244140625,0
2020-07-07,5200.0,5200.0,5200.0,5200.0,5113.50244140625,0
2020-07-08,5200.0,5200.0,5200.0,5200.0,5113.50244140625,0
2020-07-09,5200.0,5200.0,5200.0,5200.0,5113.50244140625,0
2020-07-10,5555.0,5555.0,5555.0,5555.0,5462.59716796875,100
2020-07-13,5555.0,5555.0,5555.0,5555.0,5462.59716796875,0
2020-07-14,5555.0,5555.0,5555.0,5555.0,5462.59716796875,0
2020-07-15,5555.0,5555.0,5555.0,5555.0,5462.59716796875,0
2020-07-16,5555.0,5555.0,5555.0,5555.0,5462.59716796875,0
2020-07-17,5555.0,5555.0,5555.0,5555.0,5462.59716796875,0
2020-07-20,5555.0,5555.0,5555.0,5555.0,5462.59716796875,0
2020-07-21,5555.0,5555.0,5555.0,5555.0,5462.59716796875,0
2020-07-22,5555.0,5555.0,5555.0,5555.0,5462.59716796875,0
2020-07-23,5555.0,5555.0,5555.0,5555.0,5462.59716796875,0
2020-07-24,5555.0,5555.0,5555.0,5555.0,5462.59716796875,0
2020-07-27,5555.0,5555.0,5555.0,5555.0,5462.59716796875,0
2020-07-28,5555.0,5555.0,5555.0,5555.0,5462.59716796875,0
2020-07-29,5555.0,5555.0,5555.0,5555.0,5462.59716796875,0
2020-07-30,5555.0,5555.0,5555.0,5555.0,5462.59716796875,0
2020-07-31,5555.0,5555.0,5555.0,5555.0,5462.59716796875,0
2020-08-03,5555.0,5555.0,5555.0,5555.0,5462.59716796875,0
2020-08-04,5555.0,5555.0,5555.0,5555.0,5462.59716796875,0
2020-08-05,5555.0,5555.0,5555.0,5555.0,5462.59716796875,0
2020-08-06,5555.0,5555.0,5555.0,5555.0,5462.59716796875,0
2020-08-07,5555.0,5555.0,5555.0,5555.0,5462.59716796875,0
2020-08-10,5555.0,5555.0,5555.0,5555.0,5462.59716796875,0
2020-08-11,5555.0,5555.0,5555.0,5555.0,5462.59716796875,0
2020-08-12,5555.0,5555.0,5555.0,5555.0,5462.59716796875,0
2020-08-13,5555.0,5555.0,5555.0,5555.0,5462.59716796875,0
2020-08-14,5555.0,5555.0,5555.0,5555.0,5462.59716796875,0
2020-08-17,5555.0,5555.0,5555.0,5555.0,5462.59716796875,0
2020-08-18,5555.0,5555.0,5555.0,5555.0,5462.59716796875,0
2020-08-19,5555.0,5555.0,5555.0,5555.0,5462.59716796875,0
2020-08-20,5555.0,5555.0,5555.0,5555.0,5462.59716796875,0
2020-08-21,5555.0,5555.0,5555.0,5555.0,5462.59716796875,0
2020-08-24,5555.0,5555.0,5555.0,5555.0,5462.59716796875,0
2020-08-25,5555.0,5555.0,5555.0,5555.0,5462.59716796875,0
2020-08-26,5555.0,5555.0,5555.0,5555.0,5462.59716796875,0
2020-08-27,5555.0,5555.0,5555.0,5555.0,5462.59716796875,0
2020-08-28,5555.0,5555.0,5555.0,5555.0,5462.59716796875,0
2020-08-31,5555.0,5555.0,5555.0,5555.0,5462.59716796875,0
2020-09-01,5555.0,5555.0,5555.0,5555.0,5462.59716796875,0
2020-09-02,5555.0,5555.0,5555.0,5555.0,5462.59716796875,0
2020-09-03,5555.0,5555.0,5555.0,5555.0,5462.59716796875,0
2020-09-04,5555.0,5555.0,5555.0,5555.0,5462.59716796875,0
2020-09-08,5555.0,5555.0,5555.0,5555.0,5462.59716796875,0
2020-09-09,6250.0,6250.0,6250.0,6250.0,6146.03662109375,100
2020-09-10,6250.0,6250.0,6250.0,6250.0,6146.03662109375,0
2020-09-11,6250.0,6250.0,6250.0,6250.0,6146.03662109375,0
2020-09-14,6250.0,6250.0,6250.0,6250.0,6146.03662109375,0
2020-09-15,6250.0,6250.0,6250.0,6250.0,6146.03662109375,0
2020-09-16,6250.0,6250.0,6250.0,6250.0,6146.03662109375,0
2020-09-17,6250.0,6250.0,6250.0,6250.0,6146.03662109375,0
2020-09-18,6250.0,6250.0,6250.0,6250.0,6146.03662109375,0
2020-09-21,6250.0,6250.0,6250.0,6250.0,6146.03662109375,0
2020-09-22,6250.0,6250.0,6250.0,6250.0,6146.03662109375,0
2020-09-23,6250.0,6250.0,6250.0,6250.0,6146.03662109375,0
2020-09-24,6250.0,6250.0,6250.0,6250.0,6146.03662109375,0
2020-09-25,6250.0,6250.0,6250.0,6250.0,6146.03662109375,0
2020-09-28,6250.0,6250.0,6250.0,6250.0,6146.03662109375,0
2020-09-29,6250.0,6250.0,6250.0,6250.0,6146.03662109375,0
2020-09-30,6250.0,6250.0,6250.0,6250.0,6146.03662109375,0
2020-10-01,6250.0,6250.0,6250.0,6250.0,6146.03662109375,0
2020-10-02,6250.0,6250.0,6250.0,6250.0,6146.03662109375,100
2020-10-05,6250.0,6250.0,6250.0,6250.0,6146.03662109375,0
2020-10-06,6250.0,6250.0,6250.0,6250.0,6146.03662109375,0
2020-10-07,6250.0,6250.0,6250.0,6250.0,6146.03662109375,0
2020-10-08,6250.0,6250.0,6250.0,6250.0,6146.03662109375,0
2020-10-09,6250.0,6250.0,6250.0,6250.0,6146.03662109375,0
2020-10-12,6250.0,6250.0,6250.0,6250.0,6146.03662109375,0
2020-10-13,6300.0,6300.0,6300.0,6300.0,6195.20458984375,100
2020-10-14,6300.0,6300.0,6300.0,6300.0,6195.20458984375,0
2020-10-15,6450.0,6450.0,6450.0,6450.0,6342.70947265625,100
2020-10-16,6450.0,6450.0,6450.0,6450.0,6342.70947265625,0
2020-10-19,6450.0,6450.0,6450.0,6450.0,6342.70947265625,0
2020-10-20,6450.0,6450.0,6450.0,6450.0,6342.70947265625,0
2020-10-21,6450.0,6450.0,6450.0,6450.0,6342.70947265625,0
2020-10-22,6500.0,6500.0,6500.0,6500.0,6391.8779296875,0
2020-10-23,6500.0,6500.0,6500.0,6500.0,6391.8779296875,0
2020-10-26,6500.0,6500.0,6500.0,6500.0,6391.8779296875,0
2020-10-27,6500.0,6500.0,6500.0,6500.0,6391.8779296875,0
2020-10-28,6500.0,6500.0,6500.0,6500.0,6391.8779296875,0
2020-10-29,6500.0,6500.0,6500.0,6500.0,6391.8779296875,0
2020-10-30,6450.0,6450.0,6450.0,6450.0,6342.70947265625,100
2020-11-02,6450.0,6450.0,6450.0,6450.0,6342.70947265625,0
2020-11-03,6450.0,6450.0,6450.0,6450.0,6342.70947265625,0
2020-11-04,6450.0,6450.0,6450.0,6450.0,6342.70947265625,0
2020-11-05,6600.0,6600.0,6600.0,6600.0,6490.21435546875,100
2020-11-06,6600.0,6600.0,6600.0,6600.0,6490.21435546875,0
2020-11-09,6600.0,6600.0,6600.0,6600.0,6490.21435546875,0
2020-11-10,6600.0,6600.0,6600.0,6600.0,6490.21435546875,0
2020-11-11,6600.0,6600.0,6600.0,6600.0,6490.21435546875,0
2020-11-12,6600.0,6600.0,6600.0,6600.0,6490.21435546875,0
2020-11-13,6600.0,6600.0,6600.0,6600.0,6490.21435546875,0
2020-11-16,6600.0,6600.0,6600.0,6600.0,6490.21435546875,0
2020-11-17,6600.0,6600.0,6600.0,6600.0,6490.21435546875,0
2020-11-18,6600.0,6600.0,6600.0,6600.0,6490.21435546875,0
2020-11-19,7100.0,7100.0,7100.0,7100.0,6981.8974609375,100
2020-11-20,7100.0,7100.0,7100.0,7100.0,6981.8974609375,0
2020-11-23,7100.0,7100.0,7100.0,7100.0,6981.8974609375,0
2020-11-24,7100.0,7100.0,7100.0,7100.0,6981.8974609375,0
2020-11-25,7100.0,7100.0,7100.0,7100.0,6981.8974609375,0
2020-11-27,7100.0,7100.0,7100.0,7100.0,6981.8974609375,0
2020-11-30,7100.0,7100.0,7100.0,7100.0,6981.8974609375,0
2020-12-01,7100.0,7100.0,7100.0,7100.0,6981.8974609375,0
2020-12-02,7100.0,7100.0,7100.0,7100.0,6981.8974609375,0
2020-12-03,7100.0,7100.0,7100.0,7100.0,6981.8974609375,0
2020-12-04,7100.0,7100.0,7100.0,7100.0,6981.8974609375,0
2020-12-07,7100.0,7100.0,7100.0,7100.0,6981.8974609375,0
2020-12-08,7100.0,7100.0,7100.0,7100.0,6981.8974609375,0
2020-12-09,7100.0,7100.0,7100.0,7100.0,6981.8974609375,0
2020-12-10,7100.0,7100.0,7100.0,7100.0,6981.8974609375,0
2020-12-11,6750.0,6750.0,6750.0,6750.0,6637.71923828125,100
2020-12-14,6750.0,6750.0,6750.0,6750.0,6637.71923828125,0
2020-12-15,6750.0,6750.0,6750.0,6750.0,6637.71923828125,0
2020-12-16,6750.0,6750.0,6750.0,6750.0,6637.71923828125,0
2020-12-17,6750.0,6750.0,6750.0,6750.0,6637.71923828125,0
2020-12-18,6750.0,6750.0,6750.0,6750.0,6637.71923828125,0
2020-12-21,6750.0,6750.0,6750.0,6750.0,6637.71923828125,0
2020-12-22,6750.0,6750.0,6750.0,6750.0,6637.71923828125,0
2020-12-23,6750.0,6750.0,6750.0,6750.0,6677.28857421875,0
2020-12-24,6750.0,6750.0,6750.0,6750.0,6677.28857421875,0
2020-12-28,6750.0,6750.0,6750.0,6750.0,6677.28857421875,0
2020-12-29,6750.0,6750.0,6750.0,6750.0,6677.28857421875,0
2020-12-30,6750.0,6750.0,6750.0,6750.0,6677.28857421875,0
2020-12-31,6750.0,6750.0,6750.0,6750.0,6677.28857421875,0
2021-01-04,6750.0,6750.0,6750.0,6750.0,6677.28857421875,0
2021-01-05,6750.0,6750.0,6750.0,6750.0,6677.28857421875,0
2021-01-06,6750.0,6750.0,6750.0,6750.0,6677.28857421875,0
2021-01-07,6750.0,6750.0,6750.0,6750.0,6677.28857421875,0
2021-01-08,7100.0,7250.0,7100.0,7250.0,7171.90234375,100
2021-01-11,7250.0,7250.0,7250.0,7250.0,7171.90234375,0
2021-01-12,7250.0,7250.0,7250.0,7250.0,7171.90234375,0
2021-01-13,7250.0,7250.0,7250.0,7250.0,7171.90234375,0
2021-01-14,7250.0,7250.0,7250.0,7250.0,7171.90234375,0
2021-01-15,7250.0,7250.0,7250.0,7250.0,7171.90234375,0
2021-01-19,7250.0,7250.0,7250.0,7250.0,7171.90234375,0
2021-01-20,7100.0,7100.0,7100.0,7100.0,7023.5185546875,100
2021-01-21,7100.0,7100.0,7100.0,7100.0,7023.5185546875,0
2021-01-22,7100.0,7100.0,7100.0,7100.0,7023.5185546875,0
2021-01-25,7150.0,7400.0,7150.0,7400.0,7320.28662109375,100
2021-01-26,7400.0,7400.0,7400.0,7400.0,7320.28662109375,0
2021-01-27,7500.0,7500.0,7500.0,7500.0,7419.20947265625,100
2021-01-28,7500.0,7500.0,7500.0,7500.0,7419.20947265625,100
2021-01-29,7500.0,7500.0,7500.0,7500.0,7419.20947265625,0
2021-02-01,7500.0,7500.0,7500.0,7500.0,7419.20947265625,0
2021-02-02,7500.0,7500.0,7500.0,7500.0,7419.20947265625,0
2021-02-03,7500.0,7500.0,7500.0,7500.0,7419.20947265625,0
2021-02-04,7500.0,7500.0,7500.0,7500.0,7419.20947265625,0
2021-02-05,7500.0,7500.0,7500.0,7500.0,7419.20947265625,100
2021-02-08,7500.0,7500.0,7500.0,7500.0,7419.20947265625,0
2021-02-09,7500.0,7500.0,7500.0,7500.0,7419.20947265625,0
2021-02-10,7500.0,7500.0,7500.0,7500.0,7419.20947265625,0
2021-02-11,7500.0,7500.0,7500.0,7500.0,7419.20947265625,0
2021-02-12,7500.0,7500.0,7500.0,7500.0,7419.20947265625,0
2021-02-16,7500.0,7500.0,7500.0,7500.0,7419.20947265625,0
2021-02-17,7500.0,7500.0,7500.0,7500.0,7419.20947265625,0
2021-02-18,7500.0,7500.0,7500.0,7500.0,7419.20947265625,0
2021-02-19,7500.0,7500.0,7500.0,7500.0,7419.20947265625,0
2021-02-22,7500.0,7500.0,7500.0,7500.0,7419.20947265625,0
2021-02-23,7500.0,7500.0,7500.0,7500.0,7419.20947265625,0
2021-02-24,7500.0,7500.0,7500.0,7500.0,7419.20947265625,0
2021-02-25,7500.0,7500.0,7500.0,7500.0,7419.20947265625,0
2021-02-26,7500.0,7500.0,7500.0,7500.0,7419.20947265625,0
2021-03-01,7500.0,7500.0,7500.0,7500.0,7419.20947265625,100
2021-03-02,7500.0,7500.0,7500.0,7500.0,7419.20947265625,0
2021-03-03,7500.0,7500.0,7500.0,7500.0,7419.20947265625,0
2021-03-04,7500.0,7500.0,7500.0,7500.0,7419.20947265625,0
2021-03-05,7500.0,7500.0,7500.0,7500.0,7419.20947265625,100
2021-03-08,7500.0,7500.0,7500.0,7500.0,7419.20947265625,0
2021-03-09,7500.0,7500.0,7500.0,7500.0,7419.20947265625,0
2021-03-10,7500.0,7500.0,7500.0,7500.0,7419.20947265625,0
2021-03-11,7500.0,7500.0,7500.0,7500.0,7419.20947265625,0
2021-03-12,7850.0,7900.0,7850.0,7900.0,7814.900390625,100
2021-03-15,7900.0,7900.0,7900.0,7900.0,7814.900390625,0
2021-03-16,7900.0,7900.0,7900.0,7900.0,7814.900390625,0
2021-03-17,7900.0,7900.0,7900.0,7900.0,7814.900390625,0
2021-03-18,7500.0,7500.0,7500.0,7500.0,7419.20947265625,100
2021-03-19,7500.0,7500.0,7500.0,7500.0,7419.20947265625,0
2021-03-22,7500.0,7500.0,7500.0,7500.0,7419.20947265625,0
2021-03-23,7500.0,7500.0,7500.0,7500.0,7419.20947265625,0
2021-03-24,7500.0,7500.0,7500.0,7500.0,7419.20947265625,0
2021-03-25,7500.0,7500.0,7500.0,7500.0,7419.20947265625,0
2021-03-26,7500.0,7500.0,7500.0,7500.0,7419.20947265625,0
2021-03-29,7500.0,7500.0,7500.0,7500.0,7419.20947265625,0
2021-03-30,7500.0,7500.0,7500.0,7500.0,7419.20947265625,0
2021-03-31,7500.0,7500.0,7500.0,7500.0,7419.20947265625,0
2021-04-01,7500.0,7500.0,7500.0,7500.0,7419.20947265625,0
2021-04-05,7500.0,7500.0,7500.0,7500.0,7419.20947265625,0
2021-04-06,7500.0,7500.0,7500.0,7500.0,7419.20947265625,0
2021-04-07,7500.0,7500.0,7500.0,7500.0,7419.20947265625,0
2021-04-08,7500.0,7500.0,7500.0,7500.0,7419.20947265625,0
2021-04-09,7500.0,7500.0,7500.0,7500.0,7419.20947265625,0
2021-04-12,7500.0,7500.0,7500.0,7500.0,7419.20947265625,100
2021-04-13,7500.0,7500.0,7500.0,7500.0,7419.20947265625,0
2021-04-14,7500.0,7500.0,7500.0,7500.0,7419.20947265625,0
2021-04-15,7500.0,7500.0,7500.0,7500.0,7419.20947265625,0
2021-04-16,7500.0,7500.0,7500.0,7500.0,7419.20947265625,0
2021-04-19,7500.0,7500.0,7500.0,7500.0,7419.20947265625,0
2021-04-20,7500.0,7500.0,7500.0,7500.0,7419.20947265625,0
2021-04-21,7500.009765625,7500.009765625,7500.009765625,7500.009765625,7419.21923828125,100
2021-04-22,8190.0,8200.0,8190.0,8200.0,8111.6689453125,100
2021-04-23,8200.0,8200.0,8200.0,8200.0,8111.6689453125,0
2021-04-26,8200.0,8200.0,8200.0,8200.0,8111.6689453125,0
2021-04-27,8500.0,8500.0,8500.0,8500.0,8408.4375,100
2021-04-28,8500.0,8500.0,8500.0,8500.0,8408.4375,100
2021-04-29,8500.0,8500.0,8500.0,8500.0,8408.4375,0
2021-04-30,8500.0,8500.0,8500.0,8500.0,8408.4375,0
2021-05-03,8500.0,8500.0,8500.0,8500.0,8408.4375,0
2021-05-04,8500.0,8500.0,8500.0,8500.0,8408.4375,0
2021-05-05,8500.0,8500.0,8500.0,8500.0,8408.4375,0
2021-05-06,8500.0,8500.0,8500.0,8500.0,8408.4375,0
2021-05-07,8500.0,8500.0,8500.0,8500.0,8408.4375,0
2021-05-10,8500.0,8500.0,8500.0,8500.0,8408.4375,0
2021-05-11,8500.0,8500.0,8500.0,8500.0,8408.4375,0
2021-05-12,8500.0,8500.0,8500.0,8500.0,8408.4375,100
2021-05-13,8500.0,8500.0,8500.0,8500.0,8408.4375,0
2021-05-14,8500.0,8500.0,8500.0,8500.0,8408.4375,0
2021-05-17,8500.0,8500.0,8500.0,8500.0,8408.4375,0
2021-05-18,8500.0,8500.0,8500.0,8500.0,8408.4375,0
2021-05-19,8500.0,8500.0,8500.0,8500.0,8408.4375,0
2021-05-20,8500.0,8500.0,8500.0,8500.0,8408.4375,0
2021-05-21,8500.0,8500.0,8500.0,8500.0,8408.4375,0
2021-05-24,8500.0,8500.0,8500.0,8500.0,8408.4375,0
2021-05-25,8500.0,8500.0,8500.0,8500.0,8408.4375,0
2021-05-26,8500.0,8500.0,8500.0,8500.0,8408.4375,0
2021-05-27,8500.0,8500.0,8500.0,8500.0,8408.4375,0
2021-05-28,8500.0,8500.0,8500.0,8500.0,8408.4375,0
2021-06-01,8500.0,8500.0,8500.0,8500.0,8408.4375,0
2021-06-02,8500.0,8500.0,8210.0,8210.0,8121.5615234375,100
2021-06-03,8500.0,8500.0,8500.0,8500.0,8408.4375,100
2021-06-04,8500.0,8500.0,8500.0,8500.0,8408.4375,0
2021-06-07,8500.0,8500.0,8500.0,8500.0,8408.4375,0
2021-06-08,8500.0,8500.0,8500.0,8500.0,8408.4375,0
2021-06-09,8500.0,8500.0,8500.0,8500.0,8408.4375,0
2021-06-10,8500.0,8500.0,8500.0,8500.0,8408.4375,0
2021-06-11,8500.0,8500.0,8500.0,8500.0,8408.4375,0
2021-06-14,8500.0,8500.0,8500.0,8500.0,8408.4375,0
2021-06-15,8500.0,8500.0,8500.0,8500.0,8408.4375,0
2021-06-16,8500.0,8500.0,8500.0,8500.0,8408.4375,0
2021-06-17,8500.0,8500.0,8500.0,8500.0,8408.4375,0
2021-06-18,8500.0,8500.0,8500.0,8500.0,8408.4375,0
2021-06-21,8500.0,8500.0,8500.0,8500.0,8408.4375,0
2021-06-22,8500.0,8500.0,8500.0,8500.0,8408.4375,0
2021-06-23,8500.0,8500.0,8500.0,8500.0,8408.4375,0
2021-06-24,8500.0,8500.0,8500.0,8500.0,8408.4375,0
2021-06-25,8500.0,8500.0,8500.0,8500.0,8461.1953125,0
2021-06-28,8500.0,8500.0,8500.0,8500.0,8461.1953125,0
2021-06-29,8500.0,8500.0,8500.0,8500.0,8461.1953125,0
2021-06-30,8500.0,8500.0,8500.0,8500.0,8461.1953125,0
2021-07-01,8500.0,8500.0,8500.0,8500.0,8461.1953125,0
2021-07-02,8500.0,8500.0,8500.0,8500.0,8461.1953125,0
2021-07-06,8500.0,8500.0,8500.0,8500.0,8461.1953125,0
2021-07-07,8500.0,8500.0,8500.0,8500.0,8461.1953125,0
2021-07-08,8500.0,8500.0,8500.0,8500.0,8461.1953125,0
2021-07-09,8500.0,8500.0,8500.0,8500.0,8461.1953125,0
2021-07-12,8500.0,8500.0,8500.0,8500.0,8461.1953125,0
2021-07-13,8500.0,8500.0,8500.0,8500.0,8461.1953125,0
2021-07-14,8500.0,8500.0,8500.0,8500.0,8461.1953125,0
2021-07-15,8500.0,8500.0,8500.0,8500.0,8461.1953125,0
2021-07-16,8001.0,8001.0,8001.0,8001.0,7964.4736328125,100
2021-07-19,8001.0,8001.0,8001.0,8001.0,7964.4736328125,0
2021-07-20,8001.0,8001.0,8001.0,8001.0,7964.4736328125,0
2021-07-21,8001.0,8001.0,8001.0,8001.0,7964.4736328125,0
2021-07-22,8001.0,8001.0,8001.0,8001.0,7964.4736328125,0
2021-07-23,8001.0,8001.0,8001.0,8001.0,7964.4736328125,0
2021-07-26,8001.0,8001.0,8001.0,8001.0,7964.4736328125,0
2021-07-27,8001.0,8001.0,8001.0,8001.0,7964.4736328125,0
2021-07-28,8000.02001953125,8000.02001953125,8000.02001953125,8000.02001953125,7963.498046875,100
2021-07-29,8000.02001953125,8000.02001953125,8000.02001953125,8000.02001953125,7963.498046875,0
2021-07-30,8000.02001953125,8000.02001953125,8000.02001953125,8000.02001953125,7963.498046875,0
2021-08-02,8000.02001953125,8000.02001953125,8000.02001953125,8000.02001953125,7963.498046875,0
2021-08-03,8000.0,8000.0,8000.0,8000.0,7963.47802734375,100
2021-08-04,8000.0,8000.0,8000.0,8000.0,7963.47802734375,0
2021-08-05,8000.0,8000.0,8000.0,8000.0,7963.47802734375,0
2021-08-06,8050.0,8050.0,8000.0,8000.0,7963.47802734375,100
2021-08-09,8000.0,8000.0,8000.0,8000.0,7963.47802734375,0
2021-08-10,8000.0,8000.0,8000.0,8000.0,7963.47802734375,0
2021-08-11,8000.0,8000.0,8000.0,8000.0,7963.47802734375,0
2021-08-12,8000.0,8000.0,8000.0,8000.0,7963.47802734375,0
2021-08-13,8000.0,8000.0,8000.0,8000.0,7963.47802734375,0
2021-08-16,8000.0,8000.0,8000.0,8000.0,7963.47802734375,0
2021-08-17,8000.0,8000.0,8000.0,8000.0,7963.47802734375,0
2021-08-18,8000.0,8000.0,8000.0,8000.0,7963.47802734375,0
2021-08-19,8000.0,8000.0,8000.0,8000.0,7963.47802734375,0
2021-08-20,8000.0,8000.0,8000.0,8000.0,7963.47802734375,0
2021-08-23,8000.0,8000.0,8000.0,8000.0,7963.47802734375,0
2021-08-24,8000.0,8000.0,8000.0,8000.0,7963.47802734375,0
2021-08-25,8000.0,8000.0,8000.0,8000.0,7963.47802734375,0
2021-08-26,8000.0,8000.0,8000.0,8000.0,7963.47802734375,0
2021-08-27,8000.0,8000.0,8000.0,8000.0,7963.47802734375,0
2021-08-30,8000.0,8000.0,8000.0,8000.0,7963.47802734375,0
2021-08-31,9000.0,9000.0,9000.0,9000.0,8958.9130859375,100
2021-09-01,9000.0,9000.0,9000.0,9000.0,8958.9130859375,0
2021-09-02,9000.0,9000.0,9000.0,9000.0,8958.9130859375,0
2021-09-03,9000.0,9000.0,9000.0,9000.0,8958.9130859375,0
2021-09-07,9000.0,9000.0,9000.0,9000.0,8958.9130859375,0
2021-09-08,9000.0,9000.0,9000.0,9000.0,8958.9130859375,0
2021-09-09,9000.0,9000.0,9000.0,9000.0,8958.9130859375,0
2021-09-10,9000.0,9000.0,9000.0,9000.0,8958.9130859375,0
2021-09-13,9000.0,9000.0,9000.0,9000.0,8958.9130859375,0
2021-09-14,9000.0,9000.0,9000.0,9000.0,8958.9130859375,0
2021-09-15,9000.0,9000.0,9000.0,9000.0,8958.9130859375,0
2021-09-16,9200.0,9200.0,9200.0,9200.0,9158.0,100
2021-09-17,9200.0,9200.0,9200.0,9200.0,9158.0,0
2021-09-20,9200.0,9200.0,9200.0,9200.0,9158.0,0
2021-09-21,9200.0,9200.0,9200.0,9200.0,9158.0,0
2021-09-22,9200.0,9200.0,9200.0,9200.0,9158.0,0
2021-09-23,9200.0,9200.0,9200.0,9200.0,9158.0,0
2021-09-24,9200.0,9200.0,9200.0,9200.0,9158.0,0
2021-09-27,9200.0,9200.0,9200.0,9200.0,9158.0,0
2021-09-28,9200.0,9200.0,9200.0,9200.0,9158.0,0
2021-09-29,9200.0,9200.0,9200.0,9200.0,9158.0,0
2021-09-30,9200.0,9200.0,9200.0,9200.0,9158.0,0
2021-10-01,9200.0,9200.0,9200.0,9200.0,9158.0,0
2021-10-04,9200.0,9200.0,9200.0,9200.0,9158.0,0
2021-10-05,9200.0,9200.0,9200.0,9200.0,9158.0,0
2021-10-06,9200.0,9200.0,9200.0,9200.0,9158.0,0
2021-10-07,9200.0,9200.0,9200.0,9200.0,9158.0,0
2021-10-08,9200.0,9200.0,9200.0,9200.0,9158.0,0
2021-10-11,9200.0,9200.0,9200.0,9200.0,9158.0,0
2021-10-12,9200.0,9200.0,9200.0,9200.0,9158.0,0
2021-10-13,9200.0,9200.0,9200.0,9200.0,9158.0,0
2021-10-14,9200.0,9200.0,9200.0,9200.0,9158.0,0
2021-10-15,9200.0,9200.0,9200.0,9200.0,9158.0,0
2021-10-18,9200.0,9200.0,9200.0,9200.0,9158.0,0
2021-10-19,9200.0,9200.0,9200.0,9200.0,9158.0,0
2021-10-20,9200.0,9200.0,9200.0,9200.0,9158.0,0
2021-10-21,9200.0,9200.0,9200.0,9200.0,9158.0,0
2021-10-22,9200.0,9200.0,9200.0,9200.0,9158.0,0
2021-10-25,9200.0,9200.0,9200.0,9200.0,9158.0,0
2021-10-26,9200.0,9200.0,9200.0,9200.0,9158.0,0
2021-10-27,9200.0,9200.0,9200.0,9200.0,9158.0,0
2021-10-28,9200.0,9200.0,9200.0,9200.0,9158.0,0
2021-10-29,9200.0,9200.0,9200.0,9200.0,9158.0,0
2021-11-01,9200.0,9200.0,9200.0,9200.0,9158.0,0
2021-11-02,9200.0,9200.0,9200.0,9200.0,9158.0,0
2021-11-03,9200.0,9200.0,9200.0,9200.0,9158.0,0
2021-11-04,9200.0,9200.0,9200.0,9200.0,9158.0,0
2021-11-05,9200.0,9200.0,9200.0,9200.0,9158.0,0
2021-11-08,9200.0,9200.0,9200.0,9200.0,9158.0,0
2021-11-09,9200.0,9200.0,9200.0,9200.0,9158.0,0
2021-11-10,9200.0,9200.0,9200.0,9200.0,9158.0,0
2021-11-11,9200.0,9200.0,9200.0,9200.0,9158.0,0
2021-11-12,9200.0,9200.0,9200.0,9200.0,9158.0,0
2021-11-15,9200.0,9200.0,9200.0,9200.0,9158.0,100
2021-11-16,9200.0,9200.0,9200.0,9200.0,9158.0,0
2021-11-17,9200.0,9200.0,9200.0,9200.0,9158.0,0
2021-11-18,9200.0,9200.0,9200.0,9200.0,9158.0,0
2021-11-19,9200.0,9200.0,9200.0,9200.0,9158.0,0
2021-11-22,9200.0,9200.0,9200.0,9200.0,9158.0,0
2021-11-23,9200.0,9200.0,9200.0,9200.0,9158.0,0
2021-11-24,9200.0,9200.0,9200.0,9200.0,9158.0,0
2021-11-26,9200.0,9200.0,9200.0,9200.0,9158.0,0
2021-11-29,9200.0,9200.0,9200.0,9200.0,9158.0,0
2021-11-30,9200.0,9200.0,9200.0,9200.0,9158.0,0
2021-12-01,9200.0,9200.0,9200.0,9200.0,9158.0,0
2021-12-02,9200.0,9200.0,9200.0,9200.0,9158.0,0
2021-12-03,9200.0,9200.0,9200.0,9200.0,9158.0,0
2021-12-06,9200.0,9200.0,9200.0,9200.0,9158.0,0
2021-12-07,9200.0,9200.0,9200.0,9200.0,9158.0,0
2021-12-08,9200.0,9200.0,9200.0,9200.0,9158.0,0
2021-12-09,9200.0,9200.0,9200.0,9200.0,9158.0,0
2021-12-10,9200.0,9200.0,9200.0,9200.0,9158.0,0
2021-12-13,9200.0,9200.0,9200.0,9200.0,9158.0,0
2021-12-14,9200.0,9200.0,9200.0,9200.0,9158.0,0
2021-12-15,9200.0,9200.0,9200.0,9200.0,9158.0,0
2021-12-16,9200.0,9200.0,9200.0,9200.0,9158.0,0
2021-12-17,9200.0,9200.0,9200.0,9200.0,9158.0,0
2021-12-20,9200.0,9200.0,9200.0,9200.0,9158.0,0
2021-12-21,9200.0,9200.0,9200.0,9200.0,9158.0,0
2021-12-22,9200.0,9200.0,9200.0,9200.0,9200.0,0
2021-12-23,9200.0,9200.0,9200.0,9200.0,9200.0,0
2021-12-27,8050.0,8050.0,8050.0,8050.0,8050.0,100
2021-12-28,8050.0,8050.0,8050.0,8050.0,8050.0,0
2021-12-29,9000.0,9000.0,9000.0,9000.0,9000.0,100
2021-12-30,9000.0,9000.0,9000.0,9000.0,9000.0,0
2021-12-31,9000.0,9000.0,9000.0,9000.0,9000.0,0
2022-01-03,9000.0,9000.0,9000.0,9000.0,9000.0,0
2022-01-04,9000.0,9000.0,9000.0,9000.0,9000.0,0
2022-01-05,9000.0,9000.0,9000.0,9000.0,9000.0,0
2022-01-06,9000.0,9000.0,9000.0,9000.0,9000.0,0
2022-01-07,9000.0,9000.0,9000.0,9000.0,9000.0,0
2022-01-10,9000.0,9000.0,9000.0,9000.0,9000.0,0
2022-01-11,9000.0,9000.0,9000.0,9000.0,9000.0,0
2022-01-12,9000.0,9000.0,9000.0,9000.0,9000.0,0
2022-01-13,9000.0,9000.0,9000.0,9000.0,9000.0,0
2022-01-14,9000.0,9000.0,9000.0,9000.0,9000.0,0
2022-01-18,9000.0,9000.0,9000.0,9000.0,9000.0,0
2022-01-19,9000.0,9000.0,9000.0,9000.0,9000.0,0
2022-01-20,9000.0,9000.0,9000.0,9000.0,9000.0,0
2022-01-21,9000.0,9000.0,9000.0,9000.0,9000.0,0
2022-01-24,9000.0,9000.0,9000.0,9000.0,9000.0,0
2022-01-25,9000.0,9000.0,9000.0,9000.0,9000.0,0
2022-01-26,9000.0,9000.0,9000.0,9000.0,9000.0,0
2022-01-27,9000.0,9000.0,9000.0,9000.0,9000.0,0
2022-01-28,9000.0,9000.0,9000.0,9000.0,9000.0,0
2022-01-31,9000.0,9000.0,9000.0,9000.0,9000.0,0
2022-02-01,9000.0,9000.0,9000.0,9000.0,9000.0,0
2022-02-02,9000.0,9000.0,9000.0,9000.0,9000.0,0
2022-02-03,9000.0,9000.0,9000.0,9000.0,9000.0,0
2022-02-04,9000.0,9000.0,9000.0,9000.0,9000.0,0
2022-02-07,9000.0,9000.0,9000.0,9000.0,9000.0,0
2022-02-08,9000.0,9000.0,9000.0,9000.0,9000.0,0
2022-02-09,9000.0,9000.0,9000.0,9000.0,9000.0,0
2022-02-10,9000.0,9000.0,9000.0,9000.0,9000.0,0
2022-02-11,9000.0,9000.0,9000.0,9000.0,9000.0,0
2022-02-14,9000.0,9000.0,9000.0,9000.0,9000.0,0
2022-02-15,9000.0,9000.0,9000.0,9000.0,9000.0,0
2022-02-16,9000.0,9000.0,9000.0,9000.0,9000.0,0
2022-02-17,9000.0,9000.0,9000.0,9000.0,9000.0,0
2022-02-18,9000.0,9000.0,9000.0,9000.0,9000.0,0
2022-02-22,7958.0,7958.0,7958.0,7958.0,7958.0,100
2022-02-23,7958.0,7958.0,7958.0,7958.0,7958.0,0
2022-02-24,7958.0,7958.0,7958.0,7958.0,7958.0,0
2022-02-25,7958.0,7958.0,7958.0,7958.0,7958.0,0
2022-02-28,7958.0,8000.0,7958.0,8000.0,8000.0,100
2022-03-01,8000.0,8000.0,8000.0,8000.0,8000.0,0
2022-03-02,9000.0,9000.0,9000.0,9000.0,9000.0,100
2022-03-03,8000.0,9450.0,8000.0,8000.0,8000.0,100
2022-03-04,8000.0,8000.0,8000.0,8000.0,8000.0,0
2022-03-07,8000.0,8000.0,8000.0,8000.0,8000.0,0
2022-03-08,8000.0,8000.0,8000.0,8000.0,8000.0,0
2022-03-09,8000.0,8000.0,8000.0,8000.0,8000.0,0
2022-03-10,8000.0,8000.0,8000.0,8000.0,8000.0,0
2022-03-11,8000.0,8000.0,8000.0,8000.0,8000.0,0
2022-03-14,8000.0,8000.0,8000.0,8000.0,8000.0,0
2022-03-15,8000.0,8000.0,8000.0,8000.0,8000.0,0
2022-03-16,8000.0,8000.0,8000.0,8000.0,8000.0,0
2022-03-17,8000.0,8000.0,8000.0,8000.0,8000.0,0
2022-03-18,8000.0,8000.0,8000.0,8000.0,8000.0,0
2022-03-21,8000.0,8000.0,8000.0,8000.0,8000.0,0
2022-03-22,8000.0,8000.0,8000.0,8000.0,8000.0,0
2022-03-23,8000.0,8000.0,8000.0,8000.0,8000.0,0
2022-03-24,8000.0,8000.0,8000.0,8000.0,8000.0,0
2022-03-25,8000.0,8000.0,8000.0,8000.0,8000.0,0
2022-03-28,8000.0,8000.0,8000.0,8000.0,8000.0,0
2022-03-29,8000.0,8000.0,8000.0,8000.0,8000.0,0
2022-03-30,8400.0,8400.0,8400.0,8400.0,8400.0,100
2022-03-31,8500.0,8500.0,8500.0,8500.0,8500.0,100
2022-04-01,8500.0,8500.0,8500.0,8500.0,8500.0,0
2022-04-04,8500.0,8500.0,8500.0,8500.0,8500.0,0
2022-04-05,8500.0,8500.0,8500.0,8500.0,8500.0,0
2022-04-06,8500.0,8500.0,8500.0,8500.0,8500.0,0
2022-04-07,8500.0,8500.0,8500.0,8500.0,8500.0,0
2022-04-08,8500.0,8500.0,8500.0,8500.0,8500.0,0
2022-04-11,8500.0,8500.0,8500.0,8500.0,8500.0,0
2022-04-12,8500.0,8500.0,8500.0,8500.0,8500.0,0
2022-04-13,8100.0,8100.0,8100.0,8100.0,8100.0,100
2022-04-14,8100.0,8100.0,8100.0,8100.0,8100.0,0
2022-04-18,8100.0,8100.0,8100.0,8100.0,8100.0,0
2022-04-19,8100.0,8100.0,8100.0,8100.0,8100.0,0
2022-04-20,8100.0,8100.0,8100.0,8100.0,8100.0,0
2022-04-21,8100.0,8100.0,8100.0,8100.0,8100.0,0
2022-04-22,8000.0,8000.0,8000.0,8000.0,8000.0,100
2022-04-25,8000.0,8000.0,8000.0,8000.0,8000.0,0
2022-04-26,8000.0,8000.0,8000.0,8000.0,8000.0,0
2022-04-27,8000.0,8000.0,8000.0,8000.0,8000.0,0
2022-04-28,8000.0,8000.0,8000.0,8000.0,8000.0,0
2022-04-29,8000.0,8000.0,8000.0,8000.0,8000.0,0
2022-05-02,8000.0,8000.0,8000.0,8000.0,8000.0,0
2022-05-03,8000.0,8000.0,8000.0,8000.0,8000.0,0
2022-05-04,8000.0,8000.0,8000.0,8000.0,8000.0,0
2022-05-05,8000.0,8000.0,8000.0,8000.0,8000.0,0
2022-05-06,8000.0,8000.0,8000.0,8000.0,8000.0,0
2022-05-09,8000.0,8000.0,8000.0,8000.0,8000.0,0
2022-05-10,8000.0,8000.0,8000.0,8000.0,8000.0,0
2022-05-11,8000.0,8000.0,8000.0,8000.0,8000.0,0
2022-05-12,8000.0,8000.0,8000.0,8000.0,8000.0,0
2022-05-13,8000.0,8000.0,8000.0,8000.0,8000.0,0
2022-05-16,8000.0,8000.0,8000.0,8000.0,8000.0,0
2022-05-17,8000.0,8000.0,8000.0,8000.0,8000.0,0
2022-05-18,8000.0,8000.0,8000.0,8000.0,8000.0,0
2022-05-19,8000.0,8000.0,8000.0,8000.0,8000.0,0
2022-05-20,8000.0,8000.0,8000.0,8000.0,8000.0,0
2022-05-23,8000.0,8000.0,8000.0,8000.0,8000.0,0
2022-05-24,8000.0,8000.0,8000.0,8000.0,8000.0,0
2022-05-25,8000.0,8000.0,8000.0,8000.0,8000.0,0
2022-05-26,8000.0,8000.0,8000.0,8000.0,8000.0,0
2022-05-27,8000.0,8000.0,8000.0,8000.0,8000.0,0
2022-05-31,8000.0,8000.0,8000.0,8000.0,8000.0,0
2022-06-01,8000.0,8000.0,8000.0,8000.0,8000.0,0
2022-06-02,8000.0,8000.0,8000.0,8000.0,8000.0,0
2022-06-03,8000.0,8000.0,8000.0,8000.0,8000.0,0
2022-06-06,8000.0,8000.0,8000.0,8000.0,8000.0,0
2022-06-07,8000.0,8000.0,8000.0,8000.0,8000.0,0
2022-06-08,8000.0,8000.0,8000.0,8000.0,8000.0,0
2022-06-09,8000.0,8000.0,8000.0,8000.0,8000.0,0
2022-06-10,8000.0,8000.0,8000.0,8000.0,8000.0,0
2022-06-13,8000.0,8000.0,8000.0,8000.0,8000.0,0
2022-06-14,8000.0,8000.0,8000.0,8000.0,8000.0,0
2022-06-15,8000.0,8000.0,8000.0,8000.0,8000.0,0
2022-06-16,8000.0,8000.0,8000.0,8000.0,8000.0,0
2022-06-17,8000.0,8000.0,8000.0,8000.0,8000.0,0
2022-06-21,8000.0,8000.0,8000.0,8000.0,8000.0,0
2022-06-22,8000.0,8000.0,8000.0,8000.0,8000.0,0
2022-06-23,8000.0,8000.0,8000.0,8000.0,8000.0,0
2022-06-24,8000.0,8000.0,8000.0,8000.0,8000.0,0
2022-06-27,8000.0,8000.0,8000.0,8000.0,8000.0,0
2022-06-28,8000.0,8000.0,8000.0,8000.0,8000.0,0
2022-06-29,8000.0,8000.0,8000.0,8000.0,8000.0,0
2022-06-30,7958.0,7958.0,6255.0,6255.0,6255.0,100
2022-07-01,6255.0,6255.0,6255.0,6255.0,6255.0,0
2022-07-05,6255.0,6255.0,6255.0,6255.0,6255.0,0
2022-07-06,6255.0,6255.0,6255.0,6255.0,6255.0,0
2022-07-07,6255.0,6255.0,6255.0,6255.0,6255.0,0
2022-07-08,6255.0,6255.0,6255.0,6255.0,6255.0,0
2022-07-11,6255.0,6255.0,6255.0,6255.0,6255.0,0
2022-07-12,6255.0,6255.0,6255.0,6255.0,6255.0,0
2022-07-13,6255.0,6255.0,6255.0,6255.0,6255.0,0
2022-07-14,6255.0,6255.0,6255.0,6255.0,6255.0,0
2022-07-15,6255.0,6255.0,6255.0,6255.0,6255.0,0
2022-07-18,6255.0,6255.0,6255.0,6255.0,6255.0,0
2022-07-19,6255.0,6255.0,6255.0,6255.0,6255.0,0
2022-07-20,6255.0,6255.0,6255.0,6255.0,6255.0,0
2022-07-21,6255.0,6255.0,6255.0,6255.0,6255.0,0
2022-07-22,6255.0,6255.0,6255.0,6255.0,6255.0,0
2022-07-25,6255.0,6255.0,6255.0,6255.0,6255.0,0
2022-07-26,6255.0,6255.0,6255.0,6255.0,6255.0,0
2022-07-27,6255.0,6255.0,6255.0,6255.0,6255.0,0
2022-07-28,6255.0,6255.0,6255.0,6255.0,6255.0,0
2022-07-29,6255.0,6255.0,6255.0,6255.0,6255.0,0
2022-08-01,6255.0,6255.0,6255.0,6255.0,6255.0,0
2022-08-02,6255.0,6255.0,6255.0,6255.0,6255.0,0
2022-08-03,6255.0,6255.0,6255.0,6255.0,6255.0,0
2022-08-04,6255.0,6255.0,6255.0,6255.0,6255.0,0
2022-08-05,6255.0,6255.0,6255.0,6255.0,6255.0,0
2022-08-08,6255.0,6255.0,6255.0,6255.0,6255.0,0
2022-08-09,6255.0,6255.0,6255.0,6255.0,6255.0,0
2022-08-10,6255.0,6255.0,6255.0,6255.0,6255.0,0
2022-08-11,6255.0,6255.0,6255.0,6255.0,6255.0,0
2022-08-12,6255.0,6255.0,6255.0,6255.0,6255.0,0
2022-08-15,6255.0,6255.0,6255.0,6255.0,6255.0,0
2022-08-16,6255.0,6255.0,6255.0,6255.0,6255.0,0
2022-08-17,6255.0,6255.0,6255.0,6255.0,6255.0,0
2022-08-18,6255.0,6255.0,6255.0,6255.0,6255.0,0
2022-08-19,6255.0,6255.0,6255.0,6255.0,6255.0,0
2022-08-22,6255.0,6255.0,6255.0,6255.0,6255.0,0
2022-08-23,6255.0,6255.0,6255.0,6255.0,6255.0,0
2022-08-24,6255.0,6255.0,6255.0,6255.0,6255.0,0
2022-08-25,6255.0,6255.0,6255.0,6255.0,6255.0,0
2022-08-26,6255.0,6255.0,6255.0,6255.0,6255.0,0
2022-08-29,6255.0,6255.0,6255.0,6255.0,6255.0,0
2022-08-30,6255.0,6255.0,6255.0,6255.0,6255.0,0
2022-08-31,6255.0,6255.0,6255.0,6255.0,6255.0,0
2022-09-01,6255.0,6255.0,6255.0,6255.0,6255.0,0
2022-09-02,6255.0,6255.0,6255.0,6255.0,6255.0,0
2022-09-06,6255.0,6255.0,6255.0,6255.0,6255.0,0
2022-09-07,6255.0,6255.0,6255.0,6255.0,6255.0,0
2022-09-08,6255.0,6255.0,6255.0,6255.0,6255.0,0
2022-09-09,6255.0,6255.0,6255.0,6255.0,6255.0,0
2022-09-12,6255.0,6255.0,6255.0,6255.0,6255.0,0
2022-09-13,6255.0,6255.0,6255.0,6255.0,6255.0,0
2022-09-14,6255.0,6255.0,6255.0,6255.0,6255.0,0
2022-09-15,6255.0,6255.0,6255.0,6255.0,6255.0,0
2022-09-16,6255.0,6255.0,6255.0,6255.0,6255.0,0
2022-09-19,6255.0,6255.0,6255.0,6255.0,6255.0,0
2022-09-20,6255.0,6255.0,6255.0,6255.0,6255.0,0
2022-09-21,6255.0,6255.0,6255.0,6255.0,6255.0,0
2022-09-22,6255.0,6255.0,6255.0,6255.0,6255.0,0
2022-09-23,6255.0,6255.0,6255.0,6255.0,6255.0,0
2022-09-26,6255.0,6255.0,6255.0,6255.0,6255.0,0
2022-09-27,6255.0,6255.0,6255.0,6255.0,6255.0,0
2022-09-28,6255.0,6255.0,6255.0,6255.0,6255.0,0
2022-09-29,6255.0,6255.0,6255.0,6255.0,6255.0,0
2022-09-30,6255.0,6255.0,6255.0,6255.0,6255.0,0
2022-10-03,6255.0,6255.0,6255.0,6255.0,6255.0,0
2022-10-04,6255.0,6255.0,6255.0,6255.0,6255.0,0
2022-10-05,6255.0,6255.0,6255.0,6255.0,6255.0,0
2022-10-06,6255.0,6255.0,6255.0,6255.0,6255.0,0
2022-10-07,6255.0,6255.0,6255.0,6255.0,6255.0,0
2022-10-10,6255.0,6255.0,6255.0,6255.0,6255.0,0
2022-10-11,6255.0,6255.0,6255.0,6255.0,6255.0,0
2022-10-12,6255.0,6255.0,6255.0,6255.0,6255.0,0
2022-10-13,6255.0,6255.0,6255.0,6255.0,6255.0,0
2022-10-14,5060.0,5060.0,5060.0,5060.0,5060.0,100
2022-10-17,5060.0,5060.0,5060.0,5060.0,5060.0,0
2022-10-18,5500.0,5500.0,5500.0,5500.0,5500.0,100
2022-10-19,5500.0,5500.0,5500.0,5500.0,5500.0,0
2022-10-20,5500.0,5500.0,5500.0,5500.0,5500.0,0
2022-10-21,5500.0,5500.0,5500.0,5500.0,5500.0,0
2022-10-24,5500.0,5500.0,5500.0,5500.0,5500.0,0
2022-10-25,5500.0,5500.0,5500.0,5500.0,5500.0,0
2022-10-26,5500.0,5500.0,5500.0,5500.0,5500.0,0
2022-10-27,5500.0,5500.0,5500.0,5500.0,5500.0,100
2022-10-28,5500.0,5500.0,5500.0,5500.0,5500.0,0
2022-10-31,5500.0,5500.0,5500.0,5500.0,5500.0,0
2022-11-01,5500.0,5500.0,5500.0,5500.0,5500.0,0
2022-11-02,5500.0,5500.0,5500.0,5500.0,5500.0,0
2022-11-03,5500.0,5500.0,5500.0,5500.0,5500.0,0
2022-11-04,5500.0,5500.0,5500.0,5500.0,5500.0,0
2022-11-07,5565.0,5565.0,5565.0,5565.0,5565.0,100
2022-11-08,5550.0,5550.0,5550.0,5550.0,5550.0,100
2022-11-09,5550.0,5550.0,5550.0,5550.0,5550.0,0
2022-11-10,5550.0,5550.0,5550.0,5550.0,5550.0,0
2022-11-11,5550.0,5550.0,5550.0,5550.0,5550.0,0
2022-11-14,5600.0,5600.0,5600.0,5600.0,5600.0,100
2022-11-15,5600.0,5600.0,5600.0,5600.0,5600.0,0
2022-11-16,5600.0,5600.0,5600.0,5600.0,5600.0,0
2022-11-17,5600.0,5600.0,5600.0,5600.0,5600.0,0
2022-11-18,5650.0,5650.0,5650.0,5650.0,5650.0,100
2022-11-21,5650.0,5650.0,5650.0,5650.0,5650.0,0
2022-11-22,5650.0,5650.0,5650.0,5650.0,5650.0,0
2022-11-23,5650.0,5650.0,5650.0,5650.0,5650.0,0
2022-11-25,5650.0,5650.0,5650.0,5650.0,5650.0,0
2022-11-28,5650.0,5650.0,5650.0,5650.0,5650.0,0
2022-11-29,5650.0,5650.0,5650.0,5650.0,5650.0,0
2022-11-30,5650.0,5650.0,5650.0,5650.0,5650.0,0
2022-12-01,5650.0,5650.0,5650.0,5650.0,5650.0,0
2022-12-02,5650.0,5650.0,5650.0,5650.0,5650.0,0
2022-12-05,5650.0,5650.0,5650.0,5650.0,5650.0,0
2022-12-06,5650.0,5650.0,5650.0,5650.0,5650.0,0
2022-12-07,5650.0,5650.0,5650.0,5650.0,5650.0,0
2022-12-08,5650.0,5650.0,5650.0,5650.0,5650.0,0
2022-12-09,5650.0,5650.0,5650.0,5650.0,5650.0,0
2022-12-12,5650.0,5650.0,5650.0,5650.0,5650.0,0
2022-12-13,4850.0,4850.0,4850.0,4850.0,4850.0,100
2022-12-14,4850.0,4850.0,4850.0,4850.0,4850.0,0
2022-12-15,5500.0,5500.0,5500.0,5500.0,5500.0,100
2022-12-16,5500.0,5500.0,5500.0,5500.0,5500.0,0
2022-12-19,5500.0,5500.0,5500.0,5500.0,5500.0,0
2022-12-20,5500.0,5500.0,5500.0,5500.0,5500.0,0
2022-12-21,5500.0,5500.0,5500.0,5500.0,5500.0,0
2022-12-22,5500.0,5500.0,5500.0,5500.0,5500.0,0
2022-12-23,5500.0,5500.0,5500.0,5500.0,5500.0,0
2022-12-27,5500.0,5500.0,5500.0,5500.0,5500.0,0
2022-12-28,5500.0,5500.0,5500.0,5500.0,5500.0,0
2022-12-29,5500.0,5500.0,5500.0,5500.0,5500.0,0
2022-12-30,5500.0,5500.0,5500.0,5500.0,5500.0,0
2023-01-03,5500.0,5500.0,5500.0,5500.0,5500.0,0
2023-01-04,5500.0,5500.0,5500.0,5500.0,5500.0,0
2023-01-05,5500.0,5500.0,5500.0,5500.0,5500.0,0
2023-01-06,5500.0,5500.0,5500.0,5500.0,5500.0,0
2023-01-09,5500.0,5500.0,5500.0,5500.0,5500.0,0
2023-01-10,5500.0,5500.0,5500.0,5500.0,5500.0,0
2023-01-11,5500.0,5500.0,5500.0,5500.0,5500.0,0
2023-01-12,5500.0,5500.0,5500.0,5500.0,5500.0,0
2023-01-13,5500.0,5500.0,5500.0,5500.0,5500.0,0
2023-01-17,5500.0,5500.0,5500.0,5500.0,5500.0,0
2023-01-18,5500.0,5500.0,5500.0,5500.0,5500.0,0
2023-01-19,5500.0,5500.0,5500.0,5500.0,5500.0,0
2023-01-20,5500.0,5500.0,5500.0,5500.0,5500.0,0
2023-01-23,5500.0,5500.0,5500.0,5500.0,5500.0,0
2023-01-24,5500.0,5500.0,5500.0,5500.0,5500.0,0
2023-01-25,5500.0,5500.0,5500.0,5500.0,5500.0,0
2023-01-26,5500.0,5500.0,5500.0,5500.0,5500.0,0
2023-01-27,5500.0,5500.0,5500.0,5500.0,5500.0,0
2023-01-30,5500.0,5500.0,5500.0,5500.0,5500.0,0
2023-01-31,5500.0,5500.0,5500.0,5500.0,5500.0,0
2023-02-01,5500.0,5500.0,5500.0,5500.0,5500.0,0
2023-02-02,5500.0,5500.0,5500.0,5500.0,5500.0,0
2023-02-03,5500.0,5500.0,5500.0,5500.0,5500.0,0
2023-02-06,5500.0,5500.0,5500.0,5500.0,5500.0,0
2023-02-07,5500.0,5500.0,5500.0,5500.0,5500.0,0
2023-02-08,5500.0,5500.0,5500.0,5500.0,5500.0,0
2023-02-09,5500.0,5500.0,5500.0,5500.0,5500.0,0
2023-02-10,5500.0,5500.0,5500.0,5500.0,5500.0,0
2023-02-13,5500.0,5500.0,5500.0,5500.0,5500.0,0
2023-02-14,5500.0,5500.0,5500.0,5500.0,5500.0,0
2023-02-15,5500.0,5500.0,5500.0,5500.0,5500.0,0
2023-02-16,5500.0,5500.0,5500.0,5500.0,5500.0,0
2023-02-17,5500.0,5500.0,5500.0,5500.0,5500.0,0
2023-02-21,5500.0,5500.0,5500.0,5500.0,5500.0,0
2023-02-22,5500.0,5500.0,5500.0,5500.0,5500.0,0
2023-02-23,5500.0,5500.0,5500.0,5500.0,5500.0,100
2023-02-24,5500.0,5500.0,5500.0,5500.0,5500.0,0
2023-02-27,5500.0,5500.0,5500.0,5500.0,5500.0,0
2023-02-28,5500.0,5500.0,5500.0,5500.0,5500.0,0
2023-03-01,5500.0,5500.0,5500.0,5500.0,5500.0,0
2023-03-02,5500.0,5500.0,5500.0,5500.0,5500.0,0
2023-03-03,5500.0,5500.0,5500.0,5500.0,5500.0,0
2023-03-06,5500.0,5500.0,5500.0,5500.0,5500.0,0
2023-03-07,5500.0,5500.0,5500.0,5500.0,5500.0,0
2023-03-08,5500.0,5500.0,5500.0,5500.0,5500.0,0
2023-03-09,5500.0,5500.0,5500.0,5500.0,5500.0,0
2023-03-10,5500.0,5500.0,5500.0,5500.0,5500.0,0
2023-03-13,5500.0,5500.0,5500.0,5500.0,5500.0,0
2023-03-14,5500.0,5500.0,5500.0,5500.0,5500.0,0
2023-03-15,5500.0,5500.0,5500.0,5500.0,5500.0,0
2023-03-16,5500.0,5500.0,5500.0,5500.0,5500.0,0
2023-03-17,5500.0,5500.0,5500.0,5500.0,5500.0,0
2023-03-20,5500.0,5500.0,5500.0,5500.0,5500.0,0
2023-03-21,5500.0,5500.0,5500.0,5500.0,5500.0,0
2023-03-22,5500.0,5500.0,5500.0,5500.0,5500.0,0
2023-03-23,5500.0,5500.0,5500.0,5500.0,5500.0,0
2023-03-24,5500.0,5500.0,5500.0,5500.0,5500.0,0
2023-03-27,5500.0,5500.0,5500.0,5500.0,5500.0,0
2023-03-28,5500.0,5500.0,5500.0,5500.0,5500.0,0
2023-03-29,5500.0,5500.0,5500.0,5500.0,5500.0,0
2023-03-30,5500.0,5500.0,5500.0,5500.0,5500.0,0
2023-03-31,5300.0,5300.0,5300.0,5300.0,5300.0,100
2023-04-03,5300.0,5300.0,5300.0,5300.0,5300.0,0
2023-04-04,5300.0,5300.0,5300.0,5300.0,5300.0,0
2023-04-05,5300.0,5300.0,5300.0,5300.0,5300.0,0
2023-04-06,5300.0,5300.0,5300.0,5300.0,5300.0,0
2023-04-10,5300.0,5300.0,5300.0,5300.0,5300.0,0
2023-04-11,5300.0,5300.0,5300.0,5300.0,5300.0,0
2023-04-12,5300.0,5300.0,5300.0,5300.0,5300.0,0
2023-04-13,5300.0,5300.0,5300.0,5300.0,5300.0,0
2023-04-14,5300.0,5300.0,5300.0,5300.0,5300.0,0
2023-04-17,5500.0,5500.0,5500.0,5500.0,5500.0,100
2023-04-18,5500.0,5500.0,5500.0,5500.0,5500.0,0
2023-04-19,5500.0,5500.0,5500.0,5500.0,5500.0,0
2023-04-20,5500.0,5500.0,5500.0,5500.0,5500.0,0
2023-04-21,5500.0,5500.0,5500.0,5500.0,5500.0,0
2023-04-24,5500.0,5500.0,5500.0,5500.0,5500.0,0
2023-04-25,5500.0,5500.0,5500.0,5500.0,5500.0,0
2023-04-26,5500.0,5500.0,5500.0,5500.0,5500.0,0
2023-04-27,5600.0,5600.0,5600.0,5600.0,5600.0,100
2023-04-28,5600.0,5600.0,5600.0,5600.0,5600.0,0
2023-05-01,5600.0,5600.0,5600.0,5600.0,5600.0,0
2023-05-02,5600.0,5600.0,5600.0,5600.0,5600.0,0
2023-05-03,5600.0,5600.0,5600.0,5600.0,5600.0,0
2023-05-04,5600.0,5600.0,5600.0,5600.0,5600.0,0
2023-05-05,5600.0,5600.0,5600.0,5600.0,5600.0,0
2023-05-08,5600.0,5600.0,5600.0,5600.0,5600.0,0
2023-05-09,5600.0,5600.0,5600.0,5600.0,5600.0,100
2023-05-10,5600.0,5600.0,5600.0,5600.0,5600.0,0
2023-05-11,5600.0,5600.0,5600.0,5600.0,5600.0,0
2023-05-12,5600.0,5600.0,5600.0,5600.0,5600.0,0
2023-05-15,5600.0,5600.0,5600.0,5600.0,5600.0,0
2023-05-16,5600.0,5600.0,5600.0,5600.0,5600.0,0
2023-05-17,5600.0,5600.0,5600.0,5600.0,5600.0,0
2023-05-18,5600.0,5600.0,5600.0,5600.0,5600.0,0
2023-05-19,5600.0,5600.0,5600.0,5600.0,5600.0,0
2023-05-22,5600.0,5600.0,5600.0,5600.0,5600.0,0
2023-05-23,5600.0,5600.0,5600.0,5600.0,5600.0,0
2023-05-24,5600.0,5600.0,5600.0,5600.0,5600.0,0
2023-05-25,5600.0,5600.0,5600.0,5600.0,5600.0,0
2023-05-26,5600.0,5600.0,5600.0,5600.0,5600.0,0
2023-05-30,5600.0,5600.0,5600.0,5600.0,5600.0,0
2023-05-31,5600.0,5600.0,5600.0,5600.0,5600.0,0
2023-06-01,5600.0,5600.0,5600.0,5600.0,5600.0,0
2023-06-02,5600.0,5600.0,5600.0,5600.0,5600.0,0
2023-06-05,5600.0,5600.0,5600.0,5600.0,5600.0,0
2023-06-06,5600.0,5600.0,5600.0,5600.0,5600.0,0
2023-06-07,5600.0,5600.0,5600.0,5600.0,5600.0,0
2023-06-08,5600.0,5600.0,5600.0,5600.0,5600.0,0
2023-06-09,5600.0,5600.0,5600.0,5600.0,5600.0,0
2023-06-12,5600.0,5600.0,5600.0,5600.0,5600.0,0
2023-06-13,5600.0,5600.0,5600.0,5600.0,5600.0,100
2023-06-14,5600.0,5600.0,5600.0,5600.0,5600.0,0
2023-06-15,5600.0,5600.0,5600.0,5600.0,5600.0,0
2023-06-16,5600.0,5600.0,5600.0,5600.0,5600.0,0
2023-06-20,5600.0,5600.0,5600.0,5600.0,5600.0,0
2023-06-21,5600.0,5600.0,5600.0,5600.0,5600.0,0
2023-06-22,5600.0,5600.0,5600.0,5600.0,5600.0,0
2023-06-23,5600.0,5600.0,5600.0,5600.0,5600.0,0
2023-06-26,5600.0,5600.0,5600.0,5600.0,5600.0,0
2023-06-27,5600.0,5600.0,5600.0,5600.0,5600.0,0
2023-06-28,5600.0,5600.0,5600.0,5600.0,5600.0,0
2023-06-29,5600.0,5600.0,5600.0,5600.0,5600.0,0
2023-06-30,5600.0,5600.0,5600.0,5600.0,5600.0,0
2023-07-03,5600.0,5600.0,5600.0,5600.0,5600.0,0
2023-07-05,5600.0,5600.0,5600.0,5600.0,5600.0,0
2023-07-06,5600.0,5600.0,5600.0,5600.0,5600.0,0
2023-07-07,5600.0,5600.0,5600.0,5600.0,5600.0,0
2023-07-10,5600.0,5600.0,5600.0,5600.0,5600.0,0
2023-07-11,5600.0,5600.0,5600.0,5600.0,5600.0,0
2023-07-12,5600.0,5600.0,5600.0,5600.0,5600.0,0
2023-07-13,5600.0,5600.0,5600.0,5600.0,5600.0,0
2023-07-14,5600.0,5600.0,5600.0,5600.0,5600.0,0
2023-07-17,5600.0,5600.0,5600.0,5600.0,5600.0,0
2023-07-18,5600.0,5600.0,5600.0,5600.0,5600.0,0
2023-07-19,5600.0,5600.0,5600.0,5600.0,5600.0,0
2023-07-20,5600.0,5600.0,5600.0,5600.0,5600.0,0
2023-07-21,5600.0,5600.0,5600.0,5600.0,5600.0,0
2023-07-24,5600.0,5600.0,5600.0,5600.0,5600.0,0
2023-07-25,5600.0,5600.0,5600.0,5600.0,5600.0,0
2023-07-26,5600.0,5600.0,5600.0,5600.0,5600.0,0
2023-07-27,5610.0,5625.0,5600.0,5625.0,5625.0,100
2023-07-28,5625.0,5625.0,5625.0,5625.0,5625.0,0
2023-07-31,5625.0,5625.0,5625.0,5625.0,5625.0,0
2023-08-01,5250.0,5250.0,5250.0,5250.0,5250.0,100
2023-08-02,5250.0,5250.0,5250.0,5250.0,5250.0,0
2023-08-03,5250.0,5250.0,5250.0,5250.0,5250.0,0
2023-08-04,5250.0,5250.0,5250.0,5250.0,5250.0,0
2023-08-07,5250.0,5250.0,5250.0,5250.0,5250.0,0
2023-08-08,5250.0,5250.0,5250.0,5250.0,5250.0,0
2023-08-09,5250.0,5250.0,5250.0,5250.0,5250.0,0
2023-08-10,5250.0,5250.0,5250.0,5250.0,5250.0,0
2023-08-11,5250.0,5250.0,5250.0,5250.0,5250.0,0
2023-08-14,5250.0,5250.0,5250.0,5250.0,5250.0,0
2023-08-15,5250.0,5250.0,5250.0,5250.0,5250.0,0
2023-08-16,5250.0,5250.0,5250.0,5250.0,5250.0,0
2023-08-17,5250.0,5250.0,5250.0,5250.0,5250.0,0
2023-08-18,5250.0,5250.0,5250.0,5250.0,5250.0,0
2023-08-21,5250.0,5250.0,5250.0,5250.0,5250.0,0
2023-08-22,5250.0,5250.0,5250.0,5250.0,5250.0,0
2023-08-23,5250.0,5250.0,5250.0,5250.0,5250.0,0
2023-08-24,5250.0,5250.0,5250.0,5250.0,5250.0,0
2023-08-25,5250.0,5250.0,5250.0,5250.0,5250.0,0
2023-08-28,5250.0,5250.0,5250.0,5250.0,5250.0,0
2023-08-29,5250.0,5250.0,5250.0,5250.0,5250.0,0
2023-08-30,5250.0,5250.0,5250.0,5250.0,5250.0,0
2023-08-31,5250.0,5250.0,5250.0,5250.0,5250.0,0
2023-09-01,5250.0,5250.0,5250.0,5250.0,5250.0,0
2023-09-05,5250.0,5250.0,5250.0,5250.0,5250.0,0
2023-09-06,5250.0,5250.0,5250.0,5250.0,5250.0,0
2023-09-07,5250.0,5250.0,5250.0,5250.0,5250.0,0
2023-09-08,5250.0,5250.0,5250.0,5250.0,5250.0,0
2023-09-11,5250.0,5250.0,5250.0,5250.0,5250.0,0
2023-09-12,5250.0,5250.0,5250.0,5250.0,5250.0,0
2023-09-13,5250.0,5250.0,5250.0,5250.0,5250.0,0
2023-09-14,5250.0,5250.0,5250.0,5250.0,5250.0,0
2023-09-15,5250.0,5250.0,5250.0,5250.0,5250.0,0
2023-09-18,5250.0,5250.0,5250.0,5250.0,5250.0,0
2023-09-19,5250.0,5250.0,5250.0,5250.0,5250.0,0
2023-09-20,5250.0,5250.0,5250.0,5250.0,5250.0,0
2023-09-21,5775.0,5775.0,5775.0,5775.0,5775.0,100
2023-09-22,5775.0,5775.0,5775.0,5775.0,5775.0,0
2023-09-25,5775.0,5775.0,5775.0,5775.0,5775.0,0
2023-09-26,5775.0,5775.0,5775.0,5775.0,5775.0,0
2023-09-27,5775.0,5775.0,5775.0,5775.0,5775.0,0
2023-09-28,5775.0,5775.0,5775.0,5775.0,5775.0,0
2023-09-29,5775.0,5775.0,5775.0,5775.0,5775.0,0
2023-10-02,5775.0,5775.0,5775.0,5775.0,5775.0,0
2023-10-03,5775.0,5775.0,5775.0,5775.0,5775.0,0
2023-10-04,5775.0,5775.0,5775.0,5775.0,5775.0,0
2023-10-05,5775.0,5775.0,5775.0,5775.0,5775.0,0
2023-10-06,5775.0,5775.0,5775.0,5775.0,5775.0,0
2023-10-09,5775.0,5775.0,5775.0,5775.0,5775.0,0
2023-10-10,5775.0,5775.0,5775.0,5775.0,5775.0,0
2023-10-11,5775.0,5775.0,5775.0,5775.0,5775.0,0
2023-10-12,5775.0,5775.0,5775.0,5775.0,5775.0,0
2023-10-13,5775.0,5775.0,5775.0,5775.0,5775.0,0
2023-10-16,5775.0,5775.0,5775.0,5775.0,5775.0,0
2023-10-17,5775.0,5775.0,5775.0,5775.0,5775.0,0
2023-10-18,5775.0,5775.0,5775.0,5775.0,5775.0,0
2023-10-19,5775.0,5775.0,5775.0,5775.0,5775.0,0
2023-10-20,5775.0,5775.0,5775.0,5775.0,5775.0,0
2023-10-23,5775.0,5775.0,5775.0,5775.0,5775.0,0
2023-10-24,5775.0,5775.0,5775.0,5775.0,5775.0,0
2023-10-25,5775.0,5775.0,5775.0,5775.0,5775.0,0
2023-10-26,5775.0,5775.0,5775.0,5775.0,5775.0,0
2023-10-27,5775.0,5775.0,5775.0,5775.0,5775.0,0
2023-10-30,5775.0,5775.0,5775.0,5775.0,5775.0,0
2023-10-31,5775.0,5775.0,5775.0,5775.0,5775.0,0
2023-11-01,5775.0,5775.0,5775.0,5775.0,5775.0,0
2023-11-02,5775.0,5775.0,5775.0,5775.0,5775.0,0
2023-11-03,5775.0,5775.0,5775.0,5775.0,5775.0,0
2023-11-06,5775.0,5775.0,5775.0,5775.0,5775.0,0
2023-11-07,5775.0,5775.0,5775.0,5775.0,5775.0,0
2023-11-08,5775.0,5775.0,5775.0,5775.0,5775.0,0
2023-11-09,5775.0,5775.0,5775.0,5775.0,5775.0,0
2023-11-10,5775.0,5775.0,5775.0,5775.0,5775.0,0
2023-11-13,5775.0,5775.0,5775.0,5775.0,5775.0,0
2023-11-14,5775.0,5775.0,5775.0,5775.0,5775.0,0
2023-11-15,5775.0,5775.0,5775.0,5775.0,5775.0,0
2023-11-16,5775.0,5775.0,5775.0,5775.0,5775.0,0
2023-11-17,5775.0,5775.0,5775.0,5775.0,5775.0,0
2023-11-20,5775.0,5775.0,5775.0,5775.0,5775.0,0
2023-11-21,5775.0,5775.0,5775.0,5775.0,5775.0,100
2023-11-22,5775.0,5775.0,5775.0,5775.0,5775.0,0
2023-11-24,5775.0,5775.0,5775.0,5775.0,5775.0,0
2023-11-27,5775.0,5775.0,5775.0,5775.0,5775.0,0
2023-11-28,5775.0,5775.0,5775.0,5775.0,5775.0,0
2023-11-29,5775.0,5775.0,5775.0,5775.0,5775.0,0
2023-11-30,5775.0,5775.0,5775.0,5775.0,5775.0,0
2023-12-01,5775.0,5775.0,5775.0,5775.0,5775.0,0
2023-12-04,5775.0,5775.0,5775.0,5775.0,5775.0,0
2023-12-05,5775.0,5775.0,5775.0,5775.0,5775.0,0
2023-12-06,5775.0,5775.0,5775.0,5775.0,5775.0,0
2023-12-07,5775.0,5775.0,5775.0,5775.0,5775.0,0
2023-12-08,5775.0,5775.0,5775.0,5775.0,5775.0,0
2023-12-11,5775.0,5775.0,5775.0,5775.0,5775.0,0
2023-12-12,5775.0,5775.0,5775.0,5775.0,5775.0,0
2023-12-13,5775.0,5775.0,5775.0,5775.0,5775.0,0
2023-12-14,5775.0,5775.0,5775.0,5775.0,5775.0,0
2023-12-15,5775.0,5775.0,5775.0,5775.0,5775.0,0
2023-12-18,5775.0,5775.0,5775.0,5775.0,5775.0,0
2023-12-19,5775.0,5775.0,5775.0,5775.0,5775.0,0
2023-12-20,5775.0,5775.0,5775.0,5775.0,5775.0,0
2023-12-21,5775.0,5775.0,5775.0,5775.0,5775.0,0
2023-12-22,5775.0,5775.0,5775.0,5775.0,5775.0,0
2023-12-26,5775.0,5775.0,5775.0,5775.0,5775.0,100
2023-12-27,5775.0,5775.0,5775.0,5775.0,5775.0,0
2023-12-28,5775.0,5775.0,5775.0,5775.0,5775.0,0
2023-12-29,5775.0,5775.0,5775.0,5775.0,5775.0,0
2024-01-02,5775.0,5775.0,5775.0,5775.0,5775.0,0
2024-01-03,5775.0,5775.0,5775.0,5775.0,5775.0,0
2024-01-04,5775.0,5775.0,5775.0,5775.0,5775.0,0
2024-01-05,5775.0,5775.0,5775.0,5775.0,5775.0,0
2024-01-08,5775.0,5775.0,5775.0,5775.0,5775.0,0
2024-01-09,5775.0,5775.0,5775.0,5775.0,5775.0,0
2024-01-10,5775.0,5775.0,5775.0,5775.0,5775.0,0
2024-01-11,5775.0,5775.0,5775.0,5775.0,5775.0,0
2024-01-12,5775.0,5775.0,5775.0,5775.0,5775.0,0
2024-01-16,5775.0,5775.0,5775.0,5775.0,5775.0,0
2024-01-17,5775.0,5775.0,5775.0,5775.0,5775.0,0
2024-01-18,5775.0,5775.0,5775.0,5775.0,5775.0,0
2024-01-19,5775.0,5775.0,5775.0,5775.0,5775.0,0
2024-01-22,5775.0,5775.0,5775.0,5775.0,5775.0,0
2024-01-23,5775.0,5775.0,5775.0,5775.0,5775.0,0
2024-01-24,5775.0,5775.0,5775.0,5775.0,5775.0,0
2024-01-25,5775.0,5775.0,5775.0,5775.0,5775.0,0
2024-01-26,5775.0,5775.0,5775.0,5775.0,5775.0,0
2024-01-29,4800.0,4900.0,4800.0,4900.0,4900.0,100
2024-01-30,4900.0,4900.0,4900.0,4900.0,4900.0,0
2024-01-31,4900.0,4900.0,4900.0,4900.0,4900.0,0
2024-02-01,4900.0,4900.0,4900.0,4900.0,4900.0,0
2024-02-02,4900.0,4900.0,4900.0,4900.0,4900.0,0
2024-02-05,4900.0,4900.0,4900.0,4900.0,4900.0,0
2024-02-06,4900.0,4900.0,4900.0,4900.0,4900.0,0
2024-02-07,4900.0,4900.0,4900.0,4900.0,4900.0,0
2024-02-08,4900.0,4900.0,4900.0,4900.0,4900.0,0
2024-02-09,4900.0,4900.0,4900.0,4900.0,4900.0,0
2024-02-12,4900.0,4900.0,4900.0,4900.0,4900.0,0
2024-02-13,4900.0,4900.0,4900.0,4900.0,4900.0,0
2024-02-14,4900.0,4900.0,4900.0,4900.0,4900.0,0
2024-02-15,4900.0,4900.0,4900.0,4900.0,4900.0,0
2024-02-16,4900.0,4900.0,4900.0,4900.0,4900.0,0
2024-02-20,4900.0,4900.0,4900.0,4900.0,4900.0,0
2024-02-21,4900.0,4900.0,4900.0,4900.0,4900.0,0
2024-02-22,4900.0,4900.0,4900.0,4900.0,4900.0,0
2024-02-23,4900.0,4900.0,4900.0,4900.0,4900.0,0
2024-02-26,4900.0,4900.0,4900.0,4900.0,4900.0,0
2024-02-27,5150.0,5150.0,5150.0,5150.0,5150.0,100
2024-02-28,5150.0,5150.0,5150.0,5150.0,5150.0,0
2024-02-29,5150.0,5150.0,5150.0,5150.0,5150.0,0
2024-03-01,5150.0,5150.0,5150.0,5150.0,5150.0,0
2024-03-04,5150.0,5150.0,5150.0,5150.0,5150.0,0
2024-03-05,5150.0,5150.0,5150.0,5150.0,5150.0,0
2024-03-06,5150.0,5150.0,5150.0,5150.0,5150.0,0
2024-03-07,5150.0,5150.0,5150.0,5150.0,5150.0,0
2024-03-08,5150.0,5150.0,5150.0,5150.0,5150.0,100
2024-03-11,5150.0,5150.0,5150.0,5150.0,5150.0,0
2024-03-12,5150.0,5150.0,5150.0,5150.0,5150.0,0
2024-03-13,5150.0,5150.0,5150.0,5150.0,5150.0,0
2024-03-14,5150.0,5150.0,5150.0,5150.0,5150.0,0
2024-03-15,5150.0,5150.0,5150.0,5150.0,5150.0,0
2024-03-18,5150.0,5150.0,5150.0,5150.0,5150.0,0
2024-03-19,5150.0,5150.0,5150.0,5150.0,5150.0,0
2024-03-20,5150.0,5150.0,5150.0,5150.0,5150.0,0
2024-03-21,5150.0,5150.0,5150.0,5150.0,5150.0,0
2024-03-22,5150.0,5150.0,5150.0,5150.0,5150.0,0
2024-03-25,5150.0,5150.0,5150.0,5150.0,5150.0,0
2024-03-26,5150.0,5150.0,5150.0,5150.0,5150.0,0
2024-03-27,5150.0,5150.0,5150.0,5150.0,5150.0,0
2024-03-28,5150.0,5150.0,5150.0,5150.0,5150.0,0
2024-04-01,5150.0,5150.0,5150.0,5150.0,5150.0,0
2024-04-02,5150.0,5150.0,5150.0,5150.0,5150.0,0
2024-04-03,5150.0,5150.0,5150.0,5150.0,5150.0,0
2024-04-04,5150.0,5150.0,5150.0,5150.0,5150.0,0
2024-04-05,5150.0,5150.0,5150.0,5150.0,5150.0,0
2024-04-08,5150.0,5150.0,5150.0,5150.0,5150.0,0
2024-04-09,5150.0,5150.0,5150.0,5150.0,5150.0,0
2024-04-10,5150.0,5150.0,5150.0,5150.0,5150.0,0
2024-04-11,5150.0,5150.0,5150.0,5150.0,5150.0,0
2024-04-12,5150.0,5150.0,5150.0,5150.0,5150.0,0
2024-04-15,5150.0,5150.0,5150.0,5150.0,5150.0,0
2024-04-16,5150.0,5150.0,5150.0,5150.0,5150.0,0
2024-04-17,5150.0,5150.0,5150.0,5150.0,5150.0,0
2024-04-18,5150.0,5150.0,5150.0,5150.0,5150.0,0
2024-04-19,5150.0,5150.0,5150.0,5150.0,5150.0,0
2024-04-22,5150.0,5150.0,5150.0,5150.0,5150.0,0
2024-04-23,5150.0,5150.0,5150.0,5150.0,5150.0,0
2024-04-24,5150.0,5150.0,5150.0,5150.0,5150.0,0
2024-04-25,5150.0,5150.0,5150.0,5150.0,5150.0,0
2024-04-26,5150.0,5150.0,5150.0,5150.0,5150.0,0
2024-04-29,5150.0,5150.0,5150.0,5150.0,5150.0,0
2024-04-30,5150.0,5150.0,5150.0,5150.0,5150.0,0
2024-05-01,5150.0,5150.0,5150.0,5150.0,5150.0,0
2024-05-02,5150.0,5150.0,5150.0,5150.0,5150.0,0
2024-05-03,5150.0,5150.0,5150.0,5150.0,5150.0,0
2024-05-06,5150.0,5150.0,5150.0,5150.0,5150.0,0
2024-05-07,5150.0,5150.0,5150.0,5150.0,5150.0,0
2024-05-08,5150.0,5150.0,5150.0,5150.0,5150.0,0
2024-05-09,5150.0,5150.0,5150.0,5150.0,5150.0,0
2024-05-10,5150.0,5150.0,5150.0,5150.0,5150.0,0
2024-05-13,5150.0,5150.0,5150.0,5150.0,5150.0,0
2024-05-14,5150.0,5150.0,5150.0,5150.0,5150.0,0
2024-05-15,5150.0,5150.0,5150.0,5150.0,5150.0,0
2024-05-16,5150.0,5150.0,5150.0,5150.0,5150.0,0
2024-05-17,5150.0,5150.0,5150.0,5150.0,5150.0,0
2024-05-20,5150.0,5150.0,5150.0,5150.0,5150.0,0
2024-05-21,5150.0,5150.0,5150.0,5150.0,5150.0,0
2024-05-22,5150.0,5150.0,5150.0,5150.0,5150.0,0
2024-05-23,5150.0,5150.0,5150.0,5150.0,5150.0,0
2024-05-24,5150.0,5150.0,5150.0,5150.0,5150.0,0
2024-05-28,5150.0,5150.0,5150.0,5150.0,5150.0,0
2024-05-29,5150.0,5150.0,5150.0,5150.0,5150.0,0
2024-05-30,5150.0,5150.0,5150.0,5150.0,5150.0,0
2024-05-31,5150.0,5150.0,5150.0,5150.0,5150.0,0
2024-06-03,5150.0,5150.0,5150.0,5150.0,5150.0,0
2024-06-04,5150.0,5150.0,5150.0,5150.0,5150.0,0
2024-06-05,5150.0,5150.0,5150.0,5150.0,5150.0,0
2024-06-06,5150.0,5150.0,5150.0,5150.0,5150.0,0
2024-06-07,5150.0,5150.0,5150.0,5150.0,5150.0,0
2024-06-10,5250.0,5250.0,5250.0,5250.0,5250.0,100
2024-06-11,5250.0,5250.0,5250.0,5250.0,5250.0,0
2024-06-12,5250.0,5250.0,5250.0,5250.0,5250.0,0
2024-06-13,5250.0,5250.0,5250.0,5250.0,5250.0,0
2024-06-14,5250.0,5250.0,5250.0,5250.0,5250.0,0
2024-06-17,5250.0,5250.0,5250.0,5250.0,5250.0,0
2024-06-18,5250.0,5250.0,5250.0,5250.0,5250.0,0
2024-06-20,5250.0,5250.0,5250.0,5250.0,5250.0,0
2024-06-21,5250.0,5250.0,5250.0,5250.0,5250.0,0
2024-06-24,5250.0,5250.0,5250.0,5250.0,5250.0,0
2024-06-25,5250.0,5250.0,5250.0,5250.0,5250.0,0
2024-06-26,5250.0,5250.0,5250.0,5250.0,5250.0,0
2024-06-27,5180.0,5180.0,5180.0,5180.0,5180.0,100
2024-06-28,5180.0,5180.0,5180.0,5180.0,5180.0,0
2024-07-01,5180.0,5180.0,5180.0,5180.0,5180.0,0
2024-07-02,5180.0,5180.0,5180.0,5180.0,5180.0,0
2024-07-03,5180.0,5180.0,5180.0,5180.0,5180.0,0
2024-07-05,5180.0,5180.0,5180.0,5180.0,5180.0,0
2024-07-08,5180.0,5180.0,5180.0,5180.0,5180.0,0
2024-07-09,5180.0,5180.0,5180.0,5180.0,5180.0,0
2024-07-10,5180.0,5180.0,5180.0,5180.0,5180.0,0
2024-07-11,5180.0,5180.0,5180.0,5180.0,5180.0,0
2024-07-12,5180.0,5180.0,5180.0,5180.0,5180.0,0
2024-07-15,5180.0,5180.0,5180.0,5180.0,5180.0,0
2024-07-16,5180.0,5180.0,5180.0,5180.0,5180.0,0
2024-07-17,6180.0,6180.0,6180.0,6180.0,6180.0,100
2024-07-18,6180.0,6180.0,6180.0,6180.0,6180.0,0
2024-07-19,6180.0,6180.0,6180.0,6180.0,6180.0,0
2024-07-22,6180.0,6180.0,6180.0,6180.0,6180.0,0
2024-07-23,6180.0,6180.0,6180.0,6180.0,6180.0,0
2024-07-24,6180.0,6180.0,6180.0,6180.0,6180.0,0
2024-07-25,6180.0,6180.0,6180.0,6180.0,6180.0,0
2024-07-26,6180.0,6180.0,6180.0,6180.0,6180.0,0
2024-07-29,6180.0,6180.0,6180.0,6180.0,6180.0,0
2024-07-30,6180.0,6180.0,6180.0,6180.0,6180.0,0
2024-07-31,6180.0,6180.0,6180.0,6180.0,6180.0,0
2024-08-01,6180.0,6180.0,6180.0,6180.0,6180.0,0
2024-08-02,6180.0,6180.0,6180.0,6180.0,6180.0,0
